latitude,longitude,elevation,utc_offset_seconds,timezone,timezone_abbreviation
40.699997,22.90001,32.0,10800,Europe/Athens,GMT+3

time,temperature_2m_mean (°C),temperature_2m_max (°C),temperature_2m_min (°C),relative_humidity_2m_mean (%),relative_humidity_2m_max (%),relative_humidity_2m_min (%)
1950-01-01,NaN,5.2,0.3,NaN,98,87
1950-01-02,-0.5,1.9,-3.3,85,98,67
1950-01-03,-1.6,2.1,-6.7,90,99,81
1950-01-04,1.6,6.2,-1.6,75,91,57
1950-01-05,0.7,6.6,-3.3,72,84,52
1950-01-06,1.9,7.0,-2.1,72,85,59
1950-01-07,3.3,9.5,-0.9,77,88,59
1950-01-08,2.9,8.7,-0.6,84,99,62
1950-01-09,4.8,9.6,0.7,74,85,60
1950-01-10,6.1,12.1,1.7,71,84,54
1950-01-11,3.0,5.9,0.9,85,94,76
1950-01-12,-2.1,0.4,-4.3,76,89,66
1950-01-13,-6.1,-3.2,-10.0,70,88,46
1950-01-14,-6.0,-1.9,-10.9,64,83,39
1950-01-15,-1.0,5.1,-5.5,70,80,56
1950-01-16,1.1,6.5,-2.9,78,90,61
1950-01-17,2.3,9.3,-2.2,78,88,59
1950-01-18,5.2,12.9,0.3,83,94,69
1950-01-19,7.0,10.8,3.6,97,99,89
1950-01-20,5.3,8.8,2.2,94,98,87
1950-01-21,0.6,2.7,-2.0,80,98,66
1950-01-22,-3.5,0.7,-10.0,68,79,55
1950-01-23,-2.7,0.3,-4.5,73,82,62
1950-01-24,-4.0,-0.3,-8.9,71,83,59
1950-01-25,-1.7,2.1,-5.1,65,74,52
1950-01-26,-1.9,3.0,-5.6,64,78,43
1950-01-27,-1.5,3.9,-5.7,67,80,45
1950-01-28,-0.4,5.2,-4.3,73,85,62
1950-01-29,1.9,6.2,-1.2,83,92,72
1950-01-30,2.8,6.0,1.1,90,94,85
1950-01-31,0.6,3.5,-3.5,86,99,72
1950-02-01,-1.6,1.9,-4.8,81,89,74
1950-02-02,-1.9,3.3,-6.5,84,92,69
1950-02-03,-1.2,1.3,-2.9,78,94,58
1950-02-04,-3.6,2.3,-10.1,69,80,51
1950-02-05,-2.0,0.8,-6.0,82,90,73
1950-02-06,-1.0,2.1,-3.1,84,89,78
1950-02-07,1.2,5.8,-3.8,90,98,83
1950-02-08,5.0,8.8,2.5,93,98,81
1950-02-09,6.0,10.4,2.3,92,100,74
1950-02-10,6.9,11.0,3.4,85,99,63
1950-02-11,7.1,12.8,0.9,76,93,55
1950-02-12,8.3,14.7,2.8,76,91,59
1950-02-13,8.6,14.3,1.4,77,98,48
1950-02-14,7.5,14.7,0.9,82,92,62
1950-02-15,8.3,15.1,3.0,87,100,62
1950-02-16,8.1,13.6,2.9,79,98,58
1950-02-17,9.3,16.2,2.1,64,80,44
1950-02-18,10.1,16.4,3.4,67,84,47
1950-02-19,10.5,16.9,4.2,68,86,48
1950-02-20,10.5,17.4,3.5,68,88,46
1950-02-21,10.4,16.4,4.2,72,86,52
1950-02-22,11.4,16.1,7.3,68,91,48
1950-02-23,7.4,10.4,4.5,75,93,53
1950-02-24,7.0,11.1,2.4,73,87,57
1950-02-25,7.8,13.5,2.2,79,95,56
1950-02-26,8.6,14.0,3.0,83,99,63
1950-02-27,12.6,15.9,10.3,78,91,61
1950-02-28,10.6,15.3,6.8,84,99,60
1950-03-01,9.5,13.5,5.3,90,99,79
1950-03-02,10.5,11.5,9.5,89,93,80
1950-03-03,9.7,11.1,8.2,83,90,74
1950-03-04,7.3,8.5,6.5,88,93,82
1950-03-05,5.4,6.9,4.2,85,91,71
1950-03-06,8.3,13.3,4.9,63,76,46
1950-03-07,9.0,14.4,4.1,67,85,50
1950-03-08,11.2,17.5,6.6,65,79,46
1950-03-09,12.7,19.1,7.5,58,70,35
1950-03-10,8.8,11.3,5.7,79,95,69
1950-03-11,10.3,15.2,6.8,81,92,62
1950-03-12,9.9,12.4,7.3,86,97,72
1950-03-13,10.9,15.3,5.7,82,100,55
1950-03-14,11.1,15.9,6.4,83,100,58
1950-03-15,11.3,15.9,7.0,84,100,58
1950-03-16,12.7,15.9,9.3,76,90,59
1950-03-17,11.5,14.5,9.1,76,87,58
1950-03-18,8.9,10.0,7.3,73,83,63
1950-03-19,7.2,8.7,6.1,74,83,68
1950-03-20,7.6,10.5,4.2,80,94,61
1950-03-21,7.3,9.1,5.7,82,90,72
1950-03-22,7.9,9.6,6.1,82,94,73
1950-03-23,9.2,13.9,4.4,79,100,52
1950-03-24,9.4,13.8,6.3,79,92,57
1950-03-25,7.8,10.5,5.4,82,97,66
1950-03-26,7.2,10.7,2.4,83,100,67
1950-03-27,8.0,11.4,4.5,78,96,57
1950-03-28,9.3,15.8,1.9,74,98,43
1950-03-29,10.2,14.5,5.8,77,93,56
1950-03-30,10.9,16.2,6.5,80,95,56
1950-03-31,12.6,18.3,7.7,82,95,58
1950-04-01,13.2,17.1,9.9,87,98,68
1950-04-02,12.7,15.9,11.0,92,98,77
1950-04-03,12.1,15.4,9.1,89,99,72
1950-04-04,12.7,15.8,10.4,89,100,75
1950-04-05,12.0,14.9,9.5,87,98,71
1950-04-06,12.0,15.9,8.1,73,93,54
1950-04-07,10.1,11.8,8.2,84,89,76
1950-04-08,11.0,15.2,7.0,76,94,53
1950-04-09,10.6,16.1,5.7,72,87,49
1950-04-10,11.3,15.6,6.6,76,91,58
1950-04-11,12.8,17.7,8.1,76,91,55
1950-04-12,13.0,18.6,7.6,82,99,61
1950-04-13,13.5,18.4,9.5,85,100,64
1950-04-14,14.3,18.1,9.9,88,100,73
1950-04-15,15.6,21.5,10.7,84,100,60
1950-04-16,17.2,22.6,12.4,83,95,62
1950-04-17,18.2,23.1,13.7,84,98,65
1950-04-18,14.8,17.3,11.2,92,98,82
1950-04-19,16.4,20.1,12.7,87,99,68
1950-04-20,18.6,22.1,15.1,74,85,64
1950-04-21,19.6,23.5,15.9,78,90,64
1950-04-22,20.1,24.2,17.1,71,88,47
1950-04-23,19.0,22.4,15.5,74,87,59
1950-04-24,17.4,20.6,14.8,74,94,51
1950-04-25,16.0,19.6,12.4,75,91,58
1950-04-26,16.7,21.4,11.3,75,99,52
1950-04-27,17.0,22.0,11.0,64,85,43
1950-04-28,18.8,23.1,14.9,69,86,49
1950-04-29,19.5,24.1,16.2,71,91,55
1950-04-30,19.1,23.6,14.5,77,96,58
1950-05-01,17.1,19.9,14.9,82,95,67
1950-05-02,16.4,20.9,11.6,70,92,41
1950-05-03,17.1,21.3,11.7,64,91,39
1950-05-04,17.4,22.0,12.9,71,92,49
1950-05-05,17.0,21.1,14.1,78,94,54
1950-05-06,17.7,21.8,14.6,82,97,60
1950-05-07,18.3,23.1,12.5,73,96,47
1950-05-08,18.4,21.6,14.9,75,95,64
1950-05-09,19.0,22.6,15.9,78,97,57
1950-05-10,18.3,20.7,16.5,68,85,53
1950-05-11,16.6,19.7,13.6,58,73,49
1950-05-12,15.6,17.5,14.2,66,79,55
1950-05-13,15.3,19.6,12.4,73,92,47
1950-05-14,15.6,20.4,9.8,67,88,43
1950-05-15,17.6,21.2,14.1,65,85,50
1950-05-16,17.8,21.9,14.0,72,90,52
1950-05-17,18.2,22.8,13.7,73,94,51
1950-05-18,18.7,22.0,13.9,72,95,56
1950-05-19,19.6,23.6,14.6,69,85,51
1950-05-20,20.2,24.9,14.5,71,90,48
1950-05-21,21.2,27.1,15.6,70,93,42
1950-05-22,22.5,27.9,15.3,64,90,36
1950-05-23,24.1,29.6,18.5,60,82,36
1950-05-24,25.2,31.2,19.7,61,80,39
1950-05-25,26.0,31.5,21.1,61,81,37
1950-05-26,26.7,31.5,21.0,59,85,38
1950-05-27,27.0,32.2,21.8,58,82,36
1950-05-28,27.6,32.5,22.6,60,85,38
1950-05-29,26.0,30.7,21.8,57,81,35
1950-05-30,21.0,25.9,15.8,59,86,42
1950-05-31,22.8,27.8,17.7,54,73,36
1950-06-01,23.2,27.0,19.1,57,75,40
1950-06-02,23.2,26.9,18.8,58,81,41
1950-06-03,22.4,25.1,18.3,58,86,39
1950-06-04,20.7,24.8,15.8,47,73,25
1950-06-05,20.9,25.3,14.9,48,81,26
1950-06-06,21.5,26.3,14.8,47,79,23
1950-06-07,22.8,27.7,17.1,44,68,22
1950-06-08,22.6,27.3,16.5,49,68,34
1950-06-09,21.4,25.2,17.1,69,89,51
1950-06-10,22.8,27.3,17.9,72,99,51
1950-06-11,25.3,29.9,20.1,64,84,43
1950-06-12,25.5,30.0,20.8,63,82,41
1950-06-13,24.6,27.7,21.2,63,89,44
1950-06-14,25.2,28.9,21.5,56,82,35
1950-06-15,24.9,29.5,21.5,57,78,35
1950-06-16,26.3,31.3,19.9,55,80,35
1950-06-17,27.3,31.8,21.3,55,79,37
1950-06-18,27.3,32.6,22.9,58,82,35
1950-06-19,26.8,30.9,20.8,43,70,27
1950-06-20,26.3,31.2,20.9,34,54,20
1950-06-21,26.5,32.5,20.1,34,50,19
1950-06-22,26.3,31.7,19.8,45,70,28
1950-06-23,27.6,33.7,19.5,45,75,26
1950-06-24,26.9,30.5,22.2,55,77,40
1950-06-25,25.1,27.8,22.1,63,79,48
1950-06-26,23.0,26.4,20.1,70,90,52
1950-06-27,22.7,25.1,20.2,66,82,51
1950-06-28,23.8,28.4,19.0,59,84,37
1950-06-29,24.9,30.7,18.5,55,80,31
1950-06-30,27.0,32.3,20.8,55,74,38
1950-07-01,28.1,32.4,22.0,54,82,39
1950-07-02,29.6,35.5,23.4,50,79,26
1950-07-03,30.1,35.2,23.9,45,70,28
1950-07-04,29.5,34.2,23.5,49,76,31
1950-07-05,30.3,35.8,23.9,49,80,26
1950-07-06,30.4,33.9,26.2,48,72,32
1950-07-07,30.1,33.7,26.1,47,67,32
1950-07-08,31.6,36.6,26.9,38,61,21
1950-07-09,28.5,32.1,25.3,36,48,22
1950-07-10,26.2,30.6,21.3,39,59,26
1950-07-11,25.3,29.5,20.8,54,80,33
1950-07-12,26.4,31.1,21.8,48,77,27
1950-07-13,26.7,31.6,21.2,49,79,27
1950-07-14,28.1,33.5,22.4,47,76,24
1950-07-15,27.0,31.2,21.6,50,77,32
1950-07-16,27.8,33.3,22.5,44,64,25
1950-07-17,28.4,33.0,23.5,46,70,30
1950-07-18,28.9,34.0,24.5,49,72,27
1950-07-19,29.5,34.2,24.5,44,68,25
1950-07-20,29.6,35.3,24.3,43,70,21
1950-07-21,30.3,35.4,24.8,41,72,20
1950-07-22,30.4,34.2,26.4,39,58,27
1950-07-23,29.0,33.4,24.5,41,65,27
1950-07-24,28.1,32.8,23.3,44,69,26
1950-07-25,29.2,35.0,23.0,45,75,25
1950-07-26,27.1,30.5,22.9,50,71,37
1950-07-27,26.3,30.9,21.6,51,76,32
1950-07-28,28.1,34.2,21.3,41,66,21
1950-07-29,28.7,33.9,23.8,40,64,23
1950-07-30,29.0,34.0,23.8,42,63,24
1950-07-31,28.8,33.2,24.0,44,61,29
1950-08-01,27.6,31.4,22.6,50,76,33
1950-08-02,27.7,32.8,22.8,52,77,31
1950-08-03,28.5,34.5,23.2,49,79,25
1950-08-04,30.4,36.7,24.4,42,67,21
1950-08-05,26.4,29.0,22.6,38,54,23
1950-08-06,26.1,31.6,20.1,46,86,20
1950-08-07,26.3,31.4,21.3,35,63,21
1950-08-08,25.7,30.6,20.6,54,87,31
1950-08-09,26.9,31.3,22.0,40,64,26
1950-08-10,27.0,32.0,20.9,44,77,27
1950-08-11,27.2,32.1,23.2,42,64,22
1950-08-12,25.6,28.8,22.3,54,77,35
1950-08-13,24.9,30.1,20.5,51,75,27
1950-08-14,25.8,31.4,21.0,48,73,24
1950-08-15,26.7,31.3,21.9,46,71,25
1950-08-16,26.9,31.4,21.7,46,73,27
1950-08-17,26.0,31.4,21.4,55,74,33
1950-08-18,26.6,30.8,21.8,50,74,34
1950-08-19,27.2,32.7,22.1,49,74,28
1950-08-20,27.9,32.9,22.9,47,71,28
1950-08-21,27.7,32.4,23.7,49,70,30
1950-08-22,25.7,28.1,23.5,65,79,53
1950-08-23,25.3,30.0,20.6,58,87,32
1950-08-24,26.1,32.1,20.4,55,78,32
1950-08-25,26.7,32.6,20.9,54,86,28
1950-08-26,26.2,31.0,21.9,59,81,40
1950-08-27,27.2,33.0,22.1,53,83,28
1950-08-28,28.1,33.7,22.8,48,71,28
1950-08-29,26.9,30.5,23.5,58,78,45
1950-08-30,26.9,31.0,22.8,58,80,41
1950-08-31,27.0,32.3,22.9,56,75,34
1950-09-01,26.8,32.0,22.6,53,84,24
1950-09-02,26.7,32.4,22.0,52,74,28
1950-09-03,25.5,29.2,22.1,62,87,38
1950-09-04,23.7,28.6,19.8,53,84,27
1950-09-05,20.6,22.7,17.8,74,95,54
1950-09-06,23.2,28.4,17.3,56,89,28
1950-09-07,22.3,26.0,18.6,61,82,43
1950-09-08,22.9,28.1,17.1,66,94,41
1950-09-09,24.5,30.2,19.5,65,91,37
1950-09-10,25.3,31.4,20.3,57,79,32
1950-09-11,25.6,31.2,21.2,59,82,35
1950-09-12,25.6,30.9,20.9,60,84,35
1950-09-13,27.1,34.5,20.7,55,81,23
1950-09-14,25.0,28.6,21.6,62,79,44
1950-09-15,24.0,28.0,20.4,67,88,47
1950-09-16,24.0,27.7,21.2,62,78,42
1950-09-17,23.3,27.7,18.9,64,85,42
1950-09-18,24.3,29.8,18.4,57,90,30
1950-09-19,24.1,28.4,19.8,57,76,36
1950-09-20,23.6,28.2,19.4,59,83,32
1950-09-21,23.4,28.5,19.4,56,74,32
1950-09-22,24.4,31.4,18.4,60,85,27
1950-09-23,23.7,28.8,19.5,55,88,29
1950-09-24,22.8,26.9,18.6,60,85,37
1950-09-25,22.0,26.1,19.0,64,85,39
1950-09-26,21.9,26.3,17.5,59,85,30
1950-09-27,22.8,28.1,17.9,60,81,37
1950-09-28,25.6,33.1,18.5,49,75,22
1950-09-29,24.0,27.6,20.4,54,73,38
1950-09-30,22.8,25.3,20.0,57,75,41
1950-10-01,22.1,25.9,20.1,62,76,42
1950-10-02,23.3,29.9,17.2,59,89,29
1950-10-03,21.9,26.0,17.2,50,72,34
1950-10-04,22.0,25.8,18.7,55,78,36
1950-10-05,20.2,24.3,17.0,65,90,39
1950-10-06,20.9,26.4,15.1,49,81,18
1950-10-07,17.6,21.9,13.5,69,89,39
1950-10-08,17.5,22.0,13.3,69,94,39
1950-10-09,17.7,22.7,13.1,65,93,34
1950-10-10,18.7,23.6,14.2,62,84,36
1950-10-11,19.6,24.1,16.5,65,85,43
1950-10-12,19.6,25.5,13.7,58,94,27
1950-10-13,15.8,18.7,13.4,29,38,17
1950-10-14,14.7,19.7,10.1,33,48,17
1950-10-15,14.2,19.1,8.9,45,73,28
1950-10-16,14.3,19.5,7.9,66,97,38
1950-10-17,15.4,21.4,8.1,61,97,29
1950-10-18,15.8,22.6,8.5,63,96,29
1950-10-19,17.5,22.5,12.1,47,82,25
1950-10-20,14.2,18.6,10.1,48,73,25
1950-10-21,13.8,20.5,7.8,44,71,18
1950-10-22,15.1,22.1,9.0,47,68,27
1950-10-23,13.8,18.6,9.2,49,81,28
1950-10-24,13.1,17.8,7.2,69,98,44
1950-10-25,13.8,18.8,8.7,65,90,36
1950-10-26,16.7,22.3,12.4,66,88,50
1950-10-27,17.5,22.6,12.8,81,99,55
1950-10-28,17.1,22.6,12.7,70,99,32
1950-10-29,15.6,20.1,10.1,78,96,66
1950-10-30,16.7,18.2,15.7,87,94,81
1950-10-31,15.1,16.6,13.6,90,96,82
1950-11-01,14.2,15.3,12.4,89,96,78
1950-11-02,13.0,14.3,11.5,86,96,73
1950-11-03,12.7,13.2,12.2,92,95,91
1950-11-04,14.9,18.2,11.8,86,97,68
1950-11-05,16.6,19.1,14.4,87,91,79
1950-11-06,15.8,18.5,13.2,87,96,69
1950-11-07,12.2,16.3,7.6,73,87,53
1950-11-08,12.8,17.1,9.1,80,94,63
1950-11-09,10.7,12.9,8.4,71,93,51
1950-11-10,9.5,12.8,6.3,60,73,50
1950-11-11,8.6,13.3,3.1,69,99,44
1950-11-12,8.9,15.0,3.2,69,95,40
1950-11-13,9.5,15.3,3.1,77,96,58
1950-11-14,11.2,17.3,6.7,85,98,65
1950-11-15,12.6,17.4,8.9,90,100,70
1950-11-16,10.3,13.1,7.4,65,90,39
1950-11-17,9.4,14.6,4.0,74,93,52
1950-11-18,11.7,16.7,8.0,74,92,51
1950-11-19,10.4,14.1,7.2,75,90,55
1950-11-20,10.6,13.2,8.0,78,90,65
1950-11-21,10.6,15.5,5.7,71,97,43
1950-11-22,10.5,13.8,7.2,70,83,55
1950-11-23,10.2,14.1,6.4,80,97,59
1950-11-24,9.1,12.7,6.4,86,97,71
1950-11-25,9.2,13.9,5.0,88,100,69
1950-11-26,9.6,14.5,6.1,91,100,73
1950-11-27,8.7,13.7,6.4,87,100,65
1950-11-28,6.9,10.1,4.7,78,91,58
1950-11-29,6.0,10.5,1.1,75,99,49
1950-11-30,7.7,13.4,3.2,79,94,58
1950-12-01,9.4,13.9,6.2,79,92,58
1950-12-02,9.9,14.3,7.3,79,92,52
1950-12-03,10.1,15.4,5.9,71,89,47
1950-12-04,10.1,15.6,5.5,76,90,59
1950-12-05,9.4,15.4,5.5,89,100,68
1950-12-06,10.8,17.3,6.4,87,96,67
1950-12-07,10.2,15.2,6.6,93,100,79
1950-12-08,11.8,15.4,9.7,92,99,75
1950-12-09,13.4,16.7,10.3,95,99,84
1950-12-10,14.6,16.6,11.2,95,98,91
1950-12-11,10.6,13.6,8.8,93,100,77
1950-12-12,9.6,14.2,5.8,90,100,71
1950-12-13,10.5,14.9,7.8,90,99,74
1950-12-14,10.6,15.4,7.2,94,100,78
1950-12-15,12.7,16.4,9.6,91,100,75
1950-12-16,13.0,16.1,10.2,86,99,66
1950-12-17,11.2,15.7,7.6,89,100,70
1950-12-18,11.0,14.6,8.5,92,100,76
1950-12-19,9.5,11.5,7.0,76,100,44
1950-12-20,7.2,10.2,4.0,85,98,55
1950-12-21,7.4,11.1,4.1,84,99,60
1950-12-22,6.9,10.8,3.1,88,98,74
1950-12-23,9.5,12.5,7.7,92,96,83
1950-12-24,8.9,11.2,5.7,93,99,84
1950-12-25,9.7,10.7,9.1,93,97,91
1950-12-26,9.7,12.5,6.6,90,100,72
1950-12-27,7.9,11.2,4.8,91,100,79
1950-12-28,7.7,8.8,6.4,90,95,87
1950-12-29,5.5,6.7,3.6,76,90,59
1950-12-30,3.7,5.5,2.9,79,90,64
1950-12-31,3.8,6.3,1.9,82,93,67
1951-01-01,4.3,5.9,2.7,88,95,80
1951-01-02,6.1,11.0,2.1,87,98,66
1951-01-03,7.0,11.0,4.0,85,97,65
1951-01-04,5.8,11.9,1.4,82,100,49
1951-01-05,6.4,12.2,1.3,75,95,51
1951-01-06,5.6,10.4,-0.5,74,97,53
1951-01-07,6.5,11.5,1.5,77,90,64
1951-01-08,5.9,11.7,1.2,84,100,60
1951-01-09,7.3,12.3,0.7,79,99,62
1951-01-10,8.3,12.3,4.9,73,85,54
1951-01-11,8.4,12.7,3.9,74,92,57
1951-01-12,8.3,13.2,3.6,76,91,57
1951-01-13,7.8,10.4,5.3,93,97,86
1951-01-14,8.7,10.7,5.9,92,97,86
1951-01-15,9.5,12.5,7.0,86,95,71
1951-01-16,7.0,10.2,3.1,90,100,80
1951-01-17,5.7,7.4,4.2,88,93,76
1951-01-18,4.5,7.6,0.8,78,90,68
1951-01-19,5.6,8.5,2.4,89,95,76
1951-01-20,6.1,9.1,4.0,73,94,49
1951-01-21,4.0,5.6,1.1,78,87,68
1951-01-22,2.6,6.8,-0.3,64,82,46
1951-01-23,1.5,5.5,-2.4,61,79,43
1951-01-24,4.9,11.0,0.7,67,81,50
1951-01-25,4.7,8.6,0.6,87,97,75
1951-01-26,6.5,9.9,3.6,85,96,67
1951-01-27,7.4,12.0,3.9,90,98,77
1951-01-28,8.0,9.9,5.9,90,98,75
1951-01-29,6.5,7.5,5.9,89,92,84
1951-01-30,8.1,9.3,7.2,89,93,85
1951-01-31,7.5,8.3,6.5,91,94,87
1951-02-01,7.5,9.9,4.8,90,97,76
1951-02-02,5.6,7.2,3.2,89,97,78
1951-02-03,4.3,6.1,2.9,84,97,71
1951-02-04,5.3,8.5,2.3,79,95,57
1951-02-05,5.3,10.2,0.9,78,93,57
1951-02-06,6.5,12.5,0.9,77,98,52
1951-02-07,8.1,14.0,3.0,76,87,60
1951-02-08,9.3,11.8,6.6,89,96,81
1951-02-09,9.0,10.7,6.9,86,94,76
1951-02-10,7.4,8.5,6.8,79,90,70
1951-02-11,7.4,9.1,5.9,76,86,67
1951-02-12,6.6,10.6,2.1,78,100,55
1951-02-13,7.4,12.8,2.0,72,89,49
1951-02-14,8.4,14.1,2.4,81,93,65
1951-02-15,8.9,14.8,2.4,75,96,48
1951-02-16,9.0,14.3,3.3,73,99,49
1951-02-17,8.2,10.3,5.3,75,89,62
1951-02-18,8.2,11.0,4.6,77,89,66
1951-02-19,7.9,12.3,3.2,83,96,67
1951-02-20,9.0,15.6,4.0,82,100,63
1951-02-21,8.3,13.2,3.5,67,83,49
1951-02-22,10.1,16.0,4.8,79,93,52
1951-02-23,10.5,13.4,7.1,66,94,48
1951-02-24,7.9,13.1,2.7,83,100,58
1951-02-25,9.0,13.4,4.5,74,95,50
1951-02-26,9.9,15.8,5.3,74,89,53
1951-02-27,10.1,15.6,5.5,79,96,54
1951-02-28,9.4,13.7,5.7,73,94,50
1951-03-01,7.5,10.1,4.0,84,96,58
1951-03-02,3.9,4.8,3.4,96,100,92
1951-03-03,5.2,8.9,2.4,90,100,71
1951-03-04,6.4,8.9,4.9,82,92,67
1951-03-05,6.6,9.1,4.2,84,94,70
1951-03-06,8.7,11.5,6.3,77,93,59
1951-03-07,8.5,13.0,4.3,80,92,60
1951-03-08,10.6,15.2,6.9,85,98,64
1951-03-09,12.4,17.0,8.6,75,88,60
1951-03-10,10.7,14.5,7.4,78,99,55
1951-03-11,7.9,12.0,3.4,82,94,66
1951-03-12,8.7,12.7,3.9,82,100,59
1951-03-13,11.7,16.7,6.8,76,86,60
1951-03-14,12.4,18.5,7.1,83,96,63
1951-03-15,14.0,20.6,8.4,80,96,53
1951-03-16,15.0,19.6,11.3,67,90,40
1951-03-17,12.8,17.8,7.8,68,84,46
1951-03-18,13.1,17.0,9.7,73,91,59
1951-03-19,14.5,19.7,9.3,74,90,55
1951-03-20,15.2,19.9,11.3,77,88,60
1951-03-21,12.1,15.8,9.3,60,84,42
1951-03-22,8.8,10.8,6.4,66,91,39
1951-03-23,8.1,11.0,4.9,57,74,40
1951-03-24,9.1,13.0,5.2,66,83,47
1951-03-25,10.8,14.9,5.9,75,89,61
1951-03-26,11.0,14.4,8.5,85,99,59
1951-03-27,9.2,12.9,5.9,63,79,46
1951-03-28,11.1,16.9,6.0,66,83,47
1951-03-29,12.4,18.1,7.2,81,96,61
1951-03-30,13.0,18.3,8.5,85,100,64
1951-03-31,13.9,19.0,9.3,85,100,65
1951-04-01,14.7,20.2,9.1,82,99,58
1951-04-02,15.9,20.3,11.8,77,96,54
1951-04-03,16.5,20.9,11.6,71,93,47
1951-04-04,15.0,16.1,13.2,77,96,66
1951-04-05,13.4,16.5,12.2,89,96,75
1951-04-06,13.5,17.0,10.4,74,96,54
1951-04-07,14.0,18.6,9.9,71,88,48
1951-04-08,14.2,17.9,11.0,81,94,66
1951-04-09,14.4,18.5,9.7,84,100,63
1951-04-10,15.3,20.1,9.7,78,99,53
1951-04-11,16.2,21.2,11.2,79,97,55
1951-04-12,16.3,20.6,12.6,84,97,64
1951-04-13,16.3,21.4,12.6,82,96,61
1951-04-14,14.7,18.7,10.2,74,94,48
1951-04-15,14.6,19.0,10.4,59,74,40
1951-04-16,13.7,18.0,10.0,58,73,38
1951-04-17,12.8,15.9,9.2,72,87,55
1951-04-18,14.0,18.2,7.7,73,100,52
1951-04-19,15.2,19.0,10.4,67,94,45
1951-04-20,15.4,18.6,12.6,63,84,48
1951-04-21,15.5,18.2,13.6,72,87,57
1951-04-22,15.2,19.2,10.6,73,100,51
1951-04-23,11.2,15.0,8.8,49,65,30
1951-04-24,11.2,16.8,6.5,52,67,34
1951-04-25,16.2,22.1,10.4,63,79,45
1951-04-26,17.1,20.9,12.0,69,91,52
1951-04-27,17.2,21.2,13.3,70,87,53
1951-04-28,17.7,20.8,13.0,69,89,55
1951-04-29,17.3,21.2,13.5,74,89,53
1951-04-30,17.8,22.4,12.4,82,100,59
1951-05-01,19.3,24.8,14.0,73,96,45
1951-05-02,19.1,22.6,15.5,75,90,61
1951-05-03,19.3,22.7,15.0,76,99,56
1951-05-04,19.1,23.3,15.3,73,96,44
1951-05-05,20.0,24.0,15.8,67,89,45
1951-05-06,19.7,23.2,16.4,68,84,47
1951-05-07,18.7,23.3,13.8,66,81,48
1951-05-08,20.4,24.1,15.3,66,90,48
1951-05-09,20.7,26.4,15.0,66,90,38
1951-05-10,19.6,23.2,16.1,80,93,63
1951-05-11,18.8,22.9,14.1,62,92,33
1951-05-12,18.8,24.3,12.4,57,81,33
1951-05-13,18.0,21.4,14.4,70,88,53
1951-05-14,16.9,22.1,11.0,71,97,42
1951-05-15,16.5,18.6,14.4,82,94,69
1951-05-16,18.0,22.3,11.8,74,100,50
1951-05-17,15.9,17.9,14.0,88,94,80
1951-05-18,18.7,23.5,14.4,70,93,47
1951-05-19,18.7,23.5,13.6,69,83,48
1951-05-20,20.4,24.8,15.3,66,91,42
1951-05-21,19.9,25.2,15.1,64,82,39
1951-05-22,21.8,28.2,15.1,64,88,39
1951-05-23,21.8,27.7,15.1,62,86,37
1951-05-24,21.9,26.1,17.9,67,85,47
1951-05-25,22.7,27.8,18.9,67,84,43
1951-05-26,22.9,26.8,19.5,71,90,52
1951-05-27,23.3,26.6,20.2,67,87,48
1951-05-28,24.2,28.3,19.9,62,86,44
1951-05-29,25.7,30.2,19.9,61,95,37
1951-05-30,25.9,29.9,22.0,56,78,39
1951-05-31,25.2,29.4,21.1,62,83,42
1951-06-01,23.7,27.0,20.5,61,83,42
1951-06-02,20.8,22.4,18.7,75,88,62
1951-06-03,20.2,22.6,17.0,65,83,49
1951-06-04,20.6,23.4,16.8,66,85,55
1951-06-05,20.3,22.8,17.2,71,86,56
1951-06-06,20.9,25.0,16.5,71,88,53
1951-06-07,22.6,26.4,19.6,66,85,47
1951-06-08,23.0,27.6,17.4,63,90,36
1951-06-09,24.7,29.5,20.6,57,80,34
1951-06-10,24.7,29.8,20.0,55,83,29
1951-06-11,24.6,29.6,19.0,51,73,31
1951-06-12,23.3,27.5,20.0,57,82,40
1951-06-13,23.1,27.4,17.6,62,91,36
1951-06-14,24.0,28.6,19.2,53,82,27
1951-06-15,23.4,28.4,18.1,54,75,33
1951-06-16,23.4,28.6,17.1,57,84,34
1951-06-17,24.1,28.6,18.7,59,87,34
1951-06-18,26.4,32.1,20.5,56,81,32
1951-06-19,27.6,32.6,23.2,55,78,34
1951-06-20,27.5,32.6,23.6,57,80,32
1951-06-21,27.6,32.9,21.3,55,84,32
1951-06-22,25.8,30.8,21.1,66,89,41
1951-06-23,26.1,30.0,21.8,66,90,45
1951-06-24,27.5,31.5,22.9,60,86,40
1951-06-25,27.5,31.7,23.3,62,86,41
1951-06-26,26.3,30.1,22.9,68,89,51
1951-06-27,25.1,29.9,19.6,62,89,39
1951-06-28,26.0,30.7,21.4,57,79,38
1951-06-29,27.5,31.3,24.3,50,67,36
1951-06-30,28.0,33.0,23.2,50,71,29
1951-07-01,26.3,30.1,21.2,55,76,38
1951-07-02,25.9,29.9,22.0,61,83,43
1951-07-03,23.1,25.3,21.2,73,87,59
1951-07-04,23.4,28.4,18.3,69,95,40
1951-07-05,25.6,29.6,22.0,60,80,39
1951-07-06,26.2,30.9,21.6,61,89,37
1951-07-07,26.0,30.5,20.9,58,80,41
1951-07-08,26.0,28.2,23.4,62,81,52
1951-07-09,25.5,28.9,21.5,58,84,40
1951-07-10,26.1,30.1,21.9,55,78,36
1951-07-11,27.8,32.1,23.9,47,64,30
1951-07-12,29.2,34.7,23.1,41,74,20
1951-07-13,30.4,35.5,25.3,39,59,21
1951-07-14,30.5,36.9,22.9,40,74,19
1951-07-15,29.9,36.0,22.8,40,70,18
1951-07-16,29.4,35.1,24.8,48,74,25
1951-07-17,29.3,33.5,24.8,51,74,31
1951-07-18,29.6,34.6,24.7,47,74,27
1951-07-19,25.2,28.0,23.1,60,75,48
1951-07-20,26.2,30.8,22.2,52,70,33
1951-07-21,25.7,30.8,20.3,56,89,26
1951-07-22,26.1,31.3,20.7,45,76,25
1951-07-23,24.3,27.4,19.8,59,82,41
1951-07-24,25.0,29.4,20.3,60,86,40
1951-07-25,26.3,31.2,21.1,58,82,37
1951-07-26,27.3,32.5,22.2,56,83,30
1951-07-27,25.9,29.4,22.3,57,80,39
1951-07-28,23.5,27.9,19.6,57,73,40
1951-07-29,24.3,29.4,20.2,55,72,37
1951-07-30,25.5,30.9,20.1,51,73,29
1951-07-31,26.6,31.6,20.9,51,77,32
1951-08-01,26.5,30.0,22.1,61,87,43
1951-08-02,25.9,29.3,21.6,62,84,45
1951-08-03,25.9,30.9,21.0,60,87,37
1951-08-04,26.6,32.3,20.8,58,85,33
1951-08-05,27.5,33.2,23.1,56,79,32
1951-08-06,27.7,32.9,23.4,54,75,30
1951-08-07,28.7,34.1,23.3,51,81,29
1951-08-08,30.4,37.9,22.5,45,74,18
1951-08-09,29.3,35.1,23.0,52,81,29
1951-08-10,30.8,37.2,24.7,48,73,25
1951-08-11,30.6,36.5,24.6,50,81,26
1951-08-12,30.8,36.1,25.9,39,65,19
1951-08-13,29.3,35.2,23.1,32,53,15
1951-08-14,29.0,36.2,21.2,32,54,14
1951-08-15,29.1,35.0,23.5,45,72,20
1951-08-16,28.1,33.4,22.7,49,68,30
1951-08-17,27.0,31.5,22.1,61,82,40
1951-08-18,27.1,31.7,23.1,59,81,37
1951-08-19,25.1,27.9,22.7,61,75,48
1951-08-20,22.7,26.0,19.6,69,90,47
1951-08-21,24.1,29.6,18.8,61,86,33
1951-08-22,26.5,32.5,20.8,54,85,26
1951-08-23,25.6,30.3,21.0,66,92,40
1951-08-24,23.0,27.1,19.8,79,94,61
1951-08-25,22.3,26.7,19.3,79,95,57
1951-08-26,23.6,27.5,20.2,75,91,56
1951-08-27,23.9,27.7,19.6,72,94,50
1951-08-28,25.5,30.4,20.0,64,87,39
1951-08-29,26.7,31.2,21.5,58,83,38
1951-08-30,26.7,31.0,21.7,57,80,40
1951-08-31,26.8,30.6,22.6,55,73,41
1951-09-01,25.9,29.9,20.9,58,82,37
1951-09-02,26.1,29.9,21.3,59,78,42
1951-09-03,26.3,30.2,22.9,63,82,43
1951-09-04,26.5,30.5,23.1,63,80,45
1951-09-05,27.0,31.5,23.5,60,80,36
1951-09-06,27.7,32.5,23.6,52,76,29
1951-09-07,26.8,30.6,23.9,55,72,34
1951-09-08,25.9,30.3,22.1,57,77,36
1951-09-09,25.8,30.6,22.8,55,76,34
1951-09-10,24.8,29.1,20.6,62,85,38
1951-09-11,23.2,25.3,20.5,72,90,58
1951-09-12,22.0,24.9,18.6,73,90,57
1951-09-13,21.9,26.3,17.7,63,83,42
1951-09-14,22.2,25.7,19.8,66,83,47
1951-09-15,21.7,26.2,17.3,71,93,48
1951-09-16,22.0,26.1,19.1,67,85,45
1951-09-17,22.0,27.2,17.2,67,91,40
1951-09-18,22.6,27.5,18.7,68,92,40
1951-09-19,22.8,28.4,17.8,69,96,35
1951-09-20,23.9,29.0,19.8,65,91,39
1951-09-21,20.1,22.4,18.8,57,76,49
1951-09-22,18.8,21.6,16.5,68,86,51
1951-09-23,18.0,22.5,12.6,64,90,35
1951-09-24,19.0,23.9,14.1,72,93,46
1951-09-25,19.9,24.7,14.8,72,99,47
1951-09-26,21.2,26.3,16.0,65,95,35
1951-09-27,22.1,26.8,17.1,60,81,38
1951-09-28,22.2,27.0,17.2,63,86,39
1951-09-29,21.9,26.3,18.8,69,82,47
1951-09-30,21.4,25.6,18.5,67,86,39
1951-10-01,19.8,23.7,17.6,71,85,46
1951-10-02,17.4,18.6,15.8,88,92,83
1951-10-03,16.2,17.3,15.3,85,94,75
1951-10-04,16.6,18.2,15.1,80,95,64
1951-10-05,15.8,18.2,13.9,76,94,53
1951-10-06,14.3,16.6,11.1,73,93,52
1951-10-07,15.7,19.1,13.1,63,84,39
1951-10-08,14.8,17.9,12.0,61,80,39
1951-10-09,13.7,17.4,9.8,58,84,32
1951-10-10,13.1,15.9,10.4,55,71,36
1951-10-11,12.8,16.1,9.9,64,82,46
1951-10-12,11.9,13.2,10.4,78,90,61
1951-10-13,12.0,12.6,11.1,82,93,74
1951-10-14,12.7,16.3,10.1,71,97,42
1951-10-15,12.2,16.7,7.6,63,85,40
1951-10-16,12.4,16.7,7.6,66,91,42
1951-10-17,12.8,16.8,8.8,68,90,45
1951-10-18,12.6,16.6,9.3,73,90,53
1951-10-19,12.5,16.8,6.9,77,100,54
1951-10-20,13.0,16.8,8.6,77,93,57
1951-10-21,14.2,17.9,11.2,78,91,61
1951-10-22,15.1,17.2,12.9,81,93,69
1951-10-23,14.3,16.7,12.2,81,92,66
1951-10-24,14.6,17.2,12.9,85,94,67
1951-10-25,15.3,18.7,13.4,82,91,64
1951-10-26,13.3,13.6,12.9,90,93,88
1951-10-27,13.8,16.8,10.9,90,99,78
1951-10-28,13.4,15.4,12.3,85,96,65
1951-10-29,11.8,12.6,11.1,68,82,59
1951-10-30,11.0,12.6,9.3,76,88,62
1951-10-31,11.0,13.5,8.7,74,90,53
1951-11-01,10.0,13.9,6.0,77,93,56
1951-11-02,12.0,15.6,8.5,83,91,71
1951-11-03,12.7,13.7,11.6,93,96,89
1951-11-04,14.0,17.4,12.1,84,92,65
1951-11-05,14.0,18.3,9.0,76,96,50
1951-11-06,13.2,18.2,8.5,70,86,48
1951-11-07,12.4,14.1,10.7,82,90,70
1951-11-08,12.8,13.6,12.3,78,82,74
1951-11-09,12.3,13.5,11.2,87,94,78
1951-11-10,13.9,18.5,10.1,88,96,73
1951-11-11,14.4,19.7,11.3,91,100,70
1951-11-12,14.8,19.8,10.9,88,98,72
1951-11-13,15.1,19.2,10.4,82,100,59
1951-11-14,15.5,19.0,13.0,75,88,58
1951-11-15,13.2,16.8,10.3,90,97,77
1951-11-16,12.3,14.6,10.7,81,95,67
1951-11-17,11.8,15.5,8.5,77,89,62
1951-11-18,11.6,14.3,8.8,84,93,71
1951-11-19,11.6,13.9,9.1,85,99,72
1951-11-20,11.9,14.7,9.3,87,97,73
1951-11-21,12.8,15.0,10.4,90,98,78
1951-11-22,13.5,16.0,11.3,91,98,81
1951-11-23,13.6,16.0,10.7,91,96,81
1951-11-24,10.9,14.7,7.4,84,100,64
1951-11-25,10.3,13.8,6.6,73,87,58
1951-11-26,9.9,14.3,4.6,81,100,61
1951-11-27,7.1,9.2,5.1,81,94,67
1951-11-28,5.3,8.5,2.2,72,89,51
1951-11-29,5.4,9.3,1.2,75,98,56
1951-11-30,5.5,9.9,1.8,75,87,58
1951-12-01,5.2,9.5,0.4,66,81,47
1951-12-02,6.4,11.0,1.2,75,97,57
1951-12-03,6.8,12.4,2.6,88,98,71
1951-12-04,7.8,13.4,3.4,88,100,70
1951-12-05,8.3,13.0,5.2,81,100,59
1951-12-06,7.5,12.6,3.5,73,87,52
1951-12-07,7.0,13.0,1.7,84,98,67
1951-12-08,7.8,13.0,4.3,87,99,66
1951-12-09,8.6,12.6,5.4,91,98,77
1951-12-10,9.4,12.8,6.7,91,100,72
1951-12-11,9.6,13.8,5.8,84,100,62
1951-12-12,4.0,6.5,2.9,80,93,56
1951-12-13,1.1,3.6,-1.0,55,65,43
1951-12-14,3.2,7.6,-0.5,56,65,52
1951-12-15,4.6,6.5,1.7,57,70,44
1951-12-16,1.8,5.8,-1.3,67,87,42
1951-12-17,5.6,9.8,1.1,61,75,50
1951-12-18,4.9,7.4,1.8,60,71,45
1951-12-19,2.6,7.2,-1.1,62,79,39
1951-12-20,2.4,6.6,-0.8,71,93,45
1951-12-21,3.1,7.9,-0.8,62,76,42
1951-12-22,3.8,9.8,0.5,68,83,50
1951-12-23,3.9,9.0,-0.1,74,89,52
1951-12-24,3.7,8.2,0.5,86,94,70
1951-12-25,4.3,9.2,0.1,91,98,78
1951-12-26,7.8,11.7,5.3,87,96,73
1951-12-27,7.4,11.7,3.8,88,95,73
1951-12-28,8.6,11.6,5.9,93,99,80
1951-12-29,9.7,12.7,6.2,94,96,90
1951-12-30,6.6,10.1,3.2,92,99,78
1951-12-31,9.9,11.2,9.0,91,96,89
1952-01-01,8.6,11.6,5.0,90,99,75
1952-01-02,7.8,10.9,5.3,92,99,79
1952-01-03,8.7,11.7,6.5,88,97,72
1952-01-04,8.8,12.8,5.3,88,99,71
1952-01-05,6.8,8.5,4.6,81,99,58
1952-01-06,4.0,7.2,1.4,58,69,41
1952-01-07,2.5,6.3,-0.1,58,73,40
1952-01-08,1.6,5.8,-0.7,61,71,44
1952-01-09,1.9,6.5,-1.6,66,77,49
1952-01-10,2.4,7.7,-1.7,81,95,65
1952-01-11,3.9,10.1,-0.7,88,97,71
1952-01-12,7.4,13.6,2.0,90,98,76
1952-01-13,9.8,15.1,3.8,89,100,76
1952-01-14,8.1,10.1,6.2,92,97,87
1952-01-15,5.6,7.2,2.4,73,96,46
1952-01-16,3.1,7.7,-1.1,61,78,44
1952-01-17,3.4,9.2,-1.0,83,95,63
1952-01-18,5.1,9.1,1.9,85,96,67
1952-01-19,7.8,11.8,3.2,92,98,85
1952-01-20,7.0,9.4,4.1,74,97,53
1952-01-21,4.3,8.1,0.5,63,77,49
1952-01-22,4.2,9.2,0.9,68,84,43
1952-01-23,3.3,7.8,-0.9,76,86,63
1952-01-24,3.0,4.1,1.9,83,94,79
1952-01-25,5.1,8.5,2.7,91,97,81
1952-01-26,9.3,13.7,6.8,85,94,66
1952-01-27,6.7,11.1,2.4,87,99,67
1952-01-28,8.8,14.3,4.0,83,97,58
1952-01-29,7.5,10.3,4.4,74,96,52
1952-01-30,6.1,8.5,4.8,77,85,65
1952-01-31,5.7,8.9,2.6,81,97,60
1952-02-01,6.2,10.5,1.1,83,99,64
1952-02-02,9.3,13.0,6.8,87,95,69
1952-02-03,6.3,8.9,3.9,72,99,47
1952-02-04,4.5,8.7,1.3,52,65,34
1952-02-05,3.6,7.7,0.4,52,74,37
1952-02-06,3.9,8.4,0.1,61,76,44
1952-02-07,2.2,5.3,1.4,92,97,73
1952-02-08,2.1,4.2,1.3,89,97,77
1952-02-09,1.8,7.3,-4.4,90,99,75
1952-02-10,2.3,3.3,0.8,73,95,59
1952-02-11,0.6,5.0,-3.5,64,75,46
1952-02-12,1.8,8.9,-4.3,76,89,58
1952-02-13,5.1,12.2,-0.4,81,90,65
1952-02-14,5.9,11.3,2.0,90,97,79
1952-02-15,8.8,13.1,4.8,90,99,70
1952-02-16,9.0,12.7,4.7,88,100,66
1952-02-17,6.7,9.9,4.3,89,97,75
1952-02-18,5.3,9.8,1.6,77,94,54
1952-02-19,5.4,10.6,0.9,74,88,55
1952-02-20,4.4,8.4,0.7,66,85,43
1952-02-21,3.8,7.7,0.8,64,74,47
1952-02-22,4.7,9.9,0.1,64,74,51
1952-02-23,8.1,15.4,1.8,65,83,42
1952-02-24,8.6,16.1,2.4,60,78,37
1952-02-25,8.6,13.3,3.9,60,79,46
1952-02-26,7.1,12.0,3.1,68,85,43
1952-02-27,6.6,10.5,2.1,75,99,50
1952-02-28,7.2,11.3,3.5,64,91,42
1952-02-29,5.9,10.3,1.9,57,75,37
1952-03-01,6.2,10.9,1.0,69,94,46
1952-03-02,7.1,12.1,3.3,58,79,35
1952-03-03,6.9,11.6,2.8,69,86,54
1952-03-04,8.2,13.5,3.0,81,95,60
1952-03-05,9.5,14.4,5.2,81,94,59
1952-03-06,9.1,13.8,3.8,87,100,65
1952-03-07,2.9,8.9,0.1,66,93,45
1952-03-08,1.1,5.3,-2.7,54,62,44
1952-03-09,2.5,6.3,-1.2,56,68,44
1952-03-10,3.7,8.9,-1.4,64,85,39
1952-03-11,5.2,10.3,-0.7,64,95,39
1952-03-12,6.0,10.6,0.5,65,91,44
1952-03-13,7.0,11.5,1.4,72,91,52
1952-03-14,8.1,11.7,5.0,80,94,62
1952-03-15,2.3,6.8,0.3,83,92,80
1952-03-16,2.4,5.3,0.0,72,91,53
1952-03-17,3.6,8.7,-2.9,72,100,49
1952-03-18,6.0,12.2,-1.3,70,96,42
1952-03-19,8.0,14.1,0.3,74,99,45
1952-03-20,6.3,8.3,4.6,84,93,72
1952-03-21,7.2,9.7,4.9,78,90,65
1952-03-22,9.3,13.3,5.4,74,92,53
1952-03-23,9.9,14.5,5.8,75,89,57
1952-03-24,12.1,18.6,6.4,74,90,48
1952-03-25,11.8,17.0,7.6,83,100,61
1952-03-26,14.3,18.7,11.0,73,86,56
1952-03-27,13.7,20.0,7.9,76,96,49
1952-03-28,14.7,20.9,8.7,78,93,58
1952-03-29,14.1,20.3,8.7,85,100,61
1952-03-30,16.9,25.3,10.2,75,100,45
1952-03-31,19.1,26.1,12.3,61,80,35
1952-04-01,19.1,24.4,14.6,63,80,46
1952-04-02,19.3,26.8,11.6,66,89,33
1952-04-03,19.8,25.2,14.2,69,86,49
1952-04-04,14.5,16.4,12.5,74,89,63
1952-04-05,11.6,12.7,10.3,75,81,69
1952-04-06,13.1,16.6,10.3,73,91,53
1952-04-07,13.3,17.3,7.5,68,97,41
1952-04-08,12.3,17.6,6.7,66,93,37
1952-04-09,11.3,16.2,7.1,70,94,37
1952-04-10,12.4,17.4,7.7,73,89,52
1952-04-11,13.0,16.2,9.9,78,90,65
1952-04-12,13.1,16.1,10.1,80,98,63
1952-04-13,13.7,18.8,8.8,79,100,59
1952-04-14,16.5,22.4,11.9,74,91,51
1952-04-15,17.4,22.7,12.8,72,89,51
1952-04-16,15.8,18.9,12.5,69,89,52
1952-04-17,15.4,19.4,11.5,68,82,50
1952-04-18,17.5,22.2,13.4,66,90,40
1952-04-19,16.3,21.5,12.2,68,84,50
1952-04-20,17.0,21.8,13.5,69,85,49
1952-04-21,17.5,22.3,13.4,70,93,49
1952-04-22,18.2,22.6,15.2,67,87,47
1952-04-23,17.8,21.7,14.9,62,76,47
1952-04-24,17.9,21.2,15.1,62,81,46
1952-04-25,17.4,20.9,13.9,65,84,52
1952-04-26,17.9,22.1,14.7,64,81,44
1952-04-27,17.6,21.0,14.8,65,82,49
1952-04-28,18.9,23.4,14.5,64,84,43
1952-04-29,20.4,25.6,14.6,57,85,32
1952-04-30,19.0,23.8,14.6,69,84,45
1952-05-01,18.8,22.2,15.7,74,92,55
1952-05-02,19.7,24.1,15.7,69,91,46
1952-05-03,20.9,25.2,17.1,67,87,48
1952-05-04,22.0,26.5,17.6,64,85,43
1952-05-05,21.6,25.5,18.7,66,85,48
1952-05-06,21.2,25.5,17.8,60,79,41
1952-05-07,22.6,27.6,18.2,60,79,39
1952-05-08,25.1,31.3,19.3,55,82,31
1952-05-09,23.8,27.5,20.5,61,75,48
1952-05-10,19.6,23.2,16.6,64,78,43
1952-05-11,18.8,23.1,15.7,61,79,42
1952-05-12,21.0,25.2,17.0,55,74,37
1952-05-13,22.8,27.6,18.7,55,78,35
1952-05-14,19.4,22.5,16.9,64,72,54
1952-05-15,18.1,21.6,14.6,59,75,40
1952-05-16,18.1,22.6,13.2,57,81,36
1952-05-17,18.0,23.2,13.0,56,81,29
1952-05-18,15.6,20.2,11.0,38,53,21
1952-05-19,14.8,19.8,9.3,47,72,26
1952-05-20,17.3,21.7,12.0,61,84,41
1952-05-21,17.6,22.4,13.2,72,94,46
1952-05-22,15.0,16.0,13.3,79,92,65
1952-05-23,15.2,17.4,13.8,80,95,60
1952-05-24,13.3,15.2,11.8,85,94,71
1952-05-25,14.3,18.1,10.1,73,97,53
1952-05-26,14.2,16.0,12.7,82,92,65
1952-05-27,15.9,21.4,9.1,68,94,43
1952-05-28,17.6,22.8,11.0,64,95,41
1952-05-29,18.6,22.8,12.7,71,99,51
1952-05-30,20.0,25.2,13.8,72,99,46
1952-05-31,20.9,24.9,15.0,74,100,53
1952-06-01,22.5,26.3,17.9,66,89,47
1952-06-02,23.5,28.1,19.0,61,80,45
1952-06-03,24.0,29.2,19.0,62,84,41
1952-06-04,24.1,29.0,19.3,57,83,36
1952-06-05,23.4,27.8,18.3,63,83,45
1952-06-06,20.1,22.2,17.4,76,94,61
1952-06-07,20.3,22.8,17.2,67,83,53
1952-06-08,21.3,24.3,17.6,67,85,52
1952-06-09,22.2,25.4,19.5,72,86,57
1952-06-10,21.8,25.9,18.3,71,93,50
1952-06-11,22.1,26.7,17.7,56,85,30
1952-06-12,22.2,27.5,16.2,62,91,39
1952-06-13,24.1,29.3,18.3,55,75,34
1952-06-14,24.5,29.3,20.3,65,87,44
1952-06-15,25.5,30.0,20.4,62,88,41
1952-06-16,27.1,32.0,22.7,56,75,36
1952-06-17,29.2,35.9,22.7,51,79,26
1952-06-18,26.3,28.0,23.6,64,83,55
1952-06-19,26.0,29.9,23.2,62,82,44
1952-06-20,26.7,31.3,22.7,59,76,43
1952-06-21,28.0,32.7,23.2,53,80,30
1952-06-22,26.8,30.6,23.3,55,74,36
1952-06-23,24.2,26.8,21.0,66,87,48
1952-06-24,25.5,30.0,21.3,53,76,33
1952-06-25,23.1,25.8,20.9,35,48,20
1952-06-26,21.9,26.7,16.4,32,49,20
1952-06-27,23.2,27.4,19.0,40,54,28
1952-06-28,23.1,27.5,18.1,45,66,28
1952-06-29,24.4,30.0,18.5,43,70,22
1952-06-30,26.0,31.3,19.9,33,51,17
1952-07-01,25.7,31.0,20.6,47,68,29
1952-07-02,27.4,33.6,21.5,48,76,25
1952-07-03,26.7,30.9,22.4,55,73,36
1952-07-04,25.9,30.2,21.6,59,83,40
1952-07-05,26.4,31.2,22.0,51,74,28
1952-07-06,27.5,32.8,23.0,50,73,28
1952-07-07,23.5,26.0,21.2,75,91,59
1952-07-08,24.3,29.1,20.2,69,94,43
1952-07-09,25.4,30.2,21.0,65,89,42
1952-07-10,26.2,31.1,22.0,57,82,34
1952-07-11,24.9,30.5,20.4,62,84,38
1952-07-12,25.0,27.5,21.5,66,84,52
1952-07-13,27.1,31.9,22.6,56,78,35
1952-07-14,26.7,31.5,22.3,59,78,40
1952-07-15,28.4,33.0,24.5,51,70,31
1952-07-16,28.7,34.0,23.8,48,68,29
1952-07-17,29.8,35.1,24.8,44,70,26
1952-07-18,29.0,33.6,23.9,46,69,30
1952-07-19,27.7,32.3,23.7,53,72,33
1952-07-20,27.0,33.5,22.0,58,82,29
1952-07-21,28.4,32.2,24.1,51,76,32
1952-07-22,28.3,33.1,23.5,49,76,26
1952-07-23,27.6,32.5,21.4,48,84,23
1952-07-24,27.8,31.9,23.5,49,71,32
1952-07-25,27.9,32.0,23.8,52,77,33
1952-07-26,26.0,30.5,22.7,51,68,29
1952-07-27,24.8,29.9,19.4,54,80,27
1952-07-28,24.8,29.1,20.4,62,88,39
1952-07-29,25.7,30.2,21.3,58,80,38
1952-07-30,26.2,30.6,22.7,58,81,35
1952-07-31,26.8,31.3,23.1,57,76,37
1952-08-01,27.5,33.4,21.3,51,78,27
1952-08-02,28.0,33.2,22.6,53,76,30
1952-08-03,27.9,33.0,22.5,54,80,31
1952-08-04,28.2,33.2,23.1,54,82,31
1952-08-05,28.6,33.5,24.0,52,76,29
1952-08-06,29.0,33.5,24.1,49,73,29
1952-08-07,28.6,33.2,23.7,45,70,26
1952-08-08,28.1,33.3,22.8,48,76,26
1952-08-09,29.2,34.7,24.4,46,71,25
1952-08-10,28.8,33.3,24.7,47,66,28
1952-08-11,30.0,36.7,23.7,45,73,22
1952-08-12,31.3,37.6,26.6,41,62,21
1952-08-13,30.0,34.6,26.0,43,63,29
1952-08-14,29.1,33.6,25.7,46,64,28
1952-08-15,28.4,33.2,24.1,52,76,33
1952-08-16,28.4,33.9,23.9,54,80,31
1952-08-17,28.9,34.7,23.7,50,79,26
1952-08-18,30.0,35.5,25.0,45,72,24
1952-08-19,29.9,36.2,24.0,42,64,20
1952-08-20,29.3,35.3,23.7,49,77,25
1952-08-21,31.1,39.0,23.1,42,74,16
1952-08-22,32.6,39.5,26.7,37,54,18
1952-08-23,30.7,35.4,25.7,35,56,20
1952-08-24,25.8,29.0,21.7,47,66,31
1952-08-25,25.7,31.0,20.2,57,86,33
1952-08-26,27.9,33.6,22.4,52,85,26
1952-08-27,27.8,33.4,22.8,44,62,27
1952-08-28,26.5,31.9,21.2,59,88,31
1952-08-29,27.9,35.5,21.2,50,86,18
1952-08-30,28.5,36.1,21.9,44,74,18
1952-08-31,27.7,33.2,22.3,48,73,28
1952-09-01,29.0,35.7,22.6,48,79,22
1952-09-02,29.4,35.2,23.7,39,63,18
1952-09-03,29.0,34.4,24.3,41,63,22
1952-09-04,27.5,32.1,23.0,51,71,31
1952-09-05,27.2,33.5,21.3,53,81,25
1952-09-06,27.4,32.8,23.0,54,74,31
1952-09-07,29.3,36.0,22.8,51,80,24
1952-09-08,30.0,37.0,23.1,45,77,19
1952-09-09,29.3,34.4,23.8,42,67,21
1952-09-10,28.5,34.2,23.3,32,56,17
1952-09-11,27.6,32.0,22.4,44,65,28
1952-09-12,26.7,31.5,22.6,56,73,36
1952-09-13,28.0,34.7,22.3,54,85,24
1952-09-14,28.4,34.3,23.5,41,70,20
1952-09-15,25.3,28.8,21.3,55,79,34
1952-09-16,24.0,28.1,21.2,59,74,36
1952-09-17,21.9,24.8,20.1,57,73,40
1952-09-18,22.7,28.0,17.7,63,85,42
1952-09-19,25.4,32.0,18.9,63,93,35
1952-09-20,27.4,33.1,22.6,49,80,20
1952-09-21,23.3,27.2,19.7,54,68,39
1952-09-22,20.9,22.2,19.5,77,89,66
1952-09-23,19.6,22.1,18.0,71,92,46
1952-09-24,19.1,24.2,14.3,41,58,22
1952-09-25,19.2,24.2,13.6,54,78,31
1952-09-26,19.6,25.0,13.6,69,98,43
1952-09-27,21.5,26.9,15.6,69,93,43
1952-09-28,24.0,29.2,18.8,69,92,45
1952-09-29,21.7,24.5,17.4,58,75,49
1952-09-30,21.6,27.1,16.7,66,86,42
1952-10-01,22.3,28.3,16.3,73,99,43
1952-10-02,23.6,29.6,17.4,67,98,34
1952-10-03,23.6,29.6,18.4,61,86,30
1952-10-04,22.3,26.1,19.5,59,98,25
1952-10-05,18.7,22.7,14.5,43,68,24
1952-10-06,19.0,23.9,13.8,57,92,32
1952-10-07,17.3,20.5,14.0,66,85,53
1952-10-08,17.6,21.0,14.3,79,92,60
1952-10-09,13.4,17.4,10.7,83,97,63
1952-10-10,11.5,12.7,10.1,86,90,79
1952-10-11,13.5,19.0,7.9,74,91,51
1952-10-12,15.7,18.4,13.6,89,98,85
1952-10-13,14.6,18.9,11.4,75,100,45
1952-10-14,15.2,20.2,10.2,72,90,55
1952-10-15,16.7,22.2,11.2,81,100,60
1952-10-16,17.9,23.5,12.3,77,99,52
1952-10-17,17.4,20.9,14.6,87,99,68
1952-10-18,15.5,17.8,13.5,72,95,57
1952-10-19,13.6,16.8,10.9,63,78,51
1952-10-20,13.7,16.9,10.0,82,98,68
1952-10-21,14.2,18.2,10.4,84,99,70
1952-10-22,15.8,22.2,10.0,80,100,54
1952-10-23,18.3,23.2,14.0,74,87,60
1952-10-24,19.1,24.1,14.5,79,94,54
1952-10-25,18.5,23.3,13.1,79,97,58
1952-10-26,17.6,22.0,14.1,87,100,66
1952-10-27,17.8,22.2,14.7,84,100,61
1952-10-28,15.3,17.8,12.6,66,80,52
1952-10-29,14.1,17.6,10.5,71,93,48
1952-10-30,13.9,17.9,9.9,80,94,59
1952-10-31,13.2,17.0,9.5,86,100,64
1952-11-01,14.4,18.7,10.9,85,100,59
1952-11-02,13.9,16.5,11.9,91,97,84
1952-11-03,11.7,15.1,9.5,65,83,45
1952-11-04,11.5,16.1,7.3,66,82,44
1952-11-05,10.2,13.6,7.7,79,90,62
1952-11-06,10.6,15.0,6.2,76,95,51
1952-11-07,11.0,16.0,6.1,78,98,58
1952-11-08,14.3,17.4,10.5,79,85,70
1952-11-09,11.1,14.3,7.7,85,96,69
1952-11-10,7.9,9.8,6.4,85,92,68
1952-11-11,7.3,12.1,1.7,72,93,41
1952-11-12,8.0,11.1,3.9,81,95,63
1952-11-13,10.8,15.1,7.9,90,99,74
1952-11-14,9.2,13.4,5.6,82,93,63
1952-11-15,11.1,14.1,8.2,88,96,76
1952-11-16,13.0,15.6,11.2,85,93,75
1952-11-17,13.0,15.2,11.1,86,92,77
1952-11-18,13.2,14.7,11.4,89,95,80
1952-11-19,12.6,15.4,9.4,83,96,67
1952-11-20,11.7,14.0,8.9,85,95,73
1952-11-21,11.4,12.8,10.4,83,93,69
1952-11-22,11.8,14.5,9.9,84,96,70
1952-11-23,9.9,12.5,7.0,81,95,62
1952-11-24,7.8,11.4,5.5,69,85,47
1952-11-25,8.0,12.4,4.2,71,83,51
1952-11-26,8.8,13.7,4.8,89,98,81
1952-11-27,11.7,17.2,7.7,94,100,82
1952-11-28,11.5,16.5,8.0,88,99,70
1952-11-29,13.3,18.3,9.5,87,97,70
1952-11-30,11.4,15.7,7.5,92,100,77
1952-12-01,11.9,15.4,8.8,89,99,73
1952-12-02,11.5,16.0,8.8,92,99,75
1952-12-03,11.4,14.0,9.5,94,100,83
1952-12-04,13.7,17.2,11.1,92,97,82
1952-12-05,12.8,14.7,11.3,96,98,94
1952-12-06,9.8,11.2,8.8,91,95,88
1952-12-07,9.0,9.8,8.5,90,91,89
1952-12-08,8.0,8.9,6.6,89,94,81
1952-12-09,8.3,9.2,7.6,87,94,79
1952-12-10,7.9,9.0,6.0,86,92,83
1952-12-11,6.2,7.8,4.8,67,83,54
1952-12-12,6.1,9.0,3.0,77,91,64
1952-12-13,6.4,11.0,3.5,87,96,70
1952-12-14,8.1,13.5,4.2,89,98,74
1952-12-15,11.3,16.2,6.1,85,97,71
1952-12-16,12.7,14.8,9.6,80,88,73
1952-12-17,7.0,9.6,4.0,65,93,44
1952-12-18,9.0,13.7,4.8,79,88,67
1952-12-19,10.0,13.0,6.6,92,97,85
1952-12-20,10.6,12.5,9.4,93,97,83
1952-12-21,9.7,10.8,8.1,92,96,87
1952-12-22,8.1,9.1,7.1,91,97,83
1952-12-23,6.3,8.7,4.5,74,93,59
1952-12-24,5.5,7.3,4.1,65,70,62
1952-12-25,5.0,7.4,2.7,70,78,62
1952-12-26,5.7,10.3,1.3,76,89,62
1952-12-27,6.4,10.9,2.2,86,97,73
1952-12-28,7.7,12.5,4.0,89,98,71
1952-12-29,9.2,14.4,5.6,91,99,76
1952-12-30,9.1,13.6,5.1,92,100,77
1952-12-31,8.0,12.3,5.0,92,100,76
1953-01-01,8.6,12.2,5.7,92,98,81
1953-01-02,11.1,13.2,7.7,88,95,79
1953-01-03,7.3,9.8,3.9,94,98,91
1953-01-04,7.4,10.9,4.8,92,100,80
1953-01-05,5.7,10.0,1.3,85,98,66
1953-01-06,9.1,12.6,5.6,91,97,82
1953-01-07,10.1,12.6,6.9,89,96,76
1953-01-08,6.9,10.5,3.4,94,100,76
1953-01-09,6.8,10.4,3.4,86,100,64
1953-01-10,4.8,8.3,2.3,72,85,54
1953-01-11,3.4,6.5,0.4,69,85,54
1953-01-12,2.7,4.7,1.5,83,91,70
1953-01-13,1.1,2.2,0.5,90,94,84
1953-01-14,1.0,2.3,-0.5,82,91,75
1953-01-15,0.4,1.6,-0.9,82,86,78
1953-01-16,-0.2,2.9,-4.1,81,89,70
1953-01-17,-1.4,2.9,-6.0,89,98,77
1953-01-18,1.5,3.6,-0.7,82,92,73
1953-01-19,0.9,2.4,-1.0,77,80,72
1953-01-20,0.8,2.2,-0.2,84,92,79
1953-01-21,0.0,1.8,-1.8,81,92,69
1953-01-22,-1.9,1.2,-5.0,72,80,62
1953-01-23,-2.7,3.6,-8.0,74,81,65
1953-01-24,-0.2,5.6,-5.1,74,82,56
1953-01-25,-0.2,5.8,-6.1,82,97,59
1953-01-26,0.9,6.5,-4.4,89,97,76
1953-01-27,4.3,7.1,2.8,88,93,77
1953-01-28,3.3,7.2,-1.0,88,98,73
1953-01-29,6.3,12.0,2.3,76,89,60
1953-01-30,7.1,13.5,1.8,70,81,52
1953-01-31,6.5,11.3,2.1,81,91,66
1953-02-01,7.3,12.2,3.1,89,99,70
1953-02-02,7.7,11.5,3.5,75,97,52
1953-02-03,6.0,10.5,0.8,70,86,51
1953-02-04,4.5,8.8,0.7,67,84,43
1953-02-05,2.4,6.9,-1.5,66,80,45
1953-02-06,3.8,7.9,-0.5,82,94,63
1953-02-07,4.9,10.0,-1.0,86,99,63
1953-02-08,7.3,11.1,3.5,86,99,65
1953-02-09,1.7,3.9,-0.3,59,80,42
1953-02-10,1.6,6.1,-2.1,53,69,39
1953-02-11,3.4,7.3,-0.3,76,90,65
1953-02-12,8.1,13.9,3.3,86,94,68
1953-02-13,7.8,13.6,3.3,88,98,65
1953-02-14,9.7,15.2,4.7,86,99,64
1953-02-15,10.4,12.7,7.3,90,99,77
1953-02-16,10.6,14.1,6.1,82,100,58
1953-02-17,7.7,10.8,3.6,72,98,54
1953-02-18,4.3,8.2,1.2,58,71,45
1953-02-19,4.4,7.6,1.8,54,72,42
1953-02-20,6.1,11.9,1.2,63,75,46
1953-02-21,9.0,15.1,3.8,69,81,52
1953-02-22,9.2,15.1,2.4,67,88,43
1953-02-23,10.1,15.3,5.3,58,70,45
1953-02-24,9.8,15.0,3.9,61,80,43
1953-02-25,9.5,13.2,5.4,56,79,39
1953-02-26,5.6,9.3,2.6,72,95,40
1953-02-27,5.8,10.3,2.9,63,83,37
1953-02-28,5.7,10.1,2.2,66,86,37
1953-03-01,6.1,10.9,2.7,68,86,39
1953-03-02,5.7,10.4,0.2,63,81,41
1953-03-03,5.8,11.4,-0.2,68,92,42
1953-03-04,7.3,13.3,2.6,53,75,37
1953-03-05,6.3,10.9,1.2,60,77,44
1953-03-06,5.2,8.4,2.2,49,66,32
1953-03-07,5.1,11.6,0.1,53,82,41
1953-03-08,7.1,13.3,0.3,74,91,52
1953-03-09,7.6,11.8,4.0,85,97,64
1953-03-10,6.7,8.0,5.2,86,95,77
1953-03-11,3.9,5.2,1.9,70,90,52
1953-03-12,3.5,7.8,-0.6,49,67,35
1953-03-13,5.3,9.2,0.5,55,85,41
1953-03-14,2.5,6.2,-0.4,43,59,28
1953-03-15,2.3,6.8,-2.4,59,78,41
1953-03-16,5.3,10.0,0.6,61,79,40
1953-03-17,5.5,9.0,2.1,67,87,43
1953-03-18,5.5,10.8,0.1,61,85,33
1953-03-19,5.8,12.0,-0.0,60,80,39
1953-03-20,7.9,14.6,0.8,61,81,36
1953-03-21,6.2,8.5,3.7,75,85,66
1953-03-22,6.7,10.9,3.9,73,93,42
1953-03-23,8.2,13.8,2.6,65,95,37
1953-03-24,9.0,14.0,3.6,68,90,49
1953-03-25,11.1,16.9,6.1,75,93,50
1953-03-26,12.4,18.5,6.4,67,86,44
1953-03-27,11.6,15.7,8.4,72,89,48
1953-03-28,13.2,18.6,8.1,68,87,41
1953-03-29,13.0,17.7,7.2,71,90,53
1953-03-30,13.0,16.6,9.7,78,93,64
1953-03-31,12.5,17.4,8.1,81,99,59
1953-04-01,14.1,20.1,9.4,77,94,52
1953-04-02,15.4,20.0,11.2,67,84,46
1953-04-03,15.7,21.9,10.6,63,82,36
1953-04-04,12.5,14.8,10.3,79,90,68
1953-04-05,12.2,15.4,10.2,81,93,64
1953-04-06,12.7,16.6,9.4,83,99,65
1953-04-07,13.3,18.4,9.1,82,100,61
1953-04-08,14.5,19.2,9.4,74,97,51
1953-04-09,15.2,19.3,11.4,71,89,48
1953-04-10,16.8,23.8,9.9,71,93,49
1953-04-11,18.0,22.5,14.4,60,81,41
1953-04-12,11.5,14.5,8.9,88,93,83
1953-04-13,10.1,12.9,8.3,74,89,52
1953-04-14,11.0,13.2,8.6,70,90,58
1953-04-15,9.9,12.3,6.8,75,90,54
1953-04-16,11.6,15.8,7.8,78,91,60
1953-04-17,12.0,16.3,8.5,88,94,71
1953-04-18,13.1,18.4,7.4,72,97,42
1953-04-19,14.0,18.5,9.6,60,78,39
1953-04-20,15.0,20.6,9.8,61,79,37
1953-04-21,14.5,19.5,8.8,67,88,42
1953-04-22,13.5,16.6,10.4,83,95,68
1953-04-23,15.0,20.2,9.4,74,100,41
1953-04-24,14.5,19.2,9.1,79,98,58
1953-04-25,15.9,20.5,11.6,78,95,57
1953-04-26,16.6,20.7,12.9,78,96,56
1953-04-27,16.2,20.0,11.2,82,99,65
1953-04-28,17.3,21.2,13.2,79,97,60
1953-04-29,18.5,22.8,14.2,74,91,50
1953-04-30,18.6,22.8,13.7,70,99,41
1953-05-01,15.7,18.1,12.9,76,85,70
1953-05-02,15.6,19.5,11.3,74,97,51
1953-05-03,17.2,20.6,12.9,72,95,50
1953-05-04,17.0,19.4,14.8,68,86,54
1953-05-05,15.5,18.3,12.5,72,87,56
1953-05-06,16.4,21.0,12.3,60,92,30
1953-05-07,17.6,21.8,13.2,57,75,41
1953-05-08,17.4,21.8,12.6,74,95,55
1953-05-09,16.3,20.7,13.3,75,88,55
1953-05-10,14.7,18.9,10.3,65,87,42
1953-05-11,16.1,20.1,12.1,72,91,51
1953-05-12,16.7,20.8,11.8,70,85,46
1953-05-13,17.6,22.3,12.9,78,100,54
1953-05-14,18.8,23.7,12.7,65,91,35
1953-05-15,17.9,21.4,13.3,74,90,59
1953-05-16,18.0,22.5,13.6,61,89,37
1953-05-17,18.7,24.2,12.8,68,98,37
1953-05-18,20.0,25.5,13.5,61,85,35
1953-05-19,17.9,23.0,13.9,76,96,52
1953-05-20,15.7,16.7,14.5,87,92,79
1953-05-21,16.3,19.1,13.1,83,96,67
1953-05-22,17.0,20.9,13.8,85,98,67
1953-05-23,18.7,24.3,13.7,81,99,56
1953-05-24,18.4,22.5,16.3,87,97,66
1953-05-25,19.8,24.2,14.6,79,100,56
1953-05-26,21.4,27.3,16.3,72,89,47
1953-05-27,18.9,21.8,15.4,75,96,58
1953-05-28,20.6,25.0,16.0,72,89,60
1953-05-29,21.8,26.1,18.5,80,95,60
1953-05-30,19.7,22.3,17.0,83,97,71
1953-05-31,17.7,19.0,15.0,87,95,73
1953-06-01,18.4,21.2,14.8,80,99,61
1953-06-02,19.3,22.6,13.9,71,95,49
1953-06-03,20.6,24.3,16.0,66,87,46
1953-06-04,21.4,25.6,16.9,74,89,56
1953-06-05,21.6,25.3,16.1,75,100,55
1953-06-06,22.8,26.9,18.1,67,88,46
1953-06-07,23.9,28.3,20.0,66,87,45
1953-06-08,24.8,28.8,21.0,66,84,49
1953-06-09,24.2,27.1,21.2,67,80,55
1953-06-10,23.4,26.8,20.5,67,85,50
1953-06-11,22.3,25.5,18.9,75,90,57
1953-06-12,22.0,25.5,17.7,76,100,56
1953-06-13,22.5,26.9,17.3,69,93,48
1953-06-14,23.6,28.0,18.4,66,88,44
1953-06-15,23.7,27.3,21.1,72,86,55
1953-06-16,23.0,26.8,19.8,77,91,57
1953-06-17,24.7,28.8,20.7,69,87,48
1953-06-18,25.6,29.7,21.4,68,90,45
1953-06-19,26.6,31.2,22.5,67,86,45
1953-06-20,26.7,30.2,23.3,68,85,53
1953-06-21,25.5,29.0,22.5,74,87,57
1953-06-22,25.8,28.8,23.2,74,89,58
1953-06-23,25.9,28.7,23.2,73,88,58
1953-06-24,24.8,27.4,20.5,77,95,66
1953-06-25,24.5,26.8,21.1,75,94,61
1953-06-26,24.3,26.0,21.9,67,83,54
1953-06-27,24.9,28.5,21.1,65,81,50
1953-06-28,26.2,30.0,22.6,64,82,45
1953-06-29,26.0,30.0,22.4,57,79,38
1953-06-30,22.8,25.3,19.8,77,94,62
1953-07-01,23.7,27.8,19.4,75,95,58
1953-07-02,24.3,27.8,20.2,74,95,55
1953-07-03,25.0,27.9,22.5,67,87,51
1953-07-04,24.7,27.9,21.8,66,82,51
1953-07-05,24.1,27.6,20.5,75,92,59
1953-07-06,25.2,29.4,20.9,72,93,51
1953-07-07,24.9,28.8,20.7,72,91,55
1953-07-08,25.8,30.7,20.8,62,88,35
1953-07-09,27.4,31.2,22.7,55,78,38
1953-07-10,27.3,30.3,23.6,58,74,44
1953-07-11,27.8,32.2,23.8,58,78,39
1953-07-12,28.4,33.2,22.3,53,77,31
1953-07-13,27.0,29.3,24.3,63,76,52
1953-07-14,27.5,32.7,21.9,49,80,28
1953-07-15,26.2,29.4,22.4,57,75,47
1953-07-16,26.5,31.1,22.0,58,77,40
1953-07-17,27.4,31.2,23.8,60,81,41
1953-07-18,27.9,31.5,24.2,54,71,40
1953-07-19,27.2,31.9,22.0,55,76,36
1953-07-20,28.5,33.7,23.6,52,69,37
1953-07-21,26.5,31.7,21.8,45,64,32
1953-07-22,26.5,29.8,23.6,56,79,40
1953-07-23,25.3,29.8,20.8,62,79,45
1953-07-24,26.8,31.1,23.2,59,73,43
1953-07-25,28.5,34.1,23.6,55,81,31
1953-07-26,29.3,34.7,24.3,46,69,24
1953-07-27,28.8,33.4,24.1,49,71,32
1953-07-28,28.4,33.4,24.5,55,77,34
1953-07-29,29.1,34.2,24.6,51,77,30
1953-07-30,28.8,33.6,25.4,47,70,28
1953-07-31,28.6,33.0,24.6,48,71,31
1953-08-01,28.4,33.5,24.1,45,62,27
1953-08-02,27.9,32.8,22.1,51,76,29
1953-08-03,27.1,31.3,22.6,58,81,40
1953-08-04,27.6,31.9,24.0,52,71,35
1953-08-05,29.0,33.4,24.8,50,70,35
1953-08-06,28.3,32.6,24.0,51,73,33
1953-08-07,27.4,31.0,23.1,53,75,35
1953-08-08,24.9,28.4,22.0,55,74,39
1953-08-09,25.2,29.3,20.5,59,87,38
1953-08-10,25.0,29.8,19.6,56,86,33
1953-08-11,26.9,32.3,22.5,46,70,21
1953-08-12,27.1,32.2,21.0,41,74,18
1953-08-13,27.4,32.4,21.5,40,75,18
1953-08-14,27.0,31.9,22.6,44,69,24
1953-08-15,25.4,28.1,22.1,56,75,43
1953-08-16,25.5,30.8,20.6,59,84,34
1953-08-17,26.6,32.5,20.9,57,88,28
1953-08-18,28.1,34.5,23.2,48,73,20
1953-08-19,28.4,34.5,23.5,47,76,19
1953-08-20,28.6,34.7,22.8,43,73,17
1953-08-21,28.5,33.7,23.8,41,61,22
1953-08-22,28.3,33.1,23.9,44,66,25
1953-08-23,28.4,33.5,23.4,47,75,25
1953-08-24,23.7,28.7,18.8,38,54,23
1953-08-25,25.5,31.5,20.5,39,52,25
1953-08-26,26.2,32.4,19.5,51,78,27
1953-08-27,26.9,31.4,21.9,52,71,33
1953-08-28,26.7,31.8,21.6,58,87,33
1953-08-29,23.3,26.6,19.8,66,77,55
1953-08-30,22.2,27.4,18.1,64,79,43
1953-08-31,25.0,30.3,19.4,61,88,36
1953-09-01,26.3,32.6,20.2,57,85,28
1953-09-02,26.3,32.6,20.2,55,81,29
1953-09-03,24.5,27.7,21.1,68,87,53
1953-09-04,24.7,29.8,20.4,64,84,41
1953-09-05,25.0,30.1,21.3,66,87,41
1953-09-06,25.6,31.1,20.2,48,82,22
1953-09-07,20.6,24.6,16.8,29,38,16
1953-09-08,18.2,22.1,14.3,33,51,19
1953-09-09,19.7,25.8,13.5,44,78,18
1953-09-10,21.4,28.2,13.1,59,93,32
1953-09-11,22.4,28.9,16.1,64,95,33
1953-09-12,24.0,29.4,19.6,61,79,36
1953-09-13,21.2,26.1,16.5,58,90,29
1953-09-14,20.4,25.0,15.3,39,56,25
1953-09-15,18.9,23.8,13.6,57,81,38
1953-09-16,19.7,24.0,15.5,71,93,48
1953-09-17,19.9,24.6,15.3,70,89,48
1953-09-18,20.3,24.8,15.8,75,97,53
1953-09-19,20.9,25.6,16.2,74,98,49
1953-09-20,21.3,26.0,17.7,66,91,39
1953-09-21,21.8,26.7,17.3,65,90,39
1953-09-22,22.7,28.9,17.0,63,85,33
1953-09-23,22.9,29.0,18.1,68,90,37
1953-09-24,23.6,29.5,18.1,66,96,37
1953-09-25,24.4,30.7,18.2,57,83,31
1953-09-26,24.4,29.8,20.2,58,76,34
1953-09-27,25.3,32.7,18.8,56,83,25
1953-09-28,24.0,28.5,20.3,60,78,41
1953-09-29,23.3,27.3,20.3,65,84,44
1953-09-30,21.2,24.8,17.7,66,82,48
1953-10-01,20.8,25.0,17.4,71,93,47
1953-10-02,21.2,27.8,15.4,60,98,17
1953-10-03,21.8,28.2,15.6,53,87,22
1953-10-04,22.1,25.8,19.0,58,86,40
1953-10-05,21.2,26.1,16.5,72,96,45
1953-10-06,20.1,22.7,17.5,46,81,20
1953-10-07,15.0,17.1,13.5,72,91,46
1953-10-08,14.5,15.9,13.2,80,90,67
1953-10-09,13.1,14.9,11.0,84,92,75
1953-10-10,12.2,14.5,10.2,84,90,78
1953-10-11,12.2,14.3,10.3,85,92,81
1953-10-12,12.9,14.2,11.8,91,95,88
1953-10-13,15.5,20.2,11.3,79,96,56
1953-10-14,15.7,20.6,10.6,78,99,54
1953-10-15,16.9,21.9,11.8,79,98,59
1953-10-16,18.6,23.4,14.4,85,97,69
1953-10-17,18.1,22.3,15.2,89,100,70
1953-10-18,18.2,21.6,15.6,88,100,68
1953-10-19,18.0,21.4,15.1,85,99,64
1953-10-20,17.6,21.1,14.1,82,99,60
1953-10-21,15.4,15.9,15.0,80,90,64
1953-10-22,14.0,15.0,13.3,61,68,54
1953-10-23,12.9,16.1,9.9,71,90,51
1953-10-24,13.2,17.1,9.0,75,97,54
1953-10-25,13.2,17.9,8.2,76,99,53
1953-10-26,13.2,18.4,7.7,79,100,54
1953-10-27,12.9,17.6,7.8,81,100,56
1953-10-28,13.4,16.5,10.7,78,95,57
1953-10-29,13.4,16.4,10.6,76,96,51
1953-10-30,13.1,16.2,9.9,76,92,56
1953-10-31,12.3,16.3,8.1,85,100,62
1953-11-01,12.3,13.3,11.3,73,85,61
1953-11-02,10.7,12.2,9.3,66,77,53
1953-11-03,9.6,10.1,9.3,80,93,70
1953-11-04,10.8,11.5,10.1,87,92,82
1953-11-05,12.5,14.5,10.6,90,94,86
1953-11-06,13.5,15.4,12.1,92,96,82
1953-11-07,13.3,14.1,12.6,94,97,90
1953-11-08,12.3,12.9,11.6,88,96,81
1953-11-09,11.5,12.4,10.4,83,90,77
1953-11-10,11.2,13.0,10.1,77,89,62
1953-11-11,10.0,13.5,5.5,82,100,64
1953-11-12,9.9,13.9,6.3,72,91,51
1953-11-13,9.3,13.2,5.8,70,89,49
1953-11-14,9.5,15.8,3.4,66,95,40
1953-11-15,8.8,13.4,4.8,73,95,50
1953-11-16,10.0,14.3,6.0,57,77,47
1953-11-17,5.3,7.9,3.0,47,61,35
1953-11-18,3.1,7.0,0.1,50,61,37
1953-11-19,3.8,9.0,-1.0,52,67,35
1953-11-20,5.2,11.1,1.5,59,72,41
1953-11-21,7.5,13.8,2.5,62,78,47
1953-11-22,9.4,16.6,4.4,68,77,48
1953-11-23,9.1,15.2,4.5,65,80,43
1953-11-24,6.3,9.5,3.2,75,89,54
1953-11-25,3.2,5.1,1.7,77,90,61
1953-11-26,2.0,4.5,-0.2,65,87,42
1953-11-27,1.6,5.5,-2.3,61,84,37
1953-11-28,1.0,6.5,-2.5,71,89,40
1953-11-29,2.1,8.0,-2.5,67,90,41
1953-11-30,4.1,9.9,0.6,58,67,39
1953-12-01,6.3,12.7,3.2,67,80,53
1953-12-02,6.3,13.4,1.8,79,90,63
1953-12-03,6.8,13.1,2.5,84,96,67
1953-12-04,6.2,12.7,1.9,88,99,69
1953-12-05,6.0,12.7,1.9,84,98,60
1953-12-06,6.7,13.8,2.1,77,92,53
1953-12-07,6.9,12.4,2.0,86,96,71
1953-12-08,7.6,8.8,6.3,86,95,78
1953-12-09,7.4,9.2,5.3,84,93,74
1953-12-10,6.6,10.2,4.2,89,97,76
1953-12-11,6.0,9.6,2.1,91,99,78
1953-12-12,7.2,8.8,5.6,87,97,74
1953-12-13,5.0,6.2,4.2,83,92,76
1953-12-14,4.3,6.6,1.9,79,95,67
1953-12-15,1.7,6.3,-1.5,84,98,59
1953-12-16,2.1,3.9,-0.2,85,91,77
1953-12-17,2.7,4.9,0.9,77,92,56
1953-12-18,1.3,3.9,-2.0,74,98,48
1953-12-19,0.6,4.6,-1.8,72,86,49
1953-12-20,0.9,3.0,-1.0,86,92,80
1953-12-21,0.6,1.0,-0.2,91,95,88
1953-12-22,0.7,2.2,-0.8,93,96,88
1953-12-23,0.5,3.0,-1.1,92,97,81
1953-12-24,0.3,2.0,-4.0,82,95,68
1953-12-25,-3.6,1.2,-7.2,82,91,69
1953-12-26,-6.2,0.1,-10.5,89,99,71
1953-12-27,-6.4,0.4,-10.8,87,94,71
1953-12-28,-4.9,2.2,-10.6,80,93,62
1953-12-29,0.6,4.0,-2.7,87,90,78
1953-12-30,3.1,6.6,1.9,90,94,83
1953-12-31,2.2,4.4,0.5,88,93,77
1954-01-01,0.9,1.9,0.3,93,95,89
1954-01-02,0.6,2.2,-0.9,92,96,84
1954-01-03,0.0,1.0,-0.9,93,96,86
1954-01-04,-0.1,2.3,-2.8,93,97,84
1954-01-05,1.2,2.0,0.6,95,97,91
1954-01-06,1.3,3.0,-0.0,91,97,82
1954-01-07,1.4,2.1,0.8,94,98,92
1954-01-08,0.5,5.2,-3.0,86,96,71
1954-01-09,0.8,2.4,-1.9,91,94,87
1954-01-10,-0.0,2.1,-1.4,86,92,75
1954-01-11,-2.5,-0.1,-6.1,75,92,57
1954-01-12,-3.5,1.2,-6.5,71,86,49
1954-01-13,-3.2,3.3,-7.8,76,88,62
1954-01-14,-2.0,1.5,-6.9,90,93,88
1954-01-15,2.3,3.1,1.3,93,95,90
1954-01-16,3.9,8.2,-0.3,89,100,76
1954-01-17,1.7,7.9,-2.7,88,99,67
1954-01-18,3.1,7.6,-1.4,79,90,70
1954-01-19,1.4,3.3,-1.3,66,73,55
1954-01-20,-1.0,3.8,-5.5,73,80,62
1954-01-21,2.7,8.2,-1.4,67,76,58
1954-01-22,4.6,9.0,0.6,81,93,70
1954-01-23,1.8,4.3,0.6,92,97,84
1954-01-24,-2.7,0.5,-5.3,83,97,73
1954-01-25,-4.1,-2.0,-5.9,84,89,76
1954-01-26,-8.2,-3.9,-11.8,70,78,56
1954-01-27,-9.3,-2.2,-15.2,69,77,52
1954-01-28,-3.0,-0.4,-7.1,87,94,75
1954-01-29,-0.1,4.0,-3.5,87,95,72
1954-01-30,0.7,4.6,-5.7,92,95,89
1954-01-31,6.3,9.3,2.9,88,94,76
1954-02-01,1.8,5.5,-1.7,93,100,89
1954-02-02,1.7,2.8,0.9,95,99,91
1954-02-03,-3.2,1.3,-5.1,75,96,64
1954-02-04,-4.3,-2.0,-6.0,78,91,72
1954-02-05,-2.5,-0.6,-4.3,88,95,79
1954-02-06,-0.8,1.0,-2.5,92,96,88
1954-02-07,1.6,3.3,0.2,91,95,84
1954-02-08,1.7,2.3,1.1,94,97,89
1954-02-09,1.5,2.9,0.6,93,97,86
1954-02-10,0.4,3.2,-3.3,90,96,81
1954-02-11,1.6,3.2,0.2,89,94,81
1954-02-12,1.7,3.7,-0.7,89,93,80
1954-02-13,0.6,4.9,-3.6,83,94,66
1954-02-14,2.4,7.0,-1.3,75,86,57
1954-02-15,1.8,7.7,-2.2,86,93,72
1954-02-16,2.8,4.6,1.0,93,95,89
1954-02-17,4.8,6.1,3.5,95,97,91
1954-02-18,4.2,6.3,0.6,91,98,82
1954-02-19,0.3,1.6,-1.3,86,90,79
1954-02-20,0.1,2.7,-3.5,82,92,71
1954-02-21,0.7,2.7,-1.0,87,97,79
1954-02-22,1.7,5.0,-0.2,84,97,66
1954-02-23,-0.5,2.0,-2.5,74,82,66
1954-02-24,-0.2,1.9,-1.9,75,85,61
1954-02-25,-0.7,3.9,-5.9,72,91,50
1954-02-26,-0.5,6.2,-8.5,79,96,56
1954-02-27,2.4,9.4,-2.6,77,88,56
1954-02-28,4.0,10.8,-1.2,83,93,66
1954-03-01,5.0,11.5,-0.3,86,95,72
1954-03-02,6.4,13.0,0.5,84,95,65
1954-03-03,7.5,13.4,2.6,87,100,65
1954-03-04,8.5,12.1,6.3,96,99,85
1954-03-05,9.7,13.5,6.4,90,99,75
1954-03-06,10.3,14.6,6.6,88,99,71
1954-03-07,9.2,12.7,6.6,87,99,71
1954-03-08,6.7,9.4,4.3,84,94,70
1954-03-09,7.6,11.8,3.9,82,94,63
1954-03-10,7.9,10.0,6.2,89,96,79
1954-03-11,8.6,10.3,7.2,79,88,68
1954-03-12,8.7,10.9,6.2,81,94,68
1954-03-13,8.3,10.9,5.0,85,98,71
1954-03-14,8.3,9.6,6.4,80,93,69
1954-03-15,7.6,10.1,5.4,78,90,63
1954-03-16,8.3,10.8,5.8,81,94,66
1954-03-17,9.9,14.5,6.2,81,95,58
1954-03-18,8.7,11.4,5.7,86,97,72
1954-03-19,10.0,14.8,6.0,82,96,61
1954-03-20,10.0,14.6,4.0,87,100,66
1954-03-21,10.6,13.5,7.5,83,98,65
1954-03-22,9.7,11.1,8.4,81,93,64
1954-03-23,9.0,12.8,5.4,75,95,50
1954-03-24,9.9,14.7,5.3,83,97,62
1954-03-25,13.3,19.7,7.3,76,96,46
1954-03-26,13.0,19.3,6.6,67,83,39
1954-03-27,12.2,17.1,6.9,78,95,60
1954-03-28,13.9,18.6,9.9,83,96,61
1954-03-29,12.6,16.2,8.8,90,100,78
1954-03-30,12.3,13.8,10.8,87,95,79
1954-03-31,11.7,14.9,9.0,81,93,65
1954-04-01,12.0,15.2,9.4,82,93,68
1954-04-02,11.6,15.6,7.3,81,99,62
1954-04-03,12.5,17.5,8.0,64,92,39
1954-04-04,13.4,16.6,9.0,65,80,51
1954-04-05,12.3,16.6,8.2,81,97,63
1954-04-06,10.5,13.6,8.0,88,100,73
1954-04-07,10.6,12.9,8.9,81,93,66
1954-04-08,11.3,14.5,8.5,82,93,67
1954-04-09,12.3,16.1,8.0,77,99,53
1954-04-10,12.5,15.5,9.9,76,93,58
1954-04-11,11.4,13.8,9.8,70,91,46
1954-04-12,8.7,9.8,7.8,80,85,73
1954-04-13,8.9,14.3,2.5,63,98,28
1954-04-14,9.3,13.0,5.2,73,87,54
1954-04-15,10.1,13.9,4.9,79,100,60
1954-04-16,12.1,17.3,5.8,78,99,52
1954-04-17,12.0,15.8,8.3,79,92,65
1954-04-18,10.8,14.1,7.0,79,95,57
1954-04-19,10.7,14.9,6.4,75,94,54
1954-04-20,11.6,16.1,5.8,72,96,45
1954-04-21,12.2,15.9,8.0,75,91,56
1954-04-22,12.8,17.0,8.3,76,96,52
1954-04-23,12.2,16.7,8.8,72,88,51
1954-04-24,12.2,16.7,7.8,74,88,57
1954-04-25,13.0,18.0,6.4,74,100,44
1954-04-26,13.1,17.1,8.6,78,95,58
1954-04-27,13.9,18.7,8.8,78,100,53
1954-04-28,16.6,21.5,12.4,74,89,54
1954-04-29,17.3,22.3,11.9,79,95,61
1954-04-30,16.6,20.9,12.2,82,99,62
1954-05-01,16.6,22.1,10.9,81,100,55
1954-05-02,18.3,22.9,13.7,71,94,44
1954-05-03,18.4,23.0,12.6,65,85,43
1954-05-04,19.4,23.7,15.2,68,87,48
1954-05-05,17.5,22.1,13.4,78,95,54
1954-05-06,14.7,18.3,11.5,69,93,46
1954-05-07,14.7,18.0,11.4,68,91,50
1954-05-08,14.3,18.9,9.4,74,94,51
1954-05-09,15.5,19.3,11.9,72,91,53
1954-05-10,15.5,18.9,12.0,79,98,61
1954-05-11,15.0,17.4,11.3,82,98,68
1954-05-12,16.8,22.1,11.1,76,95,53
1954-05-13,17.8,22.9,11.4,67,92,36
1954-05-14,17.1,22.0,12.7,63,86,35
1954-05-15,15.6,20.2,10.5,66,89,41
1954-05-16,15.4,18.3,11.8,76,94,58
1954-05-17,16.3,21.0,10.7,73,92,50
1954-05-18,17.7,22.9,12.4,79,97,58
1954-05-19,18.2,22.3,14.3,79,97,58
1954-05-20,17.5,22.7,11.8,72,92,48
1954-05-21,18.4,22.3,14.5,59,83,36
1954-05-22,18.3,22.7,12.7,63,88,42
1954-05-23,19.1,22.7,15.1,70,88,52
1954-05-24,19.2,23.2,14.0,76,100,54
1954-05-25,20.6,25.2,15.4,72,97,47
1954-05-26,20.4,25.2,15.6,58,77,36
1954-05-27,20.4,24.6,14.8,69,91,47
1954-05-28,21.1,26.2,14.0,63,89,38
1954-05-29,21.5,27.1,15.6,62,84,39
1954-05-30,21.4,27.1,14.4,63,88,36
1954-05-31,22.0,26.5,17.1,69,94,46
1954-06-01,22.6,26.4,19.3,69,89,50
1954-06-02,22.8,27.2,18.3,69,91,46
1954-06-03,24.5,29.2,20.0,60,83,37
1954-06-04,24.0,28.3,19.6,65,89,43
1954-06-05,24.3,29.3,18.5,58,83,37
1954-06-06,23.8,28.1,19.0,52,68,36
1954-06-07,23.2,27.8,17.3,59,86,37
1954-06-08,24.8,29.4,19.3,54,79,31
1954-06-09,25.8,30.8,20.5,53,82,28
1954-06-10,23.5,27.3,19.7,67,83,50
1954-06-11,23.4,27.6,19.4,66,92,45
1954-06-12,25.4,30.6,21.1,58,75,37
1954-06-13,25.5,30.5,20.2,50,75,28
1954-06-14,24.5,29.3,19.7,61,84,38
1954-06-15,26.1,32.1,20.4,58,88,30
1954-06-16,27.5,33.7,21.6,54,81,28
1954-06-17,27.7,33.0,23.6,54,74,32
1954-06-18,25.0,29.8,21.0,70,85,49
1954-06-19,23.7,27.6,20.2,76,92,59
1954-06-20,22.5,25.7,19.6,77,95,61
1954-06-21,23.6,28.3,18.0,70,92,47
1954-06-22,25.2,29.3,20.4,65,86,47
1954-06-23,26.2,30.8,20.7,63,85,40
1954-06-24,26.7,31.9,21.5,64,85,42
1954-06-25,27.6,31.9,23.4,61,81,40
1954-06-26,26.8,31.5,21.2,62,88,39
1954-06-27,27.4,32.0,22.9,61,85,36
1954-06-28,27.5,32.0,23.8,63,82,43
1954-06-29,29.4,35.0,24.2,56,76,33
1954-06-30,30.1,35.6,24.1,53,76,33
1954-07-01,27.8,31.6,23.9,63,83,46
1954-07-02,27.7,32.3,23.4,62,82,40
1954-07-03,25.9,29.1,22.2,43,72,32
1954-07-04,24.8,29.4,19.8,38,52,25
1954-07-05,25.2,30.1,19.8,48,76,30
1954-07-06,26.6,32.7,21.5,56,82,27
1954-07-07,26.7,31.9,21.6,58,88,31
1954-07-08,27.1,31.6,22.3,55,79,34
1954-07-09,27.3,32.3,21.4,48,78,21
1954-07-10,26.0,29.1,21.3,58,80,45
1954-07-11,26.3,31.9,20.5,49,81,21
1954-07-12,27.5,32.9,20.4,44,70,21
1954-07-13,28.1,33.1,23.5,46,64,26
1954-07-14,28.0,32.8,23.2,50,74,28
1954-07-15,26.4,31.5,21.3,43,62,25
1954-07-16,25.7,29.7,20.9,46,72,33
1954-07-17,27.0,32.4,22.1,51,76,27
1954-07-18,25.8,28.9,22.5,62,80,47
1954-07-19,27.2,32.5,21.9,58,83,35
1954-07-20,29.1,34.7,23.7,48,75,27
1954-07-21,26.5,31.9,21.4,41,62,23
1954-07-22,25.7,29.5,22.4,58,81,39
1954-07-23,26.1,31.1,21.0,56,82,35
1954-07-24,28.5,34.6,22.8,49,75,27
1954-07-25,28.4,33.7,22.1,48,81,23
1954-07-26,26.7,30.5,23.8,59,76,40
1954-07-27,28.3,35.0,22.3,55,85,28
1954-07-28,29.7,36.1,24.2,51,76,25
1954-07-29,30.1,36.3,24.0,48,75,24
1954-07-30,30.5,36.5,24.6,46,76,25
1954-07-31,29.7,33.5,26.0,49,66,31
1954-08-01,28.4,33.8,23.5,46,73,25
1954-08-02,27.4,33.1,22.4,36,60,22
1954-08-03,28.1,33.4,23.5,50,76,25
1954-08-04,27.3,32.4,22.9,45,68,26
1954-08-05,26.8,31.3,23.2,52,68,35
1954-08-06,27.2,32.8,21.7,52,80,27
1954-08-07,28.0,34.4,21.4,46,75,20
1954-08-08,28.6,33.9,23.7,48,70,26
1954-08-09,28.5,34.4,22.5,47,77,22
1954-08-10,30.0,36.4,24.1,43,67,21
1954-08-11,31.1,37.7,24.6,44,73,20
1954-08-12,29.1,34.0,24.9,42,66,23
1954-08-13,27.3,30.1,24.6,61,78,45
1954-08-14,27.9,33.7,22.5,52,78,31
1954-08-15,28.5,33.8,23.8,50,71,30
1954-08-16,27.6,33.0,22.7,55,76,32
1954-08-17,26.8,30.7,23.2,56,81,34
1954-08-18,23.1,27.2,19.2,48,68,30
1954-08-19,23.9,28.7,18.8,40,56,29
1954-08-20,26.0,33.2,18.5,39,62,17
1954-08-21,26.8,33.8,19.5,51,83,22
1954-08-22,28.0,34.6,21.4,47,72,24
1954-08-23,28.8,35.5,22.5,43,67,22
1954-08-24,27.5,33.2,21.7,47,70,26
1954-08-25,27.0,32.5,20.6,47,84,17
1954-08-26,26.3,31.1,21.0,40,59,26
1954-08-27,26.6,32.4,20.7,49,78,24
1954-08-28,26.1,30.0,21.6,37,55,24
1954-08-29,24.1,28.9,19.3,42,65,25
1954-08-30,23.7,28.5,18.4,43,67,24
1954-08-31,24.2,30.2,18.1,43,68,20
1954-09-01,25.0,31.4,18.0,43,69,20
1954-09-02,25.2,31.2,19.1,46,73,22
1954-09-03,25.7,30.1,22.5,48,67,27
1954-09-04,24.2,28.3,20.6,58,76,37
1954-09-05,24.0,29.9,18.6,60,92,31
1954-09-06,24.8,30.9,19.3,58,89,27
1954-09-07,25.3,31.9,19.0,54,82,25
1954-09-08,26.3,32.3,21.2,52,77,25
1954-09-09,26.4,32.2,21.2,53,80,27
1954-09-10,26.5,33.0,21.4,54,81,27
1954-09-11,26.6,32.9,21.2,57,88,26
1954-09-12,26.0,29.7,22.1,58,77,38
1954-09-13,25.1,29.4,21.9,65,83,42
1954-09-14,25.0,30.2,20.9,63,87,38
1954-09-15,24.4,29.7,20.6,66,89,40
1954-09-16,24.7,30.7,19.0,60,88,33
1954-09-17,24.9,29.8,19.5,55,86,30
1954-09-18,25.2,31.8,18.5,52,82,23
1954-09-19,25.8,31.7,20.0,50,81,24
1954-09-20,25.7,31.8,19.7,52,80,26
1954-09-21,25.5,31.4,20.2,54,80,30
1954-09-22,25.7,31.8,20.6,54,77,28
1954-09-23,25.5,30.3,21.5,49,75,28
1954-09-24,17.4,20.8,13.7,61,87,49
1954-09-25,16.9,22.1,11.8,57,78,36
1954-09-26,18.0,23.1,12.4,70,95,44
1954-09-27,19.4,24.9,13.9,66,95,31
1954-09-28,20.0,25.2,14.4,73,95,49
1954-09-29,20.4,24.9,15.3,77,100,50
1954-09-30,19.7,26.3,15.6,70,100,44
1954-10-01,15.6,19.6,11.9,53,81,36
1954-10-02,18.5,24.7,11.8,52,93,25
1954-10-03,18.8,23.8,13.3,48,68,29
1954-10-04,16.7,19.0,14.9,55,76,45
1954-10-05,16.8,23.3,9.7,64,99,27
1954-10-06,17.6,22.5,12.3,61,95,32
1954-10-07,15.9,20.7,10.6,68,87,41
1954-10-08,18.3,23.3,13.4,73,95,47
1954-10-09,14.9,17.0,13.5,90,97,82
1954-10-10,15.7,18.4,13.9,85,96,69
1954-10-11,17.2,19.9,15.0,88,97,75
1954-10-12,18.2,22.1,14.8,86,98,69
1954-10-13,19.4,24.0,14.9,82,97,60
1954-10-14,18.1,21.0,16.1,83,94,65
1954-10-15,18.0,21.8,14.7,85,100,60
1954-10-16,18.2,21.2,15.5,85,100,63
1954-10-17,17.2,20.3,14.5,89,99,74
1954-10-18,16.9,21.5,12.8,69,98,44
1954-10-19,17.1,22.7,11.3,72,94,46
1954-10-20,17.7,22.7,11.4,77,100,53
1954-10-21,17.2,23.5,12.3,79,97,48
1954-10-22,17.4,22.3,12.6,81,100,53
1954-10-23,17.2,22.4,12.6,80,98,52
1954-10-24,17.3,23.1,12.0,78,99,50
1954-10-25,17.1,21.9,11.7,80,99,56
1954-10-26,16.7,21.0,13.2,86,100,60
1954-10-27,13.5,15.8,9.9,92,100,78
1954-10-28,10.6,11.3,9.6,80,88,68
1954-10-29,10.2,10.6,9.6,88,89,86
1954-10-30,12.9,16.9,10.2,78,91,63
1954-10-31,13.9,17.7,10.4,79,94,62
1954-11-01,13.1,17.7,8.4,85,100,65
1954-11-02,13.2,18.1,9.1,87,100,65
1954-11-03,13.6,17.7,10.6,88,100,65
1954-11-04,13.8,17.3,10.9,90,99,74
1954-11-05,14.1,16.6,11.6,90,95,85
1954-11-06,11.7,15.2,8.0,81,94,60
1954-11-07,11.3,15.7,7.7,80,95,63
1954-11-08,12.8,16.4,9.3,83,99,64
1954-11-09,12.6,17.2,7.9,86,100,66
1954-11-10,14.0,18.1,10.7,92,98,77
1954-11-11,16.6,18.7,15.2,94,97,88
1954-11-12,16.1,17.1,15.5,93,96,89
1954-11-13,15.4,16.5,14.2,92,95,85
1954-11-14,15.2,17.6,13.9,90,97,80
1954-11-15,14.6,17.2,12.5,92,99,78
1954-11-16,11.1,13.7,8.7,74,98,56
1954-11-17,8.6,9.4,8.0,82,92,62
1954-11-18,7.3,8.7,6.1,87,94,78
1954-11-19,6.9,10.4,3.9,73,81,63
1954-11-20,5.2,6.7,4.1,87,90,82
1954-11-21,4.3,7.2,2.2,74,88,59
1954-11-22,4.0,8.3,0.7,74,86,56
1954-11-23,3.5,8.6,-0.7,78,91,57
1954-11-24,3.6,9.2,-0.8,79,93,55
1954-11-25,4.9,9.7,0.7,83,94,65
1954-11-26,6.6,9.4,3.9,86,94,74
1954-11-27,7.9,9.3,6.6,95,97,90
1954-11-28,8.8,9.8,8.2,94,96,90
1954-11-29,8.7,9.4,8.1,92,95,89
1954-11-30,9.4,11.1,8.2,87,94,76
1954-12-01,10.5,12.9,9.3,87,93,75
1954-12-02,10.3,14.0,7.5,88,95,73
1954-12-03,9.5,11.2,6.8,92,97,88
1954-12-04,5.6,9.1,3.1,78,97,54
1954-12-05,4.8,9.2,1.9,79,90,62
1954-12-06,6.3,9.5,3.6,87,92,81
1954-12-07,5.2,9.5,1.4,73,88,50
1954-12-08,8.4,13.2,3.9,91,98,83
1954-12-09,7.3,12.2,3.3,90,99,72
1954-12-10,8.3,12.4,5.1,92,99,79
1954-12-11,10.0,13.7,6.9,91,97,79
1954-12-12,12.0,14.1,10.4,92,96,83
1954-12-13,12.8,15.2,11.3,89,95,78
1954-12-14,10.0,14.1,6.3,91,100,74
1954-12-15,10.2,12.3,7.9,95,98,91
1954-12-16,9.5,11.6,7.7,93,97,85
1954-12-17,9.2,11.6,7.0,80,97,57
1954-12-18,5.3,7.9,3.0,61,71,49
1954-12-19,3.2,4.8,2.3,89,94,66
1954-12-20,3.6,5.6,1.5,84,90,75
1954-12-21,5.4,8.4,3.6,88,95,75
1954-12-22,4.6,8.0,0.8,82,93,65
1954-12-23,5.9,9.1,4.1,83,94,64
1954-12-24,5.1,11.9,-0.4,82,99,66
1954-12-25,3.7,7.4,1.1,66,75,49
1954-12-26,2.3,6.5,-1.1,70,84,50
1954-12-27,1.6,5.7,-1.5,82,95,67
1954-12-28,3.2,8.6,-0.9,81,97,64
1954-12-29,5.2,10.0,1.1,82,91,71
1954-12-30,7.3,13.5,3.4,77,87,59
1954-12-31,4.6,6.8,2.8,93,98,85
1955-01-01,2.8,4.6,-0.3,88,98,77
1955-01-02,0.6,5.7,-3.3,84,91,65
1955-01-03,4.1,8.4,0.6,86,93,73
1955-01-04,6.6,9.7,3.4,88,96,81
1955-01-05,7.8,11.1,5.3,91,99,78
1955-01-06,7.4,11.4,4.1,90,97,77
1955-01-07,8.2,11.7,5.2,92,98,81
1955-01-08,10.6,13.4,8.0,92,97,84
1955-01-09,11.5,12.9,10.1,92,95,87
1955-01-10,9.3,11.0,5.8,86,96,70
1955-01-11,7.0,11.6,3.5,80,90,63
1955-01-12,7.0,12.2,3.0,83,98,61
1955-01-13,8.2,14.4,4.6,88,95,72
1955-01-14,7.7,12.2,4.1,94,100,83
1955-01-15,10.1,15.7,6.0,87,99,59
1955-01-16,7.3,10.2,3.4,73,85,62
1955-01-17,9.5,14.4,6.4,87,96,78
1955-01-18,10.1,15.2,5.8,85,99,64
1955-01-19,12.6,16.4,8.4,82,94,72
1955-01-20,7.0,7.8,6.5,77,92,69
1955-01-21,7.6,8.8,6.9,94,96,91
1955-01-22,6.3,7.4,4.9,88,93,80
1955-01-23,7.7,10.2,5.5,84,95,68
1955-01-24,7.2,8.2,6.3,85,94,76
1955-01-25,5.7,7.0,4.3,78,86,69
1955-01-26,6.5,10.5,2.0,85,100,68
1955-01-27,6.7,9.5,4.0,86,97,71
1955-01-28,7.3,9.6,4.7,83,98,69
1955-01-29,7.4,10.6,4.4,87,97,74
1955-01-30,8.2,11.3,4.8,88,100,75
1955-01-31,8.4,11.5,5.0,92,100,78
1955-02-01,9.5,11.8,7.9,89,96,77
1955-02-02,10.0,12.7,8.2,87,94,74
1955-02-03,8.8,13.0,5.0,90,100,70
1955-02-04,8.0,11.1,4.5,93,100,81
1955-02-05,9.7,13.4,7.9,89,96,69
1955-02-06,9.2,14.3,5.1,84,98,61
1955-02-07,9.6,15.0,4.7,84,99,62
1955-02-08,9.2,14.0,5.6,90,100,73
1955-02-09,8.6,13.0,4.3,79,95,52
1955-02-10,8.8,12.6,6.0,75,89,47
1955-02-11,9.2,15.0,5.6,78,96,50
1955-02-12,6.2,9.8,1.7,67,82,51
1955-02-13,7.2,9.7,4.9,82,94,74
1955-02-14,10.1,15.1,5.9,86,98,70
1955-02-15,5.9,11.6,1.7,63,87,41
1955-02-16,5.3,9.5,1.3,74,87,57
1955-02-17,9.8,15.7,5.5,83,94,69
1955-02-18,12.3,18.5,7.0,83,97,61
1955-02-19,12.1,17.9,6.6,82,99,59
1955-02-20,12.4,17.3,9.3,70,84,49
1955-02-21,9.9,13.6,6.6,64,90,37
1955-02-22,7.8,13.1,2.9,60,80,44
1955-02-23,9.7,13.7,6.5,71,89,53
1955-02-24,10.7,15.8,5.8,83,96,64
1955-02-25,12.8,18.0,8.9,78,93,53
1955-02-26,13.4,18.3,9.5,75,96,44
1955-02-27,12.1,17.1,6.4,65,91,43
1955-02-28,9.8,11.1,8.3,81,91,71
1955-03-01,9.3,11.9,8.2,82,92,67
1955-03-02,5.5,7.7,3.7,88,96,79
1955-03-03,2.4,3.4,1.5,83,93,69
1955-03-04,0.5,1.5,-0.7,81,92,68
1955-03-05,-1.2,2.9,-6.9,69,82,44
1955-03-06,-0.4,5.7,-8.6,82,100,58
1955-03-07,4.2,8.1,0.3,79,88,61
1955-03-08,6.2,8.7,4.2,87,97,82
1955-03-09,10.0,14.4,5.8,85,99,65
1955-03-10,9.3,13.4,6.2,86,96,71
1955-03-11,9.1,13.2,6.5,73,89,53
1955-03-12,8.6,12.5,5.2,77,92,60
1955-03-13,7.1,8.4,5.7,81,95,65
1955-03-14,6.9,9.9,4.5,78,93,57
1955-03-15,6.9,11.5,1.4,74,100,44
1955-03-16,6.7,10.0,3.9,77,95,54
1955-03-17,7.4,12.1,1.8,73,97,51
1955-03-18,8.5,13.8,3.0,76,94,56
1955-03-19,10.9,15.3,7.7,73,87,53
1955-03-20,9.8,15.1,4.8,82,96,58
1955-03-21,10.8,15.9,5.8,85,100,64
1955-03-22,12.0,17.3,5.8,84,100,63
1955-03-23,13.5,17.2,9.4,82,98,64
1955-03-24,12.9,18.9,6.7,75,94,48
1955-03-25,14.2,19.0,9.2,73,90,51
1955-03-26,16.7,23.4,9.0,66,82,45
1955-03-27,16.6,21.6,10.2,73,90,57
1955-03-28,16.6,21.5,12.5,79,89,59
1955-03-29,15.8,20.8,10.8,82,99,61
1955-03-30,16.5,21.3,12.8,80,96,58
1955-03-31,14.3,16.6,11.7,81,91,68
1955-04-01,14.6,20.4,9.0,83,100,61
1955-04-02,12.4,14.0,11.1,79,96,65
1955-04-03,11.1,14.1,9.1,81,90,67
1955-04-04,9.8,12.0,8.5,76,92,57
1955-04-05,9.8,14.6,4.8,66,89,45
1955-04-06,10.6,14.8,7.3,76,94,55
1955-04-07,9.1,13.6,5.0,82,99,57
1955-04-08,10.1,14.6,4.9,81,100,59
1955-04-09,11.8,17.1,5.5,79,100,55
1955-04-10,13.5,18.0,9.4,65,86,39
1955-04-11,11.9,14.2,8.7,83,95,67
1955-04-12,12.1,13.7,9.9,88,98,74
1955-04-13,11.8,13.1,10.6,85,94,73
1955-04-14,12.1,15.3,9.6,84,94,71
1955-04-15,10.0,11.0,9.0,88,95,79
1955-04-16,10.2,15.3,5.4,75,90,52
1955-04-17,12.1,16.2,8.7,74,95,50
1955-04-18,11.5,15.3,7.9,59,77,41
1955-04-19,9.0,12.1,6.3,56,90,41
1955-04-20,8.6,12.7,5.2,63,92,34
1955-04-21,9.6,15.2,3.2,56,75,35
1955-04-22,12.5,17.5,6.8,69,89,45
1955-04-23,12.1,17.1,6.1,76,100,49
1955-04-24,12.7,17.0,6.7,72,99,45
1955-04-25,13.6,17.0,9.4,76,97,55
1955-04-26,12.9,17.2,8.5,64,92,37
1955-04-27,12.4,15.4,9.4,75,90,59
1955-04-28,12.6,17.2,6.5,80,100,62
1955-04-29,13.8,17.4,9.3,79,94,63
1955-04-30,14.2,19.1,9.4,76,97,51
1955-05-01,16.2,21.7,11.0,69,90,43
1955-05-02,17.2,22.8,11.6,73,88,54
1955-05-03,18.9,23.9,14.2,75,92,55
1955-05-04,19.2,23.9,15.1,79,94,57
1955-05-05,19.8,23.7,15.9,79,98,58
1955-05-06,20.4,25.5,15.0,79,100,50
1955-05-07,20.4,24.7,15.2,79,100,58
1955-05-08,21.3,26.3,15.1,75,100,54
1955-05-09,17.9,19.7,15.4,77,87,66
1955-05-10,18.7,22.1,15.4,78,99,59
1955-05-11,19.0,22.9,15.8,73,89,56
1955-05-12,20.3,24.7,16.5,69,90,52
1955-05-13,19.6,24.1,15.2,80,96,62
1955-05-14,18.0,20.4,15.4,87,98,74
1955-05-15,18.8,23.0,13.9,84,100,64
1955-05-16,19.5,24.1,14.7,81,100,59
1955-05-17,19.2,24.2,14.2,76,95,52
1955-05-18,19.9,24.1,16.3,81,98,60
1955-05-19,21.3,26.0,15.9,77,99,54
1955-05-20,21.2,26.0,17.4,65,88,48
1955-05-21,20.0,22.7,16.3,73,88,58
1955-05-22,21.1,25.5,16.7,70,87,53
1955-05-23,17.8,21.1,14.0,44,66,28
1955-05-24,15.2,18.7,11.4,55,78,43
1955-05-25,17.0,21.6,12.4,70,91,53
1955-05-26,18.9,23.7,14.3,72,90,55
1955-05-27,21.3,26.5,15.2,73,95,53
1955-05-28,22.8,27.5,17.8,73,92,54
1955-05-29,23.9,28.4,18.5,67,93,40
1955-05-30,22.1,25.7,18.1,58,73,44
1955-05-31,19.9,21.9,18.2,68,85,53
1955-06-01,18.9,21.4,16.7,76,88,63
1955-06-02,19.4,23.2,15.5,82,99,64
1955-06-03,21.3,26.6,15.1,71,100,38
1955-06-04,21.8,26.3,16.6,67,89,42
1955-06-05,21.9,26.3,16.7,74,96,52
1955-06-06,21.5,24.7,17.9,74,99,55
1955-06-07,21.3,24.9,18.2,73,92,57
1955-06-08,22.7,27.4,17.6,72,97,52
1955-06-09,24.7,30.0,19.4,65,90,44
1955-06-10,26.6,32.7,21.0,60,86,36
1955-06-11,26.9,31.4,21.3,53,73,33
1955-06-12,24.6,28.7,21.0,58,84,37
1955-06-13,21.2,26.0,17.0,58,79,40
1955-06-14,21.5,24.8,17.7,70,93,53
1955-06-15,19.7,23.0,16.6,51,67,34
1955-06-16,19.9,24.8,15.8,55,70,41
1955-06-17,22.9,28.9,16.2,51,76,29
1955-06-18,24.4,29.9,18.4,55,80,33
1955-06-19,25.9,31.3,20.8,56,75,35
1955-06-20,24.7,28.2,21.4,66,79,55
1955-06-21,25.3,29.7,21.6,62,81,43
1955-06-22,27.7,34.3,21.5,54,80,27
1955-06-23,27.0,31.7,22.9,58,83,34
1955-06-24,23.5,27.5,20.8,67,93,51
1955-06-25,22.3,25.9,19.1,79,96,59
1955-06-26,24.0,28.4,18.9,69,92,43
1955-06-27,25.6,30.1,19.9,60,82,37
1955-06-28,27.0,31.9,21.4,58,81,37
1955-06-29,26.1,30.1,21.8,67,85,48
1955-06-30,23.2,28.5,19.1,73,95,47
1955-07-01,24.0,28.2,19.8,60,81,38
1955-07-02,25.6,30.6,19.9,47,68,28
1955-07-03,25.7,31.0,19.5,56,83,32
1955-07-04,25.6,29.7,21.7,63,84,41
1955-07-05,27.0,31.8,22.8,60,82,37
1955-07-06,25.2,29.4,21.9,70,88,48
1955-07-07,24.0,28.1,19.9,60,76,42
1955-07-08,23.4,27.9,19.0,53,73,33
1955-07-09,23.7,27.0,19.0,60,79,47
1955-07-10,24.5,29.2,19.5,59,86,31
1955-07-11,26.2,31.5,19.2,54,79,32
1955-07-12,27.4,32.2,23.3,58,75,35
1955-07-13,28.0,32.4,22.3,55,80,31
1955-07-14,24.6,27.6,21.7,76,90,63
1955-07-15,23.9,27.6,19.8,71,96,49
1955-07-16,25.5,29.7,21.5,57,82,33
1955-07-17,26.7,30.6,22.0,52,74,32
1955-07-18,26.5,30.8,20.4,53,82,33
1955-07-19,25.8,29.2,21.6,61,78,43
1955-07-20,26.8,31.9,21.9,60,88,35
1955-07-21,29.0,35.8,22.9,56,81,29
1955-07-22,30.5,35.7,25.6,51,73,29
1955-07-23,27.6,31.1,24.1,64,80,50
1955-07-24,25.1,29.9,22.1,68,86,43
1955-07-25,25.8,29.8,22.4,63,86,39
1955-07-26,26.4,31.3,21.9,65,92,38
1955-07-27,27.9,34.0,21.5,63,91,39
1955-07-28,29.2,34.6,24.1,49,72,32
1955-07-29,28.8,33.8,23.9,60,81,38
1955-07-30,25.8,28.6,22.7,46,60,31
1955-07-31,24.5,28.5,20.3,48,63,34
1955-08-01,25.5,30.5,20.7,52,71,34
1955-08-02,26.7,32.1,21.0,51,73,31
1955-08-03,26.6,31.3,22.4,63,81,42
1955-08-04,26.5,31.6,21.1,57,88,30
1955-08-05,27.2,32.6,21.8,50,70,30
1955-08-06,26.9,31.5,21.5,52,74,31
1955-08-07,25.9,29.8,21.9,47,75,26
1955-08-08,24.4,28.8,19.6,52,74,32
1955-08-09,24.9,29.3,20.1,65,92,38
1955-08-10,24.2,28.7,19.0,41,64,21
1955-08-11,23.2,27.6,17.9,46,70,28
1955-08-12,25.0,30.0,19.8,52,76,27
1955-08-13,26.0,31.5,20.6,55,84,28
1955-08-14,27.2,32.6,21.4,55,85,29
1955-08-15,26.9,31.5,21.7,56,77,33
1955-08-16,22.7,25.0,19.8,80,92,67
1955-08-17,21.2,23.9,19.0,79,94,61
1955-08-18,22.8,26.8,19.7,66,88,42
1955-08-19,22.9,27.0,18.1,62,79,41
1955-08-20,23.1,27.1,19.9,64,79,46
1955-08-21,23.1,27.5,18.3,68,89,47
1955-08-22,23.4,28.2,19.4,65,81,43
1955-08-23,23.8,29.7,18.7,63,86,37
1955-08-24,24.5,29.7,18.7,60,86,36
1955-08-25,25.5,29.6,21.5,56,79,37
1955-08-26,25.6,29.4,22.9,57,75,38
1955-08-27,24.7,29.2,19.8,60,82,38
1955-08-28,25.3,28.9,23.1,62,74,45
1955-08-29,24.3,27.5,21.5,68,86,49
1955-08-30,24.7,29.1,20.4,66,85,47
1955-08-31,23.8,27.2,21.0,76,93,59
1955-09-01,21.5,23.3,18.9,79,97,64
1955-09-02,22.0,26.2,18.5,76,95,55
1955-09-03,20.1,21.2,19.0,89,95,80
1955-09-04,21.6,26.0,18.0,80,96,58
1955-09-05,22.0,26.0,17.9,77,95,57
1955-09-06,22.2,26.3,18.0,73,91,51
1955-09-07,22.8,26.7,18.8,68,90,43
1955-09-08,23.6,27.9,19.5,63,87,37
1955-09-09,23.5,28.6,18.3,58,79,34
1955-09-10,23.3,27.7,19.5,61,80,38
1955-09-11,21.8,25.1,18.3,74,89,53
1955-09-12,21.6,25.2,18.6,76,93,54
1955-09-13,21.3,24.1,18.4,80,97,62
1955-09-14,22.0,25.2,19.0,79,95,63
1955-09-15,22.4,26.8,17.6,76,100,48
1955-09-16,23.8,27.0,20.9,69,83,52
1955-09-17,19.6,23.2,14.1,49,74,30
1955-09-18,18.9,23.7,14.6,47,64,33
1955-09-19,19.2,24.1,14.6,53,70,38
1955-09-20,19.6,24.7,14.7,57,76,39
1955-09-21,19.7,24.4,14.7,62,85,41
1955-09-22,19.9,23.5,17.0,69,82,52
1955-09-23,18.7,20.3,16.8,79,92,65
1955-09-24,18.3,23.8,13.0,75,100,46
1955-09-25,20.5,25.2,15.4,62,84,38
1955-09-26,19.7,24.1,14.2,69,95,43
1955-09-27,17.9,20.2,16.3,74,90,56
1955-09-28,17.2,19.8,14.4,79,89,68
1955-09-29,19.2,23.5,16.0,75,94,54
1955-09-30,18.2,22.2,14.5,64,76,47
1955-10-01,16.4,17.6,15.7,86,93,78
1955-10-02,15.4,16.0,14.7,87,89,82
1955-10-03,16.2,18.8,14.4,76,86,63
1955-10-04,17.8,21.5,14.0,74,87,59
1955-10-05,18.7,23.2,14.0,71,88,49
1955-10-06,18.2,22.9,11.8,73,98,51
1955-10-07,17.9,21.9,14.3,84,97,66
1955-10-08,18.4,21.5,16.7,88,96,71
1955-10-09,17.8,19.8,16.2,95,97,90
1955-10-10,18.2,21.9,15.7,89,97,71
1955-10-11,17.1,18.2,15.7,93,98,87
1955-10-12,17.1,19.8,15.4,92,98,75
1955-10-13,16.8,19.3,15.1,89,98,70
1955-10-14,16.1,17.0,15.2,89,97,77
1955-10-15,16.5,19.5,13.4,83,95,64
1955-10-16,16.3,19.8,12.3,86,100,65
1955-10-17,15.8,19.8,12.2,87,100,67
1955-10-18,16.6,19.6,14.4,90,97,77
1955-10-19,18.7,23.5,14.9,89,98,73
1955-10-20,18.9,23.3,14.4,84,100,62
1955-10-21,17.7,21.9,13.5,84,96,66
1955-10-22,18.7,22.4,16.2,88,99,70
1955-10-23,18.8,23.5,15.6,87,95,68
1955-10-24,17.6,21.0,14.5,90,100,75
1955-10-25,18.5,22.3,15.6,85,95,67
1955-10-26,14.6,16.7,12.1,65,82,50
1955-10-27,12.5,15.9,9.8,59,67,45
1955-10-28,12.9,17.1,9.2,68,82,48
1955-10-29,12.5,17.7,7.6,84,99,65
1955-10-30,14.1,17.6,10.4,84,96,67
1955-10-31,14.7,16.3,13.2,87,94,78
1955-11-01,16.1,19.1,14.3,88,96,81
1955-11-02,14.4,17.5,12.3,92,100,80
1955-11-03,13.9,15.0,13.2,86,94,79
1955-11-04,15.0,18.5,11.7,86,97,68
1955-11-05,14.4,17.7,11.1,84,96,70
1955-11-06,14.2,17.9,9.9,88,100,69
1955-11-07,13.4,16.0,10.9,92,100,78
1955-11-08,13.9,15.2,12.8,88,96,80
1955-11-09,13.9,14.6,13.1,85,93,77
1955-11-10,13.7,15.1,12.5,82,91,72
1955-11-11,12.7,15.1,10.7,78,94,60
1955-11-12,12.0,14.7,9.3,82,94,67
1955-11-13,11.4,14.4,8.0,88,99,74
1955-11-14,12.5,15.8,10.1,90,99,76
1955-11-15,12.2,15.2,9.8,93,100,78
1955-11-16,10.6,12.4,8.7,87,96,78
1955-11-17,9.4,11.2,8.1,82,85,76
1955-11-18,10.4,11.6,9.6,88,94,79
1955-11-19,10.6,13.3,8.5,82,97,61
1955-11-20,9.2,10.2,8.3,76,88,66
1955-11-21,9.4,12.7,6.4,73,84,64
1955-11-22,6.1,9.4,3.5,61,73,46
1955-11-23,6.1,10.2,2.4,64,75,50
1955-11-24,6.9,12.3,1.6,82,98,65
1955-11-25,8.3,13.1,5.1,85,93,74
1955-11-26,4.1,6.2,2.7,88,97,80
1955-11-27,1.6,3.6,-0.2,68,82,55
1955-11-28,0.9,5.6,-2.2,64,78,52
1955-11-29,2.2,8.0,-1.3,73,85,53
1955-11-30,2.8,8.7,-1.7,82,93,65
1955-12-01,3.7,7.2,0.7,79,96,54
1955-12-02,2.3,7.8,-1.8,74,96,51
1955-12-03,4.9,11.9,0.7,74,87,59
1955-12-04,5.6,11.4,1.8,83,91,69
1955-12-05,6.8,9.7,3.9,73,88,57
1955-12-06,4.8,8.1,2.6,69,81,52
1955-12-07,5.8,12.5,1.2,68,76,51
1955-12-08,6.9,13.0,2.7,71,83,57
1955-12-09,6.9,12.6,1.8,76,86,59
1955-12-10,7.0,10.9,2.5,76,91,57
1955-12-11,6.3,12.2,1.8,86,97,69
1955-12-12,7.4,12.2,3.7,83,93,68
1955-12-13,6.8,11.1,2.7,90,98,80
1955-12-14,6.8,8.8,4.9,84,95,71
1955-12-15,6.6,8.2,5.2,79,83,76
1955-12-16,9.6,14.0,6.0,91,98,84
1955-12-17,8.2,13.6,4.4,90,98,72
1955-12-18,10.1,16.9,5.2,87,98,68
1955-12-19,8.7,13.4,4.2,92,100,79
1955-12-20,9.6,13.0,6.8,95,100,85
1955-12-21,9.6,13.7,5.6,94,100,79
1955-12-22,9.1,13.1,4.9,92,100,72
1955-12-23,7.9,12.2,4.7,91,100,76
1955-12-24,8.0,11.5,4.8,86,97,71
1955-12-25,6.6,10.8,2.3,87,100,71
1955-12-26,6.6,7.7,5.7,82,94,72
1955-12-27,5.9,8.2,4.4,78,87,63
1955-12-28,5.1,8.3,2.9,68,79,52
1955-12-29,3.9,7.7,-0.4,68,83,52
1955-12-30,4.4,9.8,-0.6,81,96,64
1955-12-31,5.5,12.5,1.1,90,98,75
1956-01-01,7.7,13.3,3.4,95,100,83
1956-01-02,9.4,12.7,5.6,93,100,81
1956-01-03,6.3,10.9,3.3,88,100,68
1956-01-04,4.5,6.6,2.2,94,99,91
1956-01-05,3.6,6.0,0.9,75,95,54
1956-01-06,3.4,5.9,1.8,78,92,57
1956-01-07,3.4,5.7,1.2,77,87,61
1956-01-08,2.2,3.1,0.7,96,100,89
1956-01-09,1.0,4.1,-1.5,91,99,75
1956-01-10,0.5,4.7,-4.4,90,99,77
1956-01-11,3.0,7.3,-0.1,91,98,78
1956-01-12,2.4,8.5,-1.5,85,97,65
1956-01-13,2.5,8.6,-1.6,84,97,65
1956-01-14,2.7,8.2,-1.2,82,97,61
1956-01-15,3.5,9.5,-1.0,79,94,58
1956-01-16,4.3,10.2,0.1,86,98,65
1956-01-17,6.7,12.3,2.0,81,91,65
1956-01-18,6.7,11.3,2.4,89,99,80
1956-01-19,9.0,13.3,6.1,94,99,85
1956-01-20,9.4,15.0,4.4,91,100,74
1956-01-21,10.6,14.0,8.9,92,98,79
1956-01-22,8.6,12.4,6.2,94,100,77
1956-01-23,9.0,13.4,4.9,91,100,73
1956-01-24,7.7,11.9,3.4,90,100,74
1956-01-25,8.8,13.5,4.7,89,100,70
1956-01-26,5.7,7.6,3.9,69,98,47
1956-01-27,3.1,6.0,0.2,57,71,47
1956-01-28,2.8,4.7,1.4,83,95,74
1956-01-29,1.0,3.2,-0.8,54,80,36
1956-01-30,-1.2,1.6,-4.1,57,74,44
1956-01-31,-0.1,1.7,-1.5,69,89,60
1956-02-01,1.0,1.8,-0.4,93,96,88
1956-02-02,0.0,1.6,-2.4,93,98,87
1956-02-03,-2.6,-0.7,-5.5,86,92,77
1956-02-04,-5.7,-4.0,-7.9,73,84,66
1956-02-05,-5.0,-2.9,-7.2,78,85,66
1956-02-06,-8.1,-4.3,-12.2,76,85,61
1956-02-07,-8.1,-2.9,-13.8,77,89,65
1956-02-08,-5.8,-3.3,-7.8,69,75,58
1956-02-09,-8.5,-2.4,-15.3,74,87,58
1956-02-10,-2.4,0.8,-8.9,90,92,87
1956-02-11,2.0,4.2,0.1,92,95,91
1956-02-12,6.1,10.7,4.0,92,97,81
1956-02-13,7.9,10.8,4.0,83,92,74
1956-02-14,5.9,9.5,0.7,82,99,53
1956-02-15,6.8,10.8,3.9,72,91,42
1956-02-16,5.1,9.2,1.4,75,95,55
1956-02-17,2.2,7.2,-1.6,62,71,53
1956-02-18,4.7,6.7,3.0,88,99,70
1956-02-19,8.1,10.9,6.0,95,99,87
1956-02-20,8.2,11.4,5.3,85,100,60
1956-02-21,6.3,10.2,1.8,81,98,58
1956-02-22,5.1,7.3,4.0,90,94,83
1956-02-23,5.1,8.0,3.0,91,96,84
1956-02-24,5.7,10.1,1.3,88,99,70
1956-02-25,6.1,9.3,2.7,91,96,83
1956-02-26,6.4,7.5,5.2,89,96,81
1956-02-27,7.0,9.1,5.1,86,98,70
1956-02-28,7.0,9.5,5.3,82,91,68
1956-02-29,6.2,10.6,0.9,75,99,51
1956-03-01,6.1,10.9,1.8,66,83,45
1956-03-02,7.3,11.1,4.4,68,84,44
1956-03-03,9.7,15.5,5.4,68,83,47
1956-03-04,10.3,16.8,4.2,71,87,49
1956-03-05,10.1,15.3,4.7,83,99,65
1956-03-06,7.8,11.0,4.8,62,92,38
1956-03-07,4.8,9.0,0.8,54,72,39
1956-03-08,5.8,10.4,2.2,63,84,44
1956-03-09,1.7,3.1,-0.3,59,89,45
1956-03-10,0.5,2.7,-1.8,69,89,49
1956-03-11,0.5,4.8,-3.2,55,71,39
1956-03-12,1.3,2.7,-0.7,85,99,70
1956-03-13,2.1,3.6,0.5,95,98,90
1956-03-14,3.9,5.2,2.7,89,98,77
1956-03-15,4.0,7.4,1.2,72,80,56
1956-03-16,3.6,10.1,-2.7,75,96,53
1956-03-17,4.9,8.6,1.2,85,99,68
1956-03-18,5.2,6.5,3.8,80,86,74
1956-03-19,4.8,6.6,2.7,77,86,67
1956-03-20,5.0,6.7,3.5,82,93,75
1956-03-21,5.6,7.7,4.0,83,96,68
1956-03-22,5.8,7.5,4.6,79,86,73
1956-03-23,6.1,8.4,4.4,77,88,64
1956-03-24,5.7,8.5,2.9,69,84,52
1956-03-25,5.4,8.2,2.9,69,83,53
1956-03-26,5.7,8.5,2.9,78,91,66
1956-03-27,7.2,11.6,2.3,81,100,59
1956-03-28,6.2,8.1,4.7,74,82,68
1956-03-29,6.7,10.8,4.0,69,83,50
1956-03-30,7.8,13.4,2.1,64,87,45
1956-03-31,8.4,12.5,3.6,79,97,61
1956-04-01,9.8,15.3,3.2,81,99,60
1956-04-02,11.1,16.4,6.4,81,96,59
1956-04-03,12.1,17.3,8.0,69,89,41
1956-04-04,10.0,12.7,6.7,90,100,78
1956-04-05,10.6,14.9,4.6,86,100,65
1956-04-06,13.0,16.9,9.3,76,98,48
1956-04-07,11.5,15.7,7.5,64,93,31
1956-04-08,6.4,8.2,4.4,73,88,62
1956-04-09,6.3,10.6,2.6,55,68,35
1956-04-10,7.7,13.3,1.3,59,73,44
1956-04-11,11.3,17.4,5.4,66,82,45
1956-04-12,12.9,18.8,7.7,70,87,43
1956-04-13,13.6,18.8,8.3,74,91,54
1956-04-14,13.4,18.8,7.9,83,99,61
1956-04-15,14.1,19.2,8.8,81,97,60
1956-04-16,14.8,19.9,9.2,81,97,61
1956-04-17,15.1,20.6,9.9,83,100,61
1956-04-18,16.7,21.7,11.3,82,100,60
1956-04-19,19.3,24.6,14.7,70,90,43
1956-04-20,18.7,23.2,12.9,65,86,43
1956-04-21,16.9,21.5,12.8,64,87,43
1956-04-22,16.2,20.5,11.8,77,95,60
1956-04-23,18.0,23.7,12.2,72,92,46
1956-04-24,18.5,24.2,13.2,76,96,52
1956-04-25,18.2,22.5,14.2,63,91,42
1956-04-26,16.1,19.8,11.3,75,91,58
1956-04-27,15.1,19.1,10.9,76,92,60
1956-04-28,17.0,21.2,13.9,77,92,57
1956-04-29,15.8,19.7,11.0,81,95,59
1956-04-30,16.5,20.6,12.6,72,92,53
1956-05-01,15.8,19.5,10.6,57,79,39
1956-05-02,15.2,18.9,11.7,64,82,44
1956-05-03,13.9,17.8,10.3,65,83,50
1956-05-04,14.2,18.2,10.3,74,87,55
1956-05-05,15.0,20.4,8.9,76,99,52
1956-05-06,15.8,20.7,10.0,74,93,53
1956-05-07,17.4,23.5,10.6,69,98,39
1956-05-08,19.3,25.0,13.7,63,87,39
1956-05-09,20.4,26.7,13.7,65,85,41
1956-05-10,20.2,24.5,16.7,72,92,54
1956-05-11,18.6,23.2,14.3,80,100,56
1956-05-12,15.3,16.6,14.2,86,96,74
1956-05-13,17.3,21.4,13.4,65,81,47
1956-05-14,16.9,21.2,12.4,74,87,57
1956-05-15,15.0,15.9,13.5,88,95,83
1956-05-16,16.0,20.9,11.2,80,97,57
1956-05-17,17.4,21.9,12.0,76,99,51
1956-05-18,16.7,21.0,12.5,82,99,59
1956-05-19,18.1,22.9,12.8,80,100,59
1956-05-20,19.4,24.5,13.8,78,100,56
1956-05-21,21.6,25.7,18.1,72,85,54
1956-05-22,20.8,24.8,16.5,80,94,61
1956-05-23,20.2,23.8,17.3,78,94,59
1956-05-24,22.9,28.7,15.5,68,94,40
1956-05-25,19.4,22.3,17.1,84,94,70
1956-05-26,21.4,26.9,14.4,68,95,42
1956-05-27,19.8,22.1,17.3,76,90,65
1956-05-28,21.8,27.8,14.8,64,97,35
1956-05-29,22.0,26.5,18.4,65,89,44
1956-05-30,23.0,28.3,17.7,68,93,44
1956-05-31,20.4,23.0,17.5,75,92,63
1956-06-01,19.6,23.4,16.7,68,88,51
1956-06-02,19.3,23.6,15.0,75,96,55
1956-06-03,17.4,20.0,14.6,86,98,71
1956-06-04,19.0,22.6,16.3,79,95,56
1956-06-05,18.9,24.1,13.8,77,100,50
1956-06-06,22.1,26.8,17.7,68,84,48
1956-06-07,22.4,26.7,18.5,73,92,53
1956-06-08,21.4,25.2,17.9,78,98,59
1956-06-09,22.2,26.0,17.5,75,99,55
1956-06-10,23.0,27.6,16.9,51,86,29
1956-06-11,24.2,28.8,18.6,59,82,39
1956-06-12,25.2,29.5,19.6,63,87,46
1956-06-13,25.6,29.6,21.7,66,87,47
1956-06-14,25.9,30.9,21.7,68,90,47
1956-06-15,25.5,30.1,20.0,67,97,41
1956-06-16,25.6,29.7,22.1,63,81,45
1956-06-17,24.1,27.2,20.9,72,89,56
1956-06-18,23.1,25.8,20.7,76,89,65
1956-06-19,22.0,24.9,18.0,76,95,61
1956-06-20,21.9,26.0,17.1,66,95,39
1956-06-21,23.4,27.5,18.9,60,76,44
1956-06-22,21.8,25.6,18.4,69,89,47
1956-06-23,20.5,24.7,15.8,60,77,43
1956-06-24,20.5,23.3,17.0,67,87,53
1956-06-25,22.2,27.9,17.0,59,77,36
1956-06-26,24.7,29.4,20.0,57,81,34
1956-06-27,24.1,27.5,18.6,55,83,37
1956-06-28,22.9,27.6,17.8,51,71,33
1956-06-29,22.7,26.2,19.2,67,89,47
1956-06-30,23.2,28.4,16.9,65,97,38
1956-07-01,23.4,27.9,18.5,63,86,44
1956-07-02,23.8,27.4,20.2,64,87,44
1956-07-03,24.2,28.2,20.0,62,84,43
1956-07-04,24.7,29.4,19.5,59,89,33
1956-07-05,24.4,28.7,19.9,55,76,36
1956-07-06,24.8,29.5,19.7,51,69,33
1956-07-07,26.9,33.2,20.5,52,81,29
1956-07-08,27.9,33.0,22.4,45,68,26
1956-07-09,27.6,33.6,20.5,50,83,27
1956-07-10,26.5,31.4,21.2,59,81,37
1956-07-11,26.0,30.2,22.4,64,87,43
1956-07-12,26.2,30.7,22.2,62,82,43
1956-07-13,24.9,29.5,20.8,66,86,42
1956-07-14,25.2,29.0,21.4,69,88,50
1956-07-15,26.2,31.2,22.3,66,87,44
1956-07-16,28.0,34.1,21.1,57,86,28
1956-07-17,27.9,33.9,20.8,42,77,22
1956-07-18,26.6,31.0,22.6,43,81,24
1956-07-19,25.5,31.0,19.0,44,72,26
1956-07-20,25.4,30.6,20.0,61,87,39
1956-07-21,28.1,35.7,21.6,60,87,31
1956-07-22,31.3,39.1,23.1,48,83,20
1956-07-23,29.3,34.1,24.1,59,84,39
1956-07-24,27.6,31.3,24.4,63,85,43
1956-07-25,27.3,31.4,23.2,56,80,31
1956-07-26,25.8,29.2,22.0,34,48,21
1956-07-27,24.2,28.8,19.6,41,59,26
1956-07-28,25.3,30.5,19.9,53,83,30
1956-07-29,26.6,32.5,20.5,54,79,30
1956-07-30,27.4,33.3,21.6,59,89,32
1956-07-31,28.7,35.8,22.4,55,85,25
1956-08-01,28.9,35.0,23.6,56,84,31
1956-08-02,28.5,33.0,24.8,52,74,31
1956-08-03,28.6,33.9,24.0,48,69,27
1956-08-04,29.0,34.8,23.3,45,69,22
1956-08-05,28.1,32.4,23.0,56,75,40
1956-08-06,29.6,35.1,24.6,53,77,32
1956-08-07,29.8,34.6,23.8,51,79,31
1956-08-08,30.3,37.3,24.7,45,70,18
1956-08-09,29.1,35.0,23.9,49,68,27
1956-08-10,27.5,32.1,23.7,57,81,32
1956-08-11,26.8,31.5,23.4,56,79,33
1956-08-12,27.4,33.4,21.8,50,80,25
1956-08-13,27.5,32.6,22.2,43,72,19
1956-08-14,25.4,30.0,20.6,42,70,28
1956-08-15,25.0,29.8,19.8,61,88,40
1956-08-16,26.6,32.5,20.8,56,88,31
1956-08-17,26.3,31.2,21.5,60,87,34
1956-08-18,26.3,31.2,21.5,62,88,37
1956-08-19,28.1,35.3,21.7,58,87,26
1956-08-20,29.4,36.7,22.8,53,85,24
1956-08-21,29.6,34.5,24.9,52,75,34
1956-08-22,29.2,35.2,24.9,49,74,26
1956-08-23,28.1,32.9,24.0,52,73,34
1956-08-24,26.5,29.6,24.0,53,80,30
1956-08-25,24.8,29.7,20.1,50,76,31
1956-08-26,25.2,30.7,19.7,64,92,38
1956-08-27,26.9,32.9,21.4,61,85,35
1956-08-28,27.2,32.0,23.3,60,79,40
1956-08-29,27.5,32.5,23.8,57,77,35
1956-08-30,27.9,33.6,22.9,54,82,30
1956-08-31,29.3,36.7,22.9,51,77,24
1956-09-01,28.2,32.5,23.3,60,83,42
1956-09-02,28.3,33.6,24.8,56,78,35
1956-09-03,26.6,31.3,21.6,55,76,37
1956-09-04,25.6,30.0,22.7,56,70,37
1956-09-05,24.9,29.7,21.1,60,81,38
1956-09-06,25.3,30.8,21.1,62,86,35
1956-09-07,25.6,31.3,20.6,59,90,28
1956-09-08,26.0,32.1,21.0,58,87,27
1956-09-09,26.2,31.7,20.9,54,80,29
1956-09-10,27.5,33.9,21.7,48,74,22
1956-09-11,27.8,34.7,22.2,51,77,22
1956-09-12,27.6,32.6,22.5,46,73,26
1956-09-13,23.6,25.7,21.5,42,77,19
1956-09-14,19.9,22.8,17.0,34,47,25
1956-09-15,19.2,24.4,14.3,35,53,19
1956-09-16,18.7,23.9,13.1,50,72,31
1956-09-17,20.3,27.5,13.1,60,96,24
1956-09-18,21.5,29.0,13.2,59,97,22
1956-09-19,17.7,20.8,15.5,77,90,62
1956-09-20,17.0,21.4,12.9,70,100,36
1956-09-21,17.9,22.3,12.9,61,80,40
1956-09-22,18.7,24.2,12.8,67,95,38
1956-09-23,19.1,24.6,12.8,72,99,44
1956-09-24,19.4,23.0,16.7,64,87,39
1956-09-25,17.2,21.5,13.2,59,79,35
1956-09-26,17.4,21.9,12.7,59,81,35
1956-09-27,18.1,23.3,11.9,64,89,38
1956-09-28,19.5,24.4,15.0,69,93,46
1956-09-29,21.3,26.6,16.2,63,90,36
1956-09-30,22.3,28.3,16.9,56,82,29
1956-10-01,22.4,27.4,17.2,56,82,32
1956-10-02,22.2,27.6,16.9,56,81,31
1956-10-03,21.1,25.7,17.0,67,90,45
1956-10-04,20.3,26.3,14.6,77,100,46
1956-10-05,19.9,24.9,14.8,76,98,49
1956-10-06,20.3,25.5,15.4,75,98,45
1956-10-07,19.8,24.2,14.6,55,82,28
1956-10-08,15.0,16.2,13.8,81,91,71
1956-10-09,15.6,19.3,12.4,85,98,67
1956-10-10,13.0,17.6,9.9,55,70,37
1956-10-11,12.1,14.3,10.5,64,77,54
1956-10-12,11.4,15.1,8.3,57,85,34
1956-10-13,12.0,17.8,5.8,57,86,34
1956-10-14,15.0,22.0,9.3,53,75,27
1956-10-15,16.1,22.2,10.6,54,79,38
1956-10-16,15.0,20.6,9.6,78,99,50
1956-10-17,14.8,19.2,11.4,81,100,49
1956-10-18,14.0,16.1,12.1,79,92,63
1956-10-19,13.5,16.4,11.1,77,93,58
1956-10-20,13.8,18.7,9.1,78,97,53
1956-10-21,14.3,20.6,8.8,76,100,46
1956-10-22,15.6,21.5,9.1,69,98,43
1956-10-23,16.3,21.2,11.9,65,86,43
1956-10-24,15.4,21.2,9.5,73,98,45
1956-10-25,14.2,19.3,9.8,81,100,51
1956-10-26,14.2,18.9,10.3,84,100,58
1956-10-27,15.7,20.9,11.8,85,96,63
1956-10-28,16.9,22.0,13.4,82,99,55
1956-10-29,15.5,18.7,13.0,73,90,47
1956-10-30,14.1,18.5,11.3,75,95,41
1956-10-31,14.4,18.3,10.4,75,93,56
1956-11-01,13.0,17.3,8.5,84,100,62
1956-11-02,14.7,17.5,12.7,88,96,76
1956-11-03,15.2,18.4,12.5,81,96,72
1956-11-04,12.9,16.4,9.1,84,100,65
1956-11-05,10.9,12.8,9.1,74,94,55
1956-11-06,8.8,12.5,5.6,56,66,43
1956-11-07,9.4,14.3,4.8,58,78,44
1956-11-08,8.3,10.8,5.0,54,75,31
1956-11-09,4.5,7.7,1.7,50,74,29
1956-11-10,5.5,10.0,1.9,73,91,50
1956-11-11,7.1,8.4,5.1,85,92,81
1956-11-12,8.1,9.5,6.9,94,96,92
1956-11-13,11.6,15.3,9.0,87,96,71
1956-11-14,12.6,16.2,10.2,91,96,82
1956-11-15,14.0,17.4,11.5,91,98,75
1956-11-16,14.6,17.5,12.2,89,99,71
1956-11-17,12.9,17.7,8.1,77,94,55
1956-11-18,11.7,15.0,9.3,85,99,67
1956-11-19,10.1,12.5,7.0,93,100,84
1956-11-20,11.0,12.3,9.9,88,94,82
1956-11-21,8.6,10.5,7.0,80,87,74
1956-11-22,5.7,6.5,5.2,80,88,72
1956-11-23,7.4,9.7,5.6,81,89,74
1956-11-24,9.5,11.1,8.1,84,91,76
1956-11-25,7.9,9.4,5.4,90,97,77
1956-11-26,7.1,10.0,5.0,82,98,59
1956-11-27,7.0,12.0,3.5,73,85,56
1956-11-28,8.2,13.4,4.4,76,90,54
1956-11-29,10.7,15.9,6.1,88,97,73
1956-11-30,11.6,13.6,9.7,95,97,92
1956-12-01,13.0,16.5,11.3,94,99,86
1956-12-02,11.5,14.7,6.8,82,92,62
1956-12-03,9.1,13.6,5.5,85,100,63
1956-12-04,7.7,13.0,3.4,66,87,48
1956-12-05,8.2,14.1,3.8,68,77,56
1956-12-06,9.3,13.8,5.6,76,92,59
1956-12-07,8.5,11.2,5.9,60,88,39
1956-12-08,5.1,8.1,1.6,55,67,40
1956-12-09,3.2,5.7,1.0,53,65,37
1956-12-10,1.7,5.4,-1.5,62,78,42
1956-12-11,3.2,8.2,-0.4,65,85,44
1956-12-12,3.8,8.3,-0.4,71,87,55
1956-12-13,2.9,8.0,-1.1,78,97,55
1956-12-14,4.4,10.6,-0.7,75,95,55
1956-12-15,5.1,11.2,-0.9,76,97,56
1956-12-16,4.4,10.1,-0.3,82,99,60
1956-12-17,3.9,10.4,-0.9,83,98,61
1956-12-18,3.9,10.0,-0.7,85,98,63
1956-12-19,2.9,7.8,-0.7,90,99,72
1956-12-20,2.6,7.3,-1.1,87,99,69
1956-12-21,1.9,6.7,-1.6,82,99,59
1956-12-22,1.8,6.6,-1.3,89,96,73
1956-12-23,3.6,7.3,-0.4,90,96,78
1956-12-24,7.9,11.3,5.6,94,99,89
1956-12-25,5.2,9.2,2.4,89,100,69
1956-12-26,2.3,4.2,0.4,91,95,86
1956-12-27,2.9,4.6,1.9,81,93,65
1956-12-28,2.4,4.5,1.0,86,95,76
1956-12-29,2.2,5.1,-1.0,89,99,72
1956-12-30,2.1,7.3,-2.7,84,98,62
1956-12-31,4.0,7.5,1.7,85,93,68
1957-01-01,4.9,6.5,3.7,86,91,78
1957-01-02,5.9,7.7,4.9,84,90,77
1957-01-03,5.2,8.5,2.0,82,98,60
1957-01-04,3.3,7.6,-0.6,81,96,61
1957-01-05,1.7,6.2,-2.4,74,91,49
1957-01-06,2.2,7.0,-2.8,68,91,45
1957-01-07,5.1,10.3,0.9,68,80,60
1957-01-08,5.5,8.7,3.4,60,70,43
1957-01-09,3.6,8.1,-0.3,69,85,51
1957-01-10,3.9,9.4,-1.4,77,96,58
1957-01-11,4.3,10.1,-1.0,81,97,65
1957-01-12,2.9,3.7,2.3,85,95,76
1957-01-13,3.6,6.9,0.1,85,97,66
1957-01-14,5.8,9.1,2.5,87,93,75
1957-01-15,9.2,12.2,7.1,87,96,69
1957-01-16,5.6,10.1,0.5,83,94,66
1957-01-17,3.8,6.6,1.7,92,100,79
1957-01-18,0.7,2.3,-3.8,90,99,75
1957-01-19,-5.1,1.4,-10.8,75,87,57
1957-01-20,-4.3,2.3,-10.1,81,95,63
1957-01-21,-4.1,2.3,-11.3,83,99,65
1957-01-22,-1.4,7.0,-7.3,69,82,42
1957-01-23,0.5,6.3,-3.4,74,92,45
1957-01-24,5.0,9.7,1.8,93,99,84
1957-01-25,5.0,9.8,1.4,93,100,77
1957-01-26,4.7,10.3,0.3,88,98,71
1957-01-27,5.3,10.6,0.7,87,98,72
1957-01-28,4.9,10.0,-0.1,77,91,55
1957-01-29,5.4,8.7,3.6,81,94,59
1957-01-30,3.9,8.7,0.7,67,82,41
1957-01-31,3.5,8.6,-0.6,66,84,46
1957-02-01,3.6,7.4,0.3,78,93,55
1957-02-02,3.3,8.1,-0.6,82,93,62
1957-02-03,4.0,8.5,0.9,82,91,67
1957-02-04,5.2,12.0,-0.4,84,98,62
1957-02-05,5.0,10.1,0.4,87,99,69
1957-02-06,5.3,10.7,-0.1,85,99,68
1957-02-07,6.5,10.4,2.2,87,99,70
1957-02-08,7.1,13.3,0.5,81,100,56
1957-02-09,7.0,13.0,1.4,82,96,62
1957-02-10,9.0,15.4,3.7,72,84,50
1957-02-11,7.5,12.8,2.9,86,95,71
1957-02-12,8.6,13.1,4.5,69,96,46
1957-02-13,7.5,12.5,2.9,78,92,58
1957-02-14,6.9,12.1,2.1,88,100,70
1957-02-15,9.5,15.0,3.3,82,100,55
1957-02-16,11.5,17.8,6.2,80,92,59
1957-02-17,12.9,18.4,7.7,79,95,57
1957-02-18,12.3,17.3,7.1,77,93,58
1957-02-19,12.2,17.5,8.9,77,98,46
1957-02-20,9.6,15.1,4.4,67,83,47
1957-02-21,9.3,12.9,6.6,81,93,59
1957-02-22,9.6,14.4,5.4,71,98,43
1957-02-23,8.9,12.3,4.1,67,87,49
1957-02-24,7.1,10.6,2.9,83,100,63
1957-02-25,9.0,14.5,5.0,81,95,56
1957-02-26,9.4,15.5,4.2,83,99,59
1957-02-27,10.0,13.3,6.2,59,83,41
1957-02-28,6.5,8.6,3.6,83,95,66
1957-03-01,4.7,7.4,2.9,81,94,57
1957-03-02,2.9,6.2,-0.3,63,79,44
1957-03-03,1.8,5.1,-1.2,57,65,44
1957-03-04,1.9,5.3,-1.4,60,72,44
1957-03-05,3.1,7.8,-1.4,68,88,45
1957-03-06,6.3,12.4,-0.2,70,93,48
1957-03-07,7.5,13.6,0.3,79,98,58
1957-03-08,9.2,11.9,6.7,90,96,78
1957-03-09,8.3,9.8,7.1,89,98,78
1957-03-10,6.8,8.5,5.4,76,92,59
1957-03-11,5.4,7.6,3.5,75,92,58
1957-03-12,6.0,11.3,-0.1,66,90,40
1957-03-13,7.4,13.2,3.0,67,88,44
1957-03-14,9.9,17.3,3.0,62,79,38
1957-03-15,13.2,20.4,8.2,64,81,43
1957-03-16,13.4,20.2,6.2,61,82,35
1957-03-17,14.0,20.3,7.1,61,83,43
1957-03-18,11.8,17.9,6.3,80,100,54
1957-03-19,14.2,20.9,8.4,77,91,51
1957-03-20,13.9,21.3,8.0,81,100,54
1957-03-21,15.8,23.3,9.6,78,94,51
1957-03-22,16.3,22.9,10.6,70,88,40
1957-03-23,16.7,23.2,11.3,67,84,46
1957-03-24,16.4,21.4,11.5,73,88,54
1957-03-25,13.4,16.9,10.6,74,92,50
1957-03-26,8.1,10.0,6.5,68,77,54
1957-03-27,7.7,10.7,5.1,65,81,48
1957-03-28,8.0,11.2,5.3,67,81,53
1957-03-29,10.1,15.3,4.7,67,92,42
1957-03-30,12.3,17.8,7.8,64,81,41
1957-03-31,11.7,15.2,8.8,72,85,57
1957-04-01,12.1,16.0,9.2,74,89,53
1957-04-02,11.4,15.3,7.5,77,94,58
1957-04-03,11.2,15.9,6.4,80,100,56
1957-04-04,12.7,16.6,8.1,78,100,55
1957-04-05,14.1,18.7,9.6,70,94,43
1957-04-06,15.0,19.5,12.0,57,74,36
1957-04-07,14.3,17.7,11.4,62,79,47
1957-04-08,14.9,19.2,11.3,71,87,49
1957-04-09,14.9,18.1,10.8,78,96,61
1957-04-10,15.0,18.5,10.8,79,97,60
1957-04-11,15.0,19.9,10.7,78,97,57
1957-04-12,15.8,20.8,10.4,79,99,57
1957-04-13,16.5,21.5,12.0,60,79,37
1957-04-14,16.3,20.6,11.8,70,86,51
1957-04-15,14.7,19.4,10.9,79,95,59
1957-04-16,8.3,9.7,6.6,77,86,70
1957-04-17,8.9,12.8,6.5,71,86,49
1957-04-18,10.1,15.5,3.3,68,87,50
1957-04-19,11.6,16.6,5.4,72,98,46
1957-04-20,11.0,16.1,6.0,81,100,55
1957-04-21,12.0,17.0,6.9,81,100,55
1957-04-22,14.3,19.3,10.6,73,89,47
1957-04-23,15.0,19.7,10.7,72,92,48
1957-04-24,16.0,20.4,12.0,70,88,47
1957-04-25,16.9,21.5,12.8,67,86,43
1957-04-26,17.1,22.9,10.8,59,81,35
1957-04-27,17.3,22.4,11.8,62,80,44
1957-04-28,18.2,23.9,13.1,72,91,47
1957-04-29,19.7,25.5,13.5,70,99,41
1957-04-30,20.1,25.1,14.5,67,95,43
1957-05-01,19.5,23.6,15.8,72,88,52
1957-05-02,18.5,23.1,13.5,73,100,51
1957-05-03,17.9,21.9,14.2,77,98,54
1957-05-04,17.6,22.1,11.7,69,98,43
1957-05-05,17.9,22.2,13.5,53,72,29
1957-05-06,16.1,19.6,11.6,71,91,53
1957-05-07,16.3,20.1,12.2,76,97,54
1957-05-08,12.7,15.8,9.0,63,98,34
1957-05-09,13.8,19.1,8.9,46,71,24
1957-05-10,15.2,20.0,9.0,54,77,31
1957-05-11,15.4,19.9,10.9,73,91,48
1957-05-12,16.9,21.2,12.8,76,97,52
1957-05-13,17.8,22.0,13.9,78,96,55
1957-05-14,17.4,21.6,14.3,84,97,61
1957-05-15,17.8,23.9,12.5,76,93,46
1957-05-16,18.2,23.5,12.5,78,100,51
1957-05-17,19.0,24.1,13.2,75,100,50
1957-05-18,18.3,21.2,15.8,81,97,67
1957-05-19,17.2,19.9,14.3,76,98,47
1957-05-20,18.5,21.5,15.4,69,83,56
1957-05-21,18.7,21.9,15.5,77,93,60
1957-05-22,18.0,21.0,14.4,84,98,71
1957-05-23,17.5,21.1,14.3,81,95,63
1957-05-24,18.7,22.3,15.2,77,90,62
1957-05-25,19.9,23.5,16.9,79,95,61
1957-05-26,19.1,22.3,15.6,83,100,65
1957-05-27,19.1,21.7,16.8,77,91,63
1957-05-28,19.6,23.7,14.9,80,100,61
1957-05-29,21.3,26.2,16.1,76,95,56
1957-05-30,20.9,23.8,17.6,77,92,59
1957-05-31,19.2,21.4,17.6,82,92,68
1957-06-01,20.0,23.0,17.0,76,93,60
1957-06-02,21.6,26.6,15.9,61,90,36
1957-06-03,21.8,27.4,15.8,57,79,33
1957-06-04,21.8,26.6,16.4,62,92,38
1957-06-05,22.3,26.4,18.8,61,81,42
1957-06-06,23.1,28.5,17.1,60,87,31
1957-06-07,24.3,27.9,20.4,59,80,44
1957-06-08,23.8,27.6,20.9,67,83,51
1957-06-09,23.7,27.0,20.4,71,91,55
1957-06-10,25.7,31.1,19.3,62,88,42
1957-06-11,26.6,32.3,20.7,60,87,37
1957-06-12,27.6,32.6,23.2,54,77,30
1957-06-13,27.6,32.6,23.2,49,81,22
1957-06-14,26.3,32.1,20.5,55,79,28
1957-06-15,23.9,27.6,21.1,67,80,52
1957-06-16,22.3,25.7,19.1,72,95,49
1957-06-17,23.6,27.1,19.7,59,78,45
1957-06-18,23.9,28.1,20.3,61,75,48
1957-06-19,24.5,29.5,19.3,64,88,45
1957-06-20,26.3,32.1,20.5,60,82,38
1957-06-21,27.8,32.6,23.4,62,83,41
1957-06-22,27.8,32.5,24.1,62,86,38
1957-06-23,29.4,35.3,23.9,53,77,31
1957-06-24,31.0,36.9,25.0,51,80,28
1957-06-25,30.9,36.6,25.9,55,78,33
1957-06-26,30.5,35.7,26.3,54,77,31
1957-06-27,21.7,27.4,16.8,67,87,53
1957-06-28,18.6,20.8,16.5,77,87,71
1957-06-29,18.6,20.2,17.2,82,87,75
1957-06-30,21.5,26.6,17.6,72,91,47
1957-07-01,23.3,27.8,18.2,68,90,47
1957-07-02,24.9,30.3,19.5,67,85,44
1957-07-03,23.4,26.2,19.7,71,91,56
1957-07-04,24.8,29.0,20.2,73,91,56
1957-07-05,25.4,28.5,21.5,77,96,60
1957-07-06,26.5,30.5,22.5,71,87,55
1957-07-07,28.0,33.2,21.9,66,91,42
1957-07-08,29.1,33.7,24.0,62,83,44
1957-07-09,28.3,31.2,25.5,61,76,45
1957-07-10,27.7,31.9,23.8,61,82,45
1957-07-11,26.8,30.6,23.3,71,92,50
1957-07-12,27.1,31.1,23.6,58,85,32
1957-07-13,26.0,30.4,21.7,49,62,31
1957-07-14,25.8,30.5,21.4,57,72,35
1957-07-15,27.2,32.1,21.9,57,79,35
1957-07-16,27.7,32.9,23.1,60,79,37
1957-07-17,27.8,33.0,23.1,52,84,27
1957-07-18,26.1,30.5,22.5,60,80,33
1957-07-19,24.7,27.1,21.8,70,89,56
1957-07-20,25.6,29.4,22.6,61,81,42
1957-07-21,26.8,32.5,20.9,53,82,25
1957-07-22,27.2,31.9,22.1,49,73,26
1957-07-23,26.0,29.0,21.3,55,74,38
1957-07-24,24.9,29.0,19.7,56,90,30
1957-07-25,25.1,30.3,19.9,45,64,26
1957-07-26,25.4,30.9,19.5,51,80,27
1957-07-27,26.4,32.1,20.3,56,86,29
1957-07-28,26.9,32.1,21.9,54,80,31
1957-07-29,27.9,33.2,22.7,50,75,29
1957-07-30,28.2,33.9,22.9,51,77,26
1957-07-31,27.7,32.4,21.6,54,81,34
1957-08-01,26.7,31.2,22.1,61,84,43
1957-08-02,28.0,33.2,22.3,56,85,30
1957-08-03,27.6,32.9,23.9,55,73,33
1957-08-04,26.3,30.7,22.7,57,74,38
1957-08-05,26.2,31.2,21.5,47,69,23
1957-08-06,26.2,31.1,21.1,49,76,23
1957-08-07,25.3,29.8,20.8,54,81,31
1957-08-08,25.6,31.3,20.3,60,86,35
1957-08-09,28.0,34.3,22.8,59,86,32
1957-08-10,28.4,34.1,23.6,56,81,33
1957-08-11,29.8,36.6,23.2,50,78,24
1957-08-12,30.8,38.1,24.4,51,82,22
1957-08-13,31.1,38.2,24.5,49,79,23
1957-08-14,31.7,39.5,25.2,38,61,17
1957-08-15,29.5,34.5,23.7,53,79,32
1957-08-16,29.7,35.8,24.4,52,78,26
1957-08-17,31.1,37.6,25.1,42,66,16
1957-08-18,29.1,34.1,24.6,41,58,27
1957-08-19,27.9,31.9,24.5,58,76,41
1957-08-20,27.5,32.0,24.2,58,79,35
1957-08-21,27.3,32.1,23.4,58,81,31
1957-08-22,25.7,29.4,21.4,58,88,36
1957-08-23,24.7,29.3,20.6,41,63,19
1957-08-24,23.5,28.6,17.7,57,85,40
1957-08-25,24.1,29.2,19.2,68,96,40
1957-08-26,24.9,29.3,20.7,64,90,39
1957-08-27,25.8,31.3,20.0,56,91,26
1957-08-28,24.2,26.7,21.2,72,88,58
1957-08-29,24.6,29.1,20.8,69,91,44
1957-08-30,23.2,26.0,20.4,61,90,47
1957-08-31,22.7,26.6,19.9,67,91,45
1957-09-01,22.9,27.6,19.4,66,84,46
1957-09-02,23.0,26.7,19.1,69,90,47
1957-09-03,24.1,28.0,21.0,62,84,43
1957-09-04,21.4,24.4,19.2,81,95,66
1957-09-05,20.3,23.4,18.5,86,95,66
1957-09-06,20.8,25.0,18.2,81,94,58
1957-09-07,21.7,25.8,18.4,72,92,50
1957-09-08,22.0,26.2,19.0,73,86,54
1957-09-09,22.4,27.0,17.6,69,92,42
1957-09-10,22.2,25.8,18.3,71,91,51
1957-09-11,22.5,27.0,17.0,74,98,51
1957-09-12,23.3,27.6,17.9,75,99,52
1957-09-13,23.4,27.9,18.9,77,98,53
1957-09-14,24.1,28.9,19.4,75,98,48
1957-09-15,25.0,29.6,21.1,76,93,56
1957-09-16,23.5,28.3,20.2,67,95,35
1957-09-17,18.7,22.7,15.4,49,64,31
1957-09-18,17.9,22.8,12.9,54,75,32
1957-09-19,19.4,24.7,12.5,60,95,35
1957-09-20,20.2,25.2,14.2,67,95,44
1957-09-21,21.5,27.0,15.6,68,93,43
1957-09-22,21.5,25.7,16.1,72,98,47
1957-09-23,21.4,25.8,17.5,75,91,54
1957-09-24,21.6,27.3,16.3,77,100,45
1957-09-25,22.1,27.4,16.7,76,99,48
1957-09-26,21.5,25.3,18.1,83,98,63
1957-09-27,22.2,25.7,19.2,76,93,56
1957-09-28,19.7,23.7,16.0,62,75,43
1957-09-29,18.3,23.4,13.5,54,75,28
1957-09-30,18.9,23.2,14.2,77,96,56
1957-10-01,20.0,24.4,16.1,79,93,57
1957-10-02,21.2,25.0,18.4,78,95,55
1957-10-03,20.9,23.3,19.0,82,93,68
1957-10-04,20.8,23.0,19.0,85,94,74
1957-10-05,15.5,19.5,13.8,78,88,74
1957-10-06,16.0,18.1,14.5,82,91,71
1957-10-07,17.8,21.2,14.3,81,96,66
1957-10-08,19.1,23.9,14.0,80,99,56
1957-10-09,17.2,18.8,16.0,78,88,70
1957-10-10,16.5,18.6,15.1,68,81,57
1957-10-11,15.6,19.9,11.7,72,92,48
1957-10-12,16.2,20.6,12.9,69,83,48
1957-10-13,16.4,20.5,12.4,78,97,54
1957-10-14,17.0,20.6,14.1,78,96,55
1957-10-15,15.7,20.5,11.5,82,100,54
1957-10-16,16.1,19.6,12.0,80,100,55
1957-10-17,16.6,20.2,13.3,68,92,43
1957-10-18,16.0,21.0,11.0,69,95,41
1957-10-19,16.6,21.9,9.5,69,100,40
1957-10-20,16.7,22.4,9.9,66,96,39
1957-10-21,17.1,23.1,11.9,67,90,39
1957-10-22,15.9,20.7,11.0,82,98,63
1957-10-23,17.6,21.1,15.2,88,95,73
1957-10-24,18.4,21.7,16.2,87,97,67
1957-10-25,17.8,20.4,16.3,84,97,67
1957-10-26,16.0,18.1,13.8,84,92,76
1957-10-27,15.8,17.6,14.3,82,95,66
1957-10-28,15.2,18.4,12.7,85,95,63
1957-10-29,16.2,18.8,14.0,89,96,75
1957-10-30,15.7,16.5,14.9,91,96,86
1957-10-31,16.5,18.7,15.0,88,97,74
1957-11-01,15.4,18.7,12.6,91,100,78
1957-11-02,16.1,18.6,13.9,87,98,73
1957-11-03,16.1,18.4,14.3,89,96,82
1957-11-04,14.9,15.6,13.9,94,98,87
1957-11-05,14.9,16.8,13.8,87,93,76
1957-11-06,14.9,17.4,13.2,87,96,71
1957-11-07,15.0,16.9,13.6,87,95,76
1957-11-08,15.2,17.3,13.3,86,94,74
1957-11-09,15.2,17.8,12.2,85,100,63
1957-11-10,14.7,18.9,9.6,83,99,66
1957-11-11,17.0,19.0,14.3,83,95,52
1957-11-12,11.6,13.4,9.9,94,99,88
1957-11-13,12.2,16.5,8.2,83,96,60
1957-11-14,11.5,13.8,9.8,84,96,64
1957-11-15,10.8,13.9,7.7,81,95,61
1957-11-16,9.8,12.4,6.4,85,99,71
1957-11-17,8.2,11.6,5.0,86,100,68
1957-11-18,8.4,11.3,6.0,86,99,66
1957-11-19,9.4,12.4,6.9,79,94,57
1957-11-20,9.0,11.0,7.3,76,90,57
1957-11-21,8.2,10.9,6.5,73,86,51
1957-11-22,6.8,10.2,3.3,76,95,54
1957-11-23,7.4,10.9,4.7,77,89,58
1957-11-24,8.4,13.2,4.8,79,92,61
1957-11-25,8.7,11.4,6.7,71,86,57
1957-11-26,7.4,12.4,3.1,74,95,46
1957-11-27,6.6,12.1,2.1,79,97,58
1957-11-28,7.4,12.2,4.1,77,87,58
1957-11-29,7.6,12.7,3.3,72,88,52
1957-11-30,5.7,8.1,0.8,57,81,38
1957-12-01,-2.1,-0.0,-3.0,61,68,54
1957-12-02,-3.4,-1.0,-6.8,62,69,51
1957-12-03,-3.5,-0.4,-6.2,63,70,57
1957-12-04,-2.6,-1.4,-5.8,75,84,70
1957-12-05,-2.1,-1.4,-3.2,74,84,65
1957-12-06,-1.1,3.5,-4.5,75,80,69
1957-12-07,-0.4,3.6,-6.4,77,89,66
1957-12-08,-2.2,2.5,-7.5,81,93,65
1957-12-09,-0.3,5.3,-6.1,89,93,84
1957-12-10,3.5,7.4,-0.2,94,98,90
1957-12-11,5.9,9.8,1.4,94,100,83
1957-12-12,9.3,13.3,6.9,96,99,88
1957-12-13,11.3,15.9,8.0,94,99,82
1957-12-14,13.6,17.3,10.0,84,92,72
1957-12-15,12.3,16.5,7.7,90,99,76
1957-12-16,11.2,15.0,7.9,93,100,79
1957-12-17,9.9,10.7,8.5,88,95,84
1957-12-18,8.9,12.4,6.2,85,97,68
1957-12-19,5.1,5.9,4.2,70,80,66
1957-12-20,4.2,7.1,1.0,76,95,55
1957-12-21,3.2,7.4,-0.9,68,86,46
1957-12-22,2.8,6.6,-0.8,71,87,50
1957-12-23,2.9,6.1,0.4,77,88,61
1957-12-24,2.9,7.6,-0.4,85,94,72
1957-12-25,2.7,7.8,-0.7,88,98,67
1957-12-26,2.3,8.4,-1.1,87,98,63
1957-12-27,2.8,8.9,-1.4,84,98,62
1957-12-28,3.1,8.6,-1.0,88,98,66
1957-12-29,6.1,8.7,3.9,92,97,88
1957-12-30,8.6,11.2,6.5,95,98,90
1957-12-31,9.1,11.8,7.0,96,98,90
1958-01-01,6.8,8.7,3.6,79,92,67
1958-01-02,7.8,11.1,5.3,85,95,69
1958-01-03,5.3,10.5,1.2,86,100,65
1958-01-04,3.7,7.4,1.0,73,89,57
1958-01-05,1.8,4.2,-1.0,73,79,60
1958-01-06,2.5,4.2,1.3,82,87,77
1958-01-07,5.2,11.1,0.3,90,97,77
1958-01-08,7.1,9.3,5.2,78,98,52
1958-01-09,2.4,5.2,0.6,51,65,40
1958-01-10,1.0,5.8,-2.0,72,88,55
1958-01-11,3.9,9.1,-0.5,86,97,75
1958-01-12,9.0,12.2,5.8,93,98,84
1958-01-13,10.8,14.3,7.2,94,99,84
1958-01-14,8.9,11.1,6.6,94,97,87
1958-01-15,6.6,9.2,4.0,87,100,72
1958-01-16,5.6,10.3,1.7,77,88,56
1958-01-17,5.2,8.7,1.5,74,90,58
1958-01-18,5.1,8.9,1.7,86,97,71
1958-01-19,6.3,8.1,5.0,91,96,81
1958-01-20,6.1,10.5,1.5,87,99,69
1958-01-21,6.0,12.3,0.9,88,99,72
1958-01-22,5.9,11.1,1.4,91,100,72
1958-01-23,8.5,11.7,6.7,92,98,79
1958-01-24,7.3,11.8,3.1,79,93,58
1958-01-25,4.9,7.5,2.0,68,92,43
1958-01-26,1.4,4.5,-0.6,52,58,43
1958-01-27,1.3,4.9,-1.0,55,62,45
1958-01-28,1.5,5.8,-1.5,58,68,49
1958-01-29,2.0,6.6,-0.9,65,72,50
1958-01-30,4.4,11.5,-0.6,60,83,36
1958-01-31,5.0,9.2,1.1,84,94,71
1958-02-01,5.1,10.6,-0.1,76,99,49
1958-02-02,4.5,10.2,-1.2,76,95,52
1958-02-03,6.3,11.9,2.2,73,84,52
1958-02-04,5.4,8.6,2.5,57,83,35
1958-02-05,3.8,9.2,-0.2,63,83,45
1958-02-06,5.8,12.6,0.6,73,84,53
1958-02-07,8.4,13.1,4.0,83,98,65
1958-02-08,8.4,14.1,3.8,80,95,58
1958-02-09,8.7,14.5,3.5,80,96,62
1958-02-10,8.0,13.4,2.6,89,100,72
1958-02-11,8.2,12.7,4.4,91,100,73
1958-02-12,7.9,13.9,3.2,89,100,69
1958-02-13,8.9,15.1,2.8,86,100,67
1958-02-14,10.0,17.4,3.3,84,100,59
1958-02-15,10.7,17.9,4.7,84,100,59
1958-02-16,12.0,19.4,6.2,75,89,47
1958-02-17,11.7,18.1,7.0,73,86,50
1958-02-18,11.4,17.1,6.1,83,99,62
1958-02-19,12.6,15.1,10.0,85,91,78
1958-02-20,9.7,13.6,4.9,71,92,48
1958-02-21,4.9,9.5,0.8,54,72,40
1958-02-22,7.0,10.8,3.5,70,90,51
1958-02-23,5.9,7.3,2.5,66,99,36
1958-02-24,4.6,10.0,0.6,65,90,46
1958-02-25,7.2,14.2,1.5,79,92,60
1958-02-26,8.5,13.7,4.2,89,99,74
1958-02-27,10.9,15.7,7.2,92,98,78
1958-02-28,12.6,15.1,9.9,89,99,77
1958-03-01,11.7,14.5,7.8,79,96,51
1958-03-02,7.7,12.3,3.6,75,97,51
1958-03-03,7.7,12.4,3.1,66,81,48
1958-03-04,6.7,10.2,4.4,59,85,40
1958-03-05,4.3,7.5,1.7,62,81,55
1958-03-06,6.0,10.3,2.5,76,93,53
1958-03-07,7.2,11.5,1.6,78,100,58
1958-03-08,8.8,13.9,3.8,79,97,57
1958-03-09,10.3,15.2,6.0,78,93,48
1958-03-10,10.5,13.4,7.6,68,95,38
1958-03-11,9.8,13.6,5.0,63,88,42
1958-03-12,11.2,14.9,7.6,64,93,33
1958-03-13,5.8,8.3,3.6,49,72,31
1958-03-14,6.9,10.8,3.0,61,89,46
1958-03-15,6.4,10.3,2.7,75,98,46
1958-03-16,4.7,7.1,3.3,80,95,58
1958-03-17,5.2,9.6,0.2,86,99,66
1958-03-18,7.7,10.5,5.6,91,96,82
1958-03-19,9.5,12.8,7.6,88,94,76
1958-03-20,7.9,9.8,4.5,88,100,76
1958-03-21,9.1,11.6,6.8,85,95,69
1958-03-22,9.0,12.2,3.9,83,96,69
1958-03-23,5.4,10.0,1.9,60,72,46
1958-03-24,5.3,7.2,3.7,82,94,73
1958-03-25,6.8,11.7,3.6,76,95,45
1958-03-26,6.2,8.3,3.7,80,92,65
1958-03-27,8.6,12.3,5.3,85,95,73
1958-03-28,10.9,16.3,5.5,85,99,65
1958-03-29,11.9,18.1,5.9,84,99,59
1958-03-30,11.8,15.1,8.0,91,100,76
1958-03-31,13.4,16.9,11.5,92,99,79
1958-04-01,12.4,17.0,7.9,78,100,53
1958-04-02,11.1,16.1,5.6,68,89,49
1958-04-03,12.8,17.8,6.9,74,100,44
1958-04-04,12.6,17.0,8.1,78,92,58
1958-04-05,12.7,17.5,8.5,86,99,68
1958-04-06,14.3,18.7,10.4,84,98,65
1958-04-07,12.8,17.7,6.7,71,95,43
1958-04-08,11.9,16.0,8.9,71,86,49
1958-04-09,10.5,14.5,6.2,61,81,39
1958-04-10,9.5,12.5,5.5,76,92,56
1958-04-11,9.4,14.3,4.2,63,94,32
1958-04-12,10.2,13.5,5.8,72,90,52
1958-04-13,10.8,13.9,8.2,76,91,54
1958-04-14,11.9,15.9,7.9,81,92,67
1958-04-15,12.6,14.6,11.2,87,94,78
1958-04-16,13.7,19.0,8.6,75,100,44
1958-04-17,14.0,18.2,9.5,65,79,48
1958-04-18,13.4,16.4,10.7,75,89,53
1958-04-19,12.2,15.7,9.0,67,88,49
1958-04-20,11.7,16.1,8.2,68,89,44
1958-04-21,13.4,19.5,7.4,63,84,40
1958-04-22,15.2,20.1,10.6,69,87,47
1958-04-23,14.9,21.0,8.8,75,97,44
1958-04-24,15.9,20.4,12.0,81,97,56
1958-04-25,15.0,19.6,11.0,73,96,44
1958-04-26,13.4,15.7,11.9,76,85,60
1958-04-27,13.9,17.0,11.2,75,91,58
1958-04-28,14.8,19.1,9.4,80,100,58
1958-04-29,13.2,16.2,10.4,86,100,69
1958-04-30,11.8,15.6,8.4,82,94,66
1958-05-01,14.2,18.4,10.6,78,94,58
1958-05-02,14.7,20.2,8.4,69,90,45
1958-05-03,14.9,19.7,10.5,77,97,52
1958-05-04,16.2,20.7,11.3,75,97,53
1958-05-05,17.6,23.0,10.3,66,92,38
1958-05-06,16.5,20.9,12.3,80,98,58
1958-05-07,17.4,21.5,11.8,83,100,64
1958-05-08,19.4,25.0,12.0,67,93,39
1958-05-09,20.5,26.8,14.0,68,89,45
1958-05-10,21.4,27.4,16.5,73,91,52
1958-05-11,22.5,28.1,17.6,71,90,51
1958-05-12,24.0,29.2,19.0,67,87,44
1958-05-13,24.7,29.7,19.8,66,86,46
1958-05-14,25.6,30.8,19.8,66,86,44
1958-05-15,24.6,27.7,21.3,71,90,54
1958-05-16,23.2,27.4,19.4,69,90,47
1958-05-17,22.2,27.5,16.8,67,95,39
1958-05-18,22.0,27.3,16.7,71,90,49
1958-05-19,21.5,26.7,17.7,75,94,48
1958-05-20,20.1,24.8,15.5,76,96,49
1958-05-21,18.4,21.5,16.4,83,96,63
1958-05-22,18.1,20.8,15.2,83,94,71
1958-05-23,19.1,22.5,15.3,82,100,65
1958-05-24,20.9,25.8,14.9,71,99,44
1958-05-25,22.4,27.9,16.1,67,88,44
1958-05-26,23.3,29.3,16.6,65,89,39
1958-05-27,24.5,30.4,18.4,64,83,41
1958-05-28,23.8,27.7,20.2,71,87,50
1958-05-29,23.2,27.5,20.0,72,88,51
1958-05-30,24.7,30.1,19.1,65,89,37
1958-05-31,25.9,30.5,21.4,65,87,40
1958-06-01,26.3,31.4,19.8,59,88,35
1958-06-02,25.7,30.0,20.4,59,81,36
1958-06-03,25.2,30.5,18.8,52,84,27
1958-06-04,25.6,30.6,20.0,54,78,35
1958-06-05,25.5,30.2,21.7,61,77,40
1958-06-06,22.6,25.9,19.6,55,79,33
1958-06-07,22.4,27.4,17.2,45,69,28
1958-06-08,19.0,21.9,15.6,77,93,59
1958-06-09,21.8,28.3,16.5,61,92,23
1958-06-10,23.2,27.8,17.5,62,88,41
1958-06-11,24.0,29.3,18.2,65,92,36
1958-06-12,25.1,29.7,20.8,60,87,34
1958-06-13,24.5,29.1,20.2,67,87,45
1958-06-14,23.2,28.2,18.4,55,78,30
1958-06-15,19.1,21.9,17.0,73,93,58
1958-06-16,19.2,23.1,15.0,65,94,37
1958-06-17,20.7,24.6,16.5,53,79,32
1958-06-18,20.3,23.7,16.6,60,82,43
1958-06-19,21.4,25.5,16.9,62,85,44
1958-06-20,22.9,28.0,18.2,65,87,39
1958-06-21,24.3,29.4,19.5,63,87,39
1958-06-22,25.8,31.2,19.8,62,88,43
1958-06-23,27.8,34.1,20.6,53,80,29
1958-06-24,28.6,33.2,23.3,52,73,33
1958-06-25,28.6,33.8,23.9,57,79,34
1958-06-26,27.1,30.1,22.2,64,84,49
1958-06-27,27.6,31.6,24.5,65,84,45
1958-06-28,26.9,31.2,22.2,47,84,18
1958-06-29,25.0,30.2,19.3,38,59,25
1958-06-30,26.1,32.1,19.5,48,72,25
1958-07-01,27.4,33.4,20.1,45,77,21
1958-07-02,28.1,33.8,22.0,40,60,22
1958-07-03,28.3,33.5,22.9,48,68,28
1958-07-04,28.6,34.2,22.7,52,79,30
1958-07-05,29.6,35.3,22.6,41,72,17
1958-07-06,28.0,32.9,21.9,32,51,18
1958-07-07,28.0,33.5,21.8,37,54,21
1958-07-08,27.9,33.2,21.6,38,60,23
1958-07-09,26.6,31.0,21.8,37,58,22
1958-07-10,24.9,30.7,19.3,44,71,22
1958-07-11,21.7,24.8,19.2,72,88,50
1958-07-12,22.8,28.0,17.4,65,93,36
1958-07-13,24.7,29.8,19.7,60,84,36
1958-07-14,26.5,31.8,20.5,52,83,29
1958-07-15,28.5,34.3,22.6,43,71,22
1958-07-16,29.5,35.9,23.1,41,65,20
1958-07-17,28.9,33.9,24.5,48,68,30
1958-07-18,28.3,32.9,23.7,53,78,33
1958-07-19,28.1,32.6,23.4,52,67,34
1958-07-20,26.6,29.6,24.3,66,80,52
1958-07-21,25.9,29.2,23.2,64,83,44
1958-07-22,26.5,30.0,23.2,60,82,43
1958-07-23,27.0,31.6,23.1,59,84,35
1958-07-24,27.3,32.1,21.4,59,83,35
1958-07-25,28.0,32.8,23.4,51,83,25
1958-07-26,26.1,31.3,21.4,38,60,18
1958-07-27,25.2,29.8,21.1,55,81,30
1958-07-28,26.1,32.0,20.4,54,87,25
1958-07-29,27.2,33.3,21.7,56,87,29
1958-07-30,28.8,35.1,22.8,50,78,27
1958-07-31,30.3,36.8,23.6,48,74,22
1958-08-01,28.3,30.9,25.7,60,78,49
1958-08-02,28.7,33.2,24.7,51,72,33
1958-08-03,28.1,33.2,24.1,48,74,27
1958-08-04,27.0,32.3,22.2,50,66,32
1958-08-05,27.7,33.9,21.8,49,78,25
1958-08-06,24.5,26.7,22.4,55,67,42
1958-08-07,24.9,29.8,19.9,57,83,37
1958-08-08,26.6,32.0,21.2,55,87,30
1958-08-09,25.5,29.6,22.5,46,81,24
1958-08-10,26.7,33.1,20.3,40,60,24
1958-08-11,27.7,33.4,22.1,45,67,27
1958-08-12,25.8,29.8,21.9,61,84,42
1958-08-13,25.6,29.7,22.3,62,80,44
1958-08-14,25.6,29.7,21.8,64,86,44
1958-08-15,27.3,32.9,22.2,51,82,22
1958-08-16,27.4,33.7,20.5,44,70,24
1958-08-17,26.6,31.7,21.3,60,86,37
1958-08-18,27.7,33.9,21.9,59,88,33
1958-08-19,28.6,34.4,23.8,56,83,29
1958-08-20,29.7,36.5,23.8,52,81,24
1958-08-21,30.0,36.4,24.1,50,79,24
1958-08-22,30.5,38.9,21.9,40,69,13
1958-08-23,31.5,39.0,24.4,42,70,19
1958-08-24,33.0,41.0,25.5,39,67,14
1958-08-25,32.5,38.6,25.3,29,53,10
1958-08-26,30.7,37.1,22.6,28,51,10
1958-08-27,26.8,29.6,23.4,32,52,21
1958-08-28,24.5,29.6,19.0,33,51,19
1958-08-29,24.7,29.9,18.9,32,49,20
1958-08-30,24.8,30.4,19.8,34,48,21
1958-08-31,23.6,27.9,18.6,43,62,27
1958-09-01,23.7,29.0,18.1,48,69,29
1958-09-02,22.2,24.5,19.2,75,91,63
1958-09-03,20.8,23.0,19.6,73,87,56
1958-09-04,18.0,19.2,16.4,86,92,78
1958-09-05,17.0,21.0,13.9,67,89,37
1958-09-06,18.9,24.6,13.3,56,81,36
1958-09-07,20.8,26.7,14.6,56,82,32
1958-09-08,22.0,27.3,17.0,59,78,37
1958-09-09,21.8,26.2,17.5,71,87,51
1958-09-10,22.2,27.7,17.2,73,98,43
1958-09-11,22.9,27.9,18.0,71,97,46
1958-09-12,21.0,24.8,18.0,63,82,38
1958-09-13,18.4,20.0,17.1,80,92,66
1958-09-14,19.8,23.2,17.3,63,81,42
1958-09-15,18.9,21.5,17.0,64,84,46
1958-09-16,19.1,24.4,13.4,67,99,35
1958-09-17,20.8,26.6,16.1,62,84,34
1958-09-18,21.1,26.8,16.1,67,88,39
1958-09-19,20.8,24.9,17.7,76,91,54
1958-09-20,20.6,25.1,16.6,78,100,54
1958-09-21,20.9,25.7,16.0,78,100,52
1958-09-22,20.9,25.2,17.1,79,100,54
1958-09-23,21.7,26.8,16.7,78,100,52
1958-09-24,22.0,26.8,19.1,64,91,36
1958-09-25,21.0,25.2,17.8,77,95,52
1958-09-26,20.9,25.6,17.0,81,100,55
1958-09-27,22.4,28.6,16.2,64,100,31
1958-09-28,20.8,25.1,17.5,48,64,31
1958-09-29,17.8,21.8,14.2,62,83,45
1958-09-30,17.6,21.6,13.9,74,95,49
1958-10-01,17.8,22.2,13.7,73,97,45
1958-10-02,18.8,23.0,15.1,76,94,55
1958-10-03,19.5,24.8,15.7,76,94,48
1958-10-04,20.3,24.9,16.1,60,80,37
1958-10-05,20.0,24.3,15.9,72,93,48
1958-10-06,19.6,24.2,14.1,78,100,52
1958-10-07,19.6,25.3,14.3,77,100,45
1958-10-08,19.6,24.5,14.6,80,100,53
1958-10-09,19.3,24.7,14.4,78,100,50
1958-10-10,19.1,22.0,16.7,73,89,55
1958-10-11,17.8,20.5,15.8,70,83,55
1958-10-12,17.3,21.8,13.1,76,100,48
1958-10-13,17.3,22.6,11.7,75,100,45
1958-10-14,16.8,22.2,12.0,81,100,53
1958-10-15,16.6,22.5,10.6,66,92,38
1958-10-16,17.6,22.5,12.9,56,81,31
1958-10-17,15.4,19.2,12.0,64,84,43
1958-10-18,13.2,17.8,9.0,51,69,32
1958-10-19,10.5,13.6,9.6,80,87,63
1958-10-20,10.7,13.9,8.0,65,81,47
1958-10-21,10.3,15.1,5.0,59,82,34
1958-10-22,11.2,16.2,6.1,70,93,46
1958-10-23,13.2,16.9,10.1,72,86,52
1958-10-24,13.6,18.6,8.8,70,91,47
1958-10-25,12.5,17.8,7.5,63,84,40
1958-10-26,12.8,19.3,6.7,62,84,39
1958-10-27,12.5,15.8,9.9,66,76,51
1958-10-28,12.3,16.2,8.1,72,95,49
1958-10-29,11.7,16.8,6.4,74,98,49
1958-10-30,12.2,15.8,8.3,73,95,52
1958-10-31,12.6,15.6,9.2,76,92,59
1958-11-01,12.2,16.0,8.3,80,99,60
1958-11-02,12.4,17.4,8.6,83,99,59
1958-11-03,13.0,16.0,10.6,87,96,72
1958-11-04,12.7,17.2,8.7,84,100,58
1958-11-05,13.3,17.9,10.1,83,97,62
1958-11-06,12.5,16.9,8.2,71,89,50
1958-11-07,12.2,15.0,9.9,86,97,72
1958-11-08,13.0,15.5,11.7,80,87,65
1958-11-09,13.5,16.9,11.2,81,92,64
1958-11-10,13.7,16.7,10.5,86,97,70
1958-11-11,14.5,18.1,11.1,84,98,65
1958-11-12,14.5,16.7,12.2,86,96,74
1958-11-13,15.4,18.4,12.6,91,98,83
1958-11-14,14.4,17.4,12.4,91,99,75
1958-11-15,14.3,16.8,11.9,85,99,66
1958-11-16,13.7,17.1,10.5,84,98,68
1958-11-17,13.4,16.4,11.3,84,95,69
1958-11-18,12.7,14.7,11.1,83,93,68
1958-11-19,10.9,12.1,9.4,69,82,56
1958-11-20,10.5,13.1,7.8,71,89,53
1958-11-21,9.5,12.3,6.9,75,91,53
1958-11-22,7.9,11.9,4.0,78,96,53
1958-11-23,7.4,12.2,2.9,80,99,53
1958-11-24,7.8,11.6,4.4,85,99,65
1958-11-25,8.0,11.4,5.2,86,99,66
1958-11-26,8.6,10.4,7.1,91,95,86
1958-11-27,9.6,13.3,6.0,88,100,70
1958-11-28,8.5,10.2,6.6,71,86,58
1958-11-29,7.1,9.8,4.6,75,89,58
1958-11-30,6.5,9.6,3.3,78,92,59
1958-12-01,6.7,10.2,3.8,88,97,75
1958-12-02,6.4,8.5,4.0,66,98,43
1958-12-03,3.4,5.1,2.0,68,85,58
1958-12-04,3.1,5.7,1.6,74,88,51
1958-12-05,2.6,6.2,0.0,74,90,50
1958-12-06,4.3,7.5,1.9,88,94,76
1958-12-07,4.5,5.4,3.2,81,92,68
1958-12-08,2.5,6.4,-1.1,72,86,49
1958-12-09,2.8,6.4,0.1,86,95,71
1958-12-10,4.5,9.9,0.8,89,97,76
1958-12-11,6.5,11.8,3.7,89,99,70
1958-12-12,7.0,12.8,2.9,92,98,76
1958-12-13,7.4,11.6,4.6,80,99,55
1958-12-14,7.6,14.8,2.1,82,94,64
1958-12-15,10.2,15.8,5.2,91,98,77
1958-12-16,8.4,11.8,5.0,96,100,86
1958-12-17,7.8,12.5,3.7,93,100,76
1958-12-18,9.2,14.1,5.2,95,99,83
1958-12-19,10.4,14.2,7.6,94,100,82
1958-12-20,10.6,13.8,8.6,90,100,70
1958-12-21,8.9,12.5,5.8,93,99,80
1958-12-22,10.4,14.2,7.5,91,98,77
1958-12-23,9.8,13.0,6.8,92,99,80
1958-12-24,12.0,15.0,10.2,90,95,75
1958-12-25,11.3,14.5,8.1,88,99,68
1958-12-26,8.8,12.1,6.8,92,99,78
1958-12-27,7.8,12.1,4.1,85,100,63
1958-12-28,7.0,11.9,2.2,86,100,70
1958-12-29,7.3,11.4,4.8,77,96,52
1958-12-30,6.4,11.2,2.0,68,81,53
1958-12-31,7.4,12.8,2.7,77,97,57
1959-01-01,5.6,10.6,1.6,87,100,68
1959-01-02,6.5,9.9,4.1,91,98,77
1959-01-03,7.7,11.3,4.9,90,99,73
1959-01-04,9.2,13.7,5.9,81,98,55
1959-01-05,5.0,8.0,2.3,80,94,58
1959-01-06,3.2,6.1,1.4,59,88,42
1959-01-07,1.6,5.5,-1.6,67,84,50
1959-01-08,2.7,8.1,-1.0,80,90,62
1959-01-09,6.8,11.4,3.4,92,99,87
1959-01-10,5.0,8.1,1.8,86,100,65
1959-01-11,5.2,8.5,1.1,77,96,51
1959-01-12,2.2,7.5,-2.1,76,93,53
1959-01-13,6.5,11.4,2.8,92,97,82
1959-01-14,3.4,7.8,-0.3,86,100,60
1959-01-15,3.9,10.2,-1.2,86,97,68
1959-01-16,6.0,10.5,1.0,91,95,81
1959-01-17,6.7,10.3,1.1,78,100,54
1959-01-18,0.8,3.0,-0.7,56,61,48
1959-01-19,1.2,5.5,-2.9,58,77,42
1959-01-20,1.4,6.4,-2.4,72,89,46
1959-01-21,2.5,8.8,-1.4,84,93,69
1959-01-22,3.6,9.7,-0.8,79,97,54
1959-01-23,5.4,11.7,1.0,76,91,56
1959-01-24,6.9,14.3,1.3,80,94,60
1959-01-25,5.0,8.6,2.0,84,95,68
1959-01-26,1.8,3.6,-0.0,68,93,47
1959-01-27,-0.5,2.5,-2.9,61,70,50
1959-01-28,-2.0,1.2,-5.0,60,72,47
1959-01-29,-1.1,2.7,-5.0,59,67,45
1959-01-30,-0.3,3.3,-2.8,63,72,47
1959-01-31,0.4,4.6,-3.4,66,82,48
1959-02-01,0.6,5.8,-3.7,76,92,59
1959-02-02,2.8,8.3,-1.3,81,93,67
1959-02-03,5.0,11.1,0.1,88,99,69
1959-02-04,5.7,8.2,3.5,81,95,61
1959-02-05,2.3,5.6,-1.4,83,94,69
1959-02-06,2.7,9.0,-1.9,75,98,43
1959-02-07,2.8,6.5,-1.2,76,90,60
1959-02-08,2.5,5.1,0.3,69,83,53
1959-02-09,2.3,6.8,-1.2,70,89,47
1959-02-10,2.4,6.5,-1.5,72,90,52
1959-02-11,2.5,6.2,-1.1,72,90,52
1959-02-12,2.1,5.8,-1.6,67,86,45
1959-02-13,1.8,5.6,-1.1,64,85,37
1959-02-14,1.6,7.4,-2.6,55,76,38
1959-02-15,3.3,8.5,-0.4,54,62,40
1959-02-16,2.8,9.0,-2.0,63,83,38
1959-02-17,2.1,4.5,0.9,74,83,64
1959-02-18,1.8,7.1,-3.1,66,87,43
1959-02-19,4.5,10.7,0.2,63,75,45
1959-02-20,6.0,11.6,1.2,69,86,47
1959-02-21,8.1,14.1,2.7,69,85,45
1959-02-22,7.9,13.4,3.9,74,96,46
1959-02-23,2.8,6.2,-0.6,52,93,32
1959-02-24,2.8,8.2,-1.2,54,73,41
1959-02-25,5.8,13.8,-0.5,63,80,42
1959-02-26,8.5,15.6,2.7,62,75,43
1959-02-27,8.7,15.6,2.2,74,94,52
1959-02-28,9.9,17.1,3.4,75,100,42
1959-03-01,9.5,14.4,5.0,74,85,58
1959-03-02,8.4,10.1,7.2,84,91,78
1959-03-03,8.3,13.8,3.4,85,100,62
1959-03-04,6.8,8.0,5.3,80,95,71
1959-03-05,7.3,8.9,6.1,81,87,74
1959-03-06,8.6,11.4,6.5,84,92,74
1959-03-07,9.3,12.0,7.4,83,92,71
1959-03-08,11.0,15.5,8.6,85,95,68
1959-03-09,11.9,18.4,6.9,86,100,61
1959-03-10,12.0,16.7,8.2,88,99,67
1959-03-11,10.9,11.5,9.8,94,98,87
1959-03-12,9.3,10.2,8.6,87,95,76
1959-03-13,8.7,9.2,7.9,87,92,81
1959-03-14,10.0,12.8,8.2,87,95,74
1959-03-15,9.9,10.7,8.8,88,95,83
1959-03-16,8.7,10.7,7.2,86,95,69
1959-03-17,8.2,10.4,6.3,85,94,70
1959-03-18,7.6,8.9,6.6,82,90,74
1959-03-19,7.5,9.8,6.0,79,90,65
1959-03-20,7.7,10.3,5.9,78,93,59
1959-03-21,9.3,14.5,4.3,76,96,50
1959-03-22,10.7,15.9,7.0,71,89,47
1959-03-23,10.9,15.6,7.4,76,92,58
1959-03-24,11.7,16.9,7.2,77,95,54
1959-03-25,12.9,18.8,7.8,74,89,54
1959-03-26,13.3,18.2,9.2,74,90,54
1959-03-27,12.5,16.7,8.0,79,98,55
1959-03-28,12.5,15.0,9.1,78,94,61
1959-03-29,13.0,17.6,8.4,80,100,55
1959-03-30,13.3,16.5,10.1,82,94,65
1959-03-31,13.1,17.3,8.1,84,100,63
1959-04-01,13.4,16.5,10.7,84,99,66
1959-04-02,11.0,12.0,9.5,88,94,81
1959-04-03,10.6,14.4,8.1,79,93,51
1959-04-04,12.2,16.9,8.4,69,92,40
1959-04-05,13.9,20.5,8.5,58,80,36
1959-04-06,15.6,21.5,9.8,63,85,40
1959-04-07,16.0,20.8,11.9,66,79,45
1959-04-08,16.1,21.7,11.1,73,92,49
1959-04-09,15.5,20.6,10.0,82,99,60
1959-04-10,15.8,20.4,12.7,80,95,58
1959-04-11,16.5,21.5,13.0,68,93,32
1959-04-12,14.8,18.9,10.8,47,67,28
1959-04-13,14.5,20.6,8.6,55,78,33
1959-04-14,14.0,18.5,9.3,72,90,51
1959-04-15,13.3,18.3,7.9,75,100,46
1959-04-16,15.3,19.8,11.4,69,84,51
1959-04-17,15.5,20.3,10.1,70,94,44
1959-04-18,15.9,18.7,13.4,81,98,67
1959-04-19,14.7,19.5,10.4,71,98,46
1959-04-20,15.8,20.4,11.3,65,83,45
1959-04-21,11.4,13.6,10.0,75,86,68
1959-04-22,11.1,13.1,9.6,89,94,81
1959-04-23,11.9,13.5,10.6,81,95,68
1959-04-24,11.1,12.8,10.1,83,89,73
1959-04-25,12.3,15.0,10.2,78,90,62
1959-04-26,12.7,15.5,9.3,78,98,60
1959-04-27,12.6,16.6,9.0,72,91,52
1959-04-28,13.0,15.8,10.6,74,90,58
1959-04-29,13.4,18.6,8.3,74,98,49
1959-04-30,14.2,17.6,10.6,73,89,55
1959-05-01,13.5,16.7,10.3,80,94,64
1959-05-02,14.4,18.5,10.2,78,97,60
1959-05-03,16.2,21.1,10.3,71,94,46
1959-05-04,14.9,18.1,11.3,80,92,65
1959-05-05,15.7,20.2,11.4,76,96,54
1959-05-06,17.6,22.5,11.7,68,91,40
1959-05-07,18.6,24.1,12.6,63,88,35
1959-05-08,18.8,24.7,13.5,64,86,37
1959-05-09,18.8,23.4,15.0,66,87,42
1959-05-10,18.2,21.1,15.2,73,88,57
1959-05-11,18.4,22.1,15.2,74,91,56
1959-05-12,18.5,21.9,14.0,74,98,57
1959-05-13,18.5,22.1,14.3,74,99,49
1959-05-14,17.5,19.8,14.9,79,93,65
1959-05-15,17.1,19.3,15.3,80,95,66
1959-05-16,15.9,18.6,13.4,84,96,68
1959-05-17,17.2,21.1,13.4,78,93,58
1959-05-18,19.4,24.1,13.5,71,95,47
1959-05-19,20.5,26.0,14.5,67,88,44
1959-05-20,21.1,25.2,17.8,72,87,54
1959-05-21,22.4,27.3,18.1,69,85,51
1959-05-22,22.6,26.8,18.9,70,85,52
1959-05-23,24.0,28.7,19.8,66,86,43
1959-05-24,20.5,23.5,17.5,72,86,57
1959-05-25,17.6,19.8,16.3,78,90,66
1959-05-26,17.8,20.5,14.8,78,93,61
1959-05-27,18.9,22.2,15.4,75,97,58
1959-05-28,20.4,25.4,14.1,69,97,42
1959-05-29,20.0,23.6,16.2,74,95,52
1959-05-30,20.5,24.7,15.7,73,91,56
1959-05-31,22.3,26.8,18.1,71,90,49
1959-06-01,22.4,27.1,17.3,62,87,35
1959-06-02,18.7,21.0,15.9,74,88,60
1959-06-03,20.4,25.6,15.7,64,83,43
1959-06-04,20.6,25.2,16.0,54,82,34
1959-06-05,19.7,22.9,16.1,47,65,33
1959-06-06,19.8,25.4,13.2,56,78,37
1959-06-07,20.3,24.0,15.8,67,86,51
1959-06-08,20.0,23.0,16.2,74,94,55
1959-06-09,20.0,24.3,17.2,72,87,51
1959-06-10,20.5,25.2,15.7,75,98,51
1959-06-11,21.1,23.7,18.6,74,88,60
1959-06-12,18.7,20.7,16.1,83,99,66
1959-06-13,19.9,24.9,13.0,65,99,34
1959-06-14,21.4,25.3,17.3,63,83,42
1959-06-15,21.1,25.9,16.7,58,76,37
1959-06-16,21.9,27.0,17.1,59,80,36
1959-06-17,24.4,29.2,19.8,58,84,34
1959-06-18,24.4,28.6,19.5,61,82,43
1959-06-19,23.8,27.6,20.0,66,83,46
1959-06-20,24.2,27.7,20.8,69,86,54
1959-06-21,24.1,27.3,21.4,71,89,55
1959-06-22,25.3,29.2,21.5,59,86,37
1959-06-23,24.7,28.4,20.9,55,77,34
1959-06-24,23.2,26.1,19.4,68,84,58
1959-06-25,22.9,25.5,19.7,72,87,58
1959-06-26,23.5,26.6,20.5,67,87,51
1959-06-27,24.2,27.4,21.4,69,86,51
1959-06-28,23.3,26.7,19.3,71,92,54
1959-06-29,23.2,26.8,19.4,75,92,58
1959-06-30,24.8,28.7,21.0,66,87,48
1959-07-01,25.7,30.6,20.9,55,82,29
1959-07-02,21.0,23.9,18.4,59,75,49
1959-07-03,22.1,26.0,18.1,56,70,41
1959-07-04,23.8,28.5,19.1,55,75,37
1959-07-05,24.1,28.4,19.8,55,73,38
1959-07-06,25.2,29.1,20.5,53,74,36
1959-07-07,24.7,28.1,19.7,60,84,45
1959-07-08,24.6,29.1,20.3,67,89,45
1959-07-09,24.6,29.2,20.0,67,92,43
1959-07-10,26.2,30.5,19.9,54,82,33
1959-07-11,27.4,30.9,23.3,47,74,29
1959-07-12,25.7,29.3,20.8,56,78,38
1959-07-13,27.0,31.7,22.2,50,75,29
1959-07-14,26.7,31.4,21.4,55,78,35
1959-07-15,27.7,33.6,21.6,53,76,29
1959-07-16,28.8,34.0,24.3,55,75,34
1959-07-17,28.8,33.2,24.1,55,80,36
1959-07-18,27.8,32.5,23.7,56,72,38
1959-07-19,27.9,32.6,23.4,56,82,34
1959-07-20,28.2,33.0,23.7,54,73,35
1959-07-21,28.1,33.2,23.1,57,78,36
1959-07-22,26.3,30.7,22.3,68,89,47
1959-07-23,26.4,30.8,22.5,65,86,41
1959-07-24,28.4,32.3,23.8,51,77,33
1959-07-25,28.6,32.9,24.8,50,70,30
1959-07-26,28.5,33.2,23.3,51,73,30
1959-07-27,28.4,33.5,22.7,49,74,32
1959-07-28,27.6,32.3,22.9,51,71,31
1959-07-29,27.4,32.1,22.1,50,69,31
1959-07-30,28.2,33.0,23.5,53,78,31
1959-07-31,28.4,33.5,23.7,58,82,34
1959-08-01,29.1,33.7,24.5,48,77,28
1959-08-02,26.6,30.5,22.3,39,59,24
1959-08-03,26.0,31.4,19.6,41,64,24
1959-08-04,25.8,29.7,21.6,41,58,28
1959-08-05,25.7,31.4,19.7,43,66,24
1959-08-06,25.4,30.4,20.8,54,80,30
1959-08-07,24.8,29.7,19.9,44,68,22
1959-08-08,25.6,30.8,19.7,41,61,24
1959-08-09,26.5,32.0,20.1,48,78,27
1959-08-10,27.2,32.3,21.9,55,79,31
1959-08-11,28.1,33.4,23.3,52,76,28
1959-08-12,27.6,33.0,23.1,56,77,33
1959-08-13,27.3,31.6,22.6,57,80,37
1959-08-14,27.3,32.7,21.0,49,79,25
1959-08-15,26.3,29.7,22.0,52,68,41
1959-08-16,25.2,28.1,22.3,63,82,48
1959-08-17,24.1,27.9,21.3,69,86,48
1959-08-18,24.5,28.2,20.3,61,87,38
1959-08-19,24.2,27.7,20.8,58,76,39
1959-08-20,23.6,28.2,18.9,63,86,40
1959-08-21,24.6,29.2,19.9,56,81,35
1959-08-22,24.9,29.7,19.5,57,85,33
1959-08-23,26.1,30.9,21.3,52,81,28
1959-08-24,26.4,31.6,20.3,50,80,23
1959-08-25,27.5,32.7,21.0,44,78,22
1959-08-26,27.3,33.0,20.9,47,77,24
1959-08-27,26.8,32.5,20.6,49,75,26
1959-08-28,27.2,31.8,22.8,53,71,34
1959-08-29,26.7,30.2,23.2,59,81,41
1959-08-30,27.3,32.3,21.7,56,84,30
1959-08-31,23.7,26.3,21.0,77,92,63
1959-09-01,21.4,25.6,17.6,56,72,36
1959-09-02,20.8,25.5,16.6,54,73,32
1959-09-03,21.1,24.8,16.3,63,86,44
1959-09-04,21.1,22.8,18.8,71,87,58
1959-09-05,20.5,24.4,16.6,72,91,49
1959-09-06,20.0,21.8,17.9,76,89,61
1959-09-07,18.5,20.0,17.3,80,91,68
1959-09-08,18.4,20.9,16.5,74,91,53
1959-09-09,19.0,22.2,16.1,66,87,46
1959-09-10,19.3,24.0,14.4,58,83,36
1959-09-11,18.7,23.6,13.7,58,85,34
1959-09-12,18.8,23.3,14.4,63,89,37
1959-09-13,19.7,24.6,14.5,57,86,31
1959-09-14,21.1,26.3,15.4,58,83,34
1959-09-15,21.9,28.0,15.4,57,78,34
1959-09-16,20.7,24.9,16.3,76,94,59
1959-09-17,22.0,27.4,16.3,71,100,38
1959-09-18,21.3,27.2,16.7,59,80,38
1959-09-19,17.1,19.3,14.9,55,71,48
1959-09-20,17.8,22.8,13.8,60,82,36
1959-09-21,18.3,24.3,12.1,56,81,28
1959-09-22,19.2,23.6,14.6,68,86,48
1959-09-23,20.5,27.4,13.0,65,100,30
1959-09-24,21.6,28.8,13.6,59,91,27
1959-09-25,23.4,29.4,17.5,50,71,26
1959-09-26,21.5,25.3,16.5,67,89,46
1959-09-27,21.5,24.7,18.4,77,92,57
1959-09-28,22.5,29.4,17.7,65,92,38
1959-09-29,17.8,20.7,14.7,39,55,19
1959-09-30,13.7,16.8,10.3,38,53,26
1959-10-01,13.0,17.5,8.5,50,74,28
1959-10-02,14.0,19.8,8.5,47,69,27
1959-10-03,15.3,20.8,9.4,53,86,29
1959-10-04,16.8,23.6,10.9,52,79,24
1959-10-05,15.9,20.6,10.9,68,89,47
1959-10-06,14.4,15.3,13.0,62,75,52
1959-10-07,14.2,16.6,12.6,68,81,54
1959-10-08,12.8,16.4,8.1,71,99,45
1959-10-09,13.2,15.9,10.4,75,91,64
1959-10-10,13.2,14.1,12.6,93,95,90
1959-10-11,14.2,17.9,10.2,79,96,55
1959-10-12,13.8,16.0,11.1,86,97,74
1959-10-13,13.0,17.3,8.5,66,97,38
1959-10-14,12.3,14.6,10.3,68,78,59
1959-10-15,12.5,16.3,8.8,68,92,42
1959-10-16,12.2,16.5,6.3,67,99,43
1959-10-17,12.4,17.0,6.9,67,97,41
1959-10-18,12.4,17.5,6.3,69,100,44
1959-10-19,13.1,18.2,8.2,69,96,43
1959-10-20,13.5,17.9,8.6,71,93,50
1959-10-21,13.0,19.4,6.6,70,99,37
1959-10-22,15.1,22.3,9.1,60,81,34
1959-10-23,14.8,21.1,10.2,58,76,40
1959-10-24,11.4,14.8,9.4,60,85,34
1959-10-25,11.0,15.3,6.6,61,85,43
1959-10-26,11.2,16.7,5.7,70,97,45
1959-10-27,10.8,16.3,4.1,75,100,53
1959-10-28,11.3,17.5,6.0,84,100,59
1959-10-29,14.9,19.2,11.0,86,96,70
1959-10-30,15.9,19.4,13.7,83,98,57
1959-10-31,14.5,18.6,9.5,77,98,54
1959-11-01,13.7,18.9,8.4,79,99,54
1959-11-02,12.5,14.2,10.1,94,98,90
1959-11-03,14.0,15.6,12.9,92,98,83
1959-11-04,13.5,16.9,10.7,79,98,59
1959-11-05,13.0,17.3,9.4,71,83,54
1959-11-06,13.2,16.5,9.4,85,94,74
1959-11-07,12.4,16.3,8.6,93,100,79
1959-11-08,14.1,17.8,11.1,87,99,66
1959-11-09,10.6,14.6,6.1,72,87,49
1959-11-10,10.0,13.4,6.6,75,88,54
1959-11-11,8.8,12.8,4.2,70,87,47
1959-11-12,8.6,13.7,3.6,81,98,63
1959-11-13,10.2,14.5,7.3,81,94,63
1959-11-14,10.4,14.7,6.7,76,94,53
1959-11-15,9.3,13.6,4.9,83,100,61
1959-11-16,10.5,13.4,8.3,82,87,72
1959-11-17,9.5,14.3,4.9,81,100,55
1959-11-18,9.4,14.7,3.3,80,99,60
1959-11-19,10.5,13.4,8.2,84,95,67
1959-11-20,10.1,12.7,7.6,84,96,72
1959-11-21,9.6,10.4,8.3,87,92,80
1959-11-22,7.8,9.5,6.2,71,86,53
1959-11-23,6.1,7.9,5.1,75,83,59
1959-11-24,6.4,9.2,4.6,74,89,55
1959-11-25,6.3,10.9,1.7,71,96,48
1959-11-26,7.1,12.3,2.0,75,97,53
1959-11-27,7.4,13.4,2.0,78,99,53
1959-11-28,7.4,11.1,4.0,87,98,71
1959-11-29,7.8,9.5,6.5,82,94,69
1959-11-30,7.9,10.9,5.5,82,91,69
1959-12-01,9.7,12.2,7.9,84,94,78
1959-12-02,12.8,16.0,10.0,90,97,76
1959-12-03,14.6,16.3,13.1,91,97,89
1959-12-04,11.7,13.4,9.7,98,100,96
1959-12-05,11.0,13.7,8.6,95,100,80
1959-12-06,9.6,13.1,5.7,86,98,66
1959-12-07,9.4,10.0,7.7,92,97,88
1959-12-08,8.4,12.3,4.1,92,100,75
1959-12-09,10.7,14.5,8.0,90,97,76
1959-12-10,8.9,12.8,6.5,90,100,72
1959-12-11,9.4,11.1,7.8,87,95,76
1959-12-12,9.3,11.3,7.9,84,92,75
1959-12-13,10.1,13.1,7.5,92,97,86
1959-12-14,10.9,14.0,8.6,91,99,73
1959-12-15,8.6,12.4,5.6,92,100,78
1959-12-16,8.4,13.0,5.1,83,100,59
1959-12-17,7.6,11.1,4.5,80,92,63
1959-12-18,6.0,8.9,3.8,90,100,71
1959-12-19,5.6,9.9,2.9,84,100,61
1959-12-20,5.1,8.5,3.0,72,83,54
1959-12-21,4.5,8.2,1.4,76,89,57
1959-12-22,5.1,8.7,2.1,89,96,77
1959-12-23,7.4,11.8,3.7,84,100,61
1959-12-24,5.5,10.7,0.5,85,99,66
1959-12-25,8.5,13.0,5.1,92,97,79
1959-12-26,6.8,12.1,3.6,85,100,61
1959-12-27,5.5,10.9,1.2,88,100,68
1959-12-28,7.8,14.4,3.2,92,100,76
1959-12-29,7.8,11.8,3.2,88,100,66
1959-12-30,5.7,10.7,2.0,76,93,54
1959-12-31,5.7,11.8,0.7,65,81,48
1960-01-01,5.7,9.4,2.7,66,79,50
1960-01-02,4.3,8.9,-0.1,82,97,66
1960-01-03,4.5,6.9,2.0,91,96,82
1960-01-04,5.9,8.0,4.4,87,96,72
1960-01-05,4.7,6.4,2.4,75,94,62
1960-01-06,4.8,8.0,2.9,77,88,58
1960-01-07,3.3,4.5,2.4,86,97,66
1960-01-08,2.6,7.4,-0.9,69,83,46
1960-01-09,3.2,7.9,-0.8,76,89,61
1960-01-10,6.3,10.8,3.1,90,99,81
1960-01-11,6.7,9.2,3.9,97,99,95
1960-01-12,9.1,12.8,5.9,93,98,77
1960-01-13,10.3,13.0,7.2,83,97,55
1960-01-14,8.6,12.6,5.2,79,92,62
1960-01-15,4.3,8.7,0.7,86,100,61
1960-01-16,4.6,7.8,1.5,93,98,90
1960-01-17,4.6,8.1,1.2,94,100,81
1960-01-18,9.1,12.0,5.8,90,95,84
1960-01-19,4.3,7.7,1.0,69,97,45
1960-01-20,2.9,7.1,-0.4,67,81,48
1960-01-21,4.6,9.3,1.3,66,80,49
1960-01-22,3.0,6.4,0.5,59,72,43
1960-01-23,2.1,6.3,-1.2,65,83,47
1960-01-24,2.5,7.2,-0.8,75,92,55
1960-01-25,3.2,7.0,0.6,88,97,72
1960-01-26,4.2,7.9,1.9,87,94,77
1960-01-27,5.4,10.7,1.8,88,96,70
1960-01-28,5.3,11.1,2.0,88,99,68
1960-01-29,6.5,13.8,1.1,84,99,58
1960-01-30,8.3,15.1,3.5,78,92,54
1960-01-31,6.9,13.2,1.7,80,95,58
1960-02-01,4.9,8.2,2.6,66,92,41
1960-02-02,0.0,2.6,-2.2,42,61,32
1960-02-03,-0.9,2.1,-3.6,47,56,34
1960-02-04,-0.8,2.3,-3.6,57,78,32
1960-02-05,-1.8,-0.6,-2.7,73,79,66
1960-02-06,-2.2,-0.2,-3.9,84,92,80
1960-02-07,-1.2,2.3,-4.6,88,96,73
1960-02-08,-0.3,0.7,-1.1,93,98,83
1960-02-09,-0.5,1.9,-2.7,90,98,79
1960-02-10,-2.4,1.9,-7.6,89,99,73
1960-02-11,1.3,6.1,-1.5,84,96,62
1960-02-12,-0.0,6.2,-6.5,89,97,80
1960-02-13,3.5,8.0,1.8,96,99,87
1960-02-14,4.3,11.3,-0.7,92,99,73
1960-02-15,7.2,12.7,2.0,90,100,72
1960-02-16,7.0,10.7,3.5,97,100,91
1960-02-17,6.2,11.3,1.0,83,100,56
1960-02-18,9.0,15.7,3.2,84,97,67
1960-02-19,11.3,19.3,4.4,87,100,63
1960-02-20,12.7,19.1,7.8,85,100,58
1960-02-21,11.3,14.7,8.6,88,99,75
1960-02-22,11.3,16.1,7.8,84,100,52
1960-02-23,10.5,13.3,8.0,88,96,75
1960-02-24,11.2,15.4,7.9,81,100,55
1960-02-25,10.3,15.4,4.7,70,89,48
1960-02-26,11.5,15.8,6.6,72,89,57
1960-02-27,10.1,14.5,5.3,72,100,44
1960-02-28,8.6,12.6,3.8,64,85,46
1960-02-29,8.9,13.4,4.6,78,97,58
1960-03-01,10.6,18.1,5.1,79,95,49
1960-03-02,9.5,12.6,6.4,89,100,73
1960-03-03,8.8,9.5,8.0,91,96,85
1960-03-04,8.2,9.5,7.4,90,95,83
1960-03-05,6.6,8.4,5.4,79,90,67
1960-03-06,4.1,5.5,2.7,73,81,63
1960-03-07,3.8,6.0,1.9,67,77,59
1960-03-08,2.5,4.3,1.3,77,90,64
1960-03-09,2.8,6.1,-0.2,78,97,56
1960-03-10,4.3,7.6,0.8,76,93,58
1960-03-11,5.1,7.9,2.9,76,85,63
1960-03-12,5.3,8.6,2.5,75,92,59
1960-03-13,6.0,9.4,3.3,82,96,62
1960-03-14,7.1,10.1,4.7,87,96,77
1960-03-15,9.4,14.5,5.3,82,97,57
1960-03-16,10.2,14.3,5.6,86,96,76
1960-03-17,13.0,16.5,10.7,88,97,72
1960-03-18,11.3,15.1,7.8,88,99,70
1960-03-19,10.6,14.0,8.0,89,98,74
1960-03-20,10.5,13.2,8.1,85,97,68
1960-03-21,9.4,13.6,6.9,79,96,49
1960-03-22,7.9,11.2,5.2,70,92,49
1960-03-23,8.8,13.0,5.2,73,89,51
1960-03-24,8.8,11.2,7.2,76,91,64
1960-03-25,7.8,10.4,5.8,77,93,57
1960-03-26,7.3,10.3,4.6,80,94,64
1960-03-27,9.9,14.3,5.5,81,92,69
1960-03-28,10.8,15.1,6.6,87,100,66
1960-03-29,12.1,17.9,6.8,85,100,62
1960-03-30,13.8,18.7,7.6,79,100,51
1960-03-31,13.4,19.4,6.7,70,90,45
1960-04-01,13.5,18.0,8.7,78,95,55
1960-04-02,11.7,12.5,10.7,92,97,88
1960-04-03,11.8,13.8,10.3,84,92,71
1960-04-04,10.4,13.3,7.8,75,89,56
1960-04-05,10.3,12.6,7.8,82,94,67
1960-04-06,9.6,11.0,8.3,79,88,69
1960-04-07,10.5,14.0,7.7,76,91,61
1960-04-08,11.1,15.9,8.2,80,93,59
1960-04-09,12.4,18.9,6.5,83,100,58
1960-04-10,15.4,21.4,10.7,75,91,51
1960-04-11,14.4,19.2,9.9,83,100,60
1960-04-12,14.9,18.8,11.4,74,96,51
1960-04-13,14.3,17.0,12.4,72,83,57
1960-04-14,14.5,17.1,12.3,71,83,60
1960-04-15,13.2,16.7,9.1,77,95,60
1960-04-16,14.2,17.7,10.2,73,94,55
1960-04-17,15.2,17.9,13.2,66,80,53
1960-04-18,15.1,19.1,10.4,74,94,53
1960-04-19,14.4,17.8,10.7,78,95,61
1960-04-20,14.4,18.1,11.7,81,95,63
1960-04-21,14.5,19.2,8.7,77,100,48
1960-04-22,13.2,16.5,9.5,80,90,64
1960-04-23,15.1,19.9,9.7,74,100,42
1960-04-24,14.9,18.9,9.9,65,89,40
1960-04-25,14.1,17.2,9.8,75,93,60
1960-04-26,13.9,17.3,9.6,76,95,64
1960-04-27,12.9,17.7,8.0,64,87,41
1960-04-28,14.3,17.3,11.8,85,94,68
1960-04-29,13.9,16.9,10.6,80,99,51
1960-04-30,15.2,19.8,10.2,82,94,66
1960-05-01,16.4,22.1,10.6,80,100,54
1960-05-02,18.1,22.8,13.3,70,96,41
1960-05-03,17.3,19.6,13.6,63,84,45
1960-05-04,15.4,17.5,13.5,67,82,54
1960-05-05,14.0,16.9,11.8,75,91,55
1960-05-06,15.0,20.2,9.3,79,95,60
1960-05-07,15.8,17.4,14.2,83,95,70
1960-05-08,16.1,18.3,14.7,84,91,76
1960-05-09,15.6,19.4,11.5,85,98,67
1960-05-10,16.5,21.5,11.5,82,100,57
1960-05-11,17.4,21.5,12.0,75,100,45
1960-05-12,18.5,23.6,11.7,66,90,41
1960-05-13,19.4,24.7,12.9,60,83,35
1960-05-14,18.2,22.7,13.7,79,97,59
1960-05-15,17.6,20.5,14.4,81,97,65
1960-05-16,18.7,21.7,15.8,75,96,58
1960-05-17,18.8,21.7,16.6,69,85,53
1960-05-18,20.2,25.9,14.5,73,89,54
1960-05-19,23.4,29.6,17.8,69,88,45
1960-05-20,25.0,30.8,19.7,62,83,37
1960-05-21,25.3,30.8,21.3,56,75,30
1960-05-22,23.0,26.0,18.7,68,87,51
1960-05-23,22.9,26.7,19.2,66,86,48
1960-05-24,22.5,26.9,19.0,63,84,43
1960-05-25,20.2,24.5,17.0,79,93,59
1960-05-26,19.2,23.3,15.3,79,96,58
1960-05-27,15.8,17.7,14.0,84,93,73
1960-05-28,16.1,20.3,12.1,69,88,47
1960-05-29,16.1,18.9,12.7,63,76,53
1960-05-30,17.9,22.1,12.8,71,92,52
1960-05-31,19.7,23.9,15.2,67,85,44
1960-06-01,19.6,23.9,15.9,75,97,49
1960-06-02,20.7,24.7,16.2,67,87,47
1960-06-03,19.8,23.3,15.6,75,99,53
1960-06-04,21.3,25.6,16.6,70,91,47
1960-06-05,22.7,27.2,18.3,64,88,41
1960-06-06,23.1,27.4,19.0,60,80,39
1960-06-07,23.3,27.3,19.5,62,81,43
1960-06-08,23.9,29.1,18.9,65,85,44
1960-06-09,25.2,30.0,21.1,65,83,44
1960-06-10,25.9,29.8,21.8,62,84,44
1960-06-11,25.5,30.5,20.2,63,87,42
1960-06-12,21.5,23.8,19.0,51,65,38
1960-06-13,22.7,27.2,18.6,54,79,41
1960-06-14,23.5,27.9,19.3,67,84,48
1960-06-15,25.1,29.4,21.3,65,86,47
1960-06-16,26.2,31.2,21.5,62,83,40
1960-06-17,23.4,26.7,19.6,67,83,54
1960-06-18,22.7,27.6,18.8,69,93,36
1960-06-19,22.5,26.8,18.9,67,91,39
1960-06-20,22.8,26.7,19.1,68,89,46
1960-06-21,23.6,28.1,19.7,59,80,44
1960-06-22,19.6,24.2,15.4,57,86,36
1960-06-23,20.8,24.7,16.3,50,69,37
1960-06-24,22.2,26.9,17.2,49,69,32
1960-06-25,22.1,26.2,17.1,63,83,43
1960-06-26,22.7,26.5,19.2,74,93,52
1960-06-27,24.0,29.2,18.2,71,99,49
1960-06-28,26.3,31.7,21.8,63,83,41
1960-06-29,26.9,31.9,21.8,57,87,35
1960-06-30,26.5,31.6,19.8,45,72,28
1960-07-01,26.3,31.5,20.4,48,77,29
1960-07-02,25.7,31.2,20.7,64,91,33
1960-07-03,25.8,30.4,21.5,68,88,48
1960-07-04,25.5,29.9,22.5,63,85,41
1960-07-05,22.9,27.5,17.9,43,64,24
1960-07-06,23.5,28.4,17.4,50,80,28
1960-07-07,25.0,30.0,20.2,57,83,32
1960-07-08,26.4,31.5,21.3,55,83,32
1960-07-09,27.3,31.8,22.5,52,73,33
1960-07-10,24.7,29.3,19.0,56,93,30
1960-07-11,25.0,30.0,19.7,41,59,27
1960-07-12,25.6,31.0,20.2,54,79,33
1960-07-13,26.5,31.4,21.8,58,83,35
1960-07-14,24.7,29.0,20.5,50,72,28
1960-07-15,24.7,29.8,19.5,47,63,31
1960-07-16,26.2,30.8,22.2,52,75,32
1960-07-17,26.1,31.2,20.6,58,88,32
1960-07-18,27.4,32.9,21.1,52,82,28
1960-07-19,28.1,33.6,22.7,55,82,31
1960-07-20,28.6,32.7,24.8,58,78,40
1960-07-21,28.8,33.3,25.2,54,77,36
1960-07-22,29.4,33.6,24.7,47,72,30
1960-07-23,28.7,32.4,24.9,52,72,34
1960-07-24,28.1,32.5,24.1,53,76,30
1960-07-25,23.4,27.4,18.5,37,57,19
1960-07-26,23.2,27.0,18.3,36,53,26
1960-07-27,24.4,29.8,18.1,44,71,27
1960-07-28,25.1,30.3,19.0,58,85,33
1960-07-29,25.4,30.5,20.8,56,84,30
1960-07-30,25.5,31.0,20.1,56,78,31
1960-07-31,26.9,32.5,20.2,51,84,27
1960-08-01,27.8,33.7,21.8,53,85,27
1960-08-02,28.4,34.0,23.0,53,81,28
1960-08-03,28.3,33.7,22.8,55,85,29
1960-08-04,28.5,34.0,22.2,51,81,28
1960-08-05,28.3,33.4,24.0,56,80,32
1960-08-06,28.2,33.3,24.0,61,83,37
1960-08-07,28.9,34.4,22.1,46,84,24
1960-08-08,28.1,33.1,23.1,40,67,23
1960-08-09,27.2,32.1,21.5,59,89,36
1960-08-10,27.3,31.7,22.5,40,60,23
1960-08-11,26.1,31.5,21.1,39,75,20
1960-08-12,25.4,30.4,20.0,65,95,38
1960-08-13,27.3,33.4,21.3,57,87,31
1960-08-14,28.9,35.0,22.4,46,77,20
1960-08-15,28.1,34.1,22.0,31,56,18
1960-08-16,27.4,33.5,21.2,53,88,23
1960-08-17,26.2,30.6,21.7,62,87,40
1960-08-18,26.0,29.9,22.5,63,84,44
1960-08-19,26.5,31.5,21.7,62,88,39
1960-08-20,27.0,31.7,21.8,47,81,21
1960-08-21,23.8,26.6,20.9,45,72,32
1960-08-22,23.3,29.0,17.7,47,85,22
1960-08-23,24.7,31.1,18.3,37,52,23
1960-08-24,26.8,34.8,18.6,49,83,18
1960-08-25,27.6,35.1,20.7,52,81,22
1960-08-26,28.8,36.4,21.4,47,73,20
1960-08-27,27.4,32.8,21.6,60,84,36
1960-08-28,26.1,30.4,21.8,69,93,46
1960-08-29,25.1,29.2,21.5,67,89,46
1960-08-30,25.8,30.8,20.6,62,91,40
1960-08-31,26.6,32.4,21.4,60,88,33
1960-09-01,26.9,32.0,21.7,48,84,24
1960-09-02,24.6,27.9,21.4,74,91,56
1960-09-03,24.6,29.5,20.6,72,94,46
1960-09-04,24.2,27.4,20.4,73,93,54
1960-09-05,24.6,28.3,20.8,68,92,46
1960-09-06,25.3,30.3,21.0,67,89,42
1960-09-07,26.1,32.2,21.0,55,87,22
1960-09-08,21.5,25.2,17.6,55,80,38
1960-09-09,19.0,21.4,16.4,82,88,72
1960-09-10,18.3,21.4,15.7,74,87,58
1960-09-11,19.2,21.0,17.5,79,91,67
1960-09-12,20.1,23.0,17.3,79,96,61
1960-09-13,18.8,20.1,17.8,80,92,67
1960-09-14,17.7,19.2,16.0,76,89,64
1960-09-15,18.2,21.3,14.4,73,90,55
1960-09-16,18.8,22.9,14.1,76,97,54
1960-09-17,19.6,24.2,14.9,78,98,55
1960-09-18,19.5,22.9,15.8,78,96,59
1960-09-19,19.1,22.9,16.3,77,98,54
1960-09-20,18.7,22.2,15.6,71,86,52
1960-09-21,18.7,23.2,14.3,75,94,51
1960-09-22,18.9,22.6,16.0,82,98,57
1960-09-23,17.3,20.5,15.3,90,98,70
1960-09-24,16.2,17.7,15.0,74,88,56
1960-09-25,14.3,15.9,12.4,81,92,71
1960-09-26,14.2,16.8,11.4,78,90,64
1960-09-27,15.2,19.9,10.2,77,99,51
1960-09-28,16.7,21.3,11.3,80,98,60
1960-09-29,18.9,24.0,14.4,80,94,58
1960-09-30,19.6,24.7,15.0,81,100,54
1960-10-01,20.4,25.3,15.5,73,88,50
1960-10-02,20.0,26.0,15.0,80,100,52
1960-10-03,20.3,25.4,15.8,79,100,53
1960-10-04,19.4,22.9,15.2,83,100,68
1960-10-05,18.5,20.1,17.3,71,83,62
1960-10-06,17.5,20.4,14.6,80,96,62
1960-10-07,17.2,20.4,13.5,81,99,61
1960-10-08,18.3,22.9,14.7,76,97,48
1960-10-09,18.0,23.5,12.4,68,86,41
1960-10-10,18.6,23.4,13.4,76,92,56
1960-10-11,19.0,23.7,14.1,80,96,58
1960-10-12,17.9,21.9,13.8,76,95,49
1960-10-13,17.2,21.5,12.0,68,93,51
1960-10-14,15.9,20.3,10.5,60,87,34
1960-10-15,15.4,18.3,11.8,79,87,68
1960-10-16,18.2,22.3,15.4,82,92,67
1960-10-17,18.9,22.4,16.3,86,96,65
1960-10-18,15.3,20.2,10.5,67,94,40
1960-10-19,13.9,17.6,11.1,59,74,38
1960-10-20,13.8,18.4,9.5,62,77,40
1960-10-21,14.7,19.9,9.9,77,90,57
1960-10-22,17.3,22.7,13.8,80,92,59
1960-10-23,17.4,22.9,12.4,85,98,64
1960-10-24,17.6,22.1,14.3,88,100,67
1960-10-25,18.0,24.4,13.3,85,100,58
1960-10-26,18.2,24.2,13.6,82,98,55
1960-10-27,18.0,22.4,14.1,84,100,63
1960-10-28,18.7,24.8,14.7,78,92,49
1960-10-29,18.2,23.2,13.9,83,100,57
1960-10-30,17.6,22.9,13.6,85,100,61
1960-10-31,17.3,21.0,12.9,76,99,42
1960-11-01,15.8,20.5,11.3,64,82,40
1960-11-02,14.9,20.1,9.5,71,97,43
1960-11-03,15.1,19.9,9.9,75,97,47
1960-11-04,15.5,20.7,10.7,81,96,56
1960-11-05,15.0,19.4,11.5,87,100,66
1960-11-06,15.8,20.4,12.9,88,99,65
1960-11-07,15.9,20.7,12.2,87,99,62
1960-11-08,16.4,19.5,14.0,79,99,47
1960-11-09,15.2,19.1,11.0,70,89,44
1960-11-10,14.3,18.5,9.0,82,99,67
1960-11-11,15.9,19.5,12.5,79,99,56
1960-11-12,15.3,19.3,11.0,72,92,52
1960-11-13,13.8,18.8,9.0,82,100,58
1960-11-14,13.9,17.5,11.1,87,98,71
1960-11-15,12.8,14.6,11.0,95,100,87
1960-11-16,12.1,16.2,8.5,74,89,54
1960-11-17,12.1,16.4,7.5,70,89,50
1960-11-18,11.5,15.8,7.4,70,85,54
1960-11-19,11.0,15.9,6.6,71,84,45
1960-11-20,12.9,17.9,9.7,80,94,55
1960-11-21,10.0,14.3,6.4,55,67,39
1960-11-22,9.3,14.7,4.4,72,92,48
1960-11-23,9.8,14.8,5.5,85,92,71
1960-11-24,11.3,12.5,10.3,92,97,87
1960-11-25,11.9,15.0,9.1,87,98,72
1960-11-26,12.0,13.7,10.7,78,86,71
1960-11-27,12.1,15.4,9.5,80,90,64
1960-11-28,9.9,14.3,6.1,88,100,71
1960-11-29,10.4,15.3,7.0,91,99,76
1960-11-30,9.0,11.5,6.0,69,97,46
1960-12-01,6.4,11.0,2.4,67,83,43
1960-12-02,6.0,12.2,1.0,76,98,47
1960-12-03,6.4,11.6,2.0,77,95,54
1960-12-04,7.6,13.5,3.1,64,79,44
1960-12-05,7.1,13.4,1.3,77,98,55
1960-12-06,6.4,12.6,2.2,85,99,62
1960-12-07,8.2,12.3,4.5,90,98,79
1960-12-08,13.0,15.8,9.6,95,97,91
1960-12-09,13.5,17.1,9.5,92,99,76
1960-12-10,13.5,16.0,11.9,95,98,86
1960-12-11,13.6,15.7,10.3,83,96,60
1960-12-12,11.8,16.2,8.7,86,94,68
1960-12-13,11.7,13.0,9.8,94,96,93
1960-12-14,10.8,14.6,8.3,89,98,68
1960-12-15,9.1,13.5,4.3,85,100,65
1960-12-16,8.1,12.8,5.2,86,100,66
1960-12-17,7.2,12.1,3.7,83,100,60
1960-12-18,8.4,12.5,4.7,88,99,72
1960-12-19,10.3,12.2,8.5,93,98,89
1960-12-20,9.0,12.8,6.6,88,99,65
1960-12-21,8.7,14.3,3.6,87,100,70
1960-12-22,10.6,15.3,7.0,90,97,76
1960-12-23,10.9,14.5,8.4,84,98,58
1960-12-24,8.7,12.1,5.0,90,99,80
1960-12-25,8.0,10.9,4.9,84,95,64
1960-12-26,7.3,11.8,3.4,85,99,63
1960-12-27,6.8,8.2,5.1,92,95,90
1960-12-28,7.4,11.4,3.4,81,95,63
1960-12-29,7.3,11.1,4.7,83,92,70
1960-12-30,6.5,10.8,2.5,90,100,74
1960-12-31,6.0,8.6,4.5,86,91,78
1961-01-01,6.8,11.3,3.6,77,90,60
1961-01-02,6.9,11.2,3.6,88,97,77
1961-01-03,8.3,11.8,6.2,89,98,70
1961-01-04,8.5,12.3,5.8,88,99,71
1961-01-05,9.7,14.1,6.2,87,96,69
1961-01-06,9.8,13.8,6.6,90,100,71
1961-01-07,7.0,10.6,4.3,90,100,74
1961-01-08,7.5,12.0,3.9,84,99,61
1961-01-09,7.9,10.9,5.3,81,94,65
1961-01-10,7.8,11.5,4.9,84,98,68
1961-01-11,6.5,11.0,2.3,72,88,54
1961-01-12,5.6,10.2,1.8,83,98,61
1961-01-13,6.6,12.0,2.0,80,97,64
1961-01-14,5.5,8.2,3.4,69,87,56
1961-01-15,3.9,7.4,1.0,86,98,65
1961-01-16,4.3,7.6,1.3,88,96,68
1961-01-17,4.6,7.9,1.9,71,93,49
1961-01-18,0.6,2.2,-2.5,47,61,34
1961-01-19,-2.0,0.9,-4.0,46,61,40
1961-01-20,-2.3,0.5,-4.3,43,53,37
1961-01-21,-1.7,1.9,-4.4,55,69,40
1961-01-22,-0.1,4.4,-3.0,63,79,39
1961-01-23,1.4,6.8,-1.8,77,93,65
1961-01-24,3.5,9.3,-1.0,88,96,71
1961-01-25,7.1,11.3,4.6,88,95,75
1961-01-26,5.0,8.7,1.1,91,100,83
1961-01-27,2.2,3.9,1.0,91,97,79
1961-01-28,2.2,4.9,0.1,83,96,60
1961-01-29,1.4,6.0,-2.2,76,91,54
1961-01-30,1.9,6.7,-1.9,72,89,51
1961-01-31,2.5,8.1,-2.6,75,95,54
1961-02-01,5.1,10.9,0.8,69,84,51
1961-02-02,5.7,10.5,2.4,86,96,77
1961-02-03,3.3,6.6,-0.7,87,96,75
1961-02-04,4.6,9.2,1.1,78,99,52
1961-02-05,3.5,8.5,-1.5,65,83,45
1961-02-06,4.2,8.2,1.9,61,77,42
1961-02-07,2.3,6.4,-2.0,64,81,45
1961-02-08,2.7,5.9,-0.2,84,95,74
1961-02-09,3.6,8.0,0.8,77,95,50
1961-02-10,3.0,8.5,-1.8,72,93,48
1961-02-11,4.3,8.9,-0.2,73,88,52
1961-02-12,4.6,8.4,1.1,78,92,59
1961-02-13,5.4,11.0,0.5,73,94,49
1961-02-14,5.9,10.9,2.0,66,82,42
1961-02-15,4.6,9.4,-0.1,66,87,41
1961-02-16,5.6,12.7,-0.9,63,82,44
1961-02-17,7.8,14.2,2.0,63,75,48
1961-02-18,6.9,12.2,1.8,73,90,54
1961-02-19,7.7,13.9,1.5,70,86,51
1961-02-20,9.1,15.5,3.9,68,85,44
1961-02-21,8.0,13.4,1.8,81,100,61
1961-02-22,8.1,12.4,4.3,84,98,62
1961-02-23,6.6,8.3,5.2,88,95,80
1961-02-24,6.6,9.6,4.8,81,93,57
1961-02-25,5.9,10.2,2.2,80,97,52
1961-02-26,4.5,6.7,1.9,80,89,72
1961-02-27,4.0,5.8,2.6,73,85,67
1961-02-28,4.0,7.3,0.9,80,94,64
1961-03-01,5.3,9.4,1.8,80,95,64
1961-03-02,6.1,9.2,3.4,85,94,70
1961-03-03,5.5,6.5,4.7,90,94,85
1961-03-04,7.0,9.4,5.4,85,95,68
1961-03-05,7.2,9.5,5.6,79,96,61
1961-03-06,7.4,13.9,0.7,74,92,49
1961-03-07,9.1,14.3,5.1,74,94,47
1961-03-08,10.6,17.6,3.7,68,85,46
1961-03-09,10.6,16.5,4.8,73,89,51
1961-03-10,11.3,18.0,4.6,70,87,47
1961-03-11,12.8,19.3,7.0,74,88,51
1961-03-12,14.1,20.9,7.6,68,88,41
1961-03-13,13.5,20.7,6.9,65,78,40
1961-03-14,13.9,17.5,11.0,58,77,41
1961-03-15,13.2,17.7,8.7,66,84,50
1961-03-16,13.1,18.3,8.7,65,81,41
1961-03-17,13.4,19.2,6.9,63,85,35
1961-03-18,12.0,16.2,8.5,78,91,57
1961-03-19,11.7,16.7,5.7,82,100,58
1961-03-20,12.7,18.2,8.0,79,99,56
1961-03-21,13.9,18.0,9.0,76,94,56
1961-03-22,13.8,18.4,9.6,80,93,57
1961-03-23,7.2,11.4,4.6,74,88,63
1961-03-24,7.9,13.2,3.4,62,87,35
1961-03-25,10.3,16.2,3.8,61,85,37
1961-03-26,11.7,16.3,6.0,69,92,46
1961-03-27,12.7,16.1,9.2,66,85,45
1961-03-28,13.1,18.3,8.9,62,84,38
1961-03-29,8.7,12.9,4.7,49,71,27
1961-03-30,9.4,15.4,3.9,59,81,39
1961-03-31,11.5,17.0,6.1,68,91,42
1961-04-01,13.3,19.6,7.9,67,89,37
1961-04-02,12.3,16.8,7.3,78,98,55
1961-04-03,13.2,17.7,9.4,80,99,57
1961-04-04,15.4,20.9,10.6,73,93,49
1961-04-05,16.0,21.2,11.2,75,94,50
1961-04-06,16.3,21.4,11.9,76,92,54
1961-04-07,16.7,22.6,11.8,69,92,39
1961-04-08,16.9,22.2,12.3,62,81,40
1961-04-09,17.8,23.7,13.0,64,81,43
1961-04-10,16.8,19.8,13.4,70,88,52
1961-04-11,13.7,15.9,11.7,83,94,69
1961-04-12,15.3,18.6,12.3,82,95,63
1961-04-13,14.5,17.2,11.4,83,100,64
1961-04-14,15.1,19.3,9.8,78,100,59
1961-04-15,16.4,22.0,10.4,72,98,46
1961-04-16,17.3,22.1,13.5,68,87,47
1961-04-17,18.6,23.5,13.9,66,83,48
1961-04-18,19.4,25.1,14.5,73,91,50
1961-04-19,19.0,24.1,14.1,75,96,52
1961-04-20,18.7,23.8,13.4,74,100,42
1961-04-21,18.2,21.8,14.3,56,72,40
1961-04-22,14.7,17.7,12.3,81,94,65
1961-04-23,14.2,15.7,12.5,83,92,73
1961-04-24,14.4,17.6,12.4,90,97,80
1961-04-25,15.2,19.3,11.4,77,100,49
1961-04-26,15.6,20.3,10.7,69,86,44
1961-04-27,16.2,20.0,13.2,76,93,56
1961-04-28,16.7,21.8,11.7,70,93,45
1961-04-29,17.1,21.6,12.0,74,93,53
1961-04-30,17.1,20.5,13.7,77,92,60
1961-05-01,17.7,22.4,12.8,75,100,47
1961-05-02,17.3,21.5,13.0,71,92,49
1961-05-03,16.7,21.8,10.8,69,89,47
1961-05-04,18.5,23.4,13.1,73,99,44
1961-05-05,19.0,24.3,12.7,65,89,36
1961-05-06,18.2,21.6,15.3,72,90,53
1961-05-07,17.9,21.8,13.0,66,87,50
1961-05-08,19.4,23.7,15.6,68,81,58
1961-05-09,19.2,22.9,16.2,70,85,54
1961-05-10,18.2,22.8,13.9,74,89,54
1961-05-11,17.5,20.7,14.8,73,83,61
1961-05-12,15.7,20.4,10.7,57,82,32
1961-05-13,15.7,19.8,10.6,60,80,39
1961-05-14,14.5,16.5,12.7,76,91,65
1961-05-15,16.9,22.9,11.7,68,96,42
1961-05-16,19.6,25.5,14.2,63,86,41
1961-05-17,20.7,27.3,13.4,64,94,38
1961-05-18,19.7,24.1,13.5,62,97,41
1961-05-19,16.8,18.5,15.7,69,79,58
1961-05-20,17.2,20.8,14.4,84,94,67
1961-05-21,17.7,22.6,12.7,65,86,41
1961-05-22,18.6,22.9,14.6,61,78,43
1961-05-23,19.2,23.4,14.9,62,84,39
1961-05-24,18.4,22.7,13.6,70,88,52
1961-05-25,19.1,23.8,13.7,66,95,41
1961-05-26,19.2,23.3,14.9,68,91,47
1961-05-27,20.0,24.7,15.4,74,99,50
1961-05-28,21.1,25.7,16.1,74,96,53
1961-05-29,21.6,25.9,16.9,74,98,52
1961-05-30,24.1,30.9,17.5,63,94,30
1961-05-31,24.3,29.3,18.0,51,73,30
1961-06-01,23.5,27.8,19.3,62,80,41
1961-06-02,24.1,29.3,18.7,63,94,38
1961-06-03,23.1,28.4,17.5,55,88,26
1961-06-04,22.1,26.7,17.1,48,70,27
1961-06-05,22.1,27.4,16.3,50,73,29
1961-06-06,21.8,25.6,17.0,62,88,39
1961-06-07,23.1,26.6,19.6,59,83,39
1961-06-08,22.7,26.9,19.0,64,82,43
1961-06-09,22.0,26.3,17.7,63,87,41
1961-06-10,22.2,26.4,17.8,65,94,42
1961-06-11,22.4,26.4,19.0,66,87,42
1961-06-12,21.6,27.8,14.7,54,94,24
1961-06-13,23.1,27.6,18.9,57,80,37
1961-06-14,24.1,29.1,19.5,60,83,36
1961-06-15,25.1,29.8,20.2,58,81,38
1961-06-16,22.4,25.8,19.1,74,91,57
1961-06-17,22.5,25.4,17.7,72,92,57
1961-06-18,23.7,27.6,20.5,68,87,49
1961-06-19,24.0,28.7,20.3,69,93,41
1961-06-20,23.3,28.1,17.9,68,96,39
1961-06-21,25.7,30.2,20.7,57,83,35
1961-06-22,25.1,28.9,21.5,66,86,50
1961-06-23,25.5,28.8,22.7,71,85,54
1961-06-24,26.3,31.7,21.5,61,85,31
1961-06-25,25.7,30.4,21.5,66,87,41
1961-06-26,26.1,30.5,22.3,68,89,45
1961-06-27,26.6,29.9,23.5,62,80,46
1961-06-28,26.9,32.0,22.3,58,78,39
1961-06-29,26.3,30.8,22.8,63,82,44
1961-06-30,23.5,27.2,19.8,60,75,42
1961-07-01,22.1,25.7,18.4,72,92,52
1961-07-02,23.9,28.5,18.5,61,91,34
1961-07-03,24.9,29.2,21.0,61,83,36
1961-07-04,25.6,30.3,21.6,61,83,38
1961-07-05,26.3,31.2,21.8,60,82,38
1961-07-06,25.8,30.4,21.5,56,81,35
1961-07-07,25.2,29.5,21.6,65,86,42
1961-07-08,24.5,27.4,21.9,72,88,59
1961-07-09,23.7,28.0,19.8,72,92,49
1961-07-10,23.7,28.2,19.2,52,82,28
1961-07-11,23.4,28.2,17.6,50,74,29
1961-07-12,25.3,30.4,20.0,57,82,33
1961-07-13,25.9,30.3,20.6,62,91,40
1961-07-14,27.6,33.9,20.9,60,88,33
1961-07-15,26.9,30.3,22.4,67,88,50
1961-07-16,27.2,30.9,24.0,64,81,48
1961-07-17,28.3,34.2,22.6,53,78,27
1961-07-18,27.9,32.8,22.4,47,76,21
1961-07-19,25.4,30.7,20.3,44,68,23
1961-07-20,25.2,29.0,20.2,62,88,44
1961-07-21,27.5,33.6,20.8,54,89,24
1961-07-22,26.5,30.0,23.0,60,79,42
1961-07-23,26.4,30.6,22.3,65,88,43
1961-07-24,26.8,32.1,21.0,62,91,37
1961-07-25,26.0,29.5,22.5,59,83,42
1961-07-26,24.2,28.7,19.6,65,92,39
1961-07-27,25.0,28.5,21.8,61,80,39
1961-07-28,24.6,28.8,20.1,68,92,45
1961-07-29,25.8,30.0,21.9,64,85,43
1961-07-30,26.5,30.7,22.3,67,88,46
1961-07-31,26.0,30.5,21.4,48,81,31
1961-08-01,25.3,31.1,19.6,37,56,20
1961-08-02,25.3,29.6,21.6,56,78,36
1961-08-03,26.1,31.7,20.6,59,92,32
1961-08-04,27.8,33.6,20.8,48,76,21
1961-08-05,27.6,32.6,21.9,48,77,28
1961-08-06,28.4,33.6,22.3,51,78,30
1961-08-07,27.6,30.9,23.7,57,78,41
1961-08-08,27.1,31.3,22.8,60,80,42
1961-08-09,28.4,34.7,22.2,54,89,23
1961-08-10,29.5,35.6,23.3,49,79,24
1961-08-11,29.9,35.1,25.1,47,72,27
1961-08-12,29.6,34.3,26.3,51,70,35
1961-08-13,29.5,34.8,25.3,56,78,33
1961-08-14,29.1,34.8,24.6,55,76,35
1961-08-15,28.2,31.9,25.2,56,74,36
1961-08-16,26.5,28.7,24.6,68,83,58
1961-08-17,26.5,31.2,22.7,62,88,35
1961-08-18,23.3,27.0,19.6,38,57,20
1961-08-19,22.3,27.8,17.1,40,57,21
1961-08-20,23.1,28.4,17.3,60,89,35
1961-08-21,26.1,33.4,18.2,49,80,21
1961-08-22,25.5,29.8,21.2,58,77,37
1961-08-23,25.9,30.2,21.7,61,82,41
1961-08-24,25.6,30.2,21.2,41,65,22
1961-08-25,23.2,27.0,18.9,65,89,44
1961-08-26,23.8,28.8,19.0,61,91,36
1961-08-27,24.9,31.0,19.2,58,93,26
1961-08-28,25.8,31.5,21.2,52,81,24
1961-08-29,26.0,32.0,20.7,51,80,22
1961-08-30,26.1,32.0,21.5,51,76,24
1961-08-31,22.9,26.0,20.2,69,83,54
1961-09-01,21.1,24.6,18.4,70,90,48
1961-09-02,21.2,25.6,16.9,57,84,29
1961-09-03,21.9,26.8,17.5,54,79,28
1961-09-04,22.3,28.0,17.0,59,90,28
1961-09-05,23.6,30.5,16.0,60,97,26
1961-09-06,23.9,29.9,18.5,59,88,28
1961-09-07,24.9,31.1,18.9,57,83,33
1961-09-08,27.1,34.1,19.1,45,77,19
1961-09-09,27.4,33.6,21.0,43,70,21
1961-09-10,21.7,24.0,18.7,67,92,44
1961-09-11,20.4,24.7,17.3,57,71,37
1961-09-12,18.6,21.1,15.6,73,91,61
1961-09-13,19.6,24.1,15.5,70,97,43
1961-09-14,20.6,25.8,14.8,70,99,42
1961-09-15,22.3,28.5,16.7,65,91,33
1961-09-16,23.5,29.0,18.5,52,84,26
1961-09-17,21.9,25.8,19.1,69,86,49
1961-09-18,22.4,28.5,17.2,69,97,36
1961-09-19,23.3,28.6,18.8,67,90,43
1961-09-20,24.3,30.8,18.4,61,88,30
1961-09-21,21.2,23.9,18.2,74,92,60
1961-09-22,18.4,19.7,17.1,78,88,67
1961-09-23,16.4,17.6,15.1,73,87,65
1961-09-24,17.2,20.4,14.5,66,82,46
1961-09-25,17.1,22.2,11.6,74,99,44
1961-09-26,17.8,23.3,12.3,74,100,45
1961-09-27,19.3,25.3,12.0,64,100,28
1961-09-28,20.1,26.2,14.7,55,82,24
1961-09-29,19.7,26.2,12.4,67,97,35
1961-09-30,20.8,27.2,13.9,72,100,42
1961-10-01,21.0,26.7,15.6,71,98,42
1961-10-02,21.4,27.2,16.9,67,90,38
1961-10-03,19.8,22.6,17.1,74,91,57
1961-10-04,18.9,21.2,17.0,68,82,51
1961-10-05,18.3,21.9,15.3,68,92,43
1961-10-06,18.3,21.4,15.9,61,79,41
1961-10-07,17.2,20.8,13.5,64,86,39
1961-10-08,17.0,21.0,14.1,67,85,45
1961-10-09,16.1,18.3,14.7,85,93,69
1961-10-10,17.2,21.4,13.5,73,92,46
1961-10-11,16.2,20.4,10.9,63,92,34
1961-10-12,15.0,18.5,11.7,58,85,31
1961-10-13,13.6,17.9,9.0,60,86,32
1961-10-14,14.7,21.0,9.2,56,80,34
1961-10-15,15.0,19.2,11.5,49,62,31
1961-10-16,13.3,18.2,8.2,65,98,35
1961-10-17,14.5,20.5,6.9,66,97,34
1961-10-18,14.7,20.3,9.1,80,99,55
1961-10-19,16.9,21.8,12.0,82,98,59
1961-10-20,17.8,22.7,14.2,82,97,55
1961-10-21,17.0,21.2,13.5,77,97,50
1961-10-22,15.9,18.5,13.8,85,95,72
1961-10-23,14.8,17.1,13.3,76,92,55
1961-10-24,14.3,17.3,12.1,75,93,54
1961-10-25,13.1,15.6,10.6,82,97,63
1961-10-26,13.5,17.6,10.1,74,98,48
1961-10-27,14.6,18.9,10.1,68,95,45
1961-10-28,14.6,20.0,8.3,69,95,44
1961-10-29,14.4,19.5,8.4,82,99,63
1961-10-30,15.1,21.5,10.5,81,100,47
1961-10-31,16.2,22.3,11.0,79,98,53
1961-11-01,16.6,22.1,11.9,76,97,48
1961-11-02,15.4,19.3,12.1,72,93,43
1961-11-03,13.9,17.5,9.5,81,100,56
1961-11-04,13.3,16.6,9.1,84,100,68
1961-11-05,16.0,18.1,14.0,91,96,82
1961-11-06,16.0,17.3,14.1,86,94,67
1961-11-07,14.3,17.2,12.4,80,92,61
1961-11-08,12.8,16.9,8.3,82,100,63
1961-11-09,12.8,17.5,8.0,78,98,52
1961-11-10,12.7,17.5,7.8,84,100,65
1961-11-11,13.8,17.5,10.8,88,99,71
1961-11-12,15.5,18.8,12.0,84,99,66
1961-11-13,15.9,19.9,13.3,88,96,69
1961-11-14,15.6,19.0,12.7,88,98,71
1961-11-15,15.9,20.3,12.7,84,99,63
1961-11-16,14.5,17.4,10.0,84,100,73
1961-11-17,13.8,15.1,12.6,91,96,82
1961-11-18,11.9,15.3,9.0,74,94,49
1961-11-19,10.8,15.1,7.3,73,85,52
1961-11-20,8.8,10.6,6.0,54,84,34
1961-11-21,4.2,6.9,1.6,50,64,38
1961-11-22,3.6,9.4,-0.7,58,74,35
1961-11-23,5.2,10.7,1.9,66,84,37
1961-11-24,6.0,12.2,1.4,72,87,51
1961-11-25,7.3,13.7,2.4,87,98,69
1961-11-26,10.4,15.9,5.9,85,99,64
1961-11-27,10.0,15.8,5.9,87,99,67
1961-11-28,10.3,15.2,6.8,92,99,77
1961-11-29,12.1,17.2,9.2,90,99,71
1961-11-30,11.6,15.9,9.1,94,100,81
1961-12-01,11.7,16.0,9.7,93,99,78
1961-12-02,11.7,15.5,9.1,92,99,77
1961-12-03,11.1,14.8,8.7,86,100,64
1961-12-04,10.5,15.8,6.0,79,99,57
1961-12-05,9.1,14.8,4.4,81,100,57
1961-12-06,7.9,13.1,3.8,86,100,64
1961-12-07,10.2,13.7,7.0,89,96,77
1961-12-08,7.2,10.2,4.8,89,94,82
1961-12-09,5.6,7.1,4.6,74,82,66
1961-12-10,7.9,10.9,5.5,75,88,61
1961-12-11,8.7,10.8,7.0,83,92,70
1961-12-12,8.8,14.0,4.8,78,95,57
1961-12-13,9.5,14.4,5.6,71,86,57
1961-12-14,7.6,9.9,4.3,57,64,43
1961-12-15,1.2,3.8,-0.7,44,57,35
1961-12-16,-1.1,0.3,-1.9,56,76,43
1961-12-17,-3.3,-1.3,-5.5,70,77,61
1961-12-18,-4.4,-1.7,-7.6,68,73,62
1961-12-19,-2.0,0.7,-3.4,74,79,66
1961-12-20,-2.6,1.7,-5.9,74,79,63
1961-12-21,-3.1,3.4,-9.4,73,81,59
1961-12-22,-0.5,3.1,-2.5,71,80,58
1961-12-23,-1.0,3.6,-4.5,71,79,55
1961-12-24,1.2,4.7,-3.1,88,99,79
1961-12-25,4.4,9.4,1.8,95,100,80
1961-12-26,4.8,8.5,1.9,94,99,83
1961-12-27,6.1,9.9,3.0,95,99,89
1961-12-28,7.0,11.8,3.8,96,99,84
1961-12-29,8.7,11.6,6.6,96,99,90
1961-12-30,10.4,14.3,7.0,89,99,71
1961-12-31,7.2,12.8,2.8,86,98,67
1962-01-01,6.1,11.2,2.8,89,99,72
1962-01-02,6.9,13.2,2.8,89,97,74
1962-01-03,8.7,15.2,4.2,85,99,60
1962-01-04,6.3,7.3,5.4,84,89,76
1962-01-05,5.4,7.5,3.5,83,97,69
1962-01-06,3.1,7.7,-1.3,82,98,61
1962-01-07,3.2,8.7,-0.7,75,97,44
1962-01-08,3.4,5.8,1.2,69,79,59
1962-01-09,3.1,6.5,0.9,76,88,57
1962-01-10,1.0,5.1,-2.4,82,96,59
1962-01-11,2.4,6.9,-0.7,79,90,66
1962-01-12,4.8,9.0,1.3,84,91,73
1962-01-13,7.7,10.8,5.4,92,97,81
1962-01-14,7.8,12.0,4.1,90,100,71
1962-01-15,7.9,14.4,2.5,89,97,71
1962-01-16,9.1,12.8,7.4,89,98,73
1962-01-17,8.3,10.8,7.1,81,91,73
1962-01-18,6.7,11.9,2.8,88,100,69
1962-01-19,6.4,12.5,1.0,80,100,56
1962-01-20,7.4,14.1,3.0,77,88,57
1962-01-21,7.4,13.5,1.7,75,90,56
1962-01-22,6.1,11.3,0.3,83,99,64
1962-01-23,5.8,11.2,1.2,89,99,69
1962-01-24,8.0,12.3,5.2,80,93,57
1962-01-25,6.6,11.8,2.2,75,91,52
1962-01-26,5.7,10.9,0.7,80,99,60
1962-01-27,6.6,10.7,3.7,70,86,45
1962-01-28,5.5,8.9,3.3,59,81,36
1962-01-29,2.1,5.3,-0.5,81,99,55
1962-01-30,1.0,2.9,-1.5,84,98,69
1962-01-31,1.2,2.8,-1.2,93,98,87
1962-02-01,2.2,4.6,-0.3,91,94,85
1962-02-02,1.3,2.4,-0.2,94,98,88
1962-02-03,0.2,3.0,-3.0,78,94,63
1962-02-04,-1.7,3.1,-6.2,78,87,64
1962-02-05,-1.7,3.9,-7.0,81,91,68
1962-02-06,-0.1,3.3,-3.7,85,95,75
1962-02-07,0.4,4.3,-3.8,73,83,56
1962-02-08,-1.4,4.9,-5.7,73,94,43
1962-02-09,-0.8,6.7,-6.8,80,93,56
1962-02-10,2.6,8.6,-1.6,75,87,56
1962-02-11,3.3,7.5,-0.0,78,89,67
1962-02-12,4.9,9.4,1.2,80,92,59
1962-02-13,6.1,11.7,1.2,85,95,70
1962-02-14,10.6,13.1,8.9,83,92,69
1962-02-15,4.5,8.7,1.3,58,84,39
1962-02-16,1.4,4.5,-1.2,57,69,42
1962-02-17,3.1,8.7,-2.1,61,83,44
1962-02-18,4.4,7.8,1.8,59,77,35
1962-02-19,2.2,5.3,-0.2,52,66,38
1962-02-20,4.6,10.6,0.1,64,77,47
1962-02-21,5.1,11.6,-0.2,67,83,45
1962-02-22,4.5,8.1,1.9,61,76,42
1962-02-23,3.4,5.9,2.0,83,93,64
1962-02-24,2.6,5.1,1.0,93,99,80
1962-02-25,2.7,7.8,-2.4,75,97,50
1962-02-26,3.9,9.8,-1.5,72,95,49
1962-02-27,4.8,7.9,1.8,88,95,79
1962-02-28,6.7,9.0,4.8,86,93,77
1962-03-01,9.0,12.8,7.0,89,99,84
1962-03-02,8.7,14.0,5.0,90,100,70
1962-03-03,9.8,14.6,3.4,76,97,57
1962-03-04,11.5,17.6,5.0,81,96,61
1962-03-05,12.1,17.3,8.2,88,100,70
1962-03-06,13.3,18.4,9.4,88,99,68
1962-03-07,13.1,17.1,10.3,89,97,70
1962-03-08,6.6,9.8,3.5,56,83,42
1962-03-09,4.7,9.3,1.1,55,74,44
1962-03-10,5.6,8.7,0.0,77,98,64
1962-03-11,5.7,7.9,3.1,81,93,69
1962-03-12,8.5,12.3,5.3,85,95,71
1962-03-13,10.1,14.7,5.4,84,97,66
1962-03-14,10.9,14.9,6.9,89,96,77
1962-03-15,13.1,14.8,9.6,89,95,82
1962-03-16,2.9,9.3,0.1,72,95,57
1962-03-17,2.5,7.2,-1.1,60,80,50
1962-03-18,3.9,9.0,-0.8,66,89,42
1962-03-19,3.9,7.0,1.4,64,78,53
1962-03-20,4.3,7.5,0.1,83,91,74
1962-03-21,6.7,8.9,4.5,83,91,73
1962-03-22,8.3,10.2,7.0,92,97,88
1962-03-23,10.7,15.0,7.2,86,98,68
1962-03-24,12.1,17.5,7.3,76,91,52
1962-03-25,11.2,15.7,6.1,90,98,73
1962-03-26,13.4,17.2,10.0,85,99,63
1962-03-27,10.1,14.9,5.3,64,84,41
1962-03-28,10.4,14.8,6.2,66,84,51
1962-03-29,10.4,15.0,6.4,61,92,33
1962-03-30,11.0,15.6,5.2,71,91,56
1962-03-31,11.9,17.5,5.7,83,100,62
1962-04-01,14.3,21.3,7.5,83,100,58
1962-04-02,12.0,14.6,9.9,78,91,68
1962-04-03,12.1,15.9,10.2,77,95,51
1962-04-04,11.2,14.1,8.2,79,92,63
1962-04-05,11.7,16.5,8.0,83,93,65
1962-04-06,12.7,17.2,8.3,63,93,34
1962-04-07,12.0,16.3,7.3,56,79,39
1962-04-08,11.0,15.4,7.7,54,68,33
1962-04-09,10.9,15.6,5.6,68,87,48
1962-04-10,11.8,16.3,6.6,79,96,59
1962-04-11,12.2,16.4,8.6,81,100,54
1962-04-12,11.6,15.0,9.4,85,96,64
1962-04-13,12.0,15.7,7.7,75,100,49
1962-04-14,12.1,16.7,6.9,73,96,51
1962-04-15,13.0,18.0,7.4,68,86,48
1962-04-16,14.4,19.6,10.5,69,88,41
1962-04-17,15.0,19.7,10.9,73,91,47
1962-04-18,16.4,21.7,10.7,66,90,39
1962-04-19,16.2,20.6,12.7,70,90,52
1962-04-20,15.5,19.9,11.6,76,93,57
1962-04-21,15.9,20.6,10.8,73,99,51
1962-04-22,16.4,21.1,12.4,68,92,41
1962-04-23,16.9,21.2,12.6,62,83,39
1962-04-24,17.4,22.1,14.0,59,80,38
1962-04-25,17.8,23.5,12.7,61,83,29
1962-04-26,18.0,24.5,12.9,64,88,36
1962-04-27,14.6,18.7,10.1,78,94,58
1962-04-28,16.2,21.8,11.3,77,99,53
1962-04-29,17.1,21.0,11.6,69,96,42
1962-04-30,17.1,21.8,11.4,70,95,47
1962-05-01,15.3,18.8,10.6,57,79,38
1962-05-02,12.9,15.3,10.6,76,93,59
1962-05-03,13.7,19.0,8.3,58,75,38
1962-05-04,16.1,20.1,11.8,64,88,40
1962-05-05,15.1,18.7,11.8,74,92,52
1962-05-06,16.3,21.8,9.5,64,94,32
1962-05-07,17.1,22.3,9.9,61,91,34
1962-05-08,18.7,23.8,13.3,61,83,40
1962-05-09,20.5,26.4,15.2,64,83,42
1962-05-10,22.4,28.4,17.5,59,80,38
1962-05-11,22.1,27.0,16.6,65,84,47
1962-05-12,21.7,26.3,17.5,67,87,45
1962-05-13,21.8,27.4,16.1,67,98,40
1962-05-14,22.0,27.5,16.3,64,89,42
1962-05-15,23.3,28.9,16.9,54,86,30
1962-05-16,20.5,24.6,14.6,41,64,26
1962-05-17,19.1,23.6,14.5,49,79,32
1962-05-18,19.7,24.8,15.0,59,80,37
1962-05-19,21.7,27.8,16.5,59,80,35
1962-05-20,22.4,27.4,18.6,53,72,30
1962-05-21,23.1,29.2,16.6,51,77,31
1962-05-22,21.5,25.4,17.4,57,76,42
1962-05-23,21.8,26.9,17.3,66,91,39
1962-05-24,22.3,27.7,17.0,65,91,41
1962-05-25,23.3,29.0,18.2,59,82,33
1962-05-26,24.2,28.9,20.2,58,80,35
1962-05-27,24.8,29.7,20.6,57,74,37
1962-05-28,25.1,29.9,20.6,59,82,36
1962-05-29,25.4,29.9,21.4,60,81,37
1962-05-30,26.0,31.1,21.5,58,79,36
1962-05-31,26.5,31.7,21.5,58,78,36
1962-06-01,26.8,32.1,22.0,57,79,33
1962-06-02,27.3,32.3,22.2,54,79,33
1962-06-03,27.6,33.1,22.0,52,77,28
1962-06-04,23.6,27.9,18.8,46,63,29
1962-06-05,18.9,20.9,16.4,54,77,46
1962-06-06,16.4,21.6,12.7,54,81,27
1962-06-07,16.5,20.5,12.5,38,57,23
1962-06-08,16.9,22.0,11.5,38,57,24
1962-06-09,16.8,19.3,12.4,61,83,40
1962-06-10,17.1,20.2,14.2,70,87,56
1962-06-11,18.4,22.8,14.1,72,97,46
1962-06-12,17.8,22.6,12.9,67,91,44
1962-06-13,20.3,25.9,14.2,59,82,39
1962-06-14,21.4,27.0,15.4,60,84,34
1962-06-15,22.4,28.7,16.1,69,98,42
1962-06-16,23.5,28.3,19.2,64,87,42
1962-06-17,23.6,27.9,20.3,65,83,46
1962-06-18,24.3,28.7,20.4,59,80,42
1962-06-19,23.4,26.6,19.3,70,88,56
1962-06-20,25.7,31.2,20.5,57,86,29
1962-06-21,27.0,31.4,21.8,51,72,36
1962-06-22,26.4,30.9,22.1,59,76,40
1962-06-23,27.5,32.4,23.0,55,84,27
1962-06-24,28.1,32.5,24.1,50,68,33
1962-06-25,28.3,33.3,22.9,53,76,31
1962-06-26,27.7,32.1,24.6,56,73,40
1962-06-27,27.5,32.4,21.5,57,86,35
1962-06-28,28.2,33.4,21.9,50,80,27
1962-06-29,24.5,27.0,21.4,56,73,49
1962-06-30,23.1,26.0,20.4,69,85,57
1962-07-01,22.3,26.4,18.6,69,91,47
1962-07-02,21.2,26.1,18.4,66,91,42
1962-07-03,21.2,26.3,16.4,52,88,28
1962-07-04,23.6,28.2,17.7,53,78,35
1962-07-05,24.0,29.4,18.3,67,99,38
1962-07-06,25.6,31.0,20.8,63,84,39
1962-07-07,28.7,35.2,22.5,54,86,27
1962-07-08,27.6,32.1,22.8,42,69,22
1962-07-09,25.8,31.1,20.0,49,82,19
1962-07-10,24.9,29.3,20.7,59,83,37
1962-07-11,26.2,32.0,20.8,59,86,35
1962-07-12,28.1,34.6,21.5,57,87,33
1962-07-13,29.4,35.5,23.6,60,88,35
1962-07-14,28.4,33.1,24.8,53,75,32
1962-07-15,25.9,29.2,22.0,69,90,50
1962-07-16,27.3,31.8,22.5,57,83,36
1962-07-17,28.2,32.8,24.2,53,73,32
1962-07-18,27.5,31.7,22.5,50,83,28
1962-07-19,24.5,26.7,21.4,61,83,43
1962-07-20,23.6,29.0,19.4,59,82,34
1962-07-21,25.2,31.1,19.9,54,82,33
1962-07-22,26.1,32.4,21.0,65,93,31
1962-07-23,26.5,32.4,21.6,65,90,39
1962-07-24,27.6,33.6,22.0,61,85,36
1962-07-25,27.0,31.5,22.5,65,87,41
1962-07-26,27.9,32.3,23.3,63,88,40
1962-07-27,27.4,32.4,23.0,57,77,39
1962-07-28,28.4,34.7,23.0,58,80,34
1962-07-29,29.2,34.8,24.2,60,88,33
1962-07-30,28.1,31.5,25.0,59,77,40
1962-07-31,28.4,33.4,23.5,55,79,35
1962-08-01,27.4,32.4,22.7,42,60,19
1962-08-02,25.7,29.2,21.9,55,78,41
1962-08-03,26.0,31.1,20.6,62,92,37
1962-08-04,28.2,34.7,22.1,49,77,23
1962-08-05,29.8,36.1,23.3,47,76,23
1962-08-06,30.5,36.7,24.3,44,71,20
1962-08-07,29.8,34.4,26.0,53,70,35
1962-08-08,29.5,34.6,25.1,54,80,32
1962-08-09,29.2,34.8,24.3,54,78,30
1962-08-10,29.1,34.3,24.2,58,81,37
1962-08-11,29.6,35.0,25.3,53,76,31
1962-08-12,29.6,34.8,24.3,47,71,25
1962-08-13,29.6,35.1,23.0,44,76,22
1962-08-14,28.9,32.7,24.4,52,76,37
1962-08-15,29.0,33.5,24.0,56,80,35
1962-08-16,29.3,34.5,24.5,50,71,28
1962-08-17,29.1,34.3,24.5,54,78,30
1962-08-18,29.4,35.4,23.5,50,75,25
1962-08-19,29.3,35.2,22.9,49,75,23
1962-08-20,27.5,32.3,22.7,43,71,23
1962-08-21,26.2,31.1,21.2,34,58,19
1962-08-22,24.5,29.0,19.1,57,81,34
1962-08-23,24.0,27.7,21.0,66,86,46
1962-08-24,25.0,30.2,20.5,63,90,35
1962-08-25,25.2,30.5,20.4,65,93,38
1962-08-26,26.9,33.3,21.3,60,90,31
1962-08-27,26.6,31.4,22.1,65,90,42
1962-08-28,27.4,33.1,22.5,57,86,32
1962-08-29,28.1,34.3,22.1,54,82,28
1962-08-30,29.3,35.8,23.6,49,78,21
1962-08-31,27.5,31.9,24.0,56,75,36
1962-09-01,26.5,31.5,22.1,60,84,35
1962-09-02,24.9,28.5,21.1,68,92,42
1962-09-03,23.9,27.2,20.9,63,83,46
1962-09-04,24.0,28.8,19.2,69,94,45
1962-09-05,24.8,29.7,19.7,65,95,39
1962-09-06,26.1,32.5,19.2,62,98,29
1962-09-07,26.8,33.1,21.2,60,92,28
1962-09-08,28.1,34.6,21.8,51,81,25
1962-09-09,27.2,32.1,21.6,49,83,30
1962-09-10,22.9,27.5,19.1,43,67,25
1962-09-11,21.6,26.2,16.7,66,93,41
1962-09-12,23.9,31.2,17.6,58,94,19
1962-09-13,25.4,32.6,19.2,60,89,26
1962-09-14,25.7,31.9,19.3,51,91,23
1962-09-15,21.9,24.3,19.7,57,76,46
1962-09-16,21.0,25.6,16.0,69,94,46
1962-09-17,21.9,27.2,16.5,67,96,39
1962-09-18,22.6,27.8,16.7,65,98,36
1962-09-19,23.8,29.5,18.6,65,90,37
1962-09-20,25.0,31.1,19.1,61,96,26
1962-09-21,25.1,31.5,19.8,63,97,29
1962-09-22,20.6,23.5,17.3,48,75,27
1962-09-23,18.1,22.3,13.8,36,53,21
1962-09-24,16.8,20.7,12.3,53,72,36
1962-09-25,15.4,17.9,13.2,80,90,68
1962-09-26,15.8,17.6,14.6,86,94,74
1962-09-27,18.4,22.4,15.4,79,94,57
1962-09-28,19.3,22.9,16.0,82,97,61
1962-09-29,19.6,23.8,16.3,80,98,55
1962-09-30,19.3,23.5,16.4,84,97,63
1962-10-01,18.0,20.8,15.8,91,99,75
1962-10-02,19.7,25.3,15.4,78,97,50
1962-10-03,19.7,24.0,16.0,76,94,51
1962-10-04,19.1,23.2,15.5,71,92,49
1962-10-05,19.2,24.4,14.4,70,88,45
1962-10-06,19.1,23.5,15.9,75,93,47
1962-10-07,18.3,22.8,13.7,75,99,47
1962-10-08,18.3,22.8,13.3,67,91,44
1962-10-09,18.0,21.8,14.4,64,83,41
1962-10-10,17.3,20.8,14.8,69,85,48
1962-10-11,16.3,18.5,14.8,71,83,57
1962-10-12,16.4,19.8,13.3,74,91,53
1962-10-13,16.4,22.1,11.0,79,100,49
1962-10-14,16.9,20.4,13.7,83,96,63
1962-10-15,18.1,23.1,13.4,80,99,57
1962-10-16,16.9,17.8,15.9,87,96,80
1962-10-17,16.6,18.0,15.7,85,92,76
1962-10-18,15.8,17.3,14.7,87,94,74
1962-10-19,16.6,19.3,14.0,82,94,68
1962-10-20,17.2,20.8,14.1,80,98,62
1962-10-21,13.7,16.2,12.4,71,79,63
1962-10-22,13.9,16.0,12.2,69,81,56
1962-10-23,13.7,17.5,10.7,75,90,53
1962-10-24,13.4,18.4,8.2,77,100,49
1962-10-25,13.2,18.5,8.1,76,100,48
1962-10-26,13.7,17.9,9.9,76,95,51
1962-10-27,14.1,18.4,10.2,72,94,47
1962-10-28,13.8,18.7,9.4,75,97,49
1962-10-29,14.2,17.9,9.9,86,99,70
1962-10-30,15.5,18.1,13.1,93,97,87
1962-10-31,16.7,18.7,14.9,93,97,89
1962-11-01,17.6,19.4,14.4,86,96,81
1962-11-02,15.0,19.1,12.1,93,100,76
1962-11-03,14.7,18.2,12.2,86,100,64
1962-11-04,13.4,17.9,9.1,81,98,61
1962-11-05,13.8,16.5,11.0,84,97,70
1962-11-06,13.5,14.4,12.5,88,93,81
1962-11-07,14.2,16.4,12.3,86,97,71
1962-11-08,13.7,15.3,12.1,84,96,74
1962-11-09,12.9,14.9,11.1,77,89,63
1962-11-10,13.6,17.7,10.8,82,91,67
1962-11-11,13.8,16.8,10.8,91,98,83
1962-11-12,15.8,17.9,14.2,95,99,88
1962-11-13,14.6,17.5,13.0,92,100,73
1962-11-14,13.1,16.4,10.5,88,100,67
1962-11-15,13.9,16.9,10.7,92,99,81
1962-11-16,16.3,18.2,14.4,93,98,84
1962-11-17,13.2,16.0,10.1,81,98,57
1962-11-18,12.1,14.0,10.8,88,94,79
1962-11-19,14.2,18.3,10.3,87,96,70
1962-11-20,16.0,18.0,14.4,91,94,84
1962-11-21,15.5,17.6,12.1,82,97,56
1962-11-22,11.6,14.2,8.9,73,87,58
1962-11-23,11.0,14.4,8.7,85,94,69
1962-11-24,12.6,16.6,9.6,86,94,70
1962-11-25,11.8,15.0,7.9,78,98,46
1962-11-26,8.0,11.7,4.8,69,80,49
1962-11-27,8.2,12.0,4.8,80,92,65
1962-11-28,9.7,13.3,7.0,90,97,78
1962-11-29,10.6,13.6,7.6,94,99,82
1962-11-30,12.0,14.5,8.8,92,96,79
1962-12-01,8.6,13.0,5.1,82,100,63
1962-12-02,4.3,7.5,3.2,87,97,63
1962-12-03,3.1,3.8,2.5,93,96,90
1962-12-04,2.7,3.0,2.1,90,93,82
1962-12-05,1.8,4.6,-1.4,75,82,62
1962-12-06,0.8,6.5,-3.0,70,80,50
1962-12-07,0.9,4.7,-1.5,73,83,57
1962-12-08,0.7,4.8,-1.9,70,78,55
1962-12-09,0.8,5.5,-1.9,74,88,57
1962-12-10,-0.5,5.0,-3.8,80,92,59
1962-12-11,-0.1,1.8,-2.2,87,94,77
1962-12-12,2.3,4.8,0.2,84,94,71
1962-12-13,0.4,6.0,-3.6,90,97,76
1962-12-14,6.6,12.2,1.2,92,96,85
1962-12-15,8.2,11.9,4.2,94,100,82
1962-12-16,7.9,12.0,4.2,87,99,67
1962-12-17,9.3,13.8,5.6,86,97,71
1962-12-18,5.1,6.7,3.8,74,86,64
1962-12-19,3.3,6.7,-0.3,73,85,55
1962-12-20,2.5,5.4,0.3,89,98,72
1962-12-21,1.7,2.2,1.3,92,96,86
1962-12-22,1.1,2.0,0.7,88,93,82
1962-12-23,-0.0,0.8,-1.3,85,92,77
1962-12-24,-3.3,-0.4,-5.8,79,86,65
1962-12-25,-2.2,1.2,-7.5,91,95,85
1962-12-26,0.1,2.3,-0.9,92,96,85
1962-12-27,2.1,4.0,-0.8,94,98,91
1962-12-28,1.4,4.5,-2.8,92,97,82
1962-12-29,0.8,3.3,-2.3,95,97,91
1962-12-30,3.3,4.8,2.0,95,98,92
1962-12-31,5.1,8.9,2.8,97,100,88
1963-01-01,4.8,8.8,2.2,94,100,84
1963-01-02,5.7,8.7,2.4,94,100,85
1963-01-03,6.9,8.3,6.0,90,93,86
1963-01-04,8.2,11.1,6.6,94,99,87
1963-01-05,7.1,10.5,4.5,87,100,66
1963-01-06,6.6,12.7,1.8,86,94,72
1963-01-07,8.4,12.8,5.2,93,98,84
1963-01-08,11.2,15.0,8.6,94,99,80
1963-01-09,8.8,13.3,5.9,88,100,69
1963-01-10,7.5,11.2,3.9,83,95,69
1963-01-11,9.6,13.9,6.8,91,98,77
1963-01-12,10.0,15.2,6.7,93,99,80
1963-01-13,10.1,15.0,5.4,91,100,77
1963-01-14,4.5,8.8,1.4,74,89,55
1963-01-15,1.9,4.9,-1.4,59,77,40
1963-01-16,-1.0,1.2,-3.2,59,91,32
1963-01-17,-1.6,2.1,-4.2,48,67,32
1963-01-18,-0.3,1.0,-1.5,81,96,61
1963-01-19,-0.1,0.7,-0.7,92,94,89
1963-01-20,0.9,2.6,-0.1,92,97,87
1963-01-21,-0.5,2.0,-2.8,88,97,81
1963-01-22,-3.4,-2.6,-4.6,84,87,81
1963-01-23,-6.5,-4.3,-7.6,76,84,70
1963-01-24,-8.1,-6.8,-9.6,69,77,62
1963-01-25,-10.0,-7.0,-13.0,63,73,54
1963-01-26,-10.2,-3.9,-15.6,72,80,62
1963-01-27,-9.4,-2.3,-16.1,81,91,66
1963-01-28,-5.3,-1.1,-9.6,79,85,67
1963-01-29,-2.4,0.2,-4.1,82,87,72
1963-01-30,-2.8,-0.3,-7.3,84,90,74
1963-01-31,-5.8,1.3,-9.9,82,87,71
1963-02-01,-2.9,2.8,-9.1,87,96,81
1963-02-02,1.2,4.4,-1.5,95,98,88
1963-02-03,5.8,8.4,2.4,95,99,89
1963-02-04,3.4,7.0,0.9,93,100,80
1963-02-05,6.6,11.4,2.9,95,100,90
1963-02-06,4.4,8.1,2.0,92,100,78
1963-02-07,5.4,11.2,0.7,83,94,64
1963-02-08,4.8,10.0,0.8,81,91,62
1963-02-09,4.8,8.3,1.5,81,89,70
1963-02-10,6.6,9.0,5.2,89,98,75
1963-02-11,5.9,9.6,2.3,90,100,75
1963-02-12,6.7,7.6,5.3,89,94,86
1963-02-13,6.2,9.6,3.1,92,98,86
1963-02-14,6.4,9.0,4.0,96,99,91
1963-02-15,6.6,10.6,3.7,74,94,50
1963-02-16,6.7,11.5,3.4,77,88,64
1963-02-17,9.0,14.1,3.4,86,94,76
1963-02-18,11.7,15.1,9.1,80,91,66
1963-02-19,8.4,14.1,3.1,78,92,54
1963-02-20,9.2,13.9,5.0,83,93,70
1963-02-21,8.8,13.5,3.5,72,90,49
1963-02-22,6.9,9.8,4.3,90,96,79
1963-02-23,4.3,6.5,2.0,87,96,72
1963-02-24,3.9,6.1,1.8,71,93,55
1963-02-25,3.5,6.3,0.6,74,85,59
1963-02-26,4.3,6.2,3.0,73,84,63
1963-02-27,2.7,4.1,1.2,82,94,69
1963-02-28,-1.5,1.0,-3.0,80,87,74
1963-03-01,-1.2,2.0,-3.8,79,86,67
1963-03-02,-0.6,3.4,-3.9,82,92,66
1963-03-03,-0.9,2.6,-3.2,72,88,56
1963-03-04,-0.1,6.6,-6.4,63,74,47
1963-03-05,2.2,6.7,-2.2,70,83,51
1963-03-06,2.3,7.3,-2.1,71,93,48
1963-03-07,3.4,8.6,-1.7,68,85,50
1963-03-08,6.8,12.9,2.0,68,81,50
1963-03-09,8.9,14.1,3.8,71,88,55
1963-03-10,10.2,15.3,5.6,73,87,53
1963-03-11,12.0,17.6,6.8,68,86,44
1963-03-12,12.2,17.7,5.9,64,84,51
1963-03-13,10.2,16.7,5.1,86,99,65
1963-03-14,9.7,13.4,7.6,66,93,40
1963-03-15,8.5,13.7,3.2,55,73,37
1963-03-16,8.5,12.3,5.2,62,87,40
1963-03-17,6.2,11.6,1.2,54,76,32
1963-03-18,5.6,8.1,2.4,83,93,74
1963-03-19,7.3,9.6,5.2,84,93,75
1963-03-20,8.0,13.4,2.7,84,100,59
1963-03-21,9.3,14.2,4.0,83,97,65
1963-03-22,11.7,16.1,7.4,84,97,64
1963-03-23,10.8,16.4,5.5,83,100,56
1963-03-24,9.9,12.2,8.2,75,97,51
1963-03-25,6.9,9.2,5.1,69,84,58
1963-03-26,7.7,11.8,2.0,81,100,62
1963-03-27,9.7,14.9,4.3,83,100,63
1963-03-28,11.1,12.4,9.4,90,97,78
1963-03-29,12.3,16.8,6.6,71,95,47
1963-03-30,11.8,16.5,7.5,75,87,59
1963-03-31,11.9,15.9,8.8,83,96,64
1963-04-01,11.4,15.0,7.6,78,96,55
1963-04-02,10.4,14.5,6.0,77,94,54
1963-04-03,9.7,13.7,6.5,74,91,49
1963-04-04,8.0,9.7,6.1,85,95,73
1963-04-05,9.0,11.4,6.7,79,92,64
1963-04-06,9.5,12.0,6.7,77,94,59
1963-04-07,9.3,12.4,4.7,80,100,60
1963-04-08,11.6,16.2,6.4,78,99,59
1963-04-09,11.5,16.2,5.4,71,89,44
1963-04-10,10.9,14.8,6.7,83,98,64
1963-04-11,12.3,16.7,7.5,86,100,68
1963-04-12,14.5,19.7,10.5,85,99,63
1963-04-13,15.6,21.7,8.2,66,94,39
1963-04-14,15.8,21.9,9.3,66,87,41
1963-04-15,14.8,18.1,11.3,76,97,58
1963-04-16,13.2,16.2,10.1,80,95,64
1963-04-17,12.4,16.0,8.5,83,100,63
1963-04-18,14.2,16.9,12.2,73,87,57
1963-04-19,14.3,17.4,11.1,78,94,59
1963-04-20,14.8,19.9,10.3,75,97,48
1963-04-21,15.7,18.9,13.4,75,87,58
1963-04-22,16.0,18.5,13.8,74,85,57
1963-04-23,17.5,22.5,13.7,77,91,57
1963-04-24,16.9,20.9,13.4,77,96,52
1963-04-25,14.8,17.5,11.2,81,97,67
1963-04-26,14.6,19.3,10.2,82,95,60
1963-04-27,16.0,22.2,9.5,72,99,41
1963-04-28,16.3,21.5,10.2,70,89,49
1963-04-29,15.9,18.6,12.8,78,91,64
1963-04-30,15.5,19.8,10.7,74,95,49
1963-05-01,16.2,21.1,10.0,78,100,49
1963-05-02,16.7,19.7,13.0,73,89,56
1963-05-03,16.1,18.9,12.6,78,90,62
1963-05-04,17.0,20.8,12.9,78,93,58
1963-05-05,17.9,22.1,12.7,79,99,58
1963-05-06,19.0,24.1,12.8,77,100,46
1963-05-07,17.9,21.3,14.3,73,91,57
1963-05-08,18.3,21.4,13.3,74,94,57
1963-05-09,18.4,23.8,13.3,76,93,53
1963-05-10,18.8,24.1,13.1,77,98,52
1963-05-11,18.9,21.7,15.9,82,97,67
1963-05-12,18.1,21.1,14.7,85,98,69
1963-05-13,17.4,20.3,14.1,83,99,64
1963-05-14,17.1,20.3,14.6,78,89,63
1963-05-15,16.5,19.1,14.7,79,90,66
1963-05-16,16.9,20.7,12.7,81,100,64
1963-05-17,16.9,20.1,14.6,82,95,64
1963-05-18,16.1,20.1,13.7,82,95,65
1963-05-19,18.6,23.6,13.5,69,87,50
1963-05-20,19.8,23.7,15.9,71,87,51
1963-05-21,17.8,20.9,15.2,84,94,70
1963-05-22,17.5,21.7,14.2,78,96,52
1963-05-23,17.7,21.5,14.4,80,93,60
1963-05-24,19.0,22.6,14.7,81,100,62
1963-05-25,20.6,25.6,15.9,79,94,57
1963-05-26,20.4,25.5,16.2,80,97,54
1963-05-27,21.2,26.8,15.1,73,96,45
1963-05-28,22.5,27.6,17.3,69,89,47
1963-05-29,20.7,23.6,17.4,80,94,70
1963-05-30,17.7,19.2,16.6,82,97,67
1963-05-31,18.8,22.9,14.8,76,95,57
1963-06-01,20.1,23.4,17.2,71,89,50
1963-06-02,19.4,22.1,16.6,80,96,69
1963-06-03,19.5,22.8,14.7,79,100,62
1963-06-04,19.6,23.0,16.3,82,95,65
1963-06-05,19.5,21.8,16.6,85,95,71
1963-06-06,20.4,24.2,16.3,82,100,64
1963-06-07,21.5,24.6,18.0,75,93,56
1963-06-08,20.6,22.3,17.6,73,94,58
1963-06-09,20.4,25.0,14.5,70,100,46
1963-06-10,21.8,25.6,17.7,65,81,49
1963-06-11,22.5,26.6,17.7,69,93,49
1963-06-12,23.2,27.5,18.5,67,84,44
1963-06-13,22.6,27.1,17.1,64,86,45
1963-06-14,22.7,26.9,18.4,69,85,52
1963-06-15,23.2,27.1,18.3,74,100,53
1963-06-16,23.5,27.9,18.3,72,93,54
1963-06-17,23.1,27.1,19.6,76,95,56
1963-06-18,20.6,24.9,17.9,75,92,52
1963-06-19,21.1,25.3,17.0,76,98,52
1963-06-20,23.0,26.6,19.0,73,92,56
1963-06-21,24.2,29.2,18.7,68,92,42
1963-06-22,25.5,31.4,18.9,70,94,41
1963-06-23,27.0,32.1,22.1,68,89,45
1963-06-24,27.8,32.2,23.1,66,88,43
1963-06-25,27.9,32.4,22.7,63,87,40
1963-06-26,27.7,31.3,23.3,68,89,51
1963-06-27,27.7,30.9,23.8,72,89,59
1963-06-28,28.6,32.3,25.1,64,88,42
1963-06-29,28.8,33.2,23.9,61,81,42
1963-06-30,29.4,34.4,25.1,60,84,31
1963-07-01,30.0,35.1,23.3,54,81,29
1963-07-02,30.3,35.3,25.1,55,72,36
1963-07-03,28.2,32.6,23.7,60,81,41
1963-07-04,26.4,30.4,22.6,60,78,38
1963-07-05,25.6,29.1,22.2,70,91,49
1963-07-06,26.0,29.8,22.1,66,90,39
1963-07-07,24.7,27.9,22.3,74,91,55
1963-07-08,25.0,29.8,20.6,71,91,48
1963-07-09,25.9,30.6,21.7,68,90,43
1963-07-10,25.1,29.0,21.5,64,80,42
1963-07-11,25.6,29.1,22.6,71,90,53
1963-07-12,26.0,29.4,22.8,76,94,58
1963-07-13,26.4,30.8,21.0,63,94,36
1963-07-14,26.9,32.1,21.9,60,80,39
1963-07-15,26.3,31.1,21.7,68,93,40
1963-07-16,26.7,31.4,21.9,59,81,36
1963-07-17,25.8,29.4,21.4,67,89,46
1963-07-18,25.1,28.3,22.4,75,93,57
1963-07-19,26.3,31.1,21.6,67,92,44
1963-07-20,27.6,32.5,22.6,63,86,41
1963-07-21,27.2,32.2,22.5,64,84,43
1963-07-22,25.7,30.4,21.8,70,88,49
1963-07-23,25.6,30.1,20.8,71,94,47
1963-07-24,26.1,29.4,21.5,66,89,48
1963-07-25,27.1,31.0,23.8,60,81,38
1963-07-26,27.1,31.1,24.1,59,77,36
1963-07-27,27.3,30.9,23.5,59,78,39
1963-07-28,27.7,32.0,21.6,54,80,31
1963-07-29,28.2,32.2,23.4,54,81,34
1963-07-30,26.9,30.9,22.3,61,81,43
1963-07-31,27.7,32.0,23.4,61,79,44
1963-08-01,28.9,33.0,24.8,58,78,40
1963-08-02,28.9,32.0,26.0,54,70,41
1963-08-03,28.1,31.4,25.6,59,77,44
1963-08-04,28.8,33.5,25.3,57,77,31
1963-08-05,26.9,30.7,23.2,67,85,49
1963-08-06,26.2,29.6,23.2,71,86,55
1963-08-07,26.8,31.8,22.6,68,91,44
1963-08-08,27.2,31.7,22.9,64,88,43
1963-08-09,27.9,32.5,23.4,60,81,41
1963-08-10,26.8,31.6,22.8,59,85,33
1963-08-11,25.8,30.7,21.4,46,66,25
1963-08-12,25.7,31.6,19.1,47,76,26
1963-08-13,27.4,33.6,21.3,56,84,30
1963-08-14,28.8,35.7,22.8,59,85,29
1963-08-15,29.9,37.1,23.5,59,88,29
1963-08-16,30.8,37.4,25.2,58,84,30
1963-08-17,29.9,35.7,25.1,52,81,28
1963-08-18,28.8,33.3,24.3,68,87,49
1963-08-19,30.4,35.8,25.4,54,87,28
1963-08-20,28.0,31.3,24.0,47,68,26
1963-08-21,27.8,31.2,25.0,64,80,47
1963-08-22,28.7,34.0,23.6,52,87,25
1963-08-23,24.1,29.2,18.9,38,54,21
1963-08-24,24.4,29.6,18.6,52,82,29
1963-08-25,25.5,31.3,20.0,59,84,31
1963-08-26,26.8,32.6,20.7,60,88,33
1963-08-27,26.9,32.5,21.8,61,86,35
1963-08-28,25.8,29.4,21.3,64,88,47
1963-08-29,25.2,28.8,21.4,67,88,49
1963-08-30,24.4,27.8,21.3,70,86,52
1963-08-31,21.8,24.0,19.0,84,94,74
1963-09-01,22.0,27.7,16.7,72,99,42
1963-09-02,23.7,28.2,19.2,69,92,47
1963-09-03,24.6,28.7,20.6,69,91,47
1963-09-04,25.1,29.6,20.4,70,89,49
1963-09-05,25.9,30.5,21.4,70,90,47
1963-09-06,26.3,30.8,21.9,66,88,44
1963-09-07,26.3,30.5,22.8,65,84,43
1963-09-08,25.1,28.4,22.8,71,84,53
1963-09-09,24.8,28.9,21.7,67,89,38
1963-09-10,23.8,28.8,19.1,50,69,33
1963-09-11,22.8,27.2,18.5,59,80,38
1963-09-12,23.0,27.7,17.4,68,95,41
1963-09-13,23.6,28.1,19.3,69,89,45
1963-09-14,24.4,29.6,19.9,69,93,40
1963-09-15,23.0,26.7,19.9,72,91,47
1963-09-16,22.2,25.3,19.9,75,93,54
1963-09-17,22.4,26.5,19.0,72,90,50
1963-09-18,22.5,26.5,18.7,72,91,48
1963-09-19,23.0,27.4,18.8,70,95,45
1963-09-20,23.8,29.0,19.4,66,87,38
1963-09-21,23.2,27.1,19.9,70,85,50
1963-09-22,21.0,24.3,17.6,69,88,48
1963-09-23,20.2,23.8,17.5,61,76,41
1963-09-24,19.6,23.6,16.4,59,82,38
1963-09-25,19.8,23.8,16.0,66,85,45
1963-09-26,19.9,24.9,15.7,74,93,47
1963-09-27,20.8,24.9,18.1,71,89,47
1963-09-28,22.3,26.6,18.3,66,83,47
1963-09-29,19.1,21.9,15.2,72,93,51
1963-09-30,16.5,19.3,14.8,61,81,56
1963-10-01,17.5,22.7,13.2,75,91,52
1963-10-02,18.6,21.9,15.8,85,93,74
1963-10-03,20.3,23.5,17.9,82,96,62
1963-10-04,20.0,23.3,16.3,85,100,66
1963-10-05,20.8,24.4,18.2,76,92,52
1963-10-06,18.9,23.9,13.7,69,98,40
1963-10-07,17.1,20.2,14.4,82,93,73
1963-10-08,17.9,20.8,15.6,85,96,71
1963-10-09,18.1,21.6,15.0,87,97,72
1963-10-10,18.4,20.6,16.5,84,92,67
1963-10-11,17.0,19.1,14.8,80,93,70
1963-10-12,16.2,19.9,14.0,67,80,52
1963-10-13,16.2,21.4,10.8,67,85,43
1963-10-14,16.8,21.9,10.7,74,98,50
1963-10-15,17.8,23.1,12.0,70,88,47
1963-10-16,16.7,19.9,14.4,70,84,51
1963-10-17,15.9,18.8,13.2,75,90,55
1963-10-18,16.5,20.2,13.4,75,89,57
1963-10-19,15.3,19.5,12.4,66,88,43
1963-10-20,14.3,18.5,11.5,69,81,48
1963-10-21,14.1,19.7,8.9,64,85,42
1963-10-22,14.0,18.3,11.0,76,90,51
1963-10-23,13.7,17.7,9.7,79,100,51
1963-10-24,13.7,17.3,11.3,81,92,54
1963-10-25,11.6,14.4,9.9,82,92,67
1963-10-26,12.2,15.5,9.2,70,90,47
1963-10-27,11.6,14.2,9.3,76,93,57
1963-10-28,10.5,11.9,9.3,83,91,73
1963-10-29,11.9,13.7,10.6,88,93,82
1963-10-30,13.1,16.2,11.1,87,98,68
1963-10-31,12.7,14.1,11.8,90,95,80
1963-11-01,13.0,15.3,11.6,84,95,69
1963-11-02,12.5,14.1,11.5,76,87,71
1963-11-03,12.6,16.4,9.2,84,96,69
1963-11-04,12.5,17.2,8.7,90,100,74
1963-11-05,14.3,19.1,10.5,90,99,73
1963-11-06,15.0,19.4,12.1,91,99,72
1963-11-07,15.7,19.1,13.7,90,98,74
1963-11-08,15.0,19.8,11.6,89,100,70
1963-11-09,13.6,18.2,9.2,76,93,53
1963-11-10,12.6,17.7,8.1,83,99,62
1963-11-11,13.0,18.2,8.9,84,100,61
1963-11-12,14.2,19.8,8.7,86,100,69
1963-11-13,14.3,18.8,11.2,91,100,74
1963-11-14,14.4,18.7,10.7,90,99,76
1963-11-15,15.0,18.3,12.0,92,99,78
1963-11-16,16.1,18.8,14.2,92,99,78
1963-11-17,15.2,18.3,12.7,92,100,77
1963-11-18,15.6,17.9,13.6,90,99,76
1963-11-19,14.7,18.3,12.2,88,100,68
1963-11-20,12.5,16.3,10.1,92,100,74
1963-11-21,12.3,17.2,8.5,81,100,61
1963-11-22,7.4,9.4,5.3,50,66,41
1963-11-23,7.4,12.5,2.9,61,79,41
1963-11-24,8.6,13.8,4.9,65,86,43
1963-11-25,7.9,13.7,2.5,79,98,56
1963-11-26,8.5,13.5,5.1,88,98,72
1963-11-27,10.1,14.7,6.0,90,100,74
1963-11-28,12.2,13.4,11.3,94,97,88
1963-11-29,11.1,11.7,9.9,90,97,85
1963-11-30,9.5,11.7,7.6,78,88,63
1963-12-01,7.9,10.3,5.7,78,96,53
1963-12-02,6.9,9.7,4.0,79,97,56
1963-12-03,5.3,8.1,1.9,81,100,60
1963-12-04,5.6,7.3,3.6,80,88,70
1963-12-05,8.5,12.6,6.2,89,97,79
1963-12-06,7.9,10.0,6.0,96,99,88
1963-12-07,6.0,8.2,5.0,88,94,84
1963-12-08,5.2,7.2,2.0,75,92,54
1963-12-09,1.8,5.0,-0.5,58,68,45
1963-12-10,1.4,5.1,-1.0,67,84,47
1963-12-11,2.4,5.1,-0.1,79,88,69
1963-12-12,4.9,8.6,1.1,92,96,82
1963-12-13,9.1,13.8,6.6,93,98,80
1963-12-14,7.6,11.2,5.3,94,99,84
1963-12-15,7.1,10.3,4.7,93,100,81
1963-12-16,11.5,15.5,8.5,91,96,81
1963-12-17,13.7,15.8,8.9,92,96,87
1963-12-18,8.2,10.2,6.5,92,99,85
1963-12-19,8.4,9.1,7.6,93,96,91
1963-12-20,10.2,14.5,7.3,95,99,83
1963-12-21,12.6,17.8,8.1,93,99,80
1963-12-22,12.8,17.5,9.3,94,100,80
1963-12-23,10.5,11.9,7.9,91,100,83
1963-12-24,5.3,7.5,3.2,76,89,58
1963-12-25,3.3,5.9,0.4,62,79,51
1963-12-26,5.1,10.1,2.1,67,79,46
1963-12-27,6.4,11.6,2.7,71,85,53
1963-12-28,6.4,9.3,3.3,74,83,55
1963-12-29,4.2,8.5,0.4,70,83,55
1963-12-30,3.5,7.2,0.4,83,97,64
1963-12-31,2.8,7.5,-0.4,87,98,65
1964-01-01,3.8,7.0,1.3,88,97,70
1964-01-02,3.8,7.5,0.8,87,99,71
1964-01-03,2.6,5.2,1.2,69,83,58
1964-01-04,3.8,7.3,1.8,66,75,52
1964-01-05,2.4,6.0,-1.0,75,91,54
1964-01-06,2.5,6.2,-0.9,76,92,56
1964-01-07,2.8,6.7,-0.9,78,91,61
1964-01-08,2.7,7.0,-1.9,77,96,54
1964-01-09,2.7,6.7,-0.7,80,93,64
1964-01-10,2.4,6.2,-0.9,81,96,59
1964-01-11,2.1,6.3,-1.0,79,94,56
1964-01-12,3.0,7.0,-0.2,75,91,57
1964-01-13,2.7,6.5,-1.9,76,97,57
1964-01-14,4.0,9.5,-1.4,72,96,50
1964-01-15,6.1,11.6,2.0,72,83,57
1964-01-16,2.8,5.7,0.2,53,75,39
1964-01-17,-1.7,-0.1,-3.4,39,47,32
1964-01-18,-2.3,1.0,-4.7,40,55,35
1964-01-19,-0.1,3.8,-2.7,56,75,40
1964-01-20,0.7,6.1,-2.8,66,82,43
1964-01-21,0.9,5.4,-2.2,69,84,49
1964-01-22,0.5,5.7,-3.3,72,94,46
1964-01-23,2.4,6.9,-1.3,57,75,41
1964-01-24,1.2,5.1,-2.0,60,72,45
1964-01-25,2.5,9.2,-1.2,57,70,37
1964-01-26,3.4,8.8,-0.3,60,73,47
1964-01-27,2.7,8.1,-1.2,67,80,49
1964-01-28,3.8,9.6,-0.1,73,82,55
1964-01-29,2.1,3.8,0.7,79,90,71
1964-01-30,2.1,4.0,0.5,94,97,89
1964-01-31,4.8,8.0,2.7,92,96,84
1964-02-01,3.1,5.1,1.1,74,85,68
1964-02-02,3.2,9.8,-1.8,69,81,54
1964-02-03,5.5,9.6,2.5,62,78,42
1964-02-04,4.1,8.7,0.8,65,77,48
1964-02-05,4.3,10.8,0.2,65,76,41
1964-02-06,2.6,5.1,-0.7,74,84,66
1964-02-07,1.3,5.0,-1.6,49,64,37
1964-02-08,-0.5,3.3,-3.0,53,66,43
1964-02-09,0.6,7.0,-3.5,59,70,40
1964-02-10,3.2,8.5,-0.7,61,76,40
1964-02-11,2.7,6.6,-0.9,62,75,46
1964-02-12,4.1,9.0,-0.6,65,86,47
1964-02-13,4.3,9.3,-0.7,77,88,64
1964-02-14,5.3,11.3,0.2,77,90,54
1964-02-15,6.0,10.4,2.0,89,97,74
1964-02-16,7.3,9.4,5.9,92,97,86
1964-02-17,7.9,11.0,5.2,88,98,71
1964-02-18,8.9,12.6,5.7,88,94,76
1964-02-19,9.1,15.0,3.5,90,100,70
1964-02-20,10.2,13.2,8.0,94,98,86
1964-02-21,4.0,9.0,2.5,72,92,65
1964-02-22,3.1,4.8,1.6,80,91,67
1964-02-23,3.4,5.6,2.0,74,87,63
1964-02-24,3.5,5.7,1.9,78,87,68
1964-02-25,4.7,7.2,2.7,82,91,71
1964-02-26,5.7,8.0,4.1,81,90,71
1964-02-27,6.7,11.2,3.0,78,94,57
1964-02-28,6.7,10.9,1.9,85,96,71
1964-02-29,7.2,12.2,1.5,90,100,74
1964-03-01,8.9,10.3,6.4,92,96,83
1964-03-02,5.3,8.5,3.2,74,87,56
1964-03-03,4.8,9.8,-1.0,78,99,54
1964-03-04,5.1,9.0,-0.2,85,99,65
1964-03-05,7.0,9.1,5.2,87,97,72
1964-03-06,5.2,6.7,3.9,81,87,69
1964-03-07,4.5,7.4,2.1,85,94,74
1964-03-08,5.8,8.0,3.4,87,95,78
1964-03-09,5.4,6.6,4.3,91,97,83
1964-03-10,6.4,8.4,4.5,85,94,73
1964-03-11,7.1,10.3,3.6,86,99,71
1964-03-12,7.9,12.7,3.6,87,100,65
1964-03-13,8.1,8.7,6.9,86,93,79
1964-03-14,7.4,9.6,5.4,83,97,66
1964-03-15,7.8,10.9,4.2,81,94,68
1964-03-16,9.6,13.1,7.8,88,97,81
1964-03-17,10.4,15.2,6.2,85,100,65
1964-03-18,10.0,14.0,5.8,89,99,75
1964-03-19,11.0,14.2,9.1,89,98,70
1964-03-20,10.4,12.9,7.9,90,99,78
1964-03-21,11.3,14.9,8.8,86,95,69
1964-03-22,11.3,15.1,8.4,91,97,77
1964-03-23,10.8,16.4,5.7,84,100,57
1964-03-24,11.8,16.3,8.1,71,91,44
1964-03-25,11.2,16.2,6.9,59,81,38
1964-03-26,11.5,17.2,5.4,72,94,50
1964-03-27,11.2,15.6,6.9,85,100,64
1964-03-28,11.2,14.5,7.8,84,100,59
1964-03-29,13.2,17.3,10.4,82,98,60
1964-03-30,13.9,19.5,9.5,74,90,49
1964-03-31,13.7,18.8,8.1,79,96,57
1964-04-01,15.0,19.6,11.4,79,97,56
1964-04-02,15.8,21.0,11.2,78,90,56
1964-04-03,15.1,20.3,10.2,83,98,63
1964-04-04,14.3,17.9,10.5,83,98,69
1964-04-05,14.5,19.2,9.7,65,88,39
1964-04-06,13.9,17.3,10.3,69,87,50
1964-04-07,13.7,19.7,7.5,67,88,37
1964-04-08,13.2,18.5,7.7,65,84,41
1964-04-09,10.1,12.5,7.4,56,84,31
1964-04-10,11.1,17.2,5.5,50,75,38
1964-04-11,11.5,15.6,6.5,74,92,54
1964-04-12,10.8,13.2,8.7,74,92,53
1964-04-13,11.8,15.9,7.7,68,88,48
1964-04-14,12.8,18.3,5.5,73,100,51
1964-04-15,15.0,20.3,10.1,67,87,49
1964-04-16,14.0,18.8,9.8,62,88,41
1964-04-17,13.5,17.7,10.2,74,95,53
1964-04-18,14.3,21.1,10.4,67,87,32
1964-04-19,12.6,17.6,8.5,68,92,39
1964-04-20,15.2,20.0,10.7,65,87,45
1964-04-21,16.4,22.0,11.5,67,86,47
1964-04-22,17.9,23.6,13.5,64,82,38
1964-04-23,18.2,23.0,12.6,64,83,42
1964-04-24,17.5,21.7,14.0,70,88,50
1964-04-25,17.0,22.1,12.0,63,89,30
1964-04-26,13.1,15.7,11.1,77,93,66
1964-04-27,13.4,18.5,10.1,67,82,43
1964-04-28,12.0,15.8,9.1,68,87,48
1964-04-29,13.6,19.1,8.7,75,95,46
1964-04-30,15.7,20.8,10.1,71,93,51
1964-05-01,16.7,21.4,12.2,71,90,49
1964-05-02,16.1,20.7,11.4,64,90,35
1964-05-03,17.2,21.7,12.1,68,88,46
1964-05-04,18.4,23.4,13.9,66,90,37
1964-05-05,19.0,23.7,14.8,64,80,43
1964-05-06,16.9,20.6,14.4,59,88,35
1964-05-07,15.8,20.5,11.3,52,72,33
1964-05-08,16.3,21.7,10.9,52,77,30
1964-05-09,17.8,24.6,10.1,54,77,32
1964-05-10,17.0,20.0,13.1,70,85,62
1964-05-11,16.1,19.1,14.0,78,86,69
1964-05-12,17.2,21.5,13.3,78,94,55
1964-05-13,17.3,22.5,11.8,79,100,52
1964-05-14,19.0,24.4,13.9,75,97,47
1964-05-15,20.2,25.0,16.3,72,91,51
1964-05-16,16.2,18.9,13.0,83,91,74
1964-05-17,13.6,14.9,12.6,90,94,87
1964-05-18,15.7,19.2,13.3,85,96,69
1964-05-19,17.8,22.6,13.0,75,95,51
1964-05-20,18.5,23.0,14.8,78,92,58
1964-05-21,17.7,20.5,14.9,80,95,63
1964-05-22,17.7,20.8,13.9,80,97,66
1964-05-23,18.2,23.2,12.7,65,86,42
1964-05-24,18.7,23.6,13.5,66,88,41
1964-05-25,19.0,22.6,14.5,78,100,56
1964-05-26,17.5,19.2,15.4,82,92,71
1964-05-27,19.5,23.5,15.0,80,99,61
1964-05-28,20.7,24.7,15.8,79,100,58
1964-05-29,21.2,25.9,16.3,75,95,53
1964-05-30,18.8,20.7,17.5,88,95,78
1964-05-31,19.5,23.1,14.9,83,100,63
1964-06-01,21.2,25.7,15.5,74,96,53
1964-06-02,23.1,27.5,18.9,72,89,53
1964-06-03,24.3,29.1,19.0,70,91,50
1964-06-04,26.1,32.3,19.6,67,87,42
1964-06-05,25.9,30.5,20.5,65,91,37
1964-06-06,23.9,27.5,20.6,74,91,54
1964-06-07,23.8,29.7,18.9,71,93,41
1964-06-08,22.7,27.1,19.2,75,90,57
1964-06-09,21.7,25.2,18.8,83,96,65
1964-06-10,21.4,25.3,17.5,79,96,60
1964-06-11,21.6,25.6,17.4,78,96,58
1964-06-12,20.9,23.5,18.7,86,95,73
1964-06-13,21.5,23.5,18.4,83,96,71
1964-06-14,21.4,25.0,17.8,82,99,64
1964-06-15,22.2,25.3,18.1,81,100,64
1964-06-16,22.7,26.6,17.9,80,99,62
1964-06-17,22.5,25.5,18.7,79,99,63
1964-06-18,22.5,25.4,19.6,75,94,57
1964-06-19,22.5,25.9,19.3,77,95,60
1964-06-20,24.0,29.0,17.6,70,95,45
1964-06-21,25.3,30.3,19.7,68,88,47
1964-06-22,24.0,26.1,21.3,78,93,69
1964-06-23,23.0,25.7,19.7,76,98,58
1964-06-24,23.7,27.2,19.2,69,94,50
1964-06-25,25.2,29.3,20.2,64,84,45
1964-06-26,23.4,25.6,19.5,75,88,62
1964-06-27,24.3,28.9,18.9,72,97,46
1964-06-28,26.3,30.7,22.4,62,80,37
1964-06-29,24.8,28.6,20.8,68,85,53
1964-06-30,24.4,29.5,20.3,69,93,49
1964-07-01,20.0,24.0,16.1,47,61,31
1964-07-02,19.7,24.9,14.8,47,64,35
1964-07-03,19.8,24.9,15.1,48,66,30
1964-07-04,21.7,27.5,15.9,54,76,38
1964-07-05,23.2,27.7,18.1,67,89,45
1964-07-06,25.4,31.0,18.0,65,95,41
1964-07-07,26.3,30.7,20.7,62,82,39
1964-07-08,21.5,24.3,19.0,81,94,66
1964-07-09,22.0,25.7,17.8,82,100,65
1964-07-10,23.3,26.8,18.8,76,100,57
1964-07-11,23.9,26.5,20.3,70,92,53
1964-07-12,21.1,24.4,18.5,85,94,68
1964-07-13,21.8,26.7,16.9,75,97,50
1964-07-14,24.3,29.8,19.0,65,84,42
1964-07-15,25.2,30.3,19.6,64,84,45
1964-07-16,24.8,29.7,19.8,71,93,51
1964-07-17,24.8,29.3,18.7,60,86,43
1964-07-18,26.2,31.0,21.3,62,81,44
1964-07-19,26.4,30.6,22.1,69,85,52
1964-07-20,26.7,30.8,22.2,72,92,52
1964-07-21,27.1,31.0,23.4,67,87,49
1964-07-22,27.4,30.9,23.9,62,86,46
1964-07-23,27.0,30.7,23.9,62,78,45
1964-07-24,27.0,30.8,22.2,63,84,44
1964-07-25,26.2,30.4,21.9,66,83,47
1964-07-26,25.4,29.5,21.5,67,84,48
1964-07-27,25.5,30.0,20.8,64,84,44
1964-07-28,26.0,30.9,20.7,62,83,37
1964-07-29,26.8,31.3,22.3,64,87,40
1964-07-30,27.3,31.8,21.4,60,84,37
1964-07-31,26.6,30.6,22.9,61,76,44
1964-08-01,24.7,27.0,22.6,76,87,63
1964-08-02,25.8,29.9,21.4,69,89,50
1964-08-03,23.9,27.3,21.0,57,94,35
1964-08-04,21.8,26.7,17.0,48,70,30
1964-08-05,22.7,27.6,17.9,51,74,35
1964-08-06,24.7,29.3,19.3,60,87,37
1964-08-07,26.2,31.3,21.5,54,76,34
1964-08-08,27.3,32.3,22.8,58,79,37
1964-08-09,27.1,32.0,21.9,59,80,38
1964-08-10,24.8,28.4,22.3,72,88,56
1964-08-11,23.6,28.0,18.7,60,86,38
1964-08-12,22.4,26.2,18.1,54,71,40
1964-08-13,23.6,29.0,17.6,60,81,38
1964-08-14,26.0,31.2,20.5,58,81,32
1964-08-15,26.8,32.3,21.0,57,81,32
1964-08-16,26.4,31.3,21.9,66,90,44
1964-08-17,24.8,28.2,21.9,64,80,49
1964-08-18,23.3,26.2,20.2,76,91,61
1964-08-19,23.7,27.5,19.4,73,93,54
1964-08-20,24.2,28.6,20.5,76,94,55
1964-08-21,24.6,29.8,20.3,71,93,41
1964-08-22,24.3,27.5,20.9,77,97,58
1964-08-23,24.9,29.2,20.5,72,98,49
1964-08-24,25.6,30.3,21.4,54,85,31
1964-08-25,23.9,27.9,20.1,65,87,47
1964-08-26,24.4,29.4,20.1,73,98,46
1964-08-27,23.8,29.0,19.0,72,98,41
1964-08-28,22.2,24.5,20.5,70,80,57
1964-08-29,23.5,28.0,19.3,67,89,44
1964-08-30,23.6,28.0,19.2,70,93,49
1964-08-31,24.1,28.0,20.6,68,91,45
1964-09-01,24.9,29.7,19.2,61,92,38
1964-09-02,21.9,25.6,18.6,73,94,52
1964-09-03,18.9,19.8,17.7,89,94,80
1964-09-04,20.2,24.5,16.7,76,95,50
1964-09-05,21.5,25.3,18.3,75,93,52
1964-09-06,21.5,25.2,18.2,77,93,56
1964-09-07,22.1,27.0,17.1,78,98,56
1964-09-08,23.0,27.4,18.3,69,100,45
1964-09-09,20.6,24.5,17.2,53,69,37
1964-09-10,20.9,25.7,16.7,52,69,35
1964-09-11,21.1,26.5,15.8,62,82,41
1964-09-12,22.3,27.6,17.4,70,89,46
1964-09-13,23.5,29.1,18.4,71,88,46
1964-09-14,22.4,25.9,19.0,78,91,64
1964-09-15,22.3,24.7,20.6,78,89,66
1964-09-16,22.1,25.9,18.7,80,95,59
1964-09-17,22.0,26.3,17.3,83,100,60
1964-09-18,22.6,27.7,17.9,82,100,58
1964-09-19,21.8,26.2,19.4,72,95,42
1964-09-20,20.0,24.3,16.2,75,99,43
1964-09-21,20.6,23.9,16.8,81,99,61
1964-09-22,15.3,19.7,11.6,71,94,47
1964-09-23,12.8,15.5,11.0,57,66,45
1964-09-24,14.9,19.7,11.1,67,82,53
1964-09-25,16.3,20.0,13.6,67,79,49
1964-09-26,15.2,19.4,10.7,77,94,56
1964-09-27,15.3,18.9,11.2,77,93,59
1964-09-28,17.7,23.0,13.4,72,90,48
1964-09-29,18.1,22.2,13.8,72,88,55
1964-09-30,17.7,22.3,13.7,84,100,62
1964-10-01,18.5,24.7,13.4,78,100,46
1964-10-02,17.1,20.5,13.1,82,97,65
1964-10-03,17.9,21.4,15.7,76,88,58
1964-10-04,17.2,20.2,14.5,76,94,60
1964-10-05,15.9,17.7,14.1,67,80,59
1964-10-06,15.2,19.1,11.8,72,91,50
1964-10-07,15.7,18.9,12.2,73,91,55
1964-10-08,15.7,18.7,12.9,79,93,60
1964-10-09,17.5,20.9,13.8,85,93,71
1964-10-10,17.3,21.7,12.2,68,81,49
1964-10-11,17.6,22.9,12.4,76,89,59
1964-10-12,17.9,23.4,12.7,85,100,64
1964-10-13,18.3,23.1,14.9,86,100,65
1964-10-14,19.0,23.8,15.0,82,99,59
1964-10-15,18.5,22.4,15.1,69,93,39
1964-10-16,18.1,23.7,11.3,69,95,38
1964-10-17,18.5,23.3,15.5,72,88,46
1964-10-18,17.2,21.7,12.6,70,93,41
1964-10-19,16.9,20.1,14.6,82,95,58
1964-10-20,15.7,18.7,13.9,83,96,60
1964-10-21,15.5,19.1,12.0,83,100,58
1964-10-22,14.3,16.9,11.5,90,99,79
1964-10-23,13.4,17.7,9.3,83,100,54
1964-10-24,14.0,18.6,8.8,82,100,58
1964-10-25,16.0,20.7,11.9,85,95,68
1964-10-26,17.1,22.4,12.5,81,99,57
1964-10-27,17.7,22.0,13.3,69,85,50
1964-10-28,17.1,19.5,14.6,69,86,59
1964-10-29,15.2,17.9,12.6,80,98,58
1964-10-30,14.0,16.7,11.1,73,96,50
1964-10-31,13.1,15.7,11.2,68,81,51
1964-11-01,12.4,15.2,9.8,72,87,56
1964-11-02,12.2,15.2,9.1,78,93,61
1964-11-03,12.9,14.9,11.1,86,97,75
1964-11-04,13.7,16.6,11.8,87,97,70
1964-11-05,13.4,16.4,10.8,91,99,80
1964-11-06,14.3,16.3,12.8,92,97,84
1964-11-07,13.9,17.2,11.3,90,100,74
1964-11-08,14.3,15.1,13.1,89,95,82
1964-11-09,12.7,13.9,11.8,80,91,72
1964-11-10,13.2,15.0,11.7,86,92,79
1964-11-11,14.3,16.3,13.2,91,96,82
1964-11-12,14.0,15.8,12.4,93,97,84
1964-11-13,14.1,16.7,12.6,92,97,83
1964-11-14,11.9,13.5,10.0,76,91,67
1964-11-15,12.6,15.7,10.3,76,88,62
1964-11-16,11.2,14.6,8.4,89,100,74
1964-11-17,10.8,15.7,6.4,76,92,54
1964-11-18,10.8,14.5,8.5,76,86,63
1964-11-19,7.5,9.1,5.2,64,95,40
1964-11-20,6.9,9.9,4.2,56,67,44
1964-11-21,8.3,13.0,5.2,68,80,50
1964-11-22,8.9,13.4,5.6,73,86,60
1964-11-23,6.8,9.2,3.6,64,75,50
1964-11-24,5.2,9.3,2.1,68,85,48
1964-11-25,7.6,15.0,2.1,70,82,50
1964-11-26,10.7,17.6,5.8,70,84,55
1964-11-27,9.2,13.3,4.9,69,88,52
1964-11-28,9.0,13.2,6.1,89,96,75
1964-11-29,9.6,14.5,6.4,92,99,79
1964-11-30,10.8,16.3,7.0,91,99,71
1964-12-01,13.2,15.9,10.4,88,95,80
1964-12-02,10.1,14.0,6.4,86,97,70
1964-12-03,9.8,14.0,6.7,90,97,73
1964-12-04,11.5,14.0,8.6,82,99,65
1964-12-05,7.0,11.4,3.2,69,85,50
1964-12-06,3.5,7.0,-0.2,62,80,39
1964-12-07,2.6,6.6,0.3,71,84,47
1964-12-08,2.1,6.9,-1.6,69,85,48
1964-12-09,3.5,8.9,0.4,62,79,44
1964-12-10,3.6,9.8,-0.9,74,85,52
1964-12-11,5.8,11.3,1.0,73,86,55
1964-12-12,5.7,10.7,0.1,80,97,62
1964-12-13,3.9,9.2,-0.0,86,99,65
1964-12-14,3.2,9.2,-0.7,88,99,67
1964-12-15,3.3,8.7,-0.5,89,99,69
1964-12-16,5.9,9.7,2.9,89,95,76
1964-12-17,6.9,9.8,4.4,87,94,75
1964-12-18,8.0,10.7,5.6,89,95,82
1964-12-19,9.3,12.5,6.5,92,98,83
1964-12-20,12.1,15.1,8.8,93,100,81
1964-12-21,8.4,10.9,6.1,96,100,89
1964-12-22,10.2,12.7,8.6,88,98,73
1964-12-23,8.5,11.0,5.5,83,96,64
1964-12-24,7.3,9.5,5.1,87,96,74
1964-12-25,5.7,7.6,3.6,88,94,77
1964-12-26,8.3,11.9,5.8,91,96,83
1964-12-27,11.5,13.8,8.6,89,97,76
1964-12-28,7.9,11.1,5.1,87,100,61
1964-12-29,6.5,12.5,1.7,86,99,68
1964-12-30,6.8,12.1,3.0,91,100,75
1964-12-31,6.8,11.0,4.0,84,98,67
1965-01-01,6.3,10.6,2.8,79,89,64
1965-01-02,5.4,9.3,1.5,92,100,82
1965-01-03,8.8,11.5,6.9,90,96,81
1965-01-04,10.1,13.5,8.1,84,98,61
1965-01-05,6.0,10.4,2.4,77,95,56
1965-01-06,4.4,8.2,1.2,62,70,49
1965-01-07,4.5,8.9,1.9,62,75,44
1965-01-08,1.7,5.0,-1.0,57,68,43
1965-01-09,2.4,7.1,-0.5,64,77,47
1965-01-10,3.9,10.5,-0.7,75,90,54
1965-01-11,5.4,10.1,1.7,65,82,42
1965-01-12,3.1,5.7,0.8,79,90,68
1965-01-13,2.3,5.4,-0.4,76,90,54
1965-01-14,2.3,6.4,-0.5,76,91,55
1965-01-15,1.8,6.2,-2.0,79,94,58
1965-01-16,2.2,6.8,-1.2,80,93,58
1965-01-17,3.0,7.9,-0.5,76,91,56
1965-01-18,2.6,8.4,-1.9,85,97,67
1965-01-19,4.7,8.6,0.4,94,97,91
1965-01-20,8.7,11.6,4.9,84,96,58
1965-01-21,5.6,9.4,0.5,79,94,66
1965-01-22,8.3,12.5,6.1,93,98,83
1965-01-23,8.4,12.2,5.6,90,98,72
1965-01-24,8.1,9.4,6.6,91,96,82
1965-01-25,5.4,7.3,4.0,78,89,70
1965-01-26,5.6,9.5,1.6,80,93,61
1965-01-27,7.0,10.0,4.1,86,96,71
1965-01-28,7.5,9.3,5.9,88,96,78
1965-01-29,8.0,10.1,6.6,85,91,75
1965-01-30,8.4,11.8,5.9,85,95,70
1965-01-31,8.0,13.5,3.4,89,100,71
1965-02-01,8.5,14.5,3.6,89,100,70
1965-02-02,6.8,9.7,2.9,76,99,52
1965-02-03,2.2,5.0,-0.1,58,75,42
1965-02-04,0.2,3.7,-2.3,55,65,38
1965-02-05,0.9,4.1,-2.0,56,69,40
1965-02-06,0.6,5.8,-2.7,60,83,40
1965-02-07,-3.0,-1.0,-4.9,43,47,38
1965-02-08,-3.0,1.1,-6.0,47,71,38
1965-02-09,0.9,5.8,-2.9,72,95,53
1965-02-10,2.2,3.5,1.2,93,96,89
1965-02-11,1.6,3.4,0.3,87,93,80
1965-02-12,0.6,2.8,-0.9,78,83,72
1965-02-13,-0.4,3.9,-5.5,77,92,57
1965-02-14,-1.1,5.0,-6.1,83,97,64
1965-02-15,1.3,7.6,-4.6,85,95,69
1965-02-16,5.5,10.3,1.3,87,99,68
1965-02-17,2.9,7.3,-0.5,81,99,56
1965-02-18,2.1,7.3,-2.2,65,79,46
1965-02-19,1.4,3.8,-1.5,86,98,69
1965-02-20,2.9,7.0,-0.3,81,99,56
1965-02-21,1.2,5.2,-2.1,63,75,48
1965-02-22,1.9,6.9,-1.8,62,75,45
1965-02-23,2.9,9.2,-1.7,65,76,44
1965-02-24,3.6,9.4,-1.4,68,84,47
1965-02-25,4.1,6.5,1.8,88,96,74
1965-02-26,3.8,9.0,-0.4,64,82,41
1965-02-27,3.4,5.9,0.5,91,95,85
1965-02-28,3.3,6.0,0.3,59,91,38
1965-03-01,2.9,8.1,-1.5,72,86,60
1965-03-02,7.0,11.6,3.2,87,94,74
1965-03-03,11.2,16.9,6.0,88,100,67
1965-03-04,10.9,15.5,5.8,72,93,48
1965-03-05,9.4,15.4,3.5,63,76,43
1965-03-06,10.2,16.3,4.1,71,81,54
1965-03-07,10.4,15.7,4.9,70,89,42
1965-03-08,9.1,13.0,4.4,71,87,52
1965-03-09,6.0,7.1,4.9,92,96,83
1965-03-10,4.4,6.4,2.0,79,89,70
1965-03-11,5.0,9.3,1.3,71,92,46
1965-03-12,5.2,10.1,-0.8,72,95,51
1965-03-13,6.3,12.2,-0.9,76,99,51
1965-03-14,7.5,12.7,1.6,76,99,51
1965-03-15,8.5,13.3,2.8,73,96,51
1965-03-16,9.2,14.1,3.9,71,91,47
1965-03-17,9.2,14.1,2.5,75,100,51
1965-03-18,9.7,14.0,5.1,79,95,58
1965-03-19,8.8,12.5,5.2,84,100,62
1965-03-20,9.6,13.5,6.3,85,98,67
1965-03-21,10.5,16.0,6.0,81,98,57
1965-03-22,10.8,15.8,5.4,84,100,57
1965-03-23,11.4,17.5,5.5,83,100,54
1965-03-24,11.0,13.1,9.3,93,99,81
1965-03-25,12.2,16.5,8.2,79,100,53
1965-03-26,11.5,15.1,6.4,78,97,60
1965-03-27,10.8,15.5,6.2,86,100,60
1965-03-28,10.7,14.6,7.5,78,94,56
1965-03-29,10.8,14.9,8.1,72,93,43
1965-03-30,9.8,13.6,6.4,74,92,50
1965-03-31,10.1,15.6,4.2,71,100,37
1965-04-01,10.0,13.4,6.4,57,77,40
1965-04-02,8.2,12.9,4.1,55,75,32
1965-04-03,11.0,17.3,4.9,52,70,36
1965-04-04,12.3,19.3,5.4,61,79,36
1965-04-05,14.2,19.7,10.1,62,79,39
1965-04-06,13.6,18.8,9.3,71,87,50
1965-04-07,11.9,14.9,9.3,81,94,65
1965-04-08,12.2,15.8,8.9,84,99,66
1965-04-09,12.4,14.6,10.0,89,96,77
1965-04-10,13.0,17.2,10.1,90,100,75
1965-04-11,12.3,17.1,8.8,87,98,66
1965-04-12,10.8,11.8,10.1,82,88,74
1965-04-13,9.8,10.9,8.5,83,89,76
1965-04-14,9.9,12.2,8.0,82,90,72
1965-04-15,11.1,13.7,8.8,80,88,69
1965-04-16,11.3,13.4,9.8,90,96,82
1965-04-17,11.6,16.4,6.1,77,100,45
1965-04-18,11.3,16.0,7.1,80,97,56
1965-04-19,11.3,15.8,7.6,84,98,60
1965-04-20,13.2,17.5,8.8,77,94,58
1965-04-21,15.0,20.0,10.1,71,92,39
1965-04-22,15.0,18.3,11.8,55,78,43
1965-04-23,13.6,17.9,8.7,64,85,40
1965-04-24,14.7,18.6,10.0,64,85,46
1965-04-25,14.8,19.2,10.2,71,90,48
1965-04-26,12.8,15.0,9.7,88,99,74
1965-04-27,13.6,18.9,8.5,78,95,54
1965-04-28,15.7,19.9,12.1,70,89,48
1965-04-29,16.8,21.0,13.3,70,87,52
1965-04-30,14.1,18.8,7.2,59,87,33
1965-05-01,14.4,19.6,8.1,58,79,37
1965-05-02,14.7,20.1,8.3,64,85,40
1965-05-03,14.6,18.1,11.0,72,88,54
1965-05-04,14.8,20.2,8.7,74,100,50
1965-05-05,13.6,16.4,11.9,75,87,62
1965-05-06,11.5,13.8,9.5,90,95,81
1965-05-07,12.1,15.6,8.3,77,97,61
1965-05-08,14.9,19.6,10.8,66,85,45
1965-05-09,15.7,20.6,10.3,62,78,43
1965-05-10,16.9,21.0,13.0,66,84,48
1965-05-11,13.8,16.9,12.2,77,91,51
1965-05-12,13.3,17.6,9.0,62,89,44
1965-05-13,13.3,17.8,8.4,74,92,52
1965-05-14,15.4,20.8,8.3,70,96,48
1965-05-15,16.5,21.3,11.2,59,76,39
1965-05-16,16.2,21.5,10.7,75,95,52
1965-05-17,19.2,25.0,13.6,72,90,52
1965-05-18,20.9,26.5,14.6,72,93,53
1965-05-19,21.7,27.2,16.1,72,94,50
1965-05-20,22.3,27.2,17.2,69,89,47
1965-05-21,23.2,28.2,18.9,66,82,49
1965-05-22,21.3,24.0,18.7,75,92,60
1965-05-23,21.3,24.6,17.8,73,89,58
1965-05-24,21.5,25.0,17.3,79,99,59
1965-05-25,21.3,24.7,17.1,78,96,62
1965-05-26,21.0,26.3,16.0,74,96,47
1965-05-27,20.7,24.8,16.9,75,94,56
1965-05-28,20.8,24.8,15.6,76,99,57
1965-05-29,21.6,26.9,15.4,69,100,36
1965-05-30,22.0,27.3,15.8,59,84,34
1965-05-31,23.1,27.7,17.8,60,83,38
1965-06-01,23.0,27.6,19.0,66,90,42
1965-06-02,24.9,29.4,19.9,55,81,34
1965-06-03,24.9,29.0,20.5,60,80,43
1965-06-04,24.1,28.2,20.7,68,88,49
1965-06-05,23.1,27.2,18.5,71,91,55
1965-06-06,23.4,27.3,18.6,60,99,29
1965-06-07,22.5,28.1,16.3,52,76,30
1965-06-08,23.6,29.5,16.6,53,78,30
1965-06-09,25.3,29.7,21.2,52,70,32
1965-06-10,24.7,28.2,21.0,41,66,27
1965-06-11,21.5,26.0,15.4,46,74,27
1965-06-12,21.9,27.4,15.4,51,77,32
1965-06-13,22.9,27.4,18.2,49,68,29
1965-06-14,22.3,27.5,15.8,51,76,29
1965-06-15,23.1,27.3,17.2,52,85,32
1965-06-16,22.5,27.5,17.5,46,67,28
1965-06-17,21.8,27.0,15.7,53,76,33
1965-06-18,19.5,21.2,18.2,84,94,72
1965-06-19,21.7,27.6,16.0,65,84,41
1965-06-20,24.3,30.6,17.3,59,84,34
1965-06-21,25.1,30.8,19.0,59,84,36
1965-06-22,24.6,28.9,20.5,65,83,47
1965-06-23,25.5,29.4,20.9,60,81,43
1965-06-24,26.2,30.7,22.0,61,81,42
1965-06-25,26.9,31.4,22.9,67,83,49
1965-06-26,26.9,31.2,22.8,68,87,49
1965-06-27,27.8,32.0,23.2,69,92,50
1965-06-28,26.7,29.9,23.3,64,85,49
1965-06-29,26.5,30.7,22.1,56,81,34
1965-06-30,20.7,23.8,18.2,62,91,41
1965-07-01,22.9,27.6,18.9,74,93,53
1965-07-02,26.3,31.4,21.5,65,85,43
1965-07-03,28.0,33.7,21.5,54,80,29
1965-07-04,28.3,33.6,23.8,60,80,38
1965-07-05,28.6,33.9,23.0,64,87,42
1965-07-06,27.3,29.8,23.6,53,80,36
1965-07-07,23.0,26.2,19.7,52,79,44
1965-07-08,23.3,27.1,19.3,68,90,49
1965-07-09,24.7,29.4,19.4,66,89,47
1965-07-10,26.4,30.9,21.1,61,84,41
1965-07-11,23.9,27.6,20.2,43,73,22
1965-07-12,22.6,28.0,17.3,36,53,22
1965-07-13,24.4,30.4,18.2,38,58,23
1965-07-14,25.4,31.1,18.1,49,73,29
1965-07-15,26.8,32.0,20.8,54,79,32
1965-07-16,27.4,33.1,21.4,55,79,32
1965-07-17,28.4,34.2,22.9,55,77,33
1965-07-18,29.7,35.9,23.6,51,76,25
1965-07-19,29.2,34.4,24.1,46,67,32
1965-07-20,26.5,30.4,23.0,65,86,47
1965-07-21,24.1,26.9,22.1,71,84,56
1965-07-22,24.8,28.9,20.6,71,93,51
1965-07-23,25.6,29.8,21.2,71,95,50
1965-07-24,27.7,33.1,22.7,63,85,41
1965-07-25,29.0,34.3,23.5,56,84,34
1965-07-26,29.9,35.4,24.6,53,78,32
1965-07-27,31.1,36.9,25.0,52,80,31
1965-07-28,27.9,32.1,23.0,42,64,22
1965-07-29,24.5,27.9,20.7,68,90,46
1965-07-30,25.2,29.8,20.0,64,90,43
1965-07-31,27.1,32.2,22.1,62,90,39
1965-08-01,28.5,34.5,23.1,60,87,36
1965-08-02,29.3,34.1,23.8,55,82,34
1965-08-03,26.5,31.5,21.5,41,68,21
1965-08-04,24.6,27.5,22.2,67,84,53
1965-08-05,25.7,31.7,20.1,61,91,29
1965-08-06,26.4,31.0,21.7,57,84,32
1965-08-07,25.8,30.2,21.2,58,80,38
1965-08-08,25.1,29.7,21.2,61,80,42
1965-08-09,25.9,30.4,21.4,61,83,42
1965-08-10,27.6,33.2,22.2,61,89,36
1965-08-11,28.7,34.5,21.9,49,81,23
1965-08-12,26.7,30.7,23.0,44,63,29
1965-08-13,23.2,28.1,18.3,39,66,23
1965-08-14,23.4,28.1,18.2,61,93,35
1965-08-15,23.8,27.8,19.2,62,90,42
1965-08-16,23.4,27.1,19.2,62,88,42
1965-08-17,23.0,25.9,20.6,65,79,52
1965-08-18,23.7,28.1,19.7,66,85,44
1965-08-19,23.6,27.9,19.8,71,91,47
1965-08-20,23.8,27.9,20.0,66,90,40
1965-08-21,24.7,29.3,20.7,53,79,28
1965-08-22,24.2,27.5,21.3,58,82,41
1965-08-23,23.9,28.3,19.4,70,93,47
1965-08-24,25.0,30.6,19.3,69,97,41
1965-08-25,25.0,29.7,21.0,68,91,42
1965-08-26,23.4,27.4,19.4,51,78,30
1965-08-27,20.1,23.6,17.0,52,64,40
1965-08-28,19.0,24.0,14.1,48,69,29
1965-08-29,20.1,25.4,14.5,46,69,27
1965-08-30,20.8,26.0,15.2,44,66,26
1965-08-31,21.4,28.0,14.3,49,78,25
1965-09-01,22.3,27.6,16.1,62,88,40
1965-09-02,23.2,29.3,17.2,59,91,30
1965-09-03,23.0,28.1,19.0,65,85,47
1965-09-04,23.3,28.3,18.2,70,96,45
1965-09-05,24.5,30.4,18.1,67,99,40
1965-09-06,24.5,29.7,18.6,70,98,43
1965-09-07,25.4,31.2,19.8,61,95,27
1965-09-08,25.1,30.4,20.4,48,74,27
1965-09-09,23.9,28.3,19.3,67,92,43
1965-09-10,24.3,29.7,19.0,65,90,37
1965-09-11,25.2,31.0,19.9,64,91,37
1965-09-12,26.2,32.3,20.7,63,91,34
1965-09-13,24.1,26.9,21.2,63,76,45
1965-09-14,22.3,27.3,17.6,55,80,28
1965-09-15,22.1,27.2,16.9,61,88,30
1965-09-16,22.8,28.6,16.1,59,95,26
1965-09-17,21.4,24.2,18.8,66,81,51
1965-09-18,20.5,24.9,16.4,66,86,42
1965-09-19,20.4,25.5,15.4,70,98,42
1965-09-20,20.3,24.1,16.2,74,99,47
1965-09-21,21.2,26.5,17.5,68,93,36
1965-09-22,21.2,26.4,16.2,61,89,30
1965-09-23,20.8,25.2,17.5,61,80,38
1965-09-24,20.1,25.0,14.9,69,97,42
1965-09-25,20.6,25.6,15.5,71,98,43
1965-09-26,21.6,27.0,15.5,68,97,39
1965-09-27,22.2,28.3,16.2,72,98,43
1965-09-28,23.2,29.1,17.5,69,95,39
1965-09-29,23.2,28.6,18.2,65,91,37
1965-09-30,23.5,29.2,18.4,67,91,38
1965-10-01,23.4,29.0,19.2,67,86,36
1965-10-02,23.3,28.8,17.6,72,97,43
1965-10-03,22.6,27.9,17.1,73,100,41
1965-10-04,22.0,25.7,19.1,71,87,51
1965-10-05,21.6,25.4,19.2,75,91,52
1965-10-06,20.8,25.7,16.5,78,100,48
1965-10-07,17.6,18.4,17.0,87,96,77
1965-10-08,17.9,20.4,15.4,77,90,62
1965-10-09,17.6,22.1,13.0,83,100,59
1965-10-10,18.2,22.4,14.0,74,100,46
1965-10-11,16.2,18.1,14.4,62,80,50
1965-10-12,16.8,20.5,13.4,70,91,42
1965-10-13,13.8,16.7,11.3,70,84,53
1965-10-14,13.8,17.0,11.6,64,80,43
1965-10-15,13.6,18.0,9.3,69,88,47
1965-10-16,14.3,20.2,8.3,72,97,42
1965-10-17,14.9,21.3,8.5,70,98,40
1965-10-18,15.0,19.7,10.7,73,94,51
1965-10-19,14.9,18.7,10.6,81,100,56
1965-10-20,14.2,17.4,10.5,83,100,64
1965-10-21,13.0,14.1,12.0,82,94,66
1965-10-22,12.4,15.7,9.1,66,90,40
1965-10-23,10.6,14.7,6.4,63,86,36
1965-10-24,10.1,15.4,4.9,60,79,36
1965-10-25,10.7,15.8,5.3,64,88,41
1965-10-26,11.5,16.8,5.7,66,93,39
1965-10-27,11.2,15.8,6.4,80,100,56
1965-10-28,11.0,16.6,6.0,81,100,54
1965-10-29,11.5,17.3,6.2,81,100,51
1965-10-30,12.6,18.6,7.7,81,100,49
1965-10-31,13.2,19.3,8.3,79,100,47
1965-11-01,13.1,18.6,7.6,81,100,51
1965-11-02,13.4,18.8,8.1,80,99,57
1965-11-03,13.2,18.6,7.9,84,100,59
1965-11-04,13.5,18.6,8.8,85,100,62
1965-11-05,14.4,20.2,9.6,82,100,55
1965-11-06,13.6,17.8,10.8,78,91,59
1965-11-07,11.3,13.3,10.1,69,83,61
1965-11-08,11.3,16.7,6.2,78,99,50
1965-11-09,11.9,17.0,6.5,82,100,60
1965-11-10,11.9,16.5,8.4,89,100,67
1965-11-11,12.6,16.1,10.1,91,99,73
1965-11-12,11.4,14.6,8.3,86,100,62
1965-11-13,13.4,17.8,9.5,88,97,73
1965-11-14,14.7,18.2,11.9,80,97,54
1965-11-15,13.4,17.4,9.4,74,96,48
1965-11-16,8.3,11.3,4.3,69,98,42
1965-11-17,4.5,8.4,1.0,51,67,32
1965-11-18,6.0,11.0,1.7,69,80,54
1965-11-19,10.2,15.0,7.5,81,93,67
1965-11-20,11.0,16.9,7.4,87,97,70
1965-11-21,11.5,17.2,7.4,86,100,63
1965-11-22,13.9,19.7,9.4,87,97,70
1965-11-23,13.3,18.1,9.3,84,99,59
1965-11-24,10.3,13.6,7.2,83,95,63
1965-11-25,7.4,9.2,3.3,61,91,39
1965-11-26,3.4,7.6,-0.2,51,72,31
1965-11-27,4.8,9.7,0.8,73,90,57
1965-11-28,9.8,15.4,5.0,91,99,77
1965-11-29,8.7,11.7,5.7,71,99,44
1965-11-30,6.6,12.8,1.8,73,89,54
1965-12-01,9.2,14.3,5.6,88,95,74
1965-12-02,9.3,10.6,6.1,95,98,89
1965-12-03,5.9,10.2,2.8,78,88,56
1965-12-04,5.4,8.4,3.2,90,96,82
1965-12-05,6.1,11.3,2.2,88,100,73
1965-12-06,5.0,9.9,0.4,83,99,61
1965-12-07,5.4,10.8,1.0,86,98,67
1965-12-08,7.1,11.9,4.4,90,97,74
1965-12-09,7.4,12.4,4.7,89,99,72
1965-12-10,9.0,12.8,4.6,94,99,82
1965-12-11,11.8,14.0,10.1,91,96,81
1965-12-12,7.6,11.2,4.4,69,91,52
1965-12-13,4.8,7.6,3.1,52,61,41
1965-12-14,3.5,7.4,0.8,72,84,56
1965-12-15,2.4,3.8,-0.4,59,85,42
1965-12-16,1.1,6.2,-2.4,59,75,39
1965-12-17,1.9,7.3,-1.0,71,85,44
1965-12-18,3.4,8.9,-0.5,76,86,58
1965-12-19,5.6,11.7,1.4,79,92,63
1965-12-20,6.5,12.5,2.5,82,94,63
1965-12-21,6.2,9.2,3.0,95,99,91
1965-12-22,8.4,10.7,7.2,94,97,89
1965-12-23,6.8,11.1,2.9,82,92,63
1965-12-24,5.5,10.0,2.5,84,94,65
1965-12-25,5.1,8.2,1.5,95,98,86
1965-12-26,7.5,11.9,2.8,89,99,76
1965-12-27,5.8,11.4,1.8,80,87,60
1965-12-28,6.7,13.4,1.9,87,95,72
1965-12-29,9.5,15.1,5.8,91,97,75
1965-12-30,9.5,12.5,7.1,95,99,87
1965-12-31,11.8,13.9,10.6,98,99,96
1966-01-01,6.8,10.7,5.6,78,99,72
1966-01-02,6.5,9.9,2.4,71,86,58
1966-01-03,5.9,10.8,2.4,73,89,52
1966-01-04,4.9,7.6,2.2,82,98,52
1966-01-05,3.2,5.8,0.5,55,61,46
1966-01-06,-0.9,0.8,-2.4,51,55,46
1966-01-07,-2.4,-0.7,-3.5,53,61,46
1966-01-08,-1.8,1.1,-3.5,53,58,46
1966-01-09,-1.6,2.3,-4.1,60,77,39
1966-01-10,0.6,4.2,-2.3,78,94,68
1966-01-11,3.4,6.9,0.9,95,99,88
1966-01-12,6.4,10.0,3.8,94,98,84
1966-01-13,10.4,13.6,7.2,89,97,73
1966-01-14,3.7,7.4,-0.1,71,92,50
1966-01-15,2.0,6.3,-1.7,68,82,51
1966-01-16,4.5,7.2,2.2,86,93,81
1966-01-17,6.3,9.5,3.9,91,98,82
1966-01-18,5.9,9.4,2.2,96,99,93
1966-01-19,5.5,8.7,1.2,91,100,73
1966-01-20,6.6,9.8,3.9,75,99,45
1966-01-21,3.2,8.1,-0.5,78,94,58
1966-01-22,5.2,9.6,1.8,86,96,71
1966-01-23,5.7,9.4,2.3,92,98,85
1966-01-24,7.5,12.2,2.8,85,99,66
1966-01-25,6.5,9.9,4.2,67,75,52
1966-01-26,4.5,8.8,-0.5,68,85,53
1966-01-27,4.7,6.0,3.3,93,98,83
1966-01-28,3.9,5.5,2.6,85,98,69
1966-01-29,3.0,6.5,0.1,69,76,57
1966-01-30,3.8,9.0,-0.7,73,86,56
1966-01-31,3.6,8.9,-1.7,79,97,60
1966-02-01,5.1,11.3,-0.7,79,97,59
1966-02-02,7.3,13.4,2.5,73,85,56
1966-02-03,6.3,12.1,1.8,79,90,59
1966-02-04,7.0,13.1,2.2,77,91,57
1966-02-05,5.9,8.4,2.9,77,91,66
1966-02-06,6.6,11.4,3.3,83,97,61
1966-02-07,9.2,14.6,4.5,76,85,62
1966-02-08,9.0,15.5,3.1,76,91,53
1966-02-09,9.4,14.4,4.2,80,93,59
1966-02-10,9.4,14.5,5.1,84,95,70
1966-02-11,9.7,15.3,5.0,91,99,71
1966-02-12,12.5,15.1,10.1,93,96,83
1966-02-13,11.4,14.6,8.3,86,99,66
1966-02-14,11.1,14.6,7.4,86,96,69
1966-02-15,8.8,14.0,5.2,85,100,63
1966-02-16,10.0,14.3,6.0,68,82,52
1966-02-17,8.4,12.4,4.6,85,98,69
1966-02-18,9.9,13.7,6.3,87,97,68
1966-02-19,9.4,14.6,4.3,88,100,64
1966-02-20,9.6,14.1,4.9,87,100,69
1966-02-21,10.1,14.9,5.5,87,98,68
1966-02-22,11.3,15.8,8.4,87,96,68
1966-02-23,11.6,15.6,9.2,91,98,74
1966-02-24,12.3,16.5,8.8,83,98,53
1966-02-25,10.9,15.5,7.3,63,78,44
1966-02-26,10.4,15.5,6.0,66,84,43
1966-02-27,12.6,19.2,7.1,66,83,43
1966-02-28,11.4,16.7,7.4,78,91,53
1966-03-01,11.0,16.6,6.0,84,99,62
1966-03-02,11.3,16.9,7.0,86,100,61
1966-03-03,13.4,16.5,11.2,82,95,62
1966-03-04,10.0,11.5,8.3,86,95,77
1966-03-05,9.6,11.7,7.8,84,94,71
1966-03-06,9.6,10.7,8.5,92,95,86
1966-03-07,9.9,11.8,8.3,87,96,75
1966-03-08,8.9,9.9,7.7,87,93,79
1966-03-09,8.7,10.6,7.3,78,90,65
1966-03-10,9.5,12.4,7.3,79,92,62
1966-03-11,9.3,14.5,3.4,73,96,46
1966-03-12,10.2,14.8,5.9,70,85,52
1966-03-13,10.7,15.8,5.9,81,98,58
1966-03-14,10.0,14.1,6.6,75,97,42
1966-03-15,7.3,11.4,3.3,64,79,42
1966-03-16,5.1,7.1,3.5,80,92,65
1966-03-17,5.7,9.5,2.5,76,97,50
1966-03-18,5.7,9.8,0.4,67,95,40
1966-03-19,6.3,11.9,1.2,61,75,42
1966-03-20,7.3,12.7,1.7,69,86,47
1966-03-21,5.7,9.8,1.7,59,75,35
1966-03-22,7.6,12.3,1.7,69,94,50
1966-03-23,9.2,15.1,1.5,77,100,56
1966-03-24,8.6,10.6,6.4,92,97,85
1966-03-25,11.5,16.7,7.2,84,97,59
1966-03-26,11.8,16.5,6.9,72,92,50
1966-03-27,7.5,12.1,3.8,54,82,40
1966-03-28,10.6,15.4,6.2,73,89,57
1966-03-29,12.4,17.5,7.9,77,92,56
1966-03-30,11.7,17.3,7.3,78,98,48
1966-03-31,8.4,11.7,5.9,53,78,34
1966-04-01,8.8,14.4,2.2,52,73,31
1966-04-02,11.0,15.6,6.0,64,83,43
1966-04-03,10.5,15.6,5.1,79,95,58
1966-04-04,11.2,15.7,7.9,78,99,48
1966-04-05,11.8,15.5,8.0,78,91,61
1966-04-06,12.4,17.4,6.3,73,92,47
1966-04-07,12.6,17.3,8.0,73,91,53
1966-04-08,12.4,17.2,6.8,83,100,60
1966-04-09,13.7,18.6,9.4,83,99,60
1966-04-10,13.5,18.1,10.0,86,100,64
1966-04-11,15.0,20.9,9.5,78,100,47
1966-04-12,15.5,20.8,10.5,67,81,46
1966-04-13,15.5,20.9,9.6,70,92,44
1966-04-14,13.6,16.6,9.7,83,96,70
1966-04-15,15.3,20.6,11.3,73,89,48
1966-04-16,16.5,21.8,11.6,74,91,53
1966-04-17,17.1,22.4,12.1,68,97,35
1966-04-18,16.2,21.1,11.8,63,83,42
1966-04-19,16.4,22.2,11.2,65,83,39
1966-04-20,16.6,21.9,12.2,73,87,52
1966-04-21,18.0,23.2,13.1,75,95,54
1966-04-22,18.6,23.9,13.9,68,89,41
1966-04-23,17.7,20.1,15.0,73,88,63
1966-04-24,16.9,19.6,13.8,76,92,58
1966-04-25,16.2,19.6,13.7,83,92,68
1966-04-26,17.3,21.0,14.6,88,97,72
1966-04-27,16.3,19.4,14.2,84,96,68
1966-04-28,17.0,20.4,14.4,85,96,69
1966-04-29,17.2,21.0,12.9,84,99,63
1966-04-30,16.2,18.6,13.8,87,98,74
1966-05-01,15.5,17.2,13.4,91,97,85
1966-05-02,17.4,22.6,12.1,75,100,41
1966-05-03,18.9,24.7,12.1,66,85,41
1966-05-04,17.0,19.9,13.7,76,89,63
1966-05-05,17.9,23.5,12.0,79,99,62
1966-05-06,19.6,24.7,14.6,79,98,60
1966-05-07,19.5,24.4,13.7,78,100,56
1966-05-08,18.2,22.2,14.1,78,96,58
1966-05-09,17.6,22.1,13.4,68,94,37
1966-05-10,17.6,22.1,13.9,60,75,41
1966-05-11,16.1,19.6,11.7,77,96,57
1966-05-12,15.9,20.8,9.7,71,98,44
1966-05-13,18.5,24.0,11.5,66,90,41
1966-05-14,20.2,26.3,13.8,64,86,38
1966-05-15,18.7,21.7,16.3,75,89,59
1966-05-16,17.6,20.6,15.0,76,93,58
1966-05-17,16.7,20.2,14.0,65,85,40
1966-05-18,15.6,18.5,12.7,69,86,52
1966-05-19,17.3,21.1,13.3,67,87,49
1966-05-20,18.3,22.5,12.8,73,99,54
1966-05-21,19.3,24.2,13.0,69,92,45
1966-05-22,19.0,23.9,12.8,63,87,39
1966-05-23,17.7,21.9,13.8,78,94,53
1966-05-24,18.6,22.7,14.3,76,96,56
1966-05-25,19.9,24.9,14.6,79,100,57
1966-05-26,20.3,24.1,16.3,84,100,67
1966-05-27,21.1,25.4,15.7,78,100,51
1966-05-28,19.4,23.0,15.2,73,97,52
1966-05-29,17.3,22.4,11.5,59,81,35
1966-05-30,17.9,23.3,11.9,59,83,32
1966-05-31,19.0,24.0,12.7,60,89,36
1966-06-01,19.2,22.2,15.6,69,85,51
1966-06-02,18.9,21.8,16.2,82,94,66
1966-06-03,16.3,17.3,15.3,85,94,71
1966-06-04,17.8,21.0,15.3,70,79,57
1966-06-05,17.9,21.7,14.2,72,91,50
1966-06-06,18.4,22.6,14.4,83,97,64
1966-06-07,19.3,23.6,14.7,83,100,62
1966-06-08,20.2,24.7,15.1,82,100,58
1966-06-09,21.5,26.4,16.0,80,100,55
1966-06-10,23.4,28.2,18.1,75,97,53
1966-06-11,24.7,29.7,18.9,68,93,41
1966-06-12,21.4,23.9,18.2,80,95,65
1966-06-13,21.3,24.5,17.7,77,96,62
1966-06-14,22.4,26.4,18.5,77,97,61
1966-06-15,22.7,26.0,19.0,79,95,65
1966-06-16,22.3,25.7,18.8,80,100,57
1966-06-17,22.1,26.8,17.8,76,95,55
1966-06-18,22.1,24.8,19.4,81,93,69
1966-06-19,21.8,24.5,17.7,78,100,58
1966-06-20,22.1,25.4,17.9,75,94,58
1966-06-21,23.5,27.7,18.2,73,98,54
1966-06-22,25.0,30.1,17.7,60,91,35
1966-06-23,24.2,29.1,19.0,63,86,41
1966-06-24,24.3,28.7,20.2,68,89,45
1966-06-25,25.7,30.2,21.2,65,86,47
1966-06-26,23.8,27.3,20.0,51,83,34
1966-06-27,22.7,26.8,17.9,48,64,36
1966-06-28,22.5,27.2,17.8,55,75,34
1966-06-29,24.5,29.4,19.0,61,86,37
1966-06-30,24.6,29.4,19.1,68,94,45
1966-07-01,22.9,26.1,19.9,60,72,49
1966-07-02,22.1,27.1,17.2,55,76,35
1966-07-03,22.9,27.7,17.5,59,83,38
1966-07-04,24.5,30.0,18.4,58,85,35
1966-07-05,26.0,31.7,20.3,60,85,34
1966-07-06,26.2,31.4,21.5,62,86,37
1966-07-07,27.3,32.7,22.0,62,85,41
1966-07-08,29.0,34.1,23.8,56,82,32
1966-07-09,25.6,29.2,21.5,43,65,27
1966-07-10,23.6,27.7,19.6,46,69,30
1966-07-11,23.2,26.6,19.2,64,83,47
1966-07-12,24.3,28.1,20.2,66,87,47
1966-07-13,25.5,29.5,20.0,66,89,45
1966-07-14,26.5,31.2,21.5,65,92,40
1966-07-15,26.8,30.7,22.7,65,83,45
1966-07-16,27.9,32.9,23.4,59,81,35
1966-07-17,27.2,31.9,22.2,63,85,37
1966-07-18,26.3,30.6,22.0,71,90,51
1966-07-19,27.3,32.5,21.6,63,88,39
1966-07-20,28.9,34.1,24.4,59,80,34
1966-07-21,29.3,33.8,25.5,60,83,37
1966-07-22,28.5,32.9,22.8,53,82,28
1966-07-23,26.7,30.5,22.1,41,59,28
1966-07-24,25.2,28.9,20.3,45,66,31
1966-07-25,25.4,30.1,20.3,54,74,36
1966-07-26,27.1,32.3,20.5,52,81,30
1966-07-27,27.1,31.8,21.3,57,82,37
1966-07-28,27.5,31.3,23.2,66,90,46
1966-07-29,27.5,32.7,22.2,61,86,36
1966-07-30,27.9,32.8,22.6,40,55,26
1966-07-31,26.1,30.3,21.1,53,81,40
1966-08-01,26.5,31.1,21.9,66,90,39
1966-08-02,26.6,30.3,23.1,64,86,43
1966-08-03,27.0,31.8,22.1,62,85,37
1966-08-04,27.9,32.6,23.0,61,86,36
1966-08-05,29.0,35.3,22.7,56,86,31
1966-08-06,29.7,35.2,24.9,53,79,30
1966-08-07,29.0,33.8,24.3,55,81,36
1966-08-08,27.9,31.2,24.8,61,78,44
1966-08-09,27.9,32.0,24.3,61,78,45
1966-08-10,27.1,30.7,23.8,46,75,25
1966-08-11,24.4,29.7,19.0,35,47,24
1966-08-12,26.2,31.8,20.3,39,55,27
1966-08-13,27.6,32.1,22.3,46,60,33
1966-08-14,27.5,32.4,23.3,60,82,37
1966-08-15,28.0,32.9,23.2,59,88,37
1966-08-16,28.3,33.5,23.0,57,79,35
1966-08-17,26.8,31.5,22.1,73,95,50
1966-08-18,27.2,30.8,23.9,70,87,52
1966-08-19,27.8,31.3,25.0,68,83,49
1966-08-20,28.1,31.3,26.0,65,78,49
1966-08-21,27.0,30.6,23.4,68,84,49
1966-08-22,27.3,32.6,21.5,59,91,28
1966-08-23,28.0,33.2,21.6,57,87,27
1966-08-24,27.9,33.0,22.2,51,73,28
1966-08-25,26.0,29.7,21.8,67,87,50
1966-08-26,26.0,29.9,21.2,76,99,53
1966-08-27,28.0,34.1,23.3,61,93,20
1966-08-28,27.3,32.4,22.5,57,79,35
1966-08-29,21.0,23.7,19.7,82,92,72
1966-08-30,19.7,21.3,18.1,77,90,59
1966-08-31,20.9,23.5,17.3,71,88,60
1966-09-01,20.0,22.7,18.5,80,90,68
1966-09-02,21.0,26.2,16.7,63,88,36
1966-09-03,21.3,27.0,15.3,59,82,37
1966-09-04,22.6,28.4,16.8,68,95,41
1966-09-05,23.1,27.7,17.7,76,98,51
1966-09-06,23.8,28.3,19.4,71,97,51
1966-09-07,20.6,24.1,17.2,53,66,41
1966-09-08,22.0,27.0,17.2,53,66,38
1966-09-09,22.2,26.5,17.5,67,86,46
1966-09-10,24.3,30.5,18.4,66,92,34
1966-09-11,22.1,25.1,19.2,81,94,65
1966-09-12,22.0,25.7,18.8,79,98,58
1966-09-13,21.9,25.0,19.7,77,89,59
1966-09-14,21.8,25.8,17.5,76,98,55
1966-09-15,22.2,25.8,18.8,79,96,59
1966-09-16,22.6,26.6,18.4,76,98,52
1966-09-17,22.8,27.1,17.8,77,98,54
1966-09-18,22.3,25.0,19.6,78,95,61
1966-09-19,23.0,27.3,17.9,73,99,48
1966-09-20,19.6,21.4,18.2,81,94,65
1966-09-21,18.0,19.4,16.4,77,87,68
1966-09-22,19.0,22.2,16.3,75,92,56
1966-09-23,18.9,23.5,13.6,72,100,39
1966-09-24,19.7,24.7,14.0,70,98,41
1966-09-25,19.8,24.6,15.3,61,80,36
1966-09-26,20.1,25.0,14.3,68,95,41
1966-09-27,19.7,23.5,15.4,81,99,59
1966-09-28,20.4,25.3,15.7,81,99,55
1966-09-29,20.7,24.9,15.6,80,99,57
1966-09-30,21.3,25.0,16.7,77,98,56
1966-10-01,21.0,24.9,16.8,75,93,56
1966-10-02,21.4,26.1,16.2,77,99,49
1966-10-03,21.6,25.1,18.4,82,97,60
1966-10-04,20.4,25.0,17.0,85,100,60
1966-10-05,20.2,23.5,17.2,84,99,66
1966-10-06,20.6,25.1,16.0,81,100,57
1966-10-07,20.7,24.6,16.1,78,99,57
1966-10-08,19.2,22.0,16.8,81,94,63
1966-10-09,19.0,22.6,16.2,74,89,54
1966-10-10,19.5,22.9,16.8,73,85,56
1966-10-11,20.8,26.0,15.8,77,97,50
1966-10-12,20.1,24.1,16.3,84,100,59
1966-10-13,20.3,24.1,16.6,83,100,63
1966-10-14,21.2,26.1,16.2,72,99,43
1966-10-15,20.0,25.1,16.0,73,94,49
1966-10-16,18.5,21.2,15.8,83,95,68
1966-10-17,18.3,20.7,16.6,74,88,55
1966-10-18,18.1,22.4,14.1,74,92,54
1966-10-19,17.8,19.2,17.0,94,97,89
1966-10-20,19.2,22.9,16.7,85,97,63
1966-10-21,18.6,22.0,15.8,88,99,67
1966-10-22,18.3,22.1,15.3,87,100,69
1966-10-23,16.9,20.9,13.2,68,84,44
1966-10-24,16.0,20.4,10.8,76,94,54
1966-10-25,16.0,20.6,11.3,86,100,66
1966-10-26,17.1,21.7,13.7,87,100,66
1966-10-27,19.0,23.8,15.1,82,96,61
1966-10-28,19.0,22.3,16.0,78,96,53
1966-10-29,17.1,21.2,13.1,79,94,54
1966-10-30,18.7,23.1,15.3,80,95,53
1966-10-31,16.4,19.7,14.0,77,94,65
1966-11-01,14.4,16.5,12.7,87,95,75
1966-11-02,14.8,18.5,12.3,84,98,60
1966-11-03,13.9,18.6,9.4,81,99,58
1966-11-04,14.6,17.9,11.0,84,96,68
1966-11-05,15.9,19.4,13.2,85,93,69
1966-11-06,16.2,18.7,12.9,90,96,77
1966-11-07,13.9,17.8,10.3,83,95,68
1966-11-08,13.5,17.0,9.9,86,98,64
1966-11-09,13.2,15.5,11.1,83,99,61
1966-11-10,11.7,16.3,7.2,79,100,55
1966-11-11,12.6,17.3,7.7,80,98,59
1966-11-12,13.4,16.4,10.1,91,98,77
1966-11-13,14.1,15.3,12.7,96,99,94
1966-11-14,11.9,14.9,9.7,82,100,58
1966-11-15,11.0,14.9,7.7,73,85,55
1966-11-16,9.3,11.5,6.6,88,98,77
1966-11-17,10.9,14.9,7.2,88,99,67
1966-11-18,13.6,16.7,10.1,88,97,82
1966-11-19,15.6,18.1,11.3,89,98,79
1966-11-20,11.2,14.7,8.6,89,100,69
1966-11-21,12.0,15.6,9.1,85,94,71
1966-11-22,9.5,13.2,6.8,89,100,68
1966-11-23,10.0,14.4,6.2,90,100,70
1966-11-24,13.8,17.3,11.2,91,96,80
1966-11-25,13.2,15.3,10.4,89,98,73
1966-11-26,9.4,12.8,5.3,77,89,62
1966-11-27,9.0,10.6,8.1,76,92,67
1966-11-28,7.7,8.6,4.8,88,94,78
1966-11-29,6.0,10.2,2.1,76,90,61
1966-11-30,5.8,8.9,2.7,92,100,85
1966-12-01,6.3,10.7,2.1,75,87,57
1966-12-02,8.0,13.1,4.3,79,94,66
1966-12-03,10.2,15.8,4.8,89,98,75
1966-12-04,10.0,13.3,7.1,79,92,63
1966-12-05,8.1,13.7,3.9,87,100,64
1966-12-06,10.8,12.8,8.5,96,98,94
1966-12-07,11.6,12.8,10.5,90,96,83
1966-12-08,8.4,10.3,7.0,82,90,65
1966-12-09,7.7,9.1,6.0,81,89,66
1966-12-10,9.0,11.7,7.4,87,96,71
1966-12-11,7.7,12.2,3.7,88,100,73
1966-12-12,7.9,12.8,4.5,85,99,61
1966-12-13,9.0,14.3,4.8,86,93,74
1966-12-14,11.9,15.6,7.6,89,97,78
1966-12-15,7.0,9.7,5.2,72,96,51
1966-12-16,5.0,7.9,3.0,57,67,44
1966-12-17,3.3,6.2,0.9,61,71,48
1966-12-18,3.8,8.5,0.4,65,76,50
1966-12-19,3.4,6.4,1.0,78,87,65
1966-12-20,4.2,8.6,1.4,76,86,56
1966-12-21,5.7,10.6,1.5,82,91,65
1966-12-22,6.9,7.9,5.2,86,96,74
1966-12-23,5.3,6.8,2.8,90,92,84
1966-12-24,2.2,3.3,1.1,76,83,68
1966-12-25,2.8,7.7,-0.9,70,83,49
1966-12-26,3.1,5.3,0.5,71,81,62
1966-12-27,1.0,5.0,-1.4,68,85,48
1966-12-28,1.3,6.0,-1.8,74,87,56
1966-12-29,2.4,6.8,-0.4,83,92,70
1966-12-30,2.7,7.9,-0.2,86,95,63
1966-12-31,3.1,8.6,-0.7,83,92,68
1967-01-01,4.2,8.7,0.2,75,83,59
1967-01-02,3.9,9.0,0.2,85,95,71
1967-01-03,3.7,9.1,-0.6,89,97,78
1967-01-04,3.8,6.6,-0.3,79,96,62
1967-01-05,2.9,6.9,-0.3,84,95,62
1967-01-06,4.8,8.4,-0.1,89,93,85
1967-01-07,8.8,12.2,5.1,83,94,57
1967-01-08,7.0,9.9,4.6,65,85,40
1967-01-09,6.4,11.0,1.3,76,90,44
1967-01-10,5.7,8.0,1.4,79,100,57
1967-01-11,1.3,5.6,-2.1,64,84,47
1967-01-12,1.2,2.5,-0.6,87,94,76
1967-01-13,0.9,1.5,0.0,80,89,76
1967-01-14,-0.6,2.8,-3.7,70,79,57
1967-01-15,0.6,4.6,-3.5,67,79,53
1967-01-16,-1.4,2.3,-4.4,64,73,54
1967-01-17,-5.2,-2.2,-7.9,61,66,53
1967-01-18,-4.9,-0.8,-8.8,60,64,52
1967-01-19,-4.2,-0.4,-8.1,63,72,49
1967-01-20,-4.0,1.3,-9.3,62,74,43
1967-01-21,-2.6,3.3,-6.4,59,72,43
1967-01-22,0.3,6.4,-4.1,56,75,42
1967-01-23,2.0,8.2,-2.3,73,80,57
1967-01-24,3.5,9.8,-0.4,79,91,62
1967-01-25,3.9,8.7,0.8,95,99,91
1967-01-26,4.0,8.3,1.4,76,96,55
1967-01-27,3.3,10.1,-1.3,71,84,51
1967-01-28,3.7,6.3,1.2,59,75,48
1967-01-29,1.9,6.9,-2.8,58,77,40
1967-01-30,5.3,13.4,-0.1,61,77,46
1967-01-31,4.6,11.2,-0.7,79,90,61
1967-02-01,2.5,4.2,0.9,75,84,70
1967-02-02,4.0,8.0,0.4,81,90,70
1967-02-03,5.2,11.4,-0.8,82,98,62
1967-02-04,8.5,15.1,3.2,74,87,56
1967-02-05,7.9,13.1,1.8,81,96,64
1967-02-06,6.7,9.2,3.9,80,94,67
1967-02-07,5.3,7.8,2.5,81,97,65
1967-02-08,4.1,9.0,-1.0,75,94,52
1967-02-09,2.3,4.0,-0.1,79,87,71
1967-02-10,0.1,1.4,-1.0,73,77,68
1967-02-11,-0.8,2.1,-6.1,68,76,55
1967-02-12,-4.4,2.5,-10.3,66,75,51
1967-02-13,-2.6,0.8,-6.7,75,82,64
1967-02-14,-1.8,2.5,-8.6,73,90,58
1967-02-15,-1.3,1.9,-4.7,64,79,44
1967-02-16,-1.7,2.6,-6.3,68,83,49
1967-02-17,-0.9,3.8,-4.4,70,76,56
1967-02-18,0.8,5.1,-3.0,74,93,58
1967-02-19,2.5,4.4,0.6,91,98,86
1967-02-20,3.5,8.9,-1.0,88,99,69
1967-02-21,6.1,13.3,0.5,80,95,58
1967-02-22,8.2,13.1,3.3,68,89,40
1967-02-23,7.6,13.9,2.1,54,74,38
1967-02-24,7.7,14.5,1.5,64,82,46
1967-02-25,6.2,11.2,0.6,62,81,42
1967-02-26,6.0,11.2,0.2,81,94,68
1967-02-27,7.6,13.3,1.6,84,97,69
1967-02-28,9.2,16.1,1.8,82,100,57
1967-03-01,11.1,19.0,4.8,78,93,54
1967-03-02,10.5,13.2,8.4,82,93,68
1967-03-03,8.9,13.8,4.2,62,86,39
1967-03-04,9.2,15.5,2.9,55,76,37
1967-03-05,10.2,15.3,6.4,59,76,39
1967-03-06,6.5,9.1,3.6,85,96,73
1967-03-07,7.1,9.3,4.5,82,93,70
1967-03-08,7.0,10.9,2.4,82,100,63
1967-03-09,7.8,12.8,2.0,84,100,67
1967-03-10,9.6,15.4,3.8,85,100,64
1967-03-11,11.0,17.7,4.4,87,100,65
1967-03-12,12.0,18.3,6.5,86,100,65
1967-03-13,11.5,15.7,6.9,70,87,49
1967-03-14,9.5,12.8,6.8,86,92,76
1967-03-15,6.1,7.1,5.4,85,93,76
1967-03-16,7.0,11.5,2.3,70,89,46
1967-03-17,7.6,12.2,3.6,73,86,52
1967-03-18,6.9,9.8,4.6,78,88,67
1967-03-19,7.3,9.5,4.7,81,94,65
1967-03-20,6.9,8.5,5.3,87,95,75
1967-03-21,8.5,12.5,5.4,77,94,55
1967-03-22,8.5,13.1,4.2,63,75,44
1967-03-23,9.4,15.1,3.5,72,90,49
1967-03-24,10.8,15.8,6.7,66,87,44
1967-03-25,8.1,12.3,4.3,49,63,29
1967-03-26,8.3,14.5,2.8,66,83,43
1967-03-27,8.4,11.2,6.0,79,91,66
1967-03-28,9.9,14.0,6.9,83,93,63
1967-03-29,11.1,16.8,5.2,83,100,59
1967-03-30,13.1,19.7,5.9,79,100,56
1967-03-31,14.5,20.4,9.2,77,98,46
1967-04-01,13.8,17.6,11.0,71,94,37
1967-04-02,10.9,15.7,6.0,61,79,40
1967-04-03,9.2,12.4,6.8,70,87,59
1967-04-04,9.6,13.3,5.9,72,93,49
1967-04-05,9.7,13.1,7.2,81,94,65
1967-04-06,9.4,15.0,3.5,79,100,50
1967-04-07,11.6,16.9,6.2,73,93,48
1967-04-08,12.7,18.7,7.2,79,97,58
1967-04-09,14.9,21.3,8.5,78,100,54
1967-04-10,16.3,21.1,12.3,78,92,56
1967-04-11,17.2,21.7,13.6,75,91,54
1967-04-12,17.1,21.9,13.1,77,94,55
1967-04-13,17.2,21.8,13.5,75,92,55
1967-04-14,16.1,19.6,11.3,77,90,63
1967-04-15,15.2,19.6,11.0,84,100,60
1967-04-16,15.7,20.9,10.9,70,90,47
1967-04-17,15.3,20.0,10.1,73,90,56
1967-04-18,16.4,20.9,12.4,74,96,49
1967-04-19,15.3,20.1,11.4,66,90,46
1967-04-20,10.2,14.3,6.6,50,76,38
1967-04-21,11.1,15.1,6.5,74,92,58
1967-04-22,12.2,14.9,9.4,82,95,68
1967-04-23,11.7,16.0,8.7,86,100,70
1967-04-24,11.1,15.6,7.4,53,72,30
1967-04-25,11.0,15.6,5.9,60,79,40
1967-04-26,11.7,16.1,7.8,71,90,46
1967-04-27,12.7,16.2,9.4,80,93,68
1967-04-28,13.4,16.9,8.9,81,99,60
1967-04-29,13.9,18.1,8.9,79,97,61
1967-04-30,14.5,18.5,9.6,77,91,61
1967-05-01,15.3,19.9,9.6,79,100,58
1967-05-02,16.8,21.1,12.5,75,98,51
1967-05-03,17.2,21.7,12.3,74,95,55
1967-05-04,17.4,22.1,13.2,76,95,53
1967-05-05,17.6,22.3,12.9,64,85,40
1967-05-06,17.2,21.3,12.7,75,93,56
1967-05-07,19.7,24.4,15.3,74,92,51
1967-05-08,20.0,24.2,16.5,73,91,53
1967-05-09,20.3,25.5,16.4,74,94,49
1967-05-10,20.5,26.1,16.5,74,91,49
1967-05-11,20.2,24.3,16.7,78,92,58
1967-05-12,19.6,24.1,15.4,77,95,54
1967-05-13,19.4,23.9,14.5,77,97,54
1967-05-14,19.4,22.8,16.4,71,91,52
1967-05-15,19.6,23.3,16.6,62,81,47
1967-05-16,19.6,23.7,16.3,61,84,41
1967-05-17,19.9,24.9,15.8,66,85,46
1967-05-18,21.0,27.1,16.7,67,84,45
1967-05-19,21.4,25.5,17.3,67,84,46
1967-05-20,18.9,21.9,15.9,79,91,62
1967-05-21,16.2,17.3,14.6,92,95,88
1967-05-22,15.9,17.7,13.5,85,97,68
1967-05-23,17.8,22.5,13.0,79,98,61
1967-05-24,19.5,24.0,15.9,71,95,47
1967-05-25,18.2,23.8,12.8,59,86,36
1967-05-26,19.5,25.3,12.6,63,84,41
1967-05-27,20.3,24.6,16.4,54,81,31
1967-05-28,20.2,26.0,13.4,57,77,38
1967-05-29,21.5,27.0,15.8,59,84,33
1967-05-30,19.3,22.3,16.4,75,87,64
1967-05-31,19.3,23.2,16.0,72,85,59
1967-06-01,20.3,24.9,15.3,71,93,48
1967-06-02,19.5,23.9,14.8,57,81,38
1967-06-03,19.2,24.1,14.5,58,80,36
1967-06-04,20.0,24.4,16.0,68,92,40
1967-06-05,19.2,22.3,15.8,71,93,53
1967-06-06,19.8,25.9,12.5,65,93,37
1967-06-07,21.3,27.3,15.8,61,85,35
1967-06-08,21.0,25.3,17.4,72,90,52
1967-06-09,21.1,24.0,17.9,72,90,57
1967-06-10,22.1,26.0,17.7,72,95,52
1967-06-11,22.5,26.8,18.4,66,89,41
1967-06-12,22.1,26.1,17.8,61,87,34
1967-06-13,21.5,24.2,18.1,70,83,58
1967-06-14,21.6,25.4,17.2,65,93,42
1967-06-15,20.7,24.5,15.9,48,69,32
1967-06-16,20.5,25.9,14.3,54,76,32
1967-06-17,22.5,27.6,15.7,59,92,33
1967-06-18,23.1,27.6,19.4,64,85,42
1967-06-19,22.2,26.5,17.9,69,94,44
1967-06-20,21.1,25.0,17.3,75,92,53
1967-06-21,20.7,26.2,15.6,73,98,43
1967-06-22,22.2,26.6,17.7,58,79,38
1967-06-23,21.7,25.4,17.8,60,84,45
1967-06-24,22.9,27.4,18.3,68,94,44
1967-06-25,23.6,27.8,19.7,65,84,48
1967-06-26,24.8,30.2,19.9,64,87,42
1967-06-27,25.9,30.9,21.5,64,85,43
1967-06-28,27.9,33.5,22.7,58,79,36
1967-06-29,26.7,30.6,23.1,65,78,49
1967-06-30,25.4,29.3,20.3,72,95,54
1967-07-01,26.5,30.6,21.1,64,86,45
1967-07-02,24.5,27.6,21.5,75,92,60
1967-07-03,24.2,28.6,18.9,74,97,53
1967-07-04,25.4,29.4,22.0,70,90,48
1967-07-05,24.9,28.8,21.4,73,88,54
1967-07-06,23.7,27.6,19.6,74,93,55
1967-07-07,23.0,27.1,19.2,73,90,53
1967-07-08,22.7,25.9,19.5,79,91,63
1967-07-09,23.0,27.2,18.4,76,96,57
1967-07-10,22.1,25.3,18.4,82,96,64
1967-07-11,22.1,26.0,18.2,78,97,56
1967-07-12,23.2,27.9,18.9,69,94,42
1967-07-13,24.7,29.2,20.5,59,81,36
1967-07-14,25.6,30.8,19.8,61,83,38
1967-07-15,27.5,32.3,22.5,58,82,36
1967-07-16,28.4,32.3,24.0,53,74,36
1967-07-17,29.0,33.1,24.9,49,65,33
1967-07-18,28.6,33.3,23.1,54,74,36
1967-07-19,26.3,30.0,23.3,54,72,30
1967-07-20,24.7,28.3,20.5,63,81,44
1967-07-21,24.8,29.0,22.1,62,79,40
1967-07-22,24.0,27.6,20.3,66,82,51
1967-07-23,24.8,29.7,19.6,67,91,47
1967-07-24,27.1,32.6,21.7,66,93,43
1967-07-25,29.2,35.3,23.5,55,83,31
1967-07-26,27.0,31.5,23.5,62,80,39
1967-07-27,24.9,26.9,22.8,76,88,64
1967-07-28,24.3,28.2,20.4,77,98,57
1967-07-29,24.3,29.4,19.3,75,95,50
1967-07-30,23.5,27.1,20.0,78,93,58
1967-07-31,24.9,29.0,20.8,71,90,50
1967-08-01,26.6,31.8,20.9,62,86,38
1967-08-02,26.8,31.2,22.9,65,84,46
1967-08-03,26.6,30.6,22.6,71,93,49
1967-08-04,28.8,34.5,23.5,62,86,36
1967-08-05,28.7,33.5,24.7,64,83,42
1967-08-06,28.7,34.7,23.4,67,89,39
1967-08-07,27.8,29.9,25.7,71,81,61
1967-08-08,26.5,30.0,23.0,76,92,57
1967-08-09,27.1,30.8,22.9,75,97,54
1967-08-10,28.3,32.6,23.6,69,87,48
1967-08-11,28.3,33.0,24.1,69,89,47
1967-08-12,28.9,33.9,23.0,60,92,32
1967-08-13,26.2,29.4,22.9,66,82,55
1967-08-14,25.9,29.2,21.2,73,95,56
1967-08-15,26.0,31.1,20.4,65,90,41
1967-08-16,26.1,30.9,21.7,52,73,33
1967-08-17,25.5,29.4,22.0,65,82,46
1967-08-18,26.8,32.8,21.5,66,91,38
1967-08-19,27.3,32.3,23.0,60,84,34
1967-08-20,24.4,25.9,22.8,80,89,69
1967-08-21,22.5,25.5,20.1,82,96,64
1967-08-22,24.2,28.3,19.9,73,93,52
1967-08-23,25.9,30.0,22.6,62,81,38
1967-08-24,24.7,27.7,21.6,69,84,53
1967-08-25,24.4,28.0,20.6,70,88,53
1967-08-26,24.3,28.9,19.6,75,99,50
1967-08-27,24.9,29.9,19.8,76,100,50
1967-08-28,25.4,29.9,20.7,69,98,39
1967-08-29,24.2,28.6,20.6,55,75,34
1967-08-30,22.9,25.1,19.9,73,89,60
1967-08-31,22.8,26.5,19.0,77,95,55
1967-09-01,22.5,26.1,19.6,80,97,58
1967-09-02,22.2,26.2,18.4,80,97,59
1967-09-03,22.4,26.3,18.7,80,98,59
1967-09-04,22.4,25.6,19.6,78,95,59
1967-09-05,21.7,24.5,18.9,79,89,63
1967-09-06,21.5,24.7,19.8,80,91,64
1967-09-07,23.5,28.1,17.4,68,95,42
1967-09-08,22.0,23.4,19.2,76,91,69
1967-09-09,20.9,24.2,17.7,71,89,54
1967-09-10,21.0,25.0,17.0,74,94,52
1967-09-11,21.5,25.8,17.5,74,93,49
1967-09-12,21.1,25.2,17.9,83,98,59
1967-09-13,20.0,25.4,14.6,71,100,38
1967-09-14,21.7,26.3,16.8,63,84,40
1967-09-15,21.9,26.4,16.2,72,96,49
1967-09-16,20.9,24.8,17.7,76,93,54
1967-09-17,19.6,25.4,13.4,61,83,36
1967-09-18,20.4,25.2,16.3,59,76,40
1967-09-19,20.1,24.9,15.9,68,86,47
1967-09-20,18.8,22.1,16.4,82,95,64
1967-09-21,19.8,24.0,15.6,81,100,56
1967-09-22,20.7,24.6,16.4,85,100,64
1967-09-23,21.5,26.5,17.1,84,100,59
1967-09-24,22.8,27.4,17.9,78,97,54
1967-09-25,22.3,26.4,18.7,76,93,51
1967-09-26,21.8,26.3,17.5,81,100,54
1967-09-27,22.2,29.1,15.8,72,96,37
1967-09-28,21.8,26.5,18.0,78,95,55
1967-09-29,22.4,28.1,16.7,77,100,49
1967-09-30,19.5,21.5,18.3,86,93,79
1967-10-01,20.7,25.1,17.7,78,94,51
1967-10-02,20.4,24.7,16.4,84,100,56
1967-10-03,19.9,23.0,17.4,85,100,62
1967-10-04,19.6,22.6,16.3,85,100,68
1967-10-05,20.5,24.2,18.1,85,95,70
1967-10-06,18.3,21.1,15.2,77,97,54
1967-10-07,15.8,19.5,12.3,55,67,41
1967-10-08,14.9,19.2,11.3,58,69,38
1967-10-09,17.1,23.1,11.9,63,82,43
1967-10-10,18.0,21.4,14.6,56,68,40
1967-10-11,18.8,25.0,14.3,71,85,46
1967-10-12,18.8,22.9,15.4,82,96,61
1967-10-13,18.4,22.0,15.1,85,100,64
1967-10-14,17.9,22.0,14.3,85,100,61
1967-10-15,17.7,22.1,13.5,85,100,60
1967-10-16,18.2,24.1,14.0,84,100,57
1967-10-17,19.2,25.9,14.7,80,100,46
1967-10-18,18.8,24.3,14.5,82,99,52
1967-10-19,14.1,18.4,11.5,68,100,42
1967-10-20,11.7,15.1,7.7,48,60,37
1967-10-21,14.9,19.4,10.7,53,68,41
1967-10-22,15.3,20.4,8.9,71,97,48
1967-10-23,15.2,21.9,9.3,72,99,41
1967-10-24,16.2,23.3,9.2,69,96,38
1967-10-25,15.9,21.3,11.2,85,100,61
1967-10-26,16.3,20.7,13.0,86,100,61
1967-10-27,16.3,18.9,13.4,81,95,63
1967-10-28,16.4,19.2,13.9,78,88,66
1967-10-29,16.6,19.3,14.6,89,97,78
1967-10-30,16.7,17.5,16.0,95,97,93
1967-10-31,17.1,19.0,16.0,89,97,79
1967-11-01,15.9,17.5,14.1,89,97,81
1967-11-02,15.2,18.6,13.2,89,98,70
1967-11-03,15.7,20.6,10.7,75,93,54
1967-11-04,15.5,20.2,10.7,80,100,56
1967-11-05,14.3,18.9,10.4,86,100,65
1967-11-06,15.8,19.1,13.8,86,97,67
1967-11-07,15.7,18.9,13.3,87,99,70
1967-11-08,15.0,19.0,11.5,87,100,68
1967-11-09,15.2,18.4,12.5,89,100,72
1967-11-10,15.2,18.2,12.9,90,100,71
1967-11-11,13.4,16.5,11.3,95,100,84
1967-11-12,11.6,15.0,8.6,80,94,64
1967-11-13,12.7,16.5,10.1,70,84,55
1967-11-14,11.5,16.4,6.8,69,88,48
1967-11-15,11.0,16.4,5.6,80,99,60
1967-11-16,11.3,17.9,6.1,78,100,50
1967-11-17,12.4,19.4,6.0,69,95,44
1967-11-18,11.8,13.8,9.7,77,90,65
1967-11-19,11.4,16.7,7.1,76,100,45
1967-11-20,8.0,10.6,5.9,52,62,39
1967-11-21,5.0,8.2,2.5,61,75,42
1967-11-22,3.5,8.3,-0.1,63,80,40
1967-11-23,5.5,9.5,2.5,55,64,46
1967-11-24,7.4,10.9,5.3,58,67,44
1967-11-25,4.4,7.8,1.2,72,86,50
1967-11-26,5.1,7.0,3.9,83,89,76
1967-11-27,7.0,10.3,4.3,81,88,71
1967-11-28,8.8,11.6,6.8,84,89,73
1967-11-29,11.3,15.0,8.5,88,96,75
1967-11-30,11.9,15.2,8.4,93,97,83
1967-12-01,12.6,14.6,10.4,93,97,85
1967-12-02,10.3,11.9,7.9,84,96,71
1967-12-03,7.2,10.9,3.9,64,74,49
1967-12-04,7.1,12.5,2.7,66,80,50
1967-12-05,6.3,9.4,3.9,62,71,46
1967-12-06,5.2,11.5,1.5,69,80,47
1967-12-07,7.1,14.3,0.7,82,96,66
1967-12-08,9.5,14.1,4.3,88,100,70
1967-12-09,10.6,15.1,6.6,89,100,73
1967-12-10,8.2,12.5,3.9,79,96,55
1967-12-11,7.7,11.7,4.1,88,96,81
1967-12-12,12.1,15.4,9.3,93,96,87
1967-12-13,10.0,14.2,5.6,89,97,78
1967-12-14,3.4,5.4,1.2,62,77,52
1967-12-15,2.5,3.6,1.2,76,84,59
1967-12-16,2.5,4.3,0.4,78,85,68
1967-12-17,1.9,6.6,-2.1,73,89,51
1967-12-18,2.5,6.8,-1.1,76,94,57
1967-12-19,2.4,5.3,-0.1,83,99,63
1967-12-20,1.9,4.6,-0.9,79,94,67
1967-12-21,-3.1,1.0,-6.1,62,80,52
1967-12-22,-4.2,0.2,-8.2,59,66,45
1967-12-23,0.9,5.9,-2.1,63,75,56
1967-12-24,1.9,8.2,-2.9,78,93,59
1967-12-25,3.7,11.0,-1.4,84,97,66
1967-12-26,6.2,13.0,1.4,93,99,79
1967-12-27,8.8,13.8,5.5,91,98,79
1967-12-28,8.7,12.0,4.8,95,100,82
1967-12-29,6.2,9.8,4.4,90,100,73
1967-12-30,4.7,9.7,0.5,87,97,72
1967-12-31,5.6,12.7,0.8,91,99,73
1968-01-01,7.8,13.2,3.9,93,100,80
1968-01-02,8.0,11.4,5.0,96,98,90
1968-01-03,7.6,11.7,1.7,91,100,81
1968-01-04,3.8,6.7,0.9,73,98,51
1968-01-05,2.2,6.9,-0.8,61,76,44
1968-01-06,2.6,7.9,-0.9,69,83,55
1968-01-07,5.6,10.1,1.4,75,93,51
1968-01-08,7.6,12.6,0.7,83,92,62
1968-01-09,-2.2,-0.4,-3.5,48,60,39
1968-01-10,-2.1,-1.1,-3.6,75,92,57
1968-01-11,-0.9,1.2,-2.3,92,95,84
1968-01-12,-3.0,-0.4,-6.4,82,95,71
1968-01-13,-7.1,-5.7,-8.8,62,70,54
1968-01-14,-9.9,-6.1,-12.9,66,75,58
1968-01-15,-5.4,1.3,-11.7,65,72,52
1968-01-16,-0.1,5.5,-5.6,73,81,66
1968-01-17,1.5,8.8,-2.7,70,81,51
1968-01-18,-0.6,6.8,-5.7,79,90,64
1968-01-19,1.0,4.7,-3.6,88,91,83
1968-01-20,4.6,6.5,3.3,89,93,84
1968-01-21,2.0,4.7,-1.3,79,94,62
1968-01-22,-0.5,4.8,-4.5,62,74,47
1968-01-23,1.8,6.7,-2.2,70,78,58
1968-01-24,1.4,6.3,-2.0,69,80,53
1968-01-25,2.1,6.8,-1.4,87,99,77
1968-01-26,2.1,6.0,-0.7,79,99,54
1968-01-27,1.8,5.8,-0.9,65,90,45
1968-01-28,0.1,4.5,-2.8,57,68,44
1968-01-29,1.1,6.2,-2.6,66,87,45
1968-01-30,2.8,7.4,-0.2,71,88,51
1968-01-31,3.9,10.7,-0.9,69,82,51
1968-02-01,5.1,11.0,-0.3,71,84,55
1968-02-02,5.8,11.4,0.7,81,93,66
1968-02-03,5.6,10.9,1.1,90,99,73
1968-02-04,6.6,9.7,3.8,86,98,70
1968-02-05,6.5,8.7,4.4,87,93,74
1968-02-06,8.3,10.9,7.3,92,96,84
1968-02-07,9.1,11.7,7.0,90,97,79
1968-02-08,8.8,12.5,6.0,92,98,79
1968-02-09,9.7,13.1,7.0,89,98,70
1968-02-10,8.4,12.4,4.8,90,100,73
1968-02-11,8.6,14.1,3.9,84,99,59
1968-02-12,7.1,10.6,3.2,86,97,76
1968-02-13,7.9,9.5,6.6,92,98,79
1968-02-14,8.1,11.3,5.1,88,95,75
1968-02-15,8.7,13.1,4.7,87,96,70
1968-02-16,9.5,12.9,5.7,95,100,82
1968-02-17,9.9,11.7,7.7,98,99,96
1968-02-18,5.2,10.5,2.1,69,96,50
1968-02-19,2.1,5.1,-0.2,51,57,42
1968-02-20,2.3,7.1,-2.1,60,76,42
1968-02-21,4.0,9.4,-1.4,76,93,58
1968-02-22,6.1,11.7,0.6,81,92,65
1968-02-23,8.1,13.6,3.4,84,96,66
1968-02-24,9.0,15.2,3.3,87,99,66
1968-02-25,10.8,17.2,4.9,85,100,64
1968-02-26,11.9,18.2,6.9,86,100,64
1968-02-27,8.9,11.1,6.0,90,98,82
1968-02-28,5.5,7.4,3.9,76,86,64
1968-02-29,5.8,9.3,3.1,65,82,44
1968-03-01,5.5,7.8,3.6,62,83,51
1968-03-02,2.6,3.8,1.2,91,96,82
1968-03-03,3.4,6.1,1.8,86,95,66
1968-03-04,2.9,8.2,-2.1,73,96,43
1968-03-05,4.0,8.3,-0.1,56,69,39
1968-03-06,5.2,9.8,0.9,70,87,52
1968-03-07,7.1,13.4,1.3,76,89,55
1968-03-08,8.3,13.3,3.5,81,94,61
1968-03-09,8.1,11.4,5.5,90,99,76
1968-03-10,9.0,14.6,4.0,84,100,59
1968-03-11,11.3,16.2,6.6,83,94,64
1968-03-12,5.5,9.5,2.2,68,90,52
1968-03-13,3.1,6.9,0.2,47,65,31
1968-03-14,3.4,7.8,-1.1,57,74,45
1968-03-15,4.9,11.2,-1.1,75,96,51
1968-03-16,6.9,12.8,0.5,76,92,54
1968-03-17,9.5,15.7,3.9,75,90,51
1968-03-18,11.4,16.9,7.1,72,86,52
1968-03-19,12.5,17.5,8.3,69,81,51
1968-03-20,10.8,15.5,6.4,69,86,47
1968-03-21,10.7,14.9,6.9,75,91,50
1968-03-22,11.7,16.8,6.4,76,95,59
1968-03-23,11.6,16.1,7.2,84,98,66
1968-03-24,11.7,15.2,8.0,83,96,66
1968-03-25,9.1,10.4,7.4,86,97,75
1968-03-26,10.1,14.4,6.4,74,94,47
1968-03-27,11.8,17.5,5.4,66,89,43
1968-03-28,12.3,18.8,4.9,67,87,39
1968-03-29,13.2,17.9,9.4,69,86,45
1968-03-30,12.9,18.0,8.2,75,95,52
1968-03-31,13.7,19.4,9.1,73,91,50
1968-04-01,15.6,22.4,10.2,72,90,45
1968-04-02,14.9,20.1,9.7,76,94,54
1968-04-03,13.9,17.1,10.7,81,91,66
1968-04-04,15.5,20.9,8.8,80,100,57
1968-04-05,15.7,20.0,11.4,83,99,64
1968-04-06,16.3,21.8,10.5,81,100,55
1968-04-07,17.6,23.2,12.0,77,97,54
1968-04-08,16.7,20.6,12.0,77,98,58
1968-04-09,17.7,22.1,14.2,72,90,55
1968-04-10,12.1,16.2,7.8,50,65,35
1968-04-11,9.6,12.2,6.8,60,81,48
1968-04-12,10.9,13.1,8.7,71,87,53
1968-04-13,12.8,16.9,8.4,71,88,59
1968-04-14,14.7,18.9,11.1,79,93,59
1968-04-15,15.1,19.0,10.6,82,100,64
1968-04-16,12.9,14.5,11.1,77,89,67
1968-04-17,14.0,17.9,11.1,71,83,56
1968-04-18,13.0,15.9,10.0,75,88,62
1968-04-19,14.0,20.4,7.4,71,100,34
1968-04-20,14.7,20.3,9.6,62,91,29
1968-04-21,14.2,19.6,8.1,59,90,29
1968-04-22,15.2,21.8,8.4,59,80,33
1968-04-23,17.2,24.3,9.6,61,83,35
1968-04-24,19.4,26.7,13.2,61,81,34
1968-04-25,18.4,22.1,15.1,68,86,52
1968-04-26,18.8,23.8,14.7,68,86,50
1968-04-27,19.1,23.0,15.7,69,87,50
1968-04-28,19.7,24.8,15.4,63,84,36
1968-04-29,20.3,25.2,15.7,60,79,40
1968-04-30,21.2,26.1,16.9,59,80,38
1968-05-01,21.1,26.5,16.3,61,83,37
1968-05-02,21.1,26.2,16.1,64,85,39
1968-05-03,21.8,26.8,17.2,61,89,30
1968-05-04,22.7,28.3,17.8,54,77,28
1968-05-05,22.9,28.6,18.0,60,83,37
1968-05-06,22.8,27.2,19.6,60,78,41
1968-05-07,22.2,26.7,18.9,59,81,40
1968-05-08,21.7,26.3,18.6,62,78,44
1968-05-09,22.9,28.0,18.4,62,85,39
1968-05-10,23.9,29.6,18.6,62,86,36
1968-05-11,23.5,27.7,20.4,65,82,44
1968-05-12,23.3,27.7,19.5,65,86,45
1968-05-13,23.8,28.2,20.1,61,78,41
1968-05-14,23.4,28.6,19.6,64,82,40
1968-05-15,20.9,26.1,17.0,72,92,41
1968-05-16,18.8,23.3,15.8,80,92,56
1968-05-17,18.7,21.9,15.2,82,96,69
1968-05-18,20.1,24.5,15.2,75,95,55
1968-05-19,19.6,23.4,15.9,72,91,50
1968-05-20,20.8,25.1,16.8,76,98,50
1968-05-21,21.1,25.5,17.2,81,98,60
1968-05-22,23.1,27.9,18.2,73,99,49
1968-05-23,25.5,32.1,18.9,62,89,30
1968-05-24,26.0,31.4,21.2,63,85,37
1968-05-25,25.4,29.3,22.3,67,86,48
1968-05-26,23.1,27.0,19.7,73,87,56
1968-05-27,22.8,27.0,19.5,72,90,49
1968-05-28,20.1,22.5,17.7,74,92,56
1968-05-29,19.2,22.6,16.2,76,92,59
1968-05-30,19.3,21.8,17.2,76,89,60
1968-05-31,19.1,22.7,15.4,76,91,61
1968-06-01,20.9,24.4,16.7,73,94,52
1968-06-02,21.6,25.2,16.7,75,97,53
1968-06-03,21.4,25.0,18.2,81,96,63
1968-06-04,20.1,23.1,17.5,85,98,69
1968-06-05,20.2,23.5,17.0,80,97,63
1968-06-06,19.1,22.9,15.6,65,88,45
1968-06-07,19.3,21.8,17.0,66,79,53
1968-06-08,19.8,23.0,16.0,70,83,57
1968-06-09,20.3,24.0,16.3,78,98,62
1968-06-10,21.4,25.2,16.5,77,100,58
1968-06-11,21.7,25.5,17.0,77,96,59
1968-06-12,21.3,24.5,17.1,83,97,68
1968-06-13,22.8,26.7,18.5,80,98,61
1968-06-14,22.4,25.9,18.3,79,96,61
1968-06-15,19.6,21.0,18.9,74,92,56
1968-06-16,21.9,27.1,15.6,65,90,39
1968-06-17,22.9,28.0,17.8,70,92,42
1968-06-18,23.4,27.0,19.3,71,92,52
1968-06-19,24.5,29.9,19.7,65,87,41
1968-06-20,26.2,30.9,22.3,62,84,42
1968-06-21,27.1,32.4,21.3,59,81,34
1968-06-22,25.3,29.0,21.3,46,70,26
1968-06-23,22.3,25.8,19.0,55,77,44
1968-06-24,22.5,25.6,19.7,66,79,53
1968-06-25,19.6,21.3,18.2,85,95,73
1968-06-26,22.5,27.3,17.5,68,90,42
1968-06-27,24.5,29.5,17.7,60,83,38
1968-06-28,26.0,30.4,21.3,61,81,43
1968-06-29,27.1,32.3,22.2,63,84,39
1968-06-30,27.6,32.4,21.5,51,81,28
1968-07-01,24.8,29.4,20.7,46,71,28
1968-07-02,24.0,29.6,18.5,46,76,27
1968-07-03,24.6,30.0,18.8,49,68,30
1968-07-04,23.3,26.6,19.6,68,88,48
1968-07-05,23.3,27.1,19.4,72,92,49
1968-07-06,24.3,28.4,20.2,67,92,44
1968-07-07,26.4,30.6,21.6,62,86,43
1968-07-08,28.8,34.9,21.9,49,76,27
1968-07-09,30.8,37.2,24.5,44,65,23
1968-07-10,30.7,37.0,24.3,49,73,26
1968-07-11,28.5,32.8,24.1,61,80,44
1968-07-12,28.7,32.3,25.0,63,79,48
1968-07-13,28.7,33.0,24.8,64,87,45
1968-07-14,28.7,33.0,24.9,55,79,35
1968-07-15,28.2,31.3,25.5,60,73,47
1968-07-16,28.2,32.0,24.4,63,85,46
1968-07-17,28.4,33.9,22.1,57,92,27
1968-07-18,28.3,33.2,21.6,47,70,25
1968-07-19,26.3,30.7,22.6,38,54,21
1968-07-20,24.4,29.7,19.3,40,55,21
1968-07-21,24.0,28.0,19.6,48,67,28
1968-07-22,23.3,26.5,19.0,66,92,49
1968-07-23,22.4,27.7,16.9,41,54,25
1968-07-24,23.2,27.4,17.2,57,83,39
1968-07-25,24.3,29.0,19.0,64,88,41
1968-07-26,25.1,28.7,21.1,66,89,46
1968-07-27,25.0,29.1,20.9,67,90,42
1968-07-28,23.3,27.5,20.2,64,86,46
1968-07-29,23.6,28.3,19.6,55,85,31
1968-07-30,24.0,29.0,18.9,42,60,26
1968-07-31,24.8,30.3,19.1,42,64,25
1968-08-01,24.7,29.8,20.7,44,76,25
1968-08-02,23.1,27.6,18.2,66,94,43
1968-08-03,23.9,28.4,18.8,64,91,43
1968-08-04,24.7,30.3,20.0,62,81,40
1968-08-05,24.0,28.3,20.7,59,79,37
1968-08-06,24.3,29.9,18.8,61,92,30
1968-08-07,24.1,27.7,19.6,64,87,47
1968-08-08,24.6,29.9,19.1,66,88,44
1968-08-09,25.4,30.1,20.4,69,96,46
1968-08-10,27.5,34.4,20.4,58,97,22
1968-08-11,27.3,33.5,20.6,47,74,22
1968-08-12,27.7,33.4,22.2,49,66,29
1968-08-13,25.8,30.8,21.6,53,80,27
1968-08-14,24.3,28.7,19.8,52,72,34
1968-08-15,22.6,25.7,19.8,74,88,59
1968-08-16,23.7,29.5,19.1,60,84,35
1968-08-17,24.5,29.1,19.8,70,95,46
1968-08-18,25.0,29.3,21.1,68,90,44
1968-08-19,24.6,29.5,20.0,66,90,42
1968-08-20,20.2,24.0,16.6,49,62,35
1968-08-21,22.1,27.6,17.8,47,59,34
1968-08-22,22.0,27.0,17.7,51,75,36
1968-08-23,21.4,24.7,17.9,75,92,56
1968-08-24,22.2,26.4,17.7,70,90,48
1968-08-25,22.7,27.0,17.9,73,95,49
1968-08-26,22.8,26.8,18.8,75,94,54
1968-08-27,23.6,27.5,19.6,70,88,50
1968-08-28,24.2,29.6,18.7,61,85,36
1968-08-29,25.1,30.7,19.0,58,82,32
1968-08-30,24.6,28.8,20.2,72,91,55
1968-08-31,25.9,30.8,20.8,65,86,39
1968-09-01,25.0,29.8,20.3,50,80,29
1968-09-02,23.2,27.4,19.5,47,63,31
1968-09-03,23.8,29.7,18.2,51,73,31
1968-09-04,24.9,30.9,18.1,54,76,30
1968-09-05,24.6,30.2,19.6,63,85,35
1968-09-06,21.3,24.9,18.4,76,92,53
1968-09-07,20.2,25.3,17.4,80,93,54
1968-09-08,21.1,25.0,17.2,69,92,46
1968-09-09,21.8,25.9,17.7,64,86,40
1968-09-10,20.8,24.4,17.0,68,86,50
1968-09-11,19.2,20.9,17.9,73,84,61
1968-09-12,19.7,22.3,16.9,71,87,57
1968-09-13,20.7,24.9,16.4,78,95,56
1968-09-14,21.6,25.8,16.6,81,99,61
1968-09-15,22.9,27.9,18.6,82,100,56
1968-09-16,23.0,28.5,18.3,82,100,57
1968-09-17,24.4,30.8,18.6,78,98,51
1968-09-18,25.7,31.4,21.5,71,88,45
1968-09-19,25.2,30.4,20.1,63,91,34
1968-09-20,21.8,24.9,17.9,59,90,44
1968-09-21,19.4,24.1,15.0,73,98,42
1968-09-22,19.7,23.4,16.2,79,95,61
1968-09-23,20.8,25.5,16.4,83,99,61
1968-09-24,21.1,24.0,18.8,86,96,72
1968-09-25,19.4,24.1,16.2,76,98,52
1968-09-26,17.1,21.2,13.7,51,67,35
1968-09-27,16.5,21.0,12.6,49,63,33
1968-09-28,16.8,22.3,11.7,48,65,29
1968-09-29,16.7,22.0,9.9,66,95,42
1968-09-30,16.6,21.3,11.7,81,99,58
1968-10-01,17.4,20.7,14.3,81,96,63
1968-10-02,16.8,20.8,13.6,61,91,35
1968-10-03,15.7,20.4,11.2,53,68,39
1968-10-04,16.5,20.4,13.7,59,78,40
1968-10-05,16.1,21.4,11.8,56,73,35
1968-10-06,15.7,20.2,11.8,73,88,51
1968-10-07,16.0,18.4,14.2,75,90,58
1968-10-08,15.4,21.0,10.6,83,100,56
1968-10-09,16.0,21.6,11.7,82,100,51
1968-10-10,16.7,22.8,11.3,79,100,48
1968-10-11,17.2,22.8,12.9,69,98,39
1968-10-12,17.7,23.0,11.7,61,93,41
1968-10-13,17.4,21.8,12.7,58,82,40
1968-10-14,16.5,22.1,10.5,76,100,48
1968-10-15,17.6,24.1,11.9,71,98,39
1968-10-16,17.5,22.9,11.4,76,98,46
1968-10-17,17.7,22.3,13.7,85,100,58
1968-10-18,17.2,20.0,15.3,91,99,76
1968-10-19,16.1,20.4,12.7,79,100,52
1968-10-20,11.1,15.0,9.5,87,92,76
1968-10-21,10.7,13.7,7.9,68,96,41
1968-10-22,12.1,14.9,10.3,62,79,50
1968-10-23,13.0,16.7,10.6,68,81,49
1968-10-24,13.0,18.3,8.0,77,98,50
1968-10-25,13.3,18.9,8.3,82,100,56
1968-10-26,14.2,18.9,10.9,86,98,63
1968-10-27,13.7,14.3,13.3,91,94,89
1968-10-28,14.1,15.4,13.0,89,96,82
1968-10-29,14.3,17.0,12.3,83,92,67
1968-10-30,13.3,17.0,9.9,87,100,66
1968-10-31,12.7,17.5,8.7,87,100,65
1968-11-01,12.6,17.0,9.2,87,100,67
1968-11-02,12.3,16.5,9.4,88,100,71
1968-11-03,12.7,16.8,9.9,91,100,76
1968-11-04,14.9,18.3,12.5,90,96,76
1968-11-05,15.6,17.9,13.9,90,96,78
1968-11-06,14.3,16.1,12.7,93,98,83
1968-11-07,13.8,16.3,12.0,90,97,81
1968-11-08,12.6,16.5,9.4,86,100,64
1968-11-09,12.4,16.5,8.6,89,100,67
1968-11-10,14.7,16.5,13.3,89,92,83
1968-11-11,14.4,16.5,13.1,88,94,77
1968-11-12,13.1,14.7,11.6,94,96,90
1968-11-13,14.0,16.5,12.6,84,93,67
1968-11-14,12.7,14.8,10.7,87,95,78
1968-11-15,12.5,13.1,11.7,92,94,90
1968-11-16,13.9,15.6,12.9,88,93,82
1968-11-17,15.2,17.8,13.7,88,94,77
1968-11-18,15.6,18.4,13.8,90,97,74
1968-11-19,15.1,17.8,13.3,93,97,83
1968-11-20,13.5,16.4,11.3,90,100,71
1968-11-21,11.4,12.7,10.1,96,99,93
1968-11-22,9.9,11.3,8.7,86,91,79
1968-11-23,8.8,11.0,7.0,71,87,57
1968-11-24,7.9,10.5,5.2,68,78,56
1968-11-25,6.9,9.8,3.4,78,93,64
1968-11-26,7.6,11.2,4.8,66,81,50
1968-11-27,7.3,9.2,5.4,68,74,61
1968-11-28,6.9,9.9,4.7,73,80,62
1968-11-29,6.5,11.3,2.0,82,100,61
1968-11-30,7.2,11.3,3.7,88,98,74
1968-12-01,9.7,11.9,8.6,85,96,75
1968-12-02,9.1,10.9,7.6,89,98,75
1968-12-03,7.6,8.4,6.9,85,92,74
1968-12-04,6.1,8.4,4.2,86,100,68
1968-12-05,4.1,8.1,0.8,81,99,56
1968-12-06,3.4,7.0,-0.3,82,100,58
1968-12-07,2.8,6.4,-0.1,84,100,60
1968-12-08,2.7,7.6,-1.6,82,98,58
1968-12-09,4.6,6.7,2.6,90,95,83
1968-12-10,6.4,8.5,4.5,90,96,81
1968-12-11,3.6,5.1,2.0,92,98,88
1968-12-12,2.5,3.9,1.5,80,93,68
1968-12-13,2.5,4.4,1.1,82,90,72
1968-12-14,3.5,5.2,2.0,88,94,78
1968-12-15,4.7,7.1,3.3,91,95,80
1968-12-16,5.2,7.2,3.7,82,93,64
1968-12-17,5.8,7.8,3.7,90,97,83
1968-12-18,9.9,14.8,5.5,92,99,79
1968-12-19,13.1,15.6,11.7,83,88,75
1968-12-20,11.9,13.8,9.5,89,95,81
1968-12-21,7.3,9.5,5.3,81,98,61
1968-12-22,5.1,9.3,1.2,73,86,56
1968-12-23,4.4,9.2,0.1,75,88,57
1968-12-24,4.0,7.9,-0.4,83,98,65
1968-12-25,4.2,6.5,2.8,85,96,74
1968-12-26,3.0,6.7,-1.2,72,84,54
1968-12-27,2.5,5.0,1.2,88,93,78
1968-12-28,2.2,3.0,1.4,91,97,87
1968-12-29,3.9,7.9,1.4,93,100,78
1968-12-30,3.2,7.8,0.1,90,99,70
1968-12-31,8.2,11.8,5.3,95,97,89
1969-01-01,2.9,6.0,0.2,87,93,79
1969-01-02,-1.5,-0.1,-2.2,79,86,75
1969-01-03,-0.4,1.1,-1.7,86,89,82
1969-01-04,0.5,0.8,0.2,90,93,86
1969-01-05,0.9,1.8,0.2,92,94,88
1969-01-06,0.6,2.7,-2.0,86,93,77
1969-01-07,-2.1,1.9,-6.3,89,94,77
1969-01-08,-2.1,1.3,-5.3,90,95,79
1969-01-09,0.6,2.0,-0.6,94,96,92
1969-01-10,2.3,5.9,0.8,92,96,76
1969-01-11,2.0,3.3,1.1,93,95,87
1969-01-12,0.4,1.9,-4.2,86,95,72
1969-01-13,-3.9,0.6,-9.4,88,96,79
1969-01-14,1.3,3.5,-0.1,92,95,87
1969-01-15,3.2,6.4,0.5,97,99,95
1969-01-16,2.6,6.0,0.4,97,100,87
1969-01-17,4.1,6.1,2.1,95,98,91
1969-01-18,6.2,9.2,4.3,88,94,76
1969-01-19,6.2,9.4,3.1,88,95,75
1969-01-20,6.1,7.9,4.1,88,98,71
1969-01-21,1.2,3.9,-0.9,65,85,51
1969-01-22,-1.8,-0.2,-4.0,61,68,54
1969-01-23,-1.0,3.3,-4.2,59,74,45
1969-01-24,0.7,5.5,-2.1,71,82,54
1969-01-25,2.4,7.4,-1.4,74,87,53
1969-01-26,2.2,5.3,-0.1,66,77,48
1969-01-27,-0.1,2.8,-2.2,64,74,49
1969-01-28,-0.5,3.3,-3.3,68,82,48
1969-01-29,1.2,6.2,-2.0,77,90,69
1969-01-30,3.6,9.9,-0.9,88,96,76
1969-01-31,5.1,10.3,2.0,78,95,53
1969-02-01,4.0,9.3,-0.5,80,89,64
1969-02-02,5.6,11.2,0.9,85,93,71
1969-02-03,6.7,12.0,1.4,88,96,73
1969-02-04,7.0,12.9,1.8,90,99,71
1969-02-05,9.2,13.4,5.5,93,99,84
1969-02-06,9.0,12.2,4.7,82,99,55
1969-02-07,5.6,8.8,3.0,72,92,53
1969-02-08,4.5,9.4,-0.2,70,83,52
1969-02-09,6.8,9.6,4.8,88,94,82
1969-02-10,6.1,8.9,3.7,86,95,71
1969-02-11,4.3,6.4,0.6,86,97,68
1969-02-12,-0.2,4.0,-3.1,56,67,38
1969-02-13,4.5,10.1,-0.8,73,88,64
1969-02-14,9.8,13.7,6.0,87,98,74
1969-02-15,11.6,15.3,8.9,90,98,74
1969-02-16,9.5,14.1,4.9,85,100,62
1969-02-17,8.0,11.6,2.9,83,100,65
1969-02-18,7.2,12.2,3.0,62,76,40
1969-02-19,6.6,10.6,2.9,67,84,49
1969-02-20,7.8,11.0,4.8,82,92,69
1969-02-21,8.3,9.7,6.6,93,96,87
1969-02-22,9.5,14.2,5.9,85,98,57
1969-02-23,8.1,9.1,7.1,82,92,75
1969-02-24,8.3,9.9,7.0,80,88,72
1969-02-25,8.0,10.0,6.9,90,96,80
1969-02-26,9.0,13.2,5.4,85,99,61
1969-02-27,9.4,13.8,5.5,75,90,49
1969-02-28,8.5,12.5,5.2,84,98,60
1969-03-01,7.2,9.1,5.8,85,92,81
1969-03-02,6.6,8.1,5.3,80,93,71
1969-03-03,8.1,10.3,6.6,81,90,73
1969-03-04,8.4,10.1,7.0,85,92,74
1969-03-05,7.4,8.7,6.6,85,95,76
1969-03-06,5.8,6.6,4.7,86,92,80
1969-03-07,6.1,8.9,4.2,85,96,71
1969-03-08,7.5,11.0,4.5,82,91,67
1969-03-09,7.0,9.3,5.1,86,97,72
1969-03-10,7.2,14.3,2.0,84,100,55
1969-03-11,8.3,12.9,3.0,80,97,55
1969-03-12,9.0,13.3,3.5,83,100,63
1969-03-13,9.2,14.1,3.7,86,100,65
1969-03-14,10.2,15.2,5.2,86,100,64
1969-03-15,12.0,14.5,9.8,85,95,73
1969-03-16,12.5,16.4,9.1,88,99,69
1969-03-17,11.9,13.1,10.8,94,97,90
1969-03-18,11.4,14.3,9.4,90,99,78
1969-03-19,10.6,11.6,8.9,86,95,75
1969-03-20,8.2,9.3,7.5,83,89,79
1969-03-21,6.5,7.7,5.3,79,90,61
1969-03-22,5.2,7.3,3.3,77,91,61
1969-03-23,5.7,8.3,3.5,70,88,56
1969-03-24,4.8,6.7,3.1,74,88,62
1969-03-25,6.8,10.8,2.1,80,92,69
1969-03-26,9.1,10.7,7.9,86,96,80
1969-03-27,10.6,15.3,6.0,85,99,61
1969-03-28,10.6,12.5,9.2,91,96,81
1969-03-29,10.6,14.0,7.2,87,97,67
1969-03-30,7.7,12.4,2.5,74,91,51
1969-03-31,8.4,11.8,4.7,76,95,54
1969-04-01,10.1,15.0,6.4,67,84,47
1969-04-02,11.1,16.3,5.9,75,90,53
1969-04-03,12.6,17.3,9.1,78,89,60
1969-04-04,11.7,15.2,8.6,85,95,74
1969-04-05,11.2,13.4,9.4,80,92,65
1969-04-06,10.0,11.6,8.3,78,88,70
1969-04-07,9.7,12.0,8.0,78,89,67
1969-04-08,10.1,13.2,7.5,74,91,55
1969-04-09,9.2,10.5,7.9,76,92,62
1969-04-10,9.3,14.3,5.1,69,94,37
1969-04-11,9.6,15.7,4.5,65,90,35
1969-04-12,12.4,19.3,6.2,63,78,43
1969-04-13,14.0,20.2,8.1,69,86,47
1969-04-14,12.9,18.1,7.4,80,100,60
1969-04-15,11.2,15.5,7.5,82,98,59
1969-04-16,10.9,16.4,6.0,65,85,42
1969-04-17,12.0,16.7,6.6,66,90,48
1969-04-18,10.4,12.8,7.9,73,94,46
1969-04-19,8.8,13.1,3.7,62,79,44
1969-04-20,11.4,15.9,6.2,70,87,52
1969-04-21,13.7,18.2,9.4,77,90,59
1969-04-22,15.4,20.9,9.7,77,95,50
1969-04-23,16.8,22.0,13.3,74,90,47
1969-04-24,15.8,21.0,11.6,75,98,44
1969-04-25,15.1,20.1,10.6,57,77,35
1969-04-26,15.8,21.6,9.8,63,81,39
1969-04-27,16.5,22.3,10.8,69,90,48
1969-04-28,16.3,21.2,12.0,73,89,55
1969-04-29,15.7,18.6,12.7,77,92,61
1969-04-30,16.1,19.7,11.6,78,96,61
1969-05-01,17.1,22.4,11.3,80,100,58
1969-05-02,18.6,24.1,14.0,79,99,54
1969-05-03,16.5,19.4,13.6,86,100,73
1969-05-04,17.7,22.2,13.7,77,99,55
1969-05-05,19.1,24.1,14.8,71,89,50
1969-05-06,18.4,22.2,15.3,73,93,51
1969-05-07,18.6,21.9,15.1,67,83,51
1969-05-08,18.2,22.3,12.9,66,94,40
1969-05-09,17.7,21.4,13.8,66,86,43
1969-05-10,17.3,20.4,13.7,73,90,56
1969-05-11,17.5,22.7,12.7,76,96,48
1969-05-12,18.2,24.5,12.2,73,92,47
1969-05-13,19.6,25.9,12.5,68,92,41
1969-05-14,20.9,26.3,15.1,67,84,47
1969-05-15,21.3,26.6,16.7,70,89,52
1969-05-16,24.2,30.5,18.6,64,86,37
1969-05-17,24.5,29.5,20.3,62,81,43
1969-05-18,24.1,28.1,19.3,66,85,48
1969-05-19,24.2,29.1,20.1,63,82,46
1969-05-20,24.3,29.2,19.5,66,85,45
1969-05-21,25.1,30.1,20.8,65,83,46
1969-05-22,24.2,29.0,20.3,64,86,45
1969-05-23,18.8,21.0,17.2,72,85,63
1969-05-24,19.3,22.8,15.8,78,96,61
1969-05-25,20.8,25.7,15.6,75,100,52
1969-05-26,20.5,24.2,17.5,69,86,49
1969-05-27,21.0,25.6,17.3,68,86,52
1969-05-28,23.4,28.8,18.7,69,90,44
1969-05-29,24.5,30.0,19.3,66,88,44
1969-05-30,26.3,32.5,20.4,60,86,38
1969-05-31,27.8,33.1,22.4,59,80,38
1969-06-01,28.6,34.2,22.9,54,73,31
1969-06-02,26.3,31.0,21.7,64,83,42
1969-06-03,24.5,28.9,19.7,45,66,27
1969-06-04,22.3,25.8,19.2,53,69,36
1969-06-05,21.8,26.2,17.2,55,79,35
1969-06-06,21.7,25.6,17.9,69,84,50
1969-06-07,18.5,20.0,16.8,83,90,74
1969-06-08,18.7,23.9,12.3,63,93,35
1969-06-09,20.7,25.2,15.8,56,73,41
1969-06-10,21.2,26.3,15.5,56,79,39
1969-06-11,23.0,28.6,17.2,61,85,37
1969-06-12,23.3,27.4,18.7,71,92,51
1969-06-13,23.6,27.5,19.3,74,97,52
1969-06-14,23.6,26.8,20.4,76,92,57
1969-06-15,24.5,29.8,19.1,71,92,48
1969-06-16,25.3,29.8,19.9,51,75,34
1969-06-17,25.8,30.7,20.1,48,69,31
1969-06-18,25.5,30.1,21.0,53,78,36
1969-06-19,25.5,30.4,21.4,65,89,41
1969-06-20,26.9,32.0,21.9,57,84,33
1969-06-21,26.4,30.9,21.4,42,74,24
1969-06-22,25.1,29.0,20.5,43,61,32
1969-06-23,24.9,30.4,19.9,51,69,30
1969-06-24,24.6,28.6,21.0,61,82,44
1969-06-25,25.9,32.0,20.3,60,83,37
1969-06-26,24.9,30.5,21.5,67,89,40
1969-06-27,22.0,26.3,18.8,54,71,34
1969-06-28,19.4,22.7,15.6,61,85,45
1969-06-29,21.1,25.2,16.7,60,84,37
1969-06-30,22.4,26.9,17.3,58,84,35
1969-07-01,23.7,28.1,18.9,57,84,35
1969-07-02,23.6,28.6,18.0,43,63,26
1969-07-03,23.6,29.5,17.3,55,79,32
1969-07-04,24.4,29.4,19.2,64,95,37
1969-07-05,25.3,30.4,19.8,55,82,33
1969-07-06,25.4,29.9,21.3,59,78,38
1969-07-07,25.4,30.0,21.0,61,81,36
1969-07-08,25.6,29.2,22.1,66,85,46
1969-07-09,26.6,32.8,20.3,60,94,26
1969-07-10,26.5,31.3,21.9,64,90,38
1969-07-11,26.4,31.0,21.5,52,87,24
1969-07-12,22.4,25.9,18.9,45,60,34
1969-07-13,21.3,25.5,17.5,43,60,26
1969-07-14,21.6,25.6,17.0,44,59,31
1969-07-15,22.1,26.6,17.2,45,66,29
1969-07-16,22.4,26.7,17.9,48,63,34
1969-07-17,24.1,29.3,18.9,56,86,30
1969-07-18,26.4,32.2,20.7,45,68,23
1969-07-19,27.1,34.1,19.5,49,75,23
1969-07-20,27.9,33.4,22.9,43,64,22
1969-07-21,27.4,33.4,21.4,49,82,24
1969-07-22,25.9,30.3,22.3,47,73,28
1969-07-23,23.5,28.3,19.5,66,92,36
1969-07-24,24.1,28.6,19.7,60,92,28
1969-07-25,24.6,29.2,18.9,51,80,28
1969-07-26,25.7,30.1,20.0,50,79,30
1969-07-27,26.5,32.1,19.1,51,83,28
1969-07-28,27.3,32.8,22.9,55,80,31
1969-07-29,25.9,29.9,22.4,65,84,41
1969-07-30,24.1,27.7,20.1,75,94,56
1969-07-31,23.7,26.3,21.3,76,89,62
1969-08-01,23.4,25.8,21.5,68,83,52
1969-08-02,25.5,29.6,22.0,54,71,35
1969-08-03,26.5,30.9,21.5,54,77,35
1969-08-04,25.9,30.6,21.8,64,85,40
1969-08-05,22.1,23.9,19.5,83,95,70
1969-08-06,22.9,26.9,19.6,72,92,49
1969-08-07,24.0,28.9,19.9,65,92,34
1969-08-08,24.1,28.2,19.9,67,91,42
1969-08-09,24.3,28.0,21.2,65,88,44
1969-08-10,23.4,26.0,21.2,68,80,57
1969-08-11,23.0,27.5,18.3,71,92,45
1969-08-12,24.5,28.2,20.3,67,92,47
1969-08-13,26.0,31.0,21.5,60,83,38
1969-08-14,25.6,30.6,22.0,65,85,42
1969-08-15,26.3,31.8,21.6,63,85,40
1969-08-16,27.6,33.4,22.8,61,79,39
1969-08-17,28.4,34.1,23.7,63,81,39
1969-08-18,28.0,31.8,23.4,57,81,38
1969-08-19,25.1,29.0,21.6,58,77,39
1969-08-20,24.4,28.5,20.2,52,70,36
1969-08-21,24.7,30.2,19.0,54,79,33
1969-08-22,24.9,29.9,20.4,68,91,42
1969-08-23,25.9,30.7,21.9,63,89,36
1969-08-24,26.4,31.1,22.6,63,84,38
1969-08-25,26.9,32.1,22.6,63,87,37
1969-08-26,26.8,32.1,21.2,63,86,38
1969-08-27,25.7,30.9,19.5,47,82,23
1969-08-28,25.4,29.2,21.2,53,80,33
1969-08-29,23.5,28.8,17.2,48,73,27
1969-08-30,24.6,29.7,19.2,60,86,35
1969-08-31,26.3,32.5,20.7,57,85,30
1969-09-01,27.8,33.7,22.8,54,79,29
1969-09-02,27.3,31.8,23.8,56,77,36
1969-09-03,26.5,30.6,23.6,60,75,41
1969-09-04,26.0,30.7,22.1,64,87,40
1969-09-05,26.5,31.8,22.2,62,86,37
1969-09-06,26.4,32.1,22.3,63,86,35
1969-09-07,22.3,26.4,20.0,79,92,59
1969-09-08,20.7,23.3,19.0,75,94,55
1969-09-09,21.4,23.9,19.4,69,82,57
1969-09-10,21.0,24.2,17.6,77,95,59
1969-09-11,20.7,23.6,17.5,75,96,52
1969-09-12,19.8,22.7,17.3,76,93,58
1969-09-13,20.4,23.9,16.7,74,88,58
1969-09-14,21.9,25.8,17.4,73,93,51
1969-09-15,22.4,25.9,18.4,80,98,63
1969-09-16,23.1,27.9,19.1,75,94,50
1969-09-17,23.0,28.1,17.9,64,85,35
1969-09-18,22.3,28.3,17.1,65,83,37
1969-09-19,22.5,27.7,16.9,63,87,34
1969-09-20,23.4,27.3,20.4,65,80,45
1969-09-21,23.0,27.2,19.4,66,87,44
1969-09-22,21.3,24.9,17.7,77,93,57
1969-09-23,21.2,25.3,17.1,78,99,55
1969-09-24,21.6,24.3,19.7,68,84,48
1969-09-25,20.8,22.9,18.5,70,85,58
1969-09-26,19.9,22.9,16.5,67,82,47
1969-09-27,19.5,22.4,17.1,71,85,56
1969-09-28,19.8,25.0,15.3,75,98,44
1969-09-29,19.8,23.7,16.2,73,93,49
1969-09-30,20.2,23.4,17.5,75,89,55
1969-10-01,20.0,23.8,15.9,75,97,49
1969-10-02,19.9,25.0,14.6,75,99,46
1969-10-03,17.3,19.2,15.5,63,85,48
1969-10-04,16.9,19.6,14.5,70,86,45
1969-10-05,16.6,20.8,12.1,64,90,35
1969-10-06,17.0,22.1,11.2,62,86,37
1969-10-07,16.7,19.7,13.2,69,85,52
1969-10-08,15.4,18.5,12.0,68,85,48
1969-10-09,15.5,19.5,11.4,64,93,38
1969-10-10,16.1,20.6,11.7,62,84,37
1969-10-11,17.2,22.8,12.5,58,81,28
1969-10-12,17.1,22.9,10.5,63,93,31
1969-10-13,17.3,22.8,12.2,68,86,43
1969-10-14,17.6,20.1,15.6,73,86,56
1969-10-15,16.8,18.8,15.2,81,89,70
1969-10-16,16.9,19.5,13.9,85,99,69
1969-10-17,16.9,20.4,14.1,79,97,55
1969-10-18,16.8,21.0,13.8,72,93,44
1969-10-19,15.9,20.4,12.1,71,99,38
1969-10-20,15.2,18.0,11.8,76,92,57
1969-10-21,14.5,18.9,10.1,81,100,51
1969-10-22,13.8,18.4,9.5,81,100,51
1969-10-23,14.5,20.5,9.6,73,100,35
1969-10-24,14.4,18.7,8.4,78,98,55
1969-10-25,14.6,17.3,11.5,78,94,57
1969-10-26,14.9,18.1,12.4,75,91,52
1969-10-27,14.2,19.2,9.0,69,99,40
1969-10-28,14.0,19.4,9.5,58,79,37
1969-10-29,13.1,17.2,8.8,72,89,50
1969-10-30,14.0,20.7,8.0,77,100,38
1969-10-31,12.2,14.5,8.8,60,92,39
1969-11-01,11.7,16.9,7.2,53,71,37
1969-11-02,12.0,17.8,6.3,60,86,34
1969-11-03,13.2,20.1,7.8,54,77,25
1969-11-04,13.1,20.1,8.8,52,73,22
1969-11-05,12.2,18.0,6.2,63,85,42
1969-11-06,11.0,15.9,6.3,65,93,43
1969-11-07,9.0,10.3,7.6,79,89,57
1969-11-08,9.2,10.3,8.3,83,89,77
1969-11-09,12.0,15.8,9.5,86,96,77
1969-11-10,13.2,19.4,8.4,89,100,66
1969-11-11,14.1,20.4,9.6,83,95,58
1969-11-12,14.3,18.2,11.6,89,100,67
1969-11-13,13.6,19.2,9.5,83,100,54
1969-11-14,13.0,19.0,8.1,84,99,61
1969-11-15,13.1,17.6,9.8,89,100,70
1969-11-16,13.6,19.3,9.6,84,100,57
1969-11-17,13.7,18.6,10.4,81,93,58
1969-11-18,13.4,15.5,11.3,90,98,77
1969-11-19,13.6,18.0,10.8,87,100,64
1969-11-20,12.2,17.1,7.8,75,90,52
1969-11-21,11.1,16.5,6.9,78,98,47
1969-11-22,11.6,16.5,7.0,82,98,61
1969-11-23,12.1,17.2,8.2,88,100,67
1969-11-24,12.7,17.2,9.4,90,99,73
1969-11-25,15.6,19.8,10.9,81,99,58
1969-11-26,16.8,18.4,16.0,84,93,74
1969-11-27,15.6,18.6,11.6,79,96,56
1969-11-28,7.3,11.0,4.5,52,69,38
1969-11-29,4.2,8.2,1.7,59,82,36
1969-11-30,4.0,6.6,1.2,84,91,70
1969-12-01,8.3,11.1,6.4,89,93,80
1969-12-02,11.1,13.4,9.5,94,98,89
1969-12-03,7.0,9.5,4.2,72,97,53
1969-12-04,5.1,9.8,1.6,74,90,57
1969-12-05,8.9,14.4,3.9,85,95,72
1969-12-06,12.7,15.3,10.4,84,93,70
1969-12-07,9.5,12.7,7.1,82,91,66
1969-12-08,9.5,13.2,5.9,91,96,82
1969-12-09,9.6,12.6,6.6,93,99,80
1969-12-10,9.1,11.4,7.3,87,96,74
1969-12-11,8.5,11.0,6.2,90,96,80
1969-12-12,6.3,10.1,3.9,76,94,55
1969-12-13,5.5,9.3,1.9,74,90,59
1969-12-14,5.6,9.6,2.5,85,95,65
1969-12-15,6.6,8.5,4.9,94,99,88
1969-12-16,7.6,11.0,5.2,91,99,77
1969-12-17,5.2,8.1,1.6,67,90,47
1969-12-18,4.8,8.8,1.4,67,85,52
1969-12-19,4.7,6.4,2.5,90,95,82
1969-12-20,7.4,9.0,6.2,93,96,84
1969-12-21,1.6,6.0,-0.1,85,90,78
1969-12-22,0.3,2.4,-1.0,74,81,67
1969-12-23,2.1,6.5,-1.7,80,91,66
1969-12-24,4.1,6.5,2.0,91,96,83
1969-12-25,5.1,6.6,4.0,89,95,78
1969-12-26,5.9,8.5,4.1,85,94,73
1969-12-27,7.0,8.8,5.1,94,97,89
1969-12-28,7.6,8.9,6.6,96,99,92
1969-12-29,7.2,10.2,5.1,93,100,79
1969-12-30,6.4,9.6,2.6,88,97,75
1969-12-31,5.8,9.7,0.8,92,100,79
1970-01-01,10.1,14.0,5.4,89,98,75
1970-01-02,11.2,14.0,8.9,85,96,62
1970-01-03,5.8,10.1,1.7,83,96,62
1970-01-04,6.1,9.7,2.4,89,96,76
1970-01-05,9.3,13.0,6.8,90,96,76
1970-01-06,10.9,13.0,8.8,97,99,96
1970-01-07,11.2,15.2,7.6,97,100,90
1970-01-08,11.2,14.7,8.1,88,100,68
1970-01-09,7.5,9.5,5.6,71,87,67
1970-01-10,7.8,9.4,6.9,85,93,77
1970-01-11,6.8,7.9,5.8,77,88,71
1970-01-12,8.1,9.9,6.6,84,88,80
1970-01-13,9.7,11.0,8.7,91,95,87
1970-01-14,10.8,12.0,9.9,95,97,90
1970-01-15,9.0,12.5,5.7,92,100,77
1970-01-16,9.9,12.2,7.1,95,98,91
1970-01-17,12.2,13.5,9.9,93,96,85
1970-01-18,6.6,9.8,3.5,71,97,53
1970-01-19,4.4,6.6,2.4,57,68,49
1970-01-20,1.4,4.0,-0.7,55,62,51
1970-01-21,1.5,4.9,-0.8,61,75,52
1970-01-22,2.0,5.8,-1.3,68,81,51
1970-01-23,2.8,6.2,-0.8,70,88,52
1970-01-24,3.1,6.5,0.2,79,95,61
1970-01-25,2.6,6.3,-1.3,87,96,73
1970-01-26,4.6,8.9,0.3,84,97,63
1970-01-27,4.0,8.5,0.2,87,98,72
1970-01-28,4.6,9.7,1.3,88,98,72
1970-01-29,5.0,9.2,1.7,79,98,60
1970-01-30,3.6,8.2,-0.5,68,84,46
1970-01-31,4.9,6.1,3.4,92,97,87
1970-02-01,7.0,10.2,4.8,90,98,76
1970-02-02,7.1,9.6,5.7,89,96,75
1970-02-03,6.5,10.5,2.4,86,98,62
1970-02-04,7.8,13.9,2.6,78,93,57
1970-02-05,8.3,14.6,2.8,87,95,71
1970-02-06,9.5,15.6,4.9,89,99,70
1970-02-07,12.0,16.7,8.8,82,91,67
1970-02-08,11.7,16.6,7.3,82,94,63
1970-02-09,8.8,14.1,3.6,77,95,56
1970-02-10,10.1,15.3,5.7,80,91,62
1970-02-11,11.3,15.8,7.2,79,94,54
1970-02-12,8.4,11.7,5.1,70,96,43
1970-02-13,5.6,10.4,0.9,64,87,44
1970-02-14,8.3,14.3,3.3,83,92,68
1970-02-15,12.1,15.9,7.8,82,96,70
1970-02-16,11.1,13.3,8.6,65,88,35
1970-02-17,5.6,9.3,0.2,68,95,45
1970-02-18,2.0,6.4,-1.1,46,71,32
1970-02-19,3.5,6.8,0.6,79,96,70
1970-02-20,0.5,2.9,-1.9,86,98,75
1970-02-21,-0.5,3.4,-6.0,87,99,75
1970-02-22,0.9,6.5,-4.5,86,99,65
1970-02-23,3.3,9.5,-0.1,86,93,68
1970-02-24,5.5,8.1,3.4,79,95,61
1970-02-25,3.6,7.1,0.5,66,75,53
1970-02-26,3.6,8.3,-1.1,67,84,50
1970-02-27,3.8,6.9,1.4,81,91,68
1970-02-28,4.6,8.2,2.0,75,93,55
1970-03-01,3.4,8.1,-0.8,68,83,49
1970-03-02,3.2,7.1,0.2,64,81,44
1970-03-03,3.7,8.5,-1.6,74,94,52
1970-03-04,5.9,9.9,0.9,86,94,70
1970-03-05,10.5,13.6,5.5,74,91,51
1970-03-06,9.9,15.2,5.2,75,88,54
1970-03-07,9.0,14.0,2.9,85,100,65
1970-03-08,8.5,12.1,4.1,82,95,67
1970-03-09,8.7,10.7,7.1,87,92,78
1970-03-10,9.6,12.6,8.0,87,95,72
1970-03-11,7.4,8.5,6.5,77,81,72
1970-03-12,7.0,8.3,6.0,85,93,79
1970-03-13,8.4,13.9,3.3,78,99,50
1970-03-14,8.7,10.8,5.9,89,98,76
1970-03-15,11.6,16.2,8.1,90,99,72
1970-03-16,10.6,14.1,6.3,79,96,56
1970-03-17,5.9,8.8,3.8,89,94,79
1970-03-18,6.6,10.7,1.9,71,89,47
1970-03-19,7.4,11.8,1.9,80,98,58
1970-03-20,8.3,10.6,6.4,84,95,70
1970-03-21,7.7,12.1,3.9,54,69,40
1970-03-22,9.0,16.0,2.4,66,85,46
1970-03-23,10.3,16.3,4.4,78,95,55
1970-03-24,11.5,17.3,5.7,82,98,62
1970-03-25,12.2,18.7,6.6,86,100,63
1970-03-26,12.6,18.5,6.9,85,99,65
1970-03-27,14.5,20.5,9.2,76,98,46
1970-03-28,15.4,20.3,10.3,74,90,53
1970-03-29,14.3,18.8,9.9,72,96,52
1970-03-30,10.8,14.1,7.3,51,67,30
1970-03-31,11.1,15.0,5.6,61,82,46
1970-04-01,11.7,16.5,6.3,75,91,59
1970-04-02,12.0,15.4,8.1,85,96,71
1970-04-03,13.0,17.6,9.1,85,99,66
1970-04-04,10.0,14.1,4.4,66,88,41
1970-04-05,8.3,12.0,3.4,67,86,46
1970-04-06,9.6,14.8,5.1,76,96,48
1970-04-07,9.6,14.8,4.0,58,72,35
1970-04-08,12.8,17.4,8.6,79,92,60
1970-04-09,15.5,19.9,11.7,76,93,56
1970-04-10,16.0,20.6,10.9,69,86,44
1970-04-11,15.1,19.1,9.5,79,95,63
1970-04-12,15.7,20.7,11.3,84,99,62
1970-04-13,12.8,19.0,8.0,63,85,36
1970-04-14,15.2,19.2,12.0,68,83,50
1970-04-15,12.4,14.6,8.4,73,98,54
1970-04-16,9.2,12.9,6.2,62,72,52
1970-04-17,11.5,17.7,6.0,58,74,42
1970-04-18,13.5,19.0,8.1,63,76,49
1970-04-19,16.4,22.4,10.5,68,85,46
1970-04-20,14.8,18.7,9.9,81,98,63
1970-04-21,15.8,21.6,10.1,78,99,56
1970-04-22,18.8,25.1,12.8,74,91,50
1970-04-23,19.9,25.7,14.8,72,91,47
1970-04-24,19.0,24.3,13.1,78,100,53
1970-04-25,19.8,24.6,14.8,73,96,49
1970-04-26,19.6,24.5,15.4,74,93,50
1970-04-27,20.4,25.5,15.7,68,90,43
1970-04-28,21.9,26.8,17.1,62,81,42
1970-04-29,21.0,26.4,14.4,62,90,32
1970-04-30,17.0,20.7,10.0,68,87,50
1970-05-01,13.0,17.8,9.4,59,84,37
1970-05-02,11.7,14.8,8.0,66,89,45
1970-05-03,8.8,10.1,7.3,89,92,84
1970-05-04,13.2,18.0,9.0,63,81,41
1970-05-05,13.2,16.5,9.5,69,84,58
1970-05-06,14.5,19.1,9.1,75,99,51
1970-05-07,15.6,20.1,9.6,75,100,53
1970-05-08,17.2,22.4,11.1,73,99,48
1970-05-09,18.5,22.7,14.4,66,86,45
1970-05-10,19.4,24.1,14.8,70,89,51
1970-05-11,19.5,24.9,14.4,71,93,47
1970-05-12,20.8,26.2,14.6,70,93,47
1970-05-13,19.1,24.3,13.7,49,68,33
1970-05-14,19.3,24.7,13.4,51,69,32
1970-05-15,20.0,25.2,14.1,59,83,36
1970-05-16,20.6,25.3,16.0,64,85,43
1970-05-17,20.0,24.4,15.6,77,93,57
1970-05-18,17.6,22.0,12.3,72,97,51
1970-05-19,18.6,22.5,14.4,62,78,47
1970-05-20,17.3,20.5,13.5,77,94,64
1970-05-21,16.5,18.7,13.9,87,98,75
1970-05-22,18.2,23.1,11.7,71,93,52
1970-05-23,17.6,21.9,14.1,61,84,42
1970-05-24,15.0,18.6,11.8,51,65,36
1970-05-25,16.1,21.6,11.9,52,65,38
1970-05-26,16.7,21.4,12.0,54,79,36
1970-05-27,16.4,19.7,12.9,74,93,56
1970-05-28,16.4,19.0,13.4,76,92,62
1970-05-29,16.8,21.0,12.2,76,97,51
1970-05-30,17.4,21.1,12.0,74,96,55
1970-05-31,17.5,20.8,13.8,80,98,61
1970-06-01,17.6,21.0,13.4,73,96,51
1970-06-02,18.5,23.1,13.7,56,79,36
1970-06-03,17.1,20.8,13.9,63,80,46
1970-06-04,16.7,21.1,11.4,64,88,40
1970-06-05,18.0,23.2,12.0,62,84,39
1970-06-06,20.4,24.8,15.6,63,89,38
1970-06-07,20.7,26.3,14.7,63,84,43
1970-06-08,22.2,27.2,17.1,69,92,48
1970-06-09,23.3,27.4,19.0,72,92,55
1970-06-10,24.3,28.9,19.9,66,88,45
1970-06-11,24.9,30.1,18.2,62,93,42
1970-06-12,25.4,29.8,21.0,60,85,36
1970-06-13,24.6,29.6,18.8,53,78,31
1970-06-14,25.0,29.9,19.4,53,76,33
1970-06-15,25.8,31.2,21.2,55,75,30
1970-06-16,25.6,29.8,20.5,61,82,42
1970-06-17,25.0,27.8,22.3,68,85,55
1970-06-18,25.1,30.0,20.3,66,89,46
1970-06-19,26.2,31.0,22.2,61,85,40
1970-06-20,24.1,28.8,19.9,52,84,34
1970-06-21,21.9,25.4,18.4,73,92,53
1970-06-22,24.5,29.2,19.0,57,83,37
1970-06-23,25.3,30.6,19.0,61,82,41
1970-06-24,26.7,32.1,20.3,57,79,34
1970-06-25,26.9,31.3,21.2,56,81,31
1970-06-26,23.9,26.4,21.2,72,87,56
1970-06-27,23.0,27.0,19.0,77,95,59
1970-06-28,23.5,27.0,19.6,74,91,56
1970-06-29,24.6,28.7,20.5,69,90,48
1970-06-30,25.6,29.4,22.4,63,82,45
1970-07-01,25.6,28.9,22.3,62,81,47
1970-07-02,25.7,30.5,20.5,63,84,42
1970-07-03,27.0,30.8,23.3,58,79,39
1970-07-04,26.7,30.4,22.5,59,82,43
1970-07-05,25.7,28.8,22.4,65,80,51
1970-07-06,22.3,26.2,18.6,65,74,52
1970-07-07,21.3,27.0,17.8,77,88,55
1970-07-08,23.7,29.5,19.2,76,93,50
1970-07-09,26.0,31.2,19.7,69,92,49
1970-07-10,26.7,31.5,21.5,68,91,45
1970-07-11,26.9,31.9,22.4,65,81,43
1970-07-12,27.1,31.7,22.2,66,82,47
1970-07-13,27.3,31.2,23.0,69,86,52
1970-07-14,26.4,29.8,22.3,72,92,56
1970-07-15,26.5,29.8,23.6,66,82,47
1970-07-16,27.0,31.1,23.2,65,85,45
1970-07-17,25.2,28.2,21.8,68,91,46
1970-07-18,21.8,25.8,17.8,50,66,34
1970-07-19,21.2,26.7,16.0,47,74,27
1970-07-20,22.6,27.5,17.2,55,78,32
1970-07-21,24.5,30.4,18.5,59,85,33
1970-07-22,26.2,32.5,20.4,61,87,33
1970-07-23,26.1,31.1,21.2,68,89,43
1970-07-24,26.5,31.6,21.4,67,91,44
1970-07-25,26.6,30.8,22.8,65,86,45
1970-07-26,26.7,31.4,22.3,64,88,39
1970-07-27,25.1,28.8,21.5,56,65,39
1970-07-28,24.6,29.7,19.1,56,85,32
1970-07-29,25.8,31.5,19.6,59,85,32
1970-07-30,24.3,26.6,21.9,73,89,60
1970-07-31,25.6,29.9,21.0,66,89,43
1970-08-01,27.0,31.8,22.7,60,83,33
1970-08-02,26.2,28.9,23.0,63,80,48
1970-08-03,25.1,29.0,21.5,67,89,49
1970-08-04,25.6,29.7,20.7,65,87,46
1970-08-05,26.8,31.2,22.7,62,83,38
1970-08-06,27.4,32.7,22.0,61,84,35
1970-08-07,28.6,34.7,22.8,58,86,31
1970-08-08,27.8,33.3,23.0,63,84,38
1970-08-09,27.2,32.0,23.3,65,84,43
1970-08-10,27.0,31.5,21.7,68,91,47
1970-08-11,27.6,31.6,23.8,58,90,30
1970-08-12,26.1,30.9,21.5,44,62,28
1970-08-13,25.6,31.1,20.0,43,63,25
1970-08-14,26.1,32.5,20.0,52,77,25
1970-08-15,25.5,31.6,19.9,64,92,34
1970-08-16,25.9,31.2,21.8,68,95,39
1970-08-17,25.8,30.4,21.7,67,93,43
1970-08-18,26.2,31.2,21.5,63,88,39
1970-08-19,26.2,31.1,21.4,67,89,41
1970-08-20,26.4,30.5,23.3,69,88,47
1970-08-21,25.9,29.9,21.6,73,98,51
1970-08-22,25.7,29.6,21.3,70,94,49
1970-08-23,26.9,32.4,20.6,56,91,24
1970-08-24,25.7,29.0,21.5,65,83,50
1970-08-25,26.6,31.8,22.1,55,93,23
1970-08-26,23.7,28.3,19.4,41,56,27
1970-08-27,22.6,27.2,18.3,45,69,26
1970-08-28,21.5,25.7,17.1,63,86,39
1970-08-29,21.2,24.7,17.2,73,94,53
1970-08-30,21.9,25.5,18.0,75,96,53
1970-08-31,21.5,23.9,18.7,78,95,60
1970-09-01,20.3,22.4,18.6,82,94,68
1970-09-02,20.9,24.9,17.4,77,96,54
1970-09-03,22.6,28.2,16.7,62,88,34
1970-09-04,23.3,28.7,16.9,65,97,38
1970-09-05,24.1,28.7,19.4,57,90,32
1970-09-06,23.7,30.2,16.8,51,77,29
1970-09-07,23.7,27.9,19.4,65,84,42
1970-09-08,21.9,24.6,18.7,73,88,54
1970-09-09,22.1,27.6,16.7,76,99,51
1970-09-10,24.4,31.5,17.5,72,100,39
1970-09-11,24.9,30.7,20.5,73,94,44
1970-09-12,25.0,30.0,20.4,74,97,48
1970-09-13,24.6,30.0,20.3,75,96,47
1970-09-14,24.3,29.1,20.1,77,98,49
1970-09-15,24.2,29.0,19.7,75,100,50
1970-09-16,24.5,29.6,20.3,68,91,42
1970-09-17,24.8,29.2,21.4,66,91,39
1970-09-18,24.1,29.0,19.5,61,85,33
1970-09-19,23.3,27.2,20.9,60,75,42
1970-09-20,22.9,26.9,19.4,58,80,37
1970-09-21,22.2,26.4,17.4,52,81,28
1970-09-22,20.1,24.2,16.2,43,59,26
1970-09-23,19.4,23.8,15.5,53,74,32
1970-09-24,19.3,23.6,15.4,67,92,39
1970-09-25,18.8,21.9,16.5,59,86,35
1970-09-26,18.7,24.1,11.9,49,79,21
1970-09-27,19.1,24.7,12.6,53,85,29
1970-09-28,17.2,21.5,12.4,50,80,24
1970-09-29,14.8,18.6,11.4,43,60,25
1970-09-30,13.1,17.5,8.0,54,82,27
1970-10-01,14.8,19.8,9.7,71,92,47
1970-10-02,15.4,17.3,13.8,88,94,76
1970-10-03,15.8,20.4,10.7,69,87,49
1970-10-04,14.2,16.4,12.0,75,91,54
1970-10-05,13.6,18.8,8.6,61,81,38
1970-10-06,16.2,21.9,11.5,60,72,40
1970-10-07,18.0,23.4,13.0,64,79,43
1970-10-08,17.1,23.6,10.8,77,99,49
1970-10-09,16.8,21.3,12.8,87,100,64
1970-10-10,17.2,19.7,15.7,81,91,67
1970-10-11,16.8,20.9,13.7,79,96,56
1970-10-12,17.0,22.4,11.8,76,100,46
1970-10-13,17.8,22.6,13.9,75,95,47
1970-10-14,16.9,19.8,15.2,76,87,60
1970-10-15,15.6,19.6,11.6,86,100,67
1970-10-16,14.0,14.9,12.5,91,97,87
1970-10-17,11.1,12.3,10.5,87,91,79
1970-10-18,12.2,14.6,9.8,81,92,67
1970-10-19,13.2,15.4,11.6,81,92,67
1970-10-20,13.8,17.3,9.8,84,96,69
1970-10-21,15.7,20.8,11.3,84,98,61
1970-10-22,16.3,21.5,11.9,85,100,66
1970-10-23,16.9,18.9,11.9,82,87,74
1970-10-24,11.1,14.3,8.4,62,77,42
1970-10-25,9.7,13.7,6.9,54,67,39
1970-10-26,9.8,15.3,5.6,63,78,50
1970-10-27,12.1,17.9,7.5,71,85,50
1970-10-28,12.9,18.3,6.8,69,85,49
1970-10-29,12.2,17.2,7.3,83,100,63
1970-10-30,14.9,20.1,10.2,69,88,50
1970-10-31,14.5,19.3,10.8,82,95,60
1970-11-01,14.7,20.9,9.6,73,92,47
1970-11-02,14.9,21.5,9.3,72,97,48
1970-11-03,14.9,21.4,10.2,69,82,44
1970-11-04,15.0,21.6,10.1,69,82,47
1970-11-05,13.9,19.6,9.8,74,87,50
1970-11-06,12.9,18.3,7.8,81,100,60
1970-11-07,11.3,12.7,9.8,68,81,55
1970-11-08,11.7,14.2,10.3,83,93,76
1970-11-09,12.4,16.4,8.9,86,95,68
1970-11-10,13.9,17.8,11.0,87,100,67
1970-11-11,11.0,13.6,8.5,61,84,43
1970-11-12,8.2,12.4,3.8,62,83,39
1970-11-13,9.1,14.5,3.6,69,95,46
1970-11-14,8.8,14.4,4.4,83,97,64
1970-11-15,9.6,14.6,5.8,91,100,75
1970-11-16,12.2,17.6,7.8,88,98,73
1970-11-17,10.9,14.5,6.7,76,98,49
1970-11-18,9.3,13.8,6.0,68,83,46
1970-11-19,10.2,15.1,7.1,77,93,62
1970-11-20,10.0,15.5,6.5,87,96,69
1970-11-21,10.2,15.0,6.7,91,99,74
1970-11-22,12.5,17.1,8.6,91,98,75
1970-11-23,9.4,13.1,6.6,78,100,55
1970-11-24,8.7,12.0,6.9,73,87,62
1970-11-25,7.8,11.6,4.3,76,91,55
1970-11-26,6.8,11.2,2.4,73,92,48
1970-11-27,6.3,12.3,1.4,74,88,52
1970-11-28,7.0,11.5,3.5,81,96,60
1970-11-29,7.5,12.8,3.3,87,99,67
1970-11-30,8.2,14.5,3.4,79,99,52
1970-12-01,10.5,16.3,6.1,73,87,53
1970-12-02,10.9,16.1,7.0,76,87,60
1970-12-03,9.3,13.2,5.2,83,99,62
1970-12-04,7.6,11.7,4.8,76,100,46
1970-12-05,5.2,8.5,1.9,53,75,40
1970-12-06,3.1,6.8,1.2,69,90,44
1970-12-07,3.3,8.3,-0.8,80,94,56
1970-12-08,3.5,8.8,-0.5,85,97,67
1970-12-09,5.9,10.0,2.3,63,86,44
1970-12-10,5.4,9.5,2.4,62,72,48
1970-12-11,5.7,10.0,1.9,70,86,53
1970-12-12,5.7,11.2,0.6,73,90,51
1970-12-13,4.5,10.6,-0.4,79,97,53
1970-12-14,3.7,9.6,-0.6,86,98,63
1970-12-15,5.5,9.2,2.8,87,95,76
1970-12-16,5.5,6.4,3.8,76,86,65
1970-12-17,3.5,6.4,1.2,58,67,41
1970-12-18,1.1,4.9,-2.1,66,85,45
1970-12-19,0.8,5.1,-2.0,73,89,50
1970-12-20,0.6,5.6,-3.1,78,96,54
1970-12-21,0.8,6.1,-3.1,80,96,56
1970-12-22,3.3,5.6,1.7,90,95,78
1970-12-23,5.6,8.8,3.9,91,98,81
1970-12-24,5.6,10.6,2.1,90,100,70
1970-12-25,5.0,8.5,2.4,96,99,92
1970-12-26,8.3,12.8,5.7,89,98,67
1970-12-27,5.6,10.8,1.7,88,99,67
1970-12-28,9.1,13.0,6.6,92,96,82
1970-12-29,9.9,14.5,6.6,92,99,75
1970-12-30,10.8,14.0,7.7,93,100,83
1970-12-31,11.3,15.0,7.9,95,100,89
1971-01-01,13.2,15.6,10.8,75,90,51
1971-01-02,11.4,14.5,8.2,83,93,69
1971-01-03,12.6,14.3,9.2,79,94,59
1971-01-04,9.5,13.0,5.7,78,89,59
1971-01-05,9.5,12.2,7.7,91,95,84
1971-01-06,9.9,12.7,7.0,90,97,74
1971-01-07,7.0,8.8,5.6,89,96,80
1971-01-08,5.0,6.0,3.8,85,91,76
1971-01-09,3.3,5.3,2.1,88,93,80
1971-01-10,1.6,2.5,0.8,90,93,84
1971-01-11,2.1,3.3,1.3,87,91,81
1971-01-12,3.2,6.2,1.7,89,95,72
1971-01-13,3.0,5.0,2.1,94,98,88
1971-01-14,2.8,5.7,0.4,94,99,82
1971-01-15,2.4,5.3,0.1,87,100,67
1971-01-16,1.9,5.0,-1.0,88,97,73
1971-01-17,2.7,5.9,0.1,88,96,75
1971-01-18,4.4,7.1,2.2,82,90,71
1971-01-19,4.8,9.4,0.6,85,96,71
1971-01-20,5.8,10.4,2.8,89,95,75
1971-01-21,7.6,10.5,5.4,93,98,88
1971-01-22,9.7,14.0,5.9,92,99,77
1971-01-23,11.9,14.2,10.2,91,95,84
1971-01-24,10.6,14.0,7.2,93,99,85
1971-01-25,10.5,13.8,7.6,90,100,70
1971-01-26,8.9,13.1,6.2,93,100,79
1971-01-27,7.3,12.5,3.5,87,98,68
1971-01-28,9.1,15.1,5.5,84,100,56
1971-01-29,8.1,13.6,3.5,75,87,54
1971-01-30,8.1,13.2,4.1,77,92,55
1971-01-31,9.2,12.4,6.9,89,97,74
1971-02-01,9.4,12.9,6.6,87,98,69
1971-02-02,8.9,12.2,5.8,83,97,64
1971-02-03,4.6,7.3,2.5,56,68,46
1971-02-04,2.2,5.0,-0.1,63,82,53
1971-02-05,3.2,7.9,-0.4,66,87,46
1971-02-06,2.9,7.9,-0.3,68,78,51
1971-02-07,3.7,8.7,-0.3,67,81,49
1971-02-08,4.4,9.1,0.3,79,95,59
1971-02-09,5.7,11.5,1.1,62,83,39
1971-02-10,6.7,11.8,2.1,67,81,48
1971-02-11,5.1,10.3,0.1,77,92,52
1971-02-12,4.1,8.4,-0.1,80,99,51
1971-02-13,5.5,10.1,1.6,80,93,59
1971-02-14,6.4,11.3,-0.1,78,97,61
1971-02-15,7.1,11.4,2.3,84,99,68
1971-02-16,8.5,10.8,6.1,92,96,86
1971-02-17,8.5,11.6,5.5,92,98,78
1971-02-18,7.3,13.1,3.3,85,99,55
1971-02-19,8.7,12.0,5.7,82,95,63
1971-02-20,8.9,12.5,6.2,85,96,69
1971-02-21,7.3,9.1,5.7,90,98,79
1971-02-22,6.4,8.1,4.8,88,93,84
1971-02-23,7.2,8.7,5.9,89,97,78
1971-02-24,6.6,7.9,5.6,87,93,76
1971-02-25,6.6,9.5,4.5,82,97,62
1971-02-26,6.2,10.6,1.9,68,92,36
1971-02-27,4.8,7.0,1.7,66,89,50
1971-02-28,1.1,3.9,-1.5,47,60,37
1971-03-01,1.2,3.3,-0.3,69,87,58
1971-03-02,2.1,5.2,0.5,76,92,58
1971-03-03,1.2,4.2,-1.1,65,75,54
1971-03-04,2.2,6.2,-1.8,78,90,63
1971-03-05,5.3,9.4,1.3,84,99,59
1971-03-06,7.7,12.1,3.7,85,98,66
1971-03-07,7.5,11.6,3.4,78,96,53
1971-03-08,8.1,11.5,5.1,80,92,67
1971-03-09,7.8,9.7,6.4,90,96,85
1971-03-10,8.2,13.4,4.0,78,100,43
1971-03-11,6.1,9.1,3.0,58,85,39
1971-03-12,3.4,7.5,0.9,59,78,45
1971-03-13,1.5,5.8,-2.4,49,64,35
1971-03-14,4.7,9.9,-0.1,60,78,47
1971-03-15,6.1,10.2,2.3,85,95,74
1971-03-16,8.2,12.7,3.1,88,98,71
1971-03-17,10.0,12.4,7.6,90,96,80
1971-03-18,9.1,13.2,3.8,81,94,64
1971-03-19,9.8,15.4,2.8,81,100,58
1971-03-20,10.2,16.6,4.1,87,100,66
1971-03-21,10.5,15.7,6.5,88,100,66
1971-03-22,12.1,15.7,8.9,93,98,84
1971-03-23,11.6,15.9,6.4,77,97,53
1971-03-24,10.6,14.9,5.6,79,92,61
1971-03-25,10.0,13.3,7.5,74,96,47
1971-03-26,9.3,11.3,7.4,84,91,76
1971-03-27,9.4,11.6,7.6,84,91,78
1971-03-28,9.7,13.1,6.6,90,97,82
1971-03-29,11.7,14.9,9.7,91,97,82
1971-03-30,11.2,15.2,7.3,80,100,53
1971-03-31,11.6,16.1,7.5,69,82,52
1971-04-01,10.4,11.9,9.5,79,90,67
1971-04-02,10.3,11.9,9.3,85,94,80
1971-04-03,11.5,15.9,8.0,83,99,58
1971-04-04,12.8,18.3,7.5,81,99,54
1971-04-05,13.2,19.5,7.2,82,98,61
1971-04-06,13.8,18.6,9.9,81,98,51
1971-04-07,13.8,19.3,7.3,70,90,48
1971-04-08,14.0,19.1,9.6,78,92,57
1971-04-09,12.8,15.7,9.6,87,100,72
1971-04-10,12.1,14.1,9.9,88,98,75
1971-04-11,12.6,15.1,10.4,87,97,73
1971-04-12,13.2,15.8,10.8,87,96,75
1971-04-13,12.7,14.8,11.2,87,96,73
1971-04-14,10.9,12.6,9.6,85,93,71
1971-04-15,10.8,15.1,7.5,72,93,38
1971-04-16,9.1,14.3,5.0,73,95,43
1971-04-17,9.8,12.9,6.2,75,90,58
1971-04-18,11.2,16.1,6.2,78,97,58
1971-04-19,13.6,17.9,10.1,76,94,55
1971-04-20,11.3,14.5,7.5,85,100,71
1971-04-21,12.5,17.4,8.4,71,94,46
1971-04-22,14.1,19.8,9.0,73,92,51
1971-04-23,15.1,20.6,10.4,71,90,49
1971-04-24,14.2,18.3,10.4,72,84,53
1971-04-25,15.3,19.9,10.4,68,92,40
1971-04-26,15.6,20.3,10.9,62,80,47
1971-04-27,15.4,20.4,10.7,72,92,52
1971-04-28,16.7,22.1,10.7,75,95,54
1971-04-29,18.7,23.3,12.8,69,93,43
1971-04-30,17.8,21.6,13.1,79,94,64
1971-05-01,18.0,23.1,12.6,79,100,57
1971-05-02,19.5,23.6,14.0,79,100,62
1971-05-03,21.4,26.0,16.8,76,94,54
1971-05-04,20.9,24.6,16.9,79,97,62
1971-05-05,21.4,25.8,17.7,71,93,42
1971-05-06,18.6,20.5,16.6,78,95,62
1971-05-07,18.0,22.7,13.8,59,80,38
1971-05-08,17.4,21.2,13.8,69,86,53
1971-05-09,18.1,23.0,13.4,60,88,38
1971-05-10,18.1,22.9,12.6,63,83,45
1971-05-11,18.6,22.8,14.0,70,90,50
1971-05-12,19.4,23.0,15.8,61,80,41
1971-05-13,19.6,23.4,16.1,62,82,40
1971-05-14,20.1,25.3,14.9,60,80,36
1971-05-15,21.5,27.7,16.0,63,80,37
1971-05-16,21.1,24.4,17.8,74,90,57
1971-05-17,20.9,24.6,17.8,74,92,54
1971-05-18,20.1,23.3,16.7,78,97,60
1971-05-19,20.6,24.3,17.4,70,90,51
1971-05-20,21.0,25.2,17.2,70,89,54
1971-05-21,22.3,27.0,17.7,71,89,54
1971-05-22,23.4,27.8,19.0,71,91,48
1971-05-23,23.1,26.9,19.4,70,93,50
1971-05-24,20.9,25.0,17.2,74,94,51
1971-05-25,21.0,26.4,15.0,65,92,38
1971-05-26,22.5,27.5,17.7,64,92,38
1971-05-27,22.4,26.6,18.7,69,91,47
1971-05-28,21.4,25.7,18.2,74,95,51
1971-05-29,17.6,19.7,16.3,90,98,79
1971-05-30,18.7,22.9,14.5,76,96,56
1971-05-31,18.6,21.6,15.6,76,90,62
1971-06-01,19.3,23.2,14.9,78,100,57
1971-06-02,19.3,22.0,16.5,80,95,65
1971-06-03,20.1,25.5,14.1,73,94,48
1971-06-04,20.1,24.0,16.3,79,97,60
1971-06-05,19.5,21.8,17.5,82,91,70
1971-06-06,21.4,25.5,17.3,79,98,61
1971-06-07,21.9,25.6,18.6,78,97,53
1971-06-08,22.2,26.8,16.3,66,93,42
1971-06-09,22.8,27.0,16.2,61,89,41
1971-06-10,23.8,29.3,16.9,58,83,34
1971-06-11,25.2,31.3,19.5,59,82,35
1971-06-12,24.8,29.4,19.5,53,82,31
1971-06-13,22.6,27.7,16.7,45,66,28
1971-06-14,23.4,27.9,17.0,52,77,29
1971-06-15,23.6,28.4,18.4,62,83,44
1971-06-16,26.3,33.1,19.8,59,81,36
1971-06-17,25.8,29.2,21.9,56,78,42
1971-06-18,25.3,29.4,21.0,64,80,49
1971-06-19,24.3,27.8,20.4,61,90,39
1971-06-20,23.0,27.9,17.2,47,72,31
1971-06-21,23.1,28.4,17.4,53,79,34
1971-06-22,23.4,28.2,18.9,71,92,49
1971-06-23,26.0,31.6,20.6,62,89,35
1971-06-24,24.5,27.6,21.3,70,90,58
1971-06-25,24.6,27.6,21.8,63,80,49
1971-06-26,24.7,28.4,21.1,63,81,47
1971-06-27,25.2,29.9,21.6,66,86,45
1971-06-28,26.2,30.1,22.6,66,86,46
1971-06-29,24.5,27.6,21.8,70,88,53
1971-06-30,21.7,25.5,18.8,62,88,44
1971-07-01,17.3,18.9,15.8,88,92,71
1971-07-02,19.3,25.0,14.7,54,74,32
1971-07-03,20.9,26.2,14.9,55,73,37
1971-07-04,23.0,28.2,16.3,59,82,37
1971-07-05,24.1,29.5,18.6,57,72,39
1971-07-06,25.0,30.4,20.0,63,85,40
1971-07-07,22.5,25.1,19.7,77,92,67
1971-07-08,24.1,29.2,19.0,65,92,36
1971-07-09,22.2,27.0,16.4,66,94,40
1971-07-10,23.9,29.8,17.7,60,80,39
1971-07-11,23.3,27.0,20.3,71,85,52
1971-07-12,23.6,27.7,18.5,69,91,46
1971-07-13,25.5,29.8,20.4,63,86,39
1971-07-14,26.2,31.7,21.4,63,88,35
1971-07-15,26.3,30.4,22.3,63,87,41
1971-07-16,26.1,31.4,21.6,56,79,30
1971-07-17,25.7,30.4,21.5,67,90,43
1971-07-18,26.0,30.9,21.3,69,91,46
1971-07-19,26.7,31.6,22.1,65,90,40
1971-07-20,25.4,29.3,21.8,54,83,36
1971-07-21,23.1,27.2,18.7,45,61,33
1971-07-22,23.2,27.8,19.0,45,62,28
1971-07-23,21.9,25.9,17.0,69,94,42
1971-07-24,22.2,26.2,17.5,69,95,42
1971-07-25,23.7,27.8,18.5,64,90,43
1971-07-26,25.0,29.6,20.3,59,82,36
1971-07-27,26.4,31.5,21.3,54,77,30
1971-07-28,26.7,31.7,22.2,58,92,36
1971-07-29,24.3,28.7,20.8,80,97,61
1971-07-30,24.9,30.2,20.5,78,96,56
1971-07-31,25.2,29.8,21.0,77,97,56
1971-08-01,25.7,29.5,22.2,75,93,56
1971-08-02,26.0,29.5,22.8,72,85,58
1971-08-03,26.4,29.7,22.9,75,90,60
1971-08-04,26.5,30.6,23.1,73,90,55
1971-08-05,27.1,30.6,23.8,71,87,53
1971-08-06,27.8,31.8,23.0,67,90,45
1971-08-07,28.9,33.3,24.1,61,84,38
1971-08-08,29.6,34.3,24.9,60,83,36
1971-08-09,28.8,34.1,24.8,61,83,38
1971-08-10,20.3,23.8,18.9,84,89,74
1971-08-11,24.1,29.9,18.2,69,87,46
1971-08-12,26.2,31.8,21.0,69,89,43
1971-08-13,27.8,33.1,22.6,64,87,40
1971-08-14,26.9,32.1,22.1,68,93,33
1971-08-15,26.0,30.1,22.2,74,93,50
1971-08-16,25.8,29.5,22.5,76,92,56
1971-08-17,25.9,31.1,22.2,77,95,50
1971-08-18,23.3,26.9,20.9,81,92,61
1971-08-19,22.9,25.4,19.9,82,95,69
1971-08-20,23.7,27.3,19.9,74,99,50
1971-08-21,24.1,27.0,22.0,69,83,55
1971-08-22,23.5,26.9,19.9,77,93,58
1971-08-23,23.9,27.8,19.8,78,98,61
1971-08-24,25.1,29.6,20.4,74,96,48
1971-08-25,25.8,30.1,20.5,67,90,40
1971-08-26,23.4,26.6,20.1,81,93,65
1971-08-27,24.4,29.2,19.8,82,100,62
1971-08-28,25.2,30.3,20.6,72,100,48
1971-08-29,23.7,28.5,19.8,54,66,36
1971-08-30,23.2,27.3,18.7,61,85,42
1971-08-31,22.8,26.3,19.2,75,92,56
1971-09-01,22.4,26.4,19.0,77,96,56
1971-09-02,21.7,25.6,18.6,80,96,60
1971-09-03,22.5,26.6,19.2,70,87,48
1971-09-04,23.2,28.0,18.6,67,85,45
1971-09-05,24.3,28.0,21.0,63,82,44
1971-09-06,24.3,28.8,19.2,60,81,43
1971-09-07,20.2,22.5,17.0,47,66,29
1971-09-08,16.8,20.6,13.7,48,62,33
1971-09-09,16.9,21.4,11.7,60,80,43
1971-09-10,19.7,24.2,14.6,75,94,55
1971-09-11,20.8,25.0,16.9,81,95,62
1971-09-12,22.6,28.0,17.8,74,100,41
1971-09-13,21.5,25.7,17.3,74,88,57
1971-09-14,20.8,24.5,17.1,83,97,66
1971-09-15,20.6,23.8,17.8,86,98,71
1971-09-16,20.9,24.5,18.3,84,96,71
1971-09-17,17.2,20.3,13.4,70,88,56
1971-09-18,12.7,15.2,10.7,84,89,76
1971-09-19,13.6,19.2,9.3,64,82,44
1971-09-20,15.7,20.9,10.9,59,74,42
1971-09-21,15.9,21.1,10.4,65,87,43
1971-09-22,17.3,22.7,11.7,69,94,43
1971-09-23,18.2,22.6,13.6,67,89,46
1971-09-24,18.0,21.6,14.2,73,90,55
1971-09-25,17.4,22.5,12.3,81,100,57
1971-09-26,17.7,22.3,13.3,83,100,61
1971-09-27,18.3,23.5,13.7,84,100,59
1971-09-28,18.6,23.4,14.6,84,100,59
1971-09-29,18.4,20.7,15.4,83,99,66
1971-09-30,18.3,21.3,16.5,76,91,53
1971-10-01,18.8,21.2,17.0,71,84,53
1971-10-02,18.4,22.4,14.3,72,94,47
1971-10-03,17.7,21.1,14.4,76,97,53
1971-10-04,16.9,21.6,11.3,78,100,53
1971-10-05,17.0,24.0,12.3,69,99,46
1971-10-06,12.2,15.2,9.8,45,58,29
1971-10-07,10.1,14.1,6.2,52,63,38
1971-10-08,13.4,20.7,7.1,57,78,34
1971-10-09,15.8,22.0,9.9,59,75,35
1971-10-10,16.2,22.7,9.6,70,97,41
1971-10-11,18.3,24.6,12.7,64,79,41
1971-10-12,17.9,23.7,13.3,73,91,46
1971-10-13,16.5,21.4,11.7,84,100,62
1971-10-14,16.3,20.8,12.4,85,100,61
1971-10-15,17.0,20.8,13.7,86,100,67
1971-10-16,16.7,20.6,14.1,92,99,76
1971-10-17,13.4,15.7,11.7,88,95,79
1971-10-18,12.7,15.5,10.8,82,90,68
1971-10-19,13.5,17.0,9.5,70,88,53
1971-10-20,13.3,17.8,8.7,74,93,53
1971-10-21,13.6,19.0,7.6,75,99,51
1971-10-22,14.3,18.2,11.2,63,79,46
1971-10-23,15.4,23.0,8.8,63,84,44
1971-10-24,16.1,19.0,12.4,52,63,39
1971-10-25,13.4,17.4,10.1,68,88,47
1971-10-26,15.7,22.9,10.2,69,89,44
1971-10-27,13.5,15.9,10.8,56,69,39
1971-10-28,9.4,12.3,6.9,59,86,38
1971-10-29,7.0,9.9,3.5,64,91,41
1971-10-30,5.2,6.9,3.5,77,85,60
1971-10-31,6.8,11.4,2.5,71,90,46
1971-11-01,7.6,12.1,3.1,67,86,46
1971-11-02,7.4,11.7,3.2,61,80,40
1971-11-03,6.8,11.3,2.8,69,87,44
1971-11-04,7.7,13.1,2.4,65,83,48
1971-11-05,10.8,16.7,5.7,72,89,53
1971-11-06,10.8,16.4,5.9,76,91,55
1971-11-07,10.4,16.3,5.8,88,99,68
1971-11-08,12.3,18.2,8.1,76,89,52
1971-11-09,12.2,18.0,7.4,78,93,59
1971-11-10,13.1,18.2,8.9,90,98,71
1971-11-11,13.2,17.4,10.3,92,100,76
1971-11-12,13.5,18.6,10.5,88,100,61
1971-11-13,12.3,16.4,9.5,94,99,81
1971-11-14,12.0,16.5,9.0,83,98,56
1971-11-15,10.2,14.0,7.4,81,94,61
1971-11-16,8.9,12.3,4.4,71,92,48
1971-11-17,8.0,12.8,3.1,70,91,46
1971-11-18,9.7,15.1,5.6,70,85,46
1971-11-19,9.8,15.4,4.0,85,100,67
1971-11-20,12.2,15.9,7.7,85,94,70
1971-11-21,6.2,10.9,3.2,63,89,45
1971-11-22,4.2,8.2,-0.1,63,81,46
1971-11-23,8.5,12.6,4.6,92,100,83
1971-11-24,8.8,12.7,5.1,91,100,72
1971-11-25,8.8,13.2,4.2,87,100,67
1971-11-26,9.3,13.3,6.9,89,98,73
1971-11-27,8.4,12.1,4.7,77,91,57
1971-11-28,8.4,9.2,7.8,82,89,77
1971-11-29,8.9,11.1,6.9,84,93,74
1971-11-30,10.2,11.3,9.4,90,97,86
1971-12-01,9.9,13.6,7.0,92,100,75
1971-12-02,10.4,13.5,7.4,92,97,83
1971-12-03,7.3,11.4,4.0,90,100,69
1971-12-04,7.9,12.9,3.8,76,91,54
1971-12-05,6.5,10.1,4.0,70,85,51
1971-12-06,8.0,12.5,4.4,68,75,53
1971-12-07,9.2,12.8,6.0,73,83,56
1971-12-08,5.6,7.9,3.5,84,98,63
1971-12-09,3.3,4.3,2.0,95,99,88
1971-12-10,1.8,2.7,1.3,89,96,79
1971-12-11,1.4,2.3,0.6,88,93,83
1971-12-12,1.4,4.8,-2.0,81,87,72
1971-12-13,2.3,6.2,-1.0,80,86,69
1971-12-14,2.5,6.9,0.1,86,95,69
1971-12-15,0.3,5.1,-4.8,89,99,77
1971-12-16,1.8,6.0,-1.3,87,99,75
1971-12-17,4.5,9.2,0.1,73,79,63
1971-12-18,3.8,9.7,-0.1,79,94,60
1971-12-19,3.2,9.1,-0.9,85,97,64
1971-12-20,2.9,8.1,-0.2,84,97,62
1971-12-21,6.1,10.2,2.1,73,84,59
1971-12-22,5.6,10.3,2.2,77,85,64
1971-12-23,6.4,12.2,2.7,86,97,69
1971-12-24,7.0,12.9,3.2,80,93,63
1971-12-25,6.0,9.4,3.2,82,92,66
1971-12-26,6.1,11.6,1.6,67,78,51
1971-12-27,4.7,9.4,0.7,90,99,76
1971-12-28,5.3,8.7,2.3,90,99,73
1971-12-29,3.7,8.4,0.4,89,99,71
1971-12-30,5.0,8.3,2.5,92,97,81
1971-12-31,6.1,8.2,4.6,88,97,74
1972-01-01,5.7,8.4,3.9,90,95,76
1972-01-02,6.3,8.7,4.4,90,97,79
1972-01-03,5.9,8.8,3.9,90,97,74
1972-01-04,6.8,8.8,4.8,83,94,70
1972-01-05,6.6,9.5,4.6,84,91,71
1972-01-06,7.1,9.8,4.9,88,93,80
1972-01-07,8.5,9.5,7.8,94,96,92
1972-01-08,7.6,8.2,6.8,92,94,89
1972-01-09,8.2,9.3,7.2,94,97,92
1972-01-10,9.6,12.2,7.3,91,98,78
1972-01-11,8.6,12.4,4.6,89,100,73
1972-01-12,7.8,11.7,4.5,73,92,49
1972-01-13,2.6,4.7,1.2,78,86,66
1972-01-14,-0.5,0.9,-1.5,71,75,67
1972-01-15,-1.0,0.4,-1.9,71,85,66
1972-01-16,0.0,1.9,-1.5,81,87,72
1972-01-17,-0.1,0.6,-0.6,82,87,74
1972-01-18,-0.1,1.7,-2.0,84,92,76
1972-01-19,1.0,1.7,0.4,93,96,90
1972-01-20,1.3,1.8,0.9,96,98,93
1972-01-21,1.8,3.6,-0.2,92,97,83
1972-01-22,0.3,3.6,-4.0,91,97,83
1972-01-23,0.4,2.7,-2.6,91,97,80
1972-01-24,-1.0,2.8,-5.8,90,97,78
1972-01-25,-0.3,4.3,-4.9,89,96,73
1972-01-26,0.9,3.3,-1.9,92,96,86
1972-01-27,2.7,5.4,1.3,91,96,79
1972-01-28,2.6,5.4,-0.0,91,94,83
1972-01-29,7.3,10.8,4.9,93,96,88
1972-01-30,9.5,12.2,7.8,92,96,83
1972-01-31,7.8,11.7,4.8,95,100,87
1972-02-01,6.0,7.6,4.0,88,98,79
1972-02-02,2.7,3.6,1.7,82,87,76
1972-02-03,1.4,3.3,0.1,74,85,61
1972-02-04,0.1,1.7,-1.6,84,98,72
1972-02-05,1.2,3.5,-0.4,81,91,67
1972-02-06,0.6,4.1,-2.6,83,98,65
1972-02-07,1.8,5.6,-1.5,84,94,70
1972-02-08,2.7,6.3,-0.4,86,94,73
1972-02-09,3.3,6.3,0.4,82,96,66
1972-02-10,4.2,7.9,1.1,85,93,74
1972-02-11,6.6,10.6,3.5,90,96,78
1972-02-12,9.1,12.2,6.2,91,99,83
1972-02-13,9.6,12.5,5.4,86,100,64
1972-02-14,7.8,12.3,2.6,87,100,63
1972-02-15,7.8,11.2,4.4,81,97,61
1972-02-16,6.7,11.4,2.9,72,89,53
1972-02-17,7.3,10.8,3.3,76,88,61
1972-02-18,6.3,10.1,2.1,86,100,67
1972-02-19,7.3,9.9,5.0,83,96,66
1972-02-20,5.7,7.9,3.2,86,95,77
1972-02-21,6.4,9.3,4.2,91,97,82
1972-02-22,8.1,10.2,5.6,94,97,89
1972-02-23,9.2,11.1,8.1,93,97,85
1972-02-24,8.3,11.4,5.2,91,100,77
1972-02-25,7.7,8.7,6.6,91,96,84
1972-02-26,9.5,12.8,7.4,91,97,82
1972-02-27,9.7,12.9,7.0,93,98,83
1972-02-28,9.8,11.9,7.5,94,98,88
1972-02-29,9.2,10.0,8.3,88,96,78
1972-03-01,8.8,10.9,7.0,85,96,72
1972-03-02,8.4,10.1,6.4,82,94,70
1972-03-03,7.9,9.8,6.5,81,93,67
1972-03-04,8.4,10.5,6.8,80,91,68
1972-03-05,8.2,11.3,5.9,85,91,75
1972-03-06,8.3,9.4,7.7,89,96,82
1972-03-07,10.3,13.4,7.7,83,93,67
1972-03-08,10.8,14.1,7.9,84,95,67
1972-03-09,9.9,14.8,5.9,90,100,70
1972-03-10,10.2,13.7,7.0,90,100,74
1972-03-11,12.2,15.3,10.0,84,95,68
1972-03-12,6.0,12.2,3.0,80,95,62
1972-03-13,3.1,5.9,0.8,56,69,46
1972-03-14,6.0,12.0,-0.8,62,92,41
1972-03-15,8.6,14.5,0.9,68,94,45
1972-03-16,11.2,16.1,6.4,67,85,49
1972-03-17,11.8,15.9,6.4,68,88,51
1972-03-18,12.1,16.5,7.3,66,89,40
1972-03-19,10.8,15.1,5.5,71,93,51
1972-03-20,9.5,13.0,5.3,78,97,61
1972-03-21,9.9,14.4,5.7,80,96,62
1972-03-22,10.3,15.3,4.2,84,100,63
1972-03-23,11.6,16.2,7.1,88,100,72
1972-03-24,12.7,18.4,7.3,80,100,49
1972-03-25,11.5,14.9,7.7,53,83,37
1972-03-26,9.9,15.0,5.2,77,93,57
1972-03-27,10.9,15.4,5.1,79,100,61
1972-03-28,12.1,17.5,6.2,80,100,59
1972-03-29,14.6,19.9,9.6,70,87,45
1972-03-30,14.8,20.0,9.1,72,91,50
1972-03-31,13.5,18.0,8.8,85,100,66
1972-04-01,15.1,20.1,9.7,83,100,57
1972-04-02,15.2,19.2,11.1,67,92,45
1972-04-03,11.5,14.6,9.2,66,88,47
1972-04-04,13.1,19.4,6.7,80,100,58
1972-04-05,14.9,20.5,8.8,82,100,63
1972-04-06,13.6,16.0,11.4,91,100,83
1972-04-07,14.8,18.0,12.3,83,96,62
1972-04-08,15.5,18.8,11.2,79,96,62
1972-04-09,16.4,20.6,11.9,79,92,63
1972-04-10,18.1,23.5,13.3,76,92,50
1972-04-11,15.6,19.0,12.4,87,100,70
1972-04-12,15.1,17.1,13.7,87,95,71
1972-04-13,14.5,16.9,12.4,85,94,75
1972-04-14,14.6,16.2,12.0,89,97,83
1972-04-15,13.8,16.8,10.9,89,98,75
1972-04-16,13.6,15.5,11.7,90,97,77
1972-04-17,14.5,18.8,9.8,83,100,60
1972-04-18,15.1,19.4,10.0,77,96,55
1972-04-19,15.2,19.1,11.3,83,100,63
1972-04-20,14.7,15.9,14.0,94,97,88
1972-04-21,15.3,17.9,13.6,87,98,72
1972-04-22,16.4,21.1,10.7,74,97,46
1972-04-23,17.2,21.8,12.7,64,82,46
1972-04-24,17.6,22.8,12.5,77,92,56
1972-04-25,17.3,21.8,12.9,80,98,62
1972-04-26,15.9,19.6,12.7,71,87,51
1972-04-27,14.1,19.1,9.0,75,95,50
1972-04-28,13.7,16.6,9.1,75,96,55
1972-04-29,14.0,18.0,9.7,76,94,55
1972-04-30,14.6,18.5,10.5,71,87,54
1972-05-01,15.5,20.9,9.9,75,93,53
1972-05-02,15.3,18.0,12.7,84,93,73
1972-05-03,16.0,19.6,11.9,83,100,63
1972-05-04,15.2,18.4,11.5,74,94,51
1972-05-05,16.3,20.8,12.0,67,85,46
1972-05-06,17.2,20.8,14.1,76,89,60
1972-05-07,15.8,19.2,12.3,86,100,69
1972-05-08,15.2,18.4,11.3,87,100,73
1972-05-09,16.6,20.4,12.0,84,100,67
1972-05-10,16.9,21.9,12.6,83,100,60
1972-05-11,17.3,21.2,12.7,83,100,67
1972-05-12,17.4,21.3,12.9,74,98,44
1972-05-13,17.9,21.9,13.5,61,76,41
1972-05-14,19.6,24.1,15.3,68,83,51
1972-05-15,20.1,25.3,14.8,77,97,55
1972-05-16,20.6,25.4,16.1,78,99,54
1972-05-17,20.8,24.5,16.2,75,90,57
1972-05-18,20.5,24.2,15.2,78,97,63
1972-05-19,20.5,23.5,16.8,74,89,56
1972-05-20,20.9,26.2,13.8,68,96,39
1972-05-21,21.9,26.9,15.1,62,85,39
1972-05-22,22.7,26.3,18.7,66,86,44
1972-05-23,22.6,26.2,18.3,68,89,51
1972-05-24,22.6,26.1,18.6,72,92,56
1972-05-25,21.8,25.8,16.9,78,100,61
1972-05-26,22.9,27.6,17.2,71,96,42
1972-05-27,23.2,27.1,19.7,69,91,50
1972-05-28,23.8,27.7,20.2,63,79,44
1972-05-29,18.8,22.3,14.2,51,65,36
1972-05-30,20.0,25.2,14.8,55,72,40
1972-05-31,21.7,25.8,17.6,64,84,46
1972-06-01,22.5,27.4,18.1,68,89,45
1972-06-02,23.5,28.2,18.7,68,84,47
1972-06-03,22.6,25.8,19.5,75,93,58
1972-06-04,20.2,24.0,16.4,77,95,59
1972-06-05,20.8,24.9,16.3,76,95,56
1972-06-06,22.1,27.0,16.3,74,96,51
1972-06-07,22.0,25.6,17.9,76,93,59
1972-06-08,23.0,27.7,18.4,68,92,44
1972-06-09,23.7,28.2,18.6,65,87,45
1972-06-10,24.4,28.4,20.5,64,83,45
1972-06-11,24.5,28.9,20.8,70,89,48
1972-06-12,24.7,28.5,21.6,72,88,55
1972-06-13,25.4,29.1,21.6,67,86,51
1972-06-14,25.9,31.0,21.1,63,81,42
1972-06-15,26.3,30.4,22.9,69,88,48
1972-06-16,27.1,32.5,21.5,65,94,42
1972-06-17,28.4,34.1,22.5,62,81,41
1972-06-18,27.7,32.0,22.4,59,90,30
1972-06-19,24.0,27.6,20.0,43,55,32
1972-06-20,25.3,30.9,19.7,42,62,24
1972-06-21,26.5,31.9,21.2,42,58,27
1972-06-22,25.9,31.4,19.2,47,77,25
1972-06-23,24.8,29.2,19.9,64,88,45
1972-06-24,25.5,29.5,22.1,65,81,48
1972-06-25,25.3,29.8,21.6,57,84,36
1972-06-26,23.7,26.4,20.4,53,79,43
1972-06-27,25.4,30.8,19.9,55,84,29
1972-06-28,26.8,32.5,22.5,51,77,27
1972-06-29,26.4,31.7,21.6,48,65,29
1972-06-30,27.1,32.5,21.0,50,75,31
1972-07-01,28.1,33.5,21.9,48,78,25
1972-07-02,27.1,31.9,23.1,54,81,30
1972-07-03,23.7,26.8,20.8,59,74,43
1972-07-04,23.0,26.8,19.3,46,67,33
1972-07-05,23.7,29.1,17.9,49,68,29
1972-07-06,24.5,29.7,18.3,56,78,35
1972-07-07,26.0,30.6,19.6,60,90,37
1972-07-08,26.1,30.6,22.2,55,78,31
1972-07-09,26.4,31.5,21.0,54,82,31
1972-07-10,24.7,27.9,20.6,68,89,52
1972-07-11,25.2,28.4,22.4,71,86,58
1972-07-12,25.4,29.6,20.9,76,96,54
1972-07-13,24.2,28.3,20.9,77,97,48
1972-07-14,24.6,29.6,19.5,68,90,45
1972-07-15,22.3,27.9,18.9,80,94,55
1972-07-16,21.3,24.2,19.8,90,97,77
1972-07-17,22.0,25.6,19.3,83,96,65
1972-07-18,23.8,27.8,20.2,75,94,57
1972-07-19,23.5,27.2,20.7,81,93,65
1972-07-20,23.8,27.2,20.4,79,95,64
1972-07-21,24.6,28.5,21.2,76,91,56
1972-07-22,24.8,28.6,20.3,75,95,56
1972-07-23,24.5,27.7,21.4,80,94,65
1972-07-24,25.1,28.7,21.5,79,94,64
1972-07-25,25.8,29.1,21.1,77,99,59
1972-07-26,27.0,31.1,22.6,71,86,53
1972-07-27,26.3,29.9,23.3,70,87,54
1972-07-28,25.8,29.8,22.1,68,84,52
1972-07-29,26.4,30.7,22.0,72,93,49
1972-07-30,27.5,31.9,22.1,67,88,43
1972-07-31,27.5,31.7,23.8,68,85,46
1972-08-01,27.4,31.0,23.8,69,86,53
1972-08-02,27.1,31.0,23.2,73,90,51
1972-08-03,27.8,31.6,24.6,72,87,51
1972-08-04,27.6,31.8,24.0,63,86,38
1972-08-05,23.1,26.8,19.7,49,64,33
1972-08-06,22.7,27.7,18.0,47,68,29
1972-08-07,23.5,28.0,18.6,49,66,34
1972-08-08,24.4,30.5,18.3,58,79,35
1972-08-09,26.2,32.5,20.0,64,89,36
1972-08-10,27.3,33.7,21.7,66,91,34
1972-08-11,27.8,32.6,23.2,67,89,43
1972-08-12,28.7,34.4,23.0,61,90,31
1972-08-13,29.0,33.7,25.0,57,74,35
1972-08-14,29.0,33.9,24.9,60,82,35
1972-08-15,28.7,33.2,24.0,61,83,40
1972-08-16,28.7,32.8,25.5,61,81,40
1972-08-17,28.8,33.7,24.8,60,81,37
1972-08-18,28.0,32.0,24.4,62,77,43
1972-08-19,25.0,28.4,21.1,65,86,44
1972-08-20,24.7,28.0,20.5,62,90,38
1972-08-21,23.4,26.5,20.1,54,71,38
1972-08-22,22.7,26.2,19.6,56,75,41
1972-08-23,22.5,27.0,18.0,52,68,37
1972-08-24,21.4,24.4,19.3,71,81,61
1972-08-25,21.4,25.4,18.2,73,90,52
1972-08-26,22.0,26.7,17.5,65,88,43
1972-08-27,22.5,27.6,17.3,60,82,34
1972-08-28,22.3,25.7,19.5,75,91,58
1972-08-29,22.0,24.9,18.6,82,95,67
1972-08-30,21.5,24.7,18.7,82,95,66
1972-08-31,20.8,24.6,18.2,84,97,66
1972-09-01,21.3,25.7,17.7,67,93,41
1972-09-02,21.6,26.0,17.4,63,87,39
1972-09-03,21.1,24.1,18.8,76,88,61
1972-09-04,20.4,23.9,17.0,80,96,63
1972-09-05,21.3,24.8,17.5,77,97,59
1972-09-06,21.1,24.0,18.2,81,96,65
1972-09-07,21.5,25.2,18.2,79,95,59
1972-09-08,21.6,25.0,17.9,80,99,60
1972-09-09,21.7,23.7,19.3,79,93,66
1972-09-10,21.6,25.3,18.7,78,94,57
1972-09-11,21.6,24.0,18.6,83,98,69
1972-09-12,20.9,24.8,17.1,73,97,48
1972-09-13,16.8,20.9,13.3,55,72,36
1972-09-14,17.0,21.4,12.0,56,79,37
1972-09-15,17.4,20.8,12.9,79,94,61
1972-09-16,21.0,25.5,16.4,84,96,65
1972-09-17,22.0,25.0,19.0,87,96,76
1972-09-18,20.9,24.7,18.6,86,98,65
1972-09-19,19.7,23.8,15.1,81,94,63
1972-09-20,19.3,21.6,17.2,88,97,75
1972-09-21,19.2,22.7,16.3,83,99,62
1972-09-22,19.9,24.4,15.8,76,99,49
1972-09-23,18.3,22.4,14.4,65,80,42
1972-09-24,18.9,22.7,15.3,69,83,48
1972-09-25,16.3,17.5,13.9,80,96,64
1972-09-26,15.5,17.8,13.4,76,84,71
1972-09-27,18.4,21.8,15.5,87,95,80
1972-09-28,16.1,18.6,13.9,78,97,59
1972-09-29,14.7,18.4,11.9,55,70,38
1972-09-30,12.9,16.9,9.4,59,68,45
1972-10-01,13.6,17.4,9.4,67,84,49
1972-10-02,14.3,17.5,11.3,81,90,68
1972-10-03,15.2,16.4,14.2,92,96,85
1972-10-04,13.9,16.3,11.0,79,94,59
1972-10-05,10.9,15.4,6.9,64,76,47
1972-10-06,12.6,17.3,9.0,69,85,57
1972-10-07,13.4,18.4,8.9,75,93,51
1972-10-08,12.0,13.4,10.0,89,96,82
1972-10-09,15.1,18.8,12.6,92,96,82
1972-10-10,16.8,20.7,14.2,86,98,66
1972-10-11,15.8,20.7,11.6,72,88,50
1972-10-12,16.9,21.5,12.6,77,90,56
1972-10-13,17.0,20.6,13.0,81,92,66
1972-10-14,16.1,18.4,13.9,95,99,91
1972-10-15,13.6,15.5,10.7,93,98,88
1972-10-16,11.1,12.6,9.9,86,88,80
1972-10-17,12.2,14.8,10.0,74,87,57
1972-10-18,11.3,15.3,8.3,74,89,50
1972-10-19,8.7,10.3,6.8,63,83,47
1972-10-20,7.3,11.2,4.1,58,76,42
1972-10-21,9.6,12.9,6.1,81,96,66
1972-10-22,10.3,12.3,5.9,79,98,58
1972-10-23,7.2,11.1,3.7,59,74,45
1972-10-24,8.4,13.2,3.7,68,85,50
1972-10-25,9.5,15.9,4.0,73,88,51
1972-10-26,11.3,16.3,6.5,71,85,54
1972-10-27,10.6,14.8,5.7,83,99,67
1972-10-28,10.8,14.6,7.8,87,99,72
1972-10-29,12.6,15.6,10.0,87,95,73
1972-10-30,12.2,13.1,11.6,94,96,92
1972-10-31,12.7,14.6,11.4,91,96,83
1972-11-01,12.2,15.1,9.3,85,98,67
1972-11-02,11.7,16.5,6.8,79,97,60
1972-11-03,12.7,17.7,9.1,72,84,55
1972-11-04,11.6,13.2,10.0,81,91,72
1972-11-05,11.2,15.9,7.3,86,99,68
1972-11-06,12.2,18.3,7.2,83,100,61
1972-11-07,14.5,18.4,11.6,72,92,57
1972-11-08,13.0,15.9,9.6,88,99,74
1972-11-09,12.3,15.7,9.4,90,100,76
1972-11-10,11.4,15.6,8.0,89,100,72
1972-11-11,11.4,14.8,8.9,93,100,80
1972-11-12,12.3,16.6,9.4,92,99,76
1972-11-13,9.0,12.6,5.7,68,95,42
1972-11-14,9.6,14.9,5.9,73,87,50
1972-11-15,10.1,14.9,6.3,86,95,73
1972-11-16,9.5,12.8,6.9,82,100,58
1972-11-17,9.6,13.8,6.3,81,95,68
1972-11-18,9.5,13.7,6.4,93,99,84
1972-11-19,10.5,15.2,8.2,88,100,70
1972-11-20,9.1,11.4,7.0,81,93,73
1972-11-21,11.4,16.1,8.6,87,96,71
1972-11-22,12.1,18.1,7.9,92,100,75
1972-11-23,12.4,17.3,9.2,93,100,76
1972-11-24,12.5,16.7,9.7,93,100,76
1972-11-25,11.4,18.1,6.3,89,99,73
1972-11-26,5.0,6.8,3.4,55,73,38
1972-11-27,3.7,7.3,1.0,58,71,43
1972-11-28,3.7,8.9,-0.6,69,83,48
1972-11-29,4.9,10.3,1.9,67,82,46
1972-11-30,3.9,9.1,-0.0,83,96,60
1972-12-01,4.8,8.2,1.9,90,97,82
1972-12-02,8.2,11.4,5.5,93,97,86
1972-12-03,10.3,13.5,7.9,90,97,78
1972-12-04,8.0,11.8,5.2,93,99,79
1972-12-05,7.7,10.6,5.3,91,99,78
1972-12-06,8.3,11.1,6.0,90,98,76
1972-12-07,8.1,10.6,5.6,87,96,70
1972-12-08,6.4,11.1,3.0,86,100,65
1972-12-09,5.2,10.3,1.7,88,99,69
1972-12-10,6.1,11.2,3.2,90,98,74
1972-12-11,6.5,11.2,3.2,90,99,72
1972-12-12,7.4,10.4,5.1,91,98,79
1972-12-13,6.7,9.7,4.3,92,99,79
1972-12-14,6.7,10.0,4.3,87,99,67
1972-12-15,5.1,9.7,1.8,86,100,64
1972-12-16,4.5,8.8,1.1,86,100,63
1972-12-17,4.3,8.6,1.4,87,100,66
1972-12-18,3.6,8.9,-0.0,82,99,55
1972-12-19,3.3,8.2,-0.8,77,96,53
1972-12-20,4.0,6.6,2.7,77,83,68
1972-12-21,2.1,5.3,-1.5,77,97,50
1972-12-22,1.6,5.8,-1.9,75,93,51
1972-12-23,1.5,6.4,-1.3,78,91,53
1972-12-24,3.2,7.9,0.1,81,90,61
1972-12-25,3.0,6.5,0.4,89,97,76
1972-12-26,5.8,8.9,3.4,89,97,77
1972-12-27,5.2,8.4,1.6,92,99,81
1972-12-28,2.8,5.8,0.9,72,96,47
1972-12-29,0.6,3.6,-2.0,66,78,48
1972-12-30,1.1,4.5,-0.9,78,86,57
1972-12-31,0.9,4.4,-1.2,82,91,62
1973-01-01,1.1,4.7,-0.7,84,92,66
1973-01-02,1.4,4.8,-0.8,86,94,70
1973-01-03,2.3,4.9,0.1,94,97,88
1973-01-04,4.3,6.6,2.5,95,97,90
1973-01-05,5.0,7.3,3.1,91,96,81
1973-01-06,4.8,7.3,3.3,86,95,72
1973-01-07,4.0,7.4,1.3,79,91,63
1973-01-08,3.9,7.5,0.6,77,87,62
1973-01-09,3.7,8.3,0.1,76,89,59
1973-01-10,2.5,7.0,-1.3,77,90,60
1973-01-11,2.6,8.6,-1.6,72,93,51
1973-01-12,2.5,6.1,0.0,65,75,49
1973-01-13,1.8,5.5,-0.5,65,75,50
1973-01-14,1.2,4.0,-1.6,54,73,39
1973-01-15,1.1,6.1,-2.1,63,79,40
1973-01-16,0.7,3.5,-1.9,86,90,77
1973-01-17,1.2,2.8,0.1,90,95,83
1973-01-18,2.1,4.7,-0.8,94,98,90
1973-01-19,5.9,10.0,3.5,95,99,86
1973-01-20,6.6,10.1,4.7,96,99,86
1973-01-21,6.2,11.1,1.7,93,100,79
1973-01-22,7.7,9.1,6.3,92,97,86
1973-01-23,6.6,7.4,5.7,85,90,78
1973-01-24,4.7,5.8,3.2,86,95,76
1973-01-25,5.0,7.7,2.5,82,95,59
1973-01-26,3.2,5.5,-0.1,78,92,62
1973-01-27,2.8,6.4,-1.2,77,95,57
1973-01-28,2.8,5.5,-0.1,89,96,77
1973-01-29,2.3,3.6,0.2,92,96,86
1973-01-30,1.2,3.9,-0.3,79,87,69
1973-01-31,1.1,7.6,-3.3,76,87,52
1973-02-01,1.6,7.1,-3.1,86,92,76
1973-02-02,5.6,10.1,2.2,92,97,82
1973-02-03,6.9,9.2,5.1,96,97,93
1973-02-04,6.3,9.2,3.6,82,98,64
1973-02-05,4.6,9.6,-0.5,74,86,59
1973-02-06,5.7,9.0,2.4,79,94,64
1973-02-07,5.9,11.8,0.0,72,91,51
1973-02-08,7.2,13.9,2.6,71,87,53
1973-02-09,7.6,14.5,2.5,81,93,56
1973-02-10,7.6,13.3,2.3,85,95,68
1973-02-11,9.9,13.6,6.9,88,95,76
1973-02-12,6.0,9.6,4.0,94,100,88
1973-02-13,5.7,10.1,2.3,72,89,56
1973-02-14,6.9,10.9,3.2,80,94,61
1973-02-15,9.7,13.9,5.4,85,95,70
1973-02-16,12.3,15.0,10.3,82,94,64
1973-02-17,9.6,12.8,6.1,79,92,61
1973-02-18,7.2,11.0,4.0,71,88,51
1973-02-19,6.2,10.4,2.0,65,82,51
1973-02-20,7.0,10.3,3.7,82,93,66
1973-02-21,7.1,10.3,4.5,67,89,46
1973-02-22,6.4,13.1,1.3,68,80,49
1973-02-23,7.3,10.1,5.5,81,89,70
1973-02-24,7.2,11.3,3.8,83,100,58
1973-02-25,5.8,8.8,2.4,77,93,57
1973-02-26,4.8,7.2,1.1,70,98,41
1973-02-27,1.6,4.7,-1.3,58,78,41
1973-02-28,0.8,4.7,-2.7,59,70,45
1973-03-01,1.5,5.5,-1.7,60,78,37
1973-03-02,2.6,7.7,-1.4,59,70,44
1973-03-03,4.4,9.5,0.2,63,78,42
1973-03-04,5.0,9.6,1.3,65,81,46
1973-03-05,4.7,9.0,0.8,60,77,37
1973-03-06,5.1,9.3,1.4,61,79,42
1973-03-07,4.5,7.4,2.2,72,83,59
1973-03-08,6.3,8.9,3.9,75,80,67
1973-03-09,8.4,12.6,5.6,85,97,72
1973-03-10,7.2,12.5,2.8,87,100,61
1973-03-11,7.0,9.1,5.0,90,97,79
1973-03-12,6.4,10.5,3.1,69,98,42
1973-03-13,3.8,5.3,2.5,88,98,67
1973-03-14,6.0,10.0,3.3,79,95,59
1973-03-15,6.4,11.9,1.2,66,85,46
1973-03-16,6.7,9.2,4.6,81,96,66
1973-03-17,7.8,11.4,5.2,72,87,51
1973-03-18,5.9,7.0,5.0,91,95,88
1973-03-19,6.7,10.7,4.2,76,94,50
1973-03-20,7.5,12.4,3.3,63,78,45
1973-03-21,6.4,11.3,1.7,62,78,43
1973-03-22,8.0,13.1,2.0,64,82,44
1973-03-23,8.5,12.5,3.3,75,94,56
1973-03-24,8.3,12.9,2.2,82,100,62
1973-03-25,8.8,9.8,7.7,83,92,74
1973-03-26,10.3,14.0,6.2,80,94,64
1973-03-27,11.3,16.3,6.4,78,94,56
1973-03-28,9.4,12.0,6.8,84,96,66
1973-03-29,9.9,13.5,6.8,87,97,68
1973-03-30,10.9,12.8,9.2,88,95,77
1973-03-31,11.1,14.0,8.7,87,98,73
1973-04-01,11.6,16.3,6.6,82,100,58
1973-04-02,12.8,17.5,8.0,77,94,53
1973-04-03,12.8,17.7,7.4,74,94,55
1973-04-04,12.2,16.6,8.0,80,97,61
1973-04-05,10.3,14.6,6.2,85,100,63
1973-04-06,9.6,12.9,6.8,82,96,64
1973-04-07,12.3,18.5,7.5,71,88,46
1973-04-08,14.4,20.0,10.1,72,88,49
1973-04-09,13.8,19.4,7.6,80,98,60
1973-04-10,14.3,19.9,8.4,85,100,65
1973-04-11,15.7,20.5,11.5,79,95,56
1973-04-12,13.5,17.0,8.5,65,89,40
1973-04-13,13.7,17.2,10.4,67,86,43
1973-04-14,13.2,16.8,9.1,71,89,51
1973-04-15,11.1,14.8,7.4,80,100,61
1973-04-16,9.0,12.8,6.3,68,87,50
1973-04-17,11.3,16.4,6.1,62,83,41
1973-04-18,12.0,17.4,6.2,64,85,40
1973-04-19,10.6,14.7,7.7,87,95,73
1973-04-20,11.9,15.7,8.4,81,96,64
1973-04-21,12.7,17.2,7.7,75,100,48
1973-04-22,13.0,18.1,7.3,61,83,32
1973-04-23,12.7,16.7,8.8,64,81,41
1973-04-24,13.8,19.2,9.0,80,96,64
1973-04-25,15.1,20.3,10.8,73,100,40
1973-04-26,14.1,18.9,9.0,60,78,41
1973-04-27,14.7,18.9,10.5,63,82,41
1973-04-28,14.2,19.2,9.1,75,96,48
1973-04-29,14.8,19.6,11.0,78,96,57
1973-04-30,16.4,21.2,11.3,77,95,61
1973-05-01,17.2,22.5,12.8,76,97,51
1973-05-02,16.3,20.6,11.8,79,100,61
1973-05-03,17.0,21.7,11.9,69,95,50
1973-05-04,20.8,27.4,14.2,67,86,49
1973-05-05,24.5,31.2,18.0,62,81,38
1973-05-06,21.7,25.9,16.7,71,90,57
1973-05-07,20.9,25.8,16.7,70,89,52
1973-05-08,21.9,27.7,16.0,74,94,53
1973-05-09,23.5,28.0,19.4,71,87,54
1973-05-10,18.7,21.3,15.2,70,92,42
1973-05-11,17.1,22.7,11.3,55,81,30
1973-05-12,18.9,24.3,11.6,60,85,39
1973-05-13,17.0,19.0,15.0,74,83,64
1973-05-14,15.9,20.3,12.1,77,92,53
1973-05-15,17.1,21.4,13.1,74,98,50
1973-05-16,18.2,24.2,11.8,69,99,42
1973-05-17,19.0,22.7,15.4,70,89,51
1973-05-18,16.9,20.4,13.7,72,90,55
1973-05-19,17.8,22.1,14.4,72,86,57
1973-05-20,20.0,24.3,14.9,74,93,56
1973-05-21,22.7,29.9,15.8,67,92,38
1973-05-22,24.0,29.5,18.7,63,82,43
1973-05-23,26.4,33.6,18.9,56,79,29
1973-05-24,25.6,30.9,20.4,62,80,43
1973-05-25,24.6,28.9,20.9,55,84,32
1973-05-26,21.1,24.7,16.8,53,83,31
1973-05-27,18.6,21.8,15.3,52,67,40
1973-05-28,18.3,23.3,13.6,60,81,41
1973-05-29,19.8,24.9,14.5,55,77,35
1973-05-30,21.0,26.2,15.3,49,74,27
1973-05-31,21.5,27.1,15.3,59,88,33
1973-06-01,21.8,26.7,16.1,62,89,37
1973-06-02,21.8,26.1,17.6,69,90,49
1973-06-03,21.8,25.8,18.1,67,88,49
1973-06-04,22.2,26.7,18.2,64,86,41
1973-06-05,23.2,27.1,19.9,61,78,45
1973-06-06,22.9,26.7,19.6,66,83,50
1973-06-07,23.0,26.5,20.2,59,78,41
1973-06-08,24.2,29.3,18.9,58,83,40
1973-06-09,23.9,27.9,20.2,64,83,45
1973-06-10,22.4,26.5,18.2,64,91,40
1973-06-11,23.2,28.5,18.3,54,71,39
1973-06-12,24.4,29.3,19.2,55,75,38
1973-06-13,22.3,24.1,19.6,74,87,60
1973-06-14,21.7,24.7,18.2,79,96,65
1973-06-15,22.1,27.8,17.1,70,98,45
1973-06-16,20.1,25.3,15.6,49,65,29
1973-06-17,19.0,23.3,15.4,48,65,33
1973-06-18,20.5,26.6,14.3,48,72,27
1973-06-19,20.1,24.4,16.0,72,91,51
1973-06-20,21.0,26.1,15.3,54,79,31
1973-06-21,21.2,25.9,14.8,66,94,46
1973-06-22,22.4,27.2,16.9,69,95,49
1973-06-23,24.4,29.9,18.7,61,90,39
1973-06-24,26.4,32.4,20.5,54,83,31
1973-06-25,25.0,29.6,19.9,38,57,23
1973-06-26,23.7,28.2,19.1,50,67,33
1973-06-27,25.1,30.9,18.3,52,83,26
1973-06-28,25.9,31.1,20.3,51,74,32
1973-06-29,25.9,30.3,21.8,57,79,39
1973-06-30,25.7,30.9,21.6,57,83,35
1973-07-01,24.5,29.0,20.2,63,81,46
1973-07-02,23.3,28.0,18.9,73,97,49
1973-07-03,23.7,27.9,19.2,69,87,50
1973-07-04,23.9,29.3,18.8,69,90,44
1973-07-05,25.0,29.9,19.6,61,85,36
1973-07-06,26.1,30.5,21.2,62,94,37
1973-07-07,26.8,32.3,22.2,63,87,33
1973-07-08,27.6,33.1,22.9,64,91,36
1973-07-09,27.9,32.6,23.7,61,89,32
1973-07-10,27.8,32.5,22.3,55,80,33
1973-07-11,24.4,27.7,21.4,66,88,52
1973-07-12,23.3,27.9,19.8,72,91,50
1973-07-13,23.0,26.7,19.1,76,92,62
1973-07-14,24.9,30.1,19.6,70,97,41
1973-07-15,25.6,30.0,20.7,73,93,52
1973-07-16,28.0,34.4,22.1,65,90,37
1973-07-17,28.6,34.0,24.0,67,92,41
1973-07-18,29.8,35.8,24.8,62,83,40
1973-07-19,32.0,39.5,25.3,54,81,23
1973-07-20,30.2,34.3,25.3,54,83,29
1973-07-21,26.3,28.9,24.3,71,85,56
1973-07-22,27.2,31.2,22.7,66,89,45
1973-07-23,27.9,32.2,23.9,66,86,46
1973-07-24,29.0,34.0,22.8,54,82,30
1973-07-25,27.6,32.2,22.8,46,65,32
1973-07-26,26.9,30.1,23.4,50,68,34
1973-07-27,23.4,27.6,20.0,61,89,41
1973-07-28,23.0,27.6,17.7,49,72,30
1973-07-29,23.9,29.2,17.7,50,73,27
1973-07-30,24.0,28.8,18.7,53,80,32
1973-07-31,21.5,24.1,19.2,82,95,66
1973-08-01,22.5,27.8,18.3,72,93,45
1973-08-02,23.6,27.6,18.9,69,91,48
1973-08-03,23.0,26.1,19.7,75,89,59
1973-08-04,22.8,26.4,19.3,75,95,54
1973-08-05,23.4,27.4,18.6,71,93,51
1973-08-06,24.9,29.5,20.0,64,89,40
1973-08-07,26.3,31.6,20.5,55,81,29
1973-08-08,27.4,33.1,21.9,54,79,28
1973-08-09,26.8,32.0,21.1,55,79,33
1973-08-10,23.9,26.6,20.2,65,81,49
1973-08-11,23.1,26.8,20.0,71,90,50
1973-08-12,23.6,28.0,19.6,68,91,46
1973-08-13,24.8,29.7,20.8,63,87,37
1973-08-14,25.3,29.6,22.0,61,83,35
1973-08-15,23.8,28.2,19.7,58,79,33
1973-08-16,23.1,27.5,18.3,62,87,37
1973-08-17,24.2,29.8,18.6,58,89,27
1973-08-18,24.4,29.6,18.9,50,66,31
1973-08-19,25.0,30.1,19.3,56,76,35
1973-08-20,25.1,29.8,21.1,65,87,40
1973-08-21,25.5,30.0,20.8,65,88,40
1973-08-22,26.2,31.7,21.2,64,87,35
1973-08-23,25.8,30.4,21.2,68,90,43
1973-08-24,24.2,26.9,22.1,75,87,65
1973-08-25,24.3,28.2,20.6,72,93,53
1973-08-26,25.0,29.9,20.3,74,98,50
1973-08-27,23.0,25.5,20.3,83,96,70
1973-08-28,21.7,23.3,20.4,79,90,66
1973-08-29,22.2,24.9,19.7,75,87,59
1973-08-30,21.0,23.2,19.0,84,95,75
1973-08-31,21.3,25.5,17.7,81,96,59
1973-09-01,22.2,25.5,18.5,78,97,59
1973-09-02,20.4,21.8,18.7,89,95,80
1973-09-03,21.8,26.9,17.0,70,92,45
1973-09-04,23.8,29.4,17.5,64,87,40
1973-09-05,24.5,29.9,18.6,65,88,41
1973-09-06,23.8,25.9,22.1,74,85,63
1973-09-07,23.7,27.1,21.0,72,85,53
1973-09-08,25.0,30.2,19.7,63,89,36
1973-09-09,25.3,29.9,20.8,62,83,41
1973-09-10,24.4,27.5,20.8,71,85,56
1973-09-11,24.9,30.2,20.7,62,89,33
1973-09-12,20.6,23.6,17.6,64,84,49
1973-09-13,20.4,23.9,17.6,74,89,50
1973-09-14,19.3,22.8,15.8,65,88,49
1973-09-15,19.4,22.9,15.9,76,91,57
1973-09-16,19.7,24.0,15.3,81,100,56
1973-09-17,20.4,24.6,15.9,81,100,58
1973-09-18,20.9,25.5,16.6,80,100,58
1973-09-19,20.2,21.8,18.8,74,84,62
1973-09-20,19.0,21.5,17.0,83,90,72
1973-09-21,19.6,22.7,15.6,83,99,67
1973-09-22,20.3,24.4,16.7,85,100,62
1973-09-23,21.9,27.8,16.3,82,100,56
1973-09-24,23.4,29.3,17.2,77,100,52
1973-09-25,23.4,28.0,19.5,76,89,56
1973-09-26,23.1,26.7,20.8,77,92,56
1973-09-27,21.6,24.9,19.4,80,93,59
1973-09-28,20.0,23.2,17.3,87,98,71
1973-09-29,19.5,22.9,17.0,81,95,63
1973-09-30,19.8,23.9,15.7,83,100,59
1973-10-01,20.3,24.5,15.6,82,100,59
1973-10-02,20.5,24.0,16.9,84,99,64
1973-10-03,21.0,24.8,17.6,82,100,59
1973-10-04,19.9,24.2,15.4,75,99,45
1973-10-05,18.4,22.0,15.7,70,88,45
1973-10-06,18.4,22.9,13.6,63,88,40
1973-10-07,18.3,23.0,12.9,70,96,44
1973-10-08,17.4,20.4,13.5,79,96,60
1973-10-09,16.0,16.9,14.8,90,95,85
1973-10-10,16.4,19.3,14.4,79,96,55
1973-10-11,16.9,21.0,13.4,71,87,49
1973-10-12,16.7,21.2,11.4,80,100,58
1973-10-13,16.5,21.3,12.0,85,100,62
1973-10-14,17.2,20.5,14.9,87,97,65
1973-10-15,18.2,21.3,15.7,87,98,70
1973-10-16,19.9,24.7,15.1,79,97,56
1973-10-17,20.9,26.2,17.2,77,89,56
1973-10-18,21.1,27.1,17.4,73,83,50
1973-10-19,18.4,22.4,15.4,73,88,54
1973-10-20,17.3,20.6,14.5,82,91,69
1973-10-21,17.6,22.2,13.8,89,100,70
1973-10-22,18.4,22.9,15.0,84,99,60
1973-10-23,12.8,18.0,9.3,65,90,43
1973-10-24,10.7,13.2,9.0,61,81,48
1973-10-25,10.9,14.3,8.6,65,81,43
1973-10-26,10.2,13.1,7.7,61,79,45
1973-10-27,9.6,13.5,6.0,68,85,48
1973-10-28,10.2,14.9,6.0,70,92,47
1973-10-29,10.2,14.5,4.6,73,100,47
1973-10-30,9.4,15.7,3.3,71,100,39
1973-10-31,10.8,15.0,7.4,56,71,41
1973-11-01,8.0,10.6,5.4,49,67,29
1973-11-02,4.9,9.3,1.5,50,68,33
1973-11-03,6.1,11.7,0.8,50,72,29
1973-11-04,6.7,10.4,2.4,79,94,66
1973-11-05,8.8,10.7,7.5,73,87,64
1973-11-06,9.0,14.5,4.4,85,96,68
1973-11-07,11.4,17.4,6.0,86,99,69
1973-11-08,11.1,13.4,9.4,79,95,62
1973-11-09,8.6,10.1,6.8,92,95,85
1973-11-10,8.4,9.5,7.4,91,93,86
1973-11-11,11.3,15.7,7.2,81,94,64
1973-11-12,10.0,15.0,6.0,85,99,67
1973-11-13,9.0,13.9,4.3,79,98,57
1973-11-14,9.2,13.7,4.8,81,99,60
1973-11-15,10.5,16.0,6.2,76,90,56
1973-11-16,9.9,15.7,4.8,86,99,65
1973-11-17,10.8,16.3,5.6,83,100,63
1973-11-18,9.4,14.3,5.8,75,94,51
1973-11-19,8.2,10.4,6.1,78,88,63
1973-11-20,8.9,14.1,4.3,83,99,64
1973-11-21,8.4,10.1,5.7,51,79,37
1973-11-22,5.2,8.5,2.4,53,64,41
1973-11-23,4.8,9.0,1.4,65,83,40
1973-11-24,7.1,13.3,2.9,64,74,47
1973-11-25,7.4,12.8,4.4,71,83,53
1973-11-26,9.4,14.6,5.5,74,93,59
1973-11-27,8.1,11.4,4.8,81,98,61
1973-11-28,3.4,4.5,1.5,79,94,64
1973-11-29,1.1,4.5,-1.1,58,72,37
1973-11-30,1.6,5.7,-1.4,78,95,66
1973-12-01,-0.2,3.8,-3.2,54,75,38
1973-12-02,-0.7,2.0,-4.2,82,94,67
1973-12-03,0.3,1.3,-0.4,93,96,87
1973-12-04,1.3,3.2,-0.3,90,96,83
1973-12-05,2.0,5.6,-0.3,91,98,81
1973-12-06,0.2,4.7,-3.0,85,94,68
1973-12-07,-1.7,4.5,-7.0,78,96,55
1973-12-08,2.8,9.6,-1.2,67,84,51
1973-12-09,3.6,10.8,-1.2,85,94,71
1973-12-10,3.5,6.1,1.3,80,93,63
1973-12-11,0.5,1.6,-1.7,94,97,88
1973-12-12,-1.2,2.5,-4.4,91,98,82
1973-12-13,-1.9,2.3,-7.5,91,100,79
1973-12-14,3.4,6.6,1.5,94,99,89
1973-12-15,6.0,11.3,2.5,94,100,85
1973-12-16,1.6,4.0,-0.2,64,84,55
1973-12-17,0.4,4.9,-2.3,67,78,50
1973-12-18,3.2,9.2,-0.3,78,88,65
1973-12-19,3.6,9.5,0.1,84,94,67
1973-12-20,5.9,9.8,2.9,90,95,80
1973-12-21,7.0,11.0,4.6,92,97,80
1973-12-22,8.5,12.9,4.8,92,99,75
1973-12-23,8.9,13.3,5.7,92,98,74
1973-12-24,6.8,10.9,4.1,94,100,81
1973-12-25,7.5,10.6,5.0,94,99,86
1973-12-26,9.6,12.0,7.3,95,98,91
1973-12-27,9.6,14.4,6.4,92,100,75
1973-12-28,7.2,12.2,2.4,89,99,76
1973-12-29,7.4,11.6,4.3,89,99,72
1973-12-30,5.4,8.4,1.7,92,100,83
1973-12-31,7.3,9.1,5.8,84,90,76
1974-01-01,7.3,8.8,6.5,92,97,88
1974-01-02,8.1,9.1,7.2,93,97,90
1974-01-03,7.6,8.8,6.5,87,94,74
1974-01-04,7.2,9.9,4.8,85,95,68
1974-01-05,6.6,9.4,4.0,83,96,68
1974-01-06,6.6,8.9,4.3,85,91,72
1974-01-07,6.8,7.9,6.1,93,96,88
1974-01-08,6.1,6.9,4.6,92,96,87
1974-01-09,4.8,6.5,3.5,84,94,69
1974-01-10,4.1,4.8,3.3,86,93,77
1974-01-11,3.5,5.4,2.2,90,97,76
1974-01-12,2.8,6.6,-0.8,90,99,74
1974-01-13,2.4,6.4,-1.2,79,91,59
1974-01-14,0.5,4.5,-2.6,66,79,51
1974-01-15,1.6,4.3,-0.9,72,84,60
1974-01-16,0.9,4.0,-1.6,76,93,52
1974-01-17,1.6,6.3,-1.5,75,89,61
1974-01-18,2.8,6.7,-0.3,82,93,66
1974-01-19,3.3,7.4,0.8,66,79,48
1974-01-20,4.2,9.9,-0.5,71,79,63
1974-01-21,7.7,11.6,5.1,68,79,50
1974-01-22,6.4,10.6,3.1,73,87,53
1974-01-23,5.6,7.8,4.2,85,93,76
1974-01-24,3.7,5.1,1.8,95,98,90
1974-01-25,3.5,7.4,0.0,88,99,68
1974-01-26,4.6,9.1,0.9,76,93,55
1974-01-27,4.3,8.8,0.2,77,91,60
1974-01-28,4.5,9.3,-0.4,80,98,60
1974-01-29,4.7,9.9,-1.0,79,98,56
1974-01-30,5.1,9.2,1.3,88,99,70
1974-01-31,5.2,7.6,2.7,79,95,62
1974-02-01,4.3,8.2,1.3,84,97,67
1974-02-02,3.7,9.2,-0.7,85,99,64
1974-02-03,5.4,11.1,1.0,84,94,69
1974-02-04,8.1,13.4,3.7,89,97,71
1974-02-05,8.2,11.2,4.7,91,100,74
1974-02-06,7.6,12.2,3.2,86,98,68
1974-02-07,10.4,13.9,6.5,86,92,76
1974-02-08,6.9,10.7,2.6,77,96,50
1974-02-09,5.5,9.6,1.8,59,74,43
1974-02-10,6.2,10.9,2.2,62,81,43
1974-02-11,7.6,14.1,2.8,68,81,49
1974-02-12,7.2,12.8,2.1,80,91,60
1974-02-13,7.4,11.3,3.6,87,99,72
1974-02-14,10.1,13.7,7.9,85,94,71
1974-02-15,11.5,13.6,9.3,94,100,86
1974-02-16,10.7,13.7,7.5,86,99,71
1974-02-17,9.6,12.2,7.3,87,97,74
1974-02-18,9.1,11.9,7.0,85,95,71
1974-02-19,8.7,11.9,5.6,88,97,80
1974-02-20,8.6,9.7,6.6,92,96,88
1974-02-21,8.2,13.5,1.9,79,95,57
1974-02-22,8.8,12.2,5.4,86,97,74
1974-02-23,7.8,10.6,5.9,83,96,61
1974-02-24,7.3,9.9,5.4,81,96,62
1974-02-25,5.9,8.3,4.1,78,89,64
1974-02-26,5.5,6.8,4.8,81,92,68
1974-02-27,4.3,5.5,3.5,76,83,71
1974-02-28,4.6,6.7,3.1,77,90,59
1974-03-01,4.9,8.1,1.3,76,96,54
1974-03-02,5.1,8.3,1.3,79,93,61
1974-03-03,5.9,8.4,4.0,78,88,67
1974-03-04,6.7,10.2,3.5,82,94,65
1974-03-05,6.8,8.6,5.2,86,93,77
1974-03-06,6.7,7.7,5.7,92,96,90
1974-03-07,6.5,9.2,4.8,88,99,72
1974-03-08,6.0,10.0,1.4,82,93,64
1974-03-09,7.7,9.8,6.2,83,92,69
1974-03-10,7.0,9.9,4.9,79,92,57
1974-03-11,7.8,11.1,5.3,83,95,66
1974-03-12,8.5,12.0,4.5,77,97,51
1974-03-13,8.5,10.7,6.4,77,89,64
1974-03-14,7.4,9.1,6.0,87,95,74
1974-03-15,7.6,9.7,5.6,88,96,74
1974-03-16,8.8,12.2,6.2,81,97,58
1974-03-17,9.5,14.5,3.8,68,90,42
1974-03-18,10.6,17.2,5.0,70,84,50
1974-03-19,12.2,19.3,6.0,75,88,53
1974-03-20,13.7,20.3,8.1,77,92,56
1974-03-21,14.7,21.1,8.5,79,96,54
1974-03-22,15.6,21.2,10.8,71,85,50
1974-03-23,15.0,20.7,10.5,76,89,57
1974-03-24,13.0,17.4,8.4,85,100,67
1974-03-25,12.4,14.9,10.1,85,98,68
1974-03-26,10.0,12.2,8.3,82,92,70
1974-03-27,11.2,15.9,7.0,83,99,64
1974-03-28,12.5,15.4,9.4,83,94,70
1974-03-29,10.5,13.4,7.5,75,90,58
1974-03-30,9.6,11.9,7.6,72,85,60
1974-03-31,9.2,12.9,5.8,74,86,57
1974-04-01,9.6,11.7,8.0,78,92,65
1974-04-02,9.6,11.6,7.9,82,91,73
1974-04-03,9.3,11.8,8.0,80,89,69
1974-04-04,9.9,13.1,7.1,74,90,57
1974-04-05,9.9,13.8,6.9,78,92,57
1974-04-06,9.2,12.5,6.4,82,95,63
1974-04-07,9.9,14.5,6.2,79,92,59
1974-04-08,11.5,16.8,6.2,75,99,51
1974-04-09,11.5,16.2,7.2,70,85,46
1974-04-10,11.6,17.1,5.6,74,99,44
1974-04-11,10.0,13.0,7.7,84,92,70
1974-04-12,11.0,14.6,8.0,81,93,64
1974-04-13,12.4,18.5,6.5,85,100,58
1974-04-14,13.0,17.5,8.0,87,99,69
1974-04-15,12.4,14.9,10.3,92,99,76
1974-04-16,11.9,14.8,9.9,86,94,75
1974-04-17,13.0,16.5,10.1,83,94,63
1974-04-18,11.9,15.5,7.1,83,100,62
1974-04-19,10.8,15.9,6.2,66,91,42
1974-04-20,11.5,15.5,7.1,59,80,36
1974-04-21,11.0,15.6,5.8,70,93,47
1974-04-22,11.5,14.2,8.0,75,93,61
1974-04-23,12.1,17.1,6.3,68,87,42
1974-04-24,13.3,17.5,8.8,69,85,48
1974-04-25,12.2,14.7,9.9,83,94,66
1974-04-26,13.0,18.5,8.3,79,95,56
1974-04-27,15.6,19.6,10.7,65,87,43
1974-04-28,15.8,20.9,11.0,74,90,55
1974-04-29,15.7,20.4,10.2,78,96,57
1974-04-30,16.3,21.1,10.4,77,96,58
1974-05-01,15.4,18.6,10.8,71,97,48
1974-05-02,15.8,20.1,10.6,74,93,55
1974-05-03,16.5,21.0,12.3,68,84,45
1974-05-04,17.9,22.0,14.0,61,79,39
1974-05-05,17.2,21.8,12.7,71,89,43
1974-05-06,16.1,20.2,10.6,73,99,46
1974-05-07,16.5,21.4,10.5,67,91,41
1974-05-08,15.9,19.4,13.5,70,83,52
1974-05-09,15.9,19.9,11.8,72,94,52
1974-05-10,13.9,17.0,11.2,68,80,51
1974-05-11,16.3,22.8,9.7,61,84,35
1974-05-12,17.9,23.8,12.3,68,88,43
1974-05-13,17.9,23.3,13.0,72,94,48
1974-05-14,17.2,20.6,13.7,76,93,59
1974-05-15,17.1,20.2,13.4,75,97,56
1974-05-16,16.9,20.9,13.6,69,84,50
1974-05-17,17.2,22.6,11.8,60,77,36
1974-05-18,15.9,18.6,13.4,77,93,57
1974-05-19,14.2,14.9,13.6,90,95,86
1974-05-20,17.7,22.9,12.9,73,94,47
1974-05-21,19.1,25.2,12.0,70,91,47
1974-05-22,19.0,23.9,14.4,74,93,49
1974-05-23,19.0,24.5,14.3,70,93,47
1974-05-24,17.7,22.4,13.1,71,88,56
1974-05-25,19.4,23.8,14.4,77,97,53
1974-05-26,20.9,24.9,15.4,67,90,49
1974-05-27,19.5,23.8,15.5,69,91,42
1974-05-28,20.0,24.1,16.0,72,89,47
1974-05-29,20.0,23.6,16.6,69,92,46
1974-05-30,19.8,24.8,14.5,72,97,46
1974-05-31,21.6,25.7,17.4,70,89,52
1974-06-01,22.1,26.1,18.2,68,86,49
1974-06-02,22.1,26.7,17.3,66,91,49
1974-06-03,17.7,20.5,15.8,73,85,58
1974-06-04,20.1,26.0,14.8,64,80,45
1974-06-05,22.4,28.3,15.8,65,86,43
1974-06-06,23.4,28.2,18.3,66,87,46
1974-06-07,22.7,26.6,18.1,71,91,55
1974-06-08,21.3,25.7,17.2,63,86,39
1974-06-09,20.3,23.6,16.5,76,92,60
1974-06-10,21.5,25.9,16.9,71,92,51
1974-06-11,23.0,28.4,17.9,63,92,39
1974-06-12,19.3,23.5,14.9,43,61,28
1974-06-13,19.5,23.2,14.8,52,79,35
1974-06-14,20.2,24.7,14.8,62,84,42
1974-06-15,21.9,27.8,15.2,60,93,31
1974-06-16,22.2,26.8,17.7,64,83,48
1974-06-17,22.0,26.4,17.4,76,97,57
1974-06-18,22.6,25.6,19.4,76,92,61
1974-06-19,20.5,23.1,17.4,83,96,69
1974-06-20,20.6,24.8,15.8,78,97,61
1974-06-21,21.2,25.2,16.4,75,94,58
1974-06-22,21.7,26.2,16.6,74,99,49
1974-06-23,24.2,29.2,19.1,64,83,40
1974-06-24,25.6,30.3,21.5,61,80,36
1974-06-25,24.4,29.7,18.0,58,83,35
1974-06-26,23.9,28.8,18.6,58,80,40
1974-06-27,23.6,27.8,18.5,68,92,47
1974-06-28,25.8,31.9,19.5,60,85,38
1974-06-29,26.9,32.2,21.1,53,70,37
1974-06-30,25.2,29.7,21.3,57,78,35
1974-07-01,23.7,28.7,19.4,41,52,28
1974-07-02,25.1,31.1,18.6,52,72,35
1974-07-03,25.2,30.0,21.1,53,80,30
1974-07-04,24.3,29.2,18.9,70,94,47
1974-07-05,25.5,29.8,21.3,68,90,46
1974-07-06,25.2,28.2,21.6,69,85,56
1974-07-07,25.6,29.5,22.0,63,80,47
1974-07-08,21.4,25.5,17.3,42,60,26
1974-07-09,21.0,25.4,16.6,42,61,26
1974-07-10,22.3,28.8,15.0,47,74,29
1974-07-11,24.2,29.6,18.6,44,63,26
1974-07-12,24.7,31.2,17.9,50,75,30
1974-07-13,26.6,33.4,20.1,57,86,30
1974-07-14,27.8,33.7,21.9,54,77,30
1974-07-15,28.9,35.1,23.5,55,76,34
1974-07-16,29.5,35.5,23.7,55,81,32
1974-07-17,29.1,35.5,23.7,57,82,32
1974-07-18,28.6,33.7,23.9,56,75,36
1974-07-19,28.8,34.7,23.7,59,83,31
1974-07-20,28.6,33.7,22.0,46,80,20
1974-07-21,23.2,26.7,18.9,49,65,33
1974-07-22,22.4,26.6,18.0,44,60,30
1974-07-23,22.7,26.2,18.2,49,68,35
1974-07-24,24.2,29.5,18.4,47,69,27
1974-07-25,25.8,31.5,19.0,49,78,29
1974-07-26,27.4,33.6,20.5,52,84,27
1974-07-27,25.0,29.6,21.1,54,80,40
1974-07-28,24.7,28.4,20.9,65,88,46
1974-07-29,25.5,30.0,20.9,61,85,44
1974-07-30,26.9,32.1,22.4,58,85,36
1974-07-31,27.5,32.9,22.7,58,87,33
1974-08-01,28.8,34.2,23.8,49,74,27
1974-08-02,29.7,35.6,24.4,42,68,18
1974-08-03,29.7,35.4,25.1,43,64,22
1974-08-04,30.0,35.5,24.3,45,71,25
1974-08-05,29.5,35.0,23.7,51,77,31
1974-08-06,28.9,33.7,24.7,55,79,35
1974-08-07,27.3,31.7,24.1,53,73,37
1974-08-08,24.3,26.8,22.3,68,87,51
1974-08-09,24.9,28.8,21.3,63,80,47
1974-08-10,26.3,32.0,19.7,53,90,22
1974-08-11,25.3,29.8,20.3,64,91,40
1974-08-12,24.8,28.7,20.3,51,88,24
1974-08-13,23.1,27.1,18.7,40,51,31
1974-08-14,24.6,31.1,18.3,42,62,24
1974-08-15,26.7,32.8,20.4,42,62,25
1974-08-16,26.5,32.7,20.3,51,70,26
1974-08-17,26.7,32.4,21.9,56,81,29
1974-08-18,27.2,33.1,22.3,52,78,28
1974-08-19,27.9,33.7,23.1,51,72,28
1974-08-20,29.2,34.8,23.1,46,72,24
1974-08-21,28.5,35.2,22.2,50,82,22
1974-08-22,28.1,33.3,23.4,51,76,32
1974-08-23,25.6,29.7,22.2,63,82,43
1974-08-24,24.9,28.6,20.8,64,84,46
1974-08-25,24.1,27.2,21.3,68,84,52
1974-08-26,23.1,26.0,20.3,75,91,56
1974-08-27,23.8,28.1,19.8,69,91,44
1974-08-28,23.2,26.3,20.4,68,87,48
1974-08-29,22.8,26.7,18.7,65,85,44
1974-08-30,22.7,26.6,19.0,63,79,49
1974-08-31,23.3,27.0,18.0,62,89,42
1974-09-01,22.8,27.9,16.6,60,91,33
1974-09-02,23.4,28.2,18.2,64,92,39
1974-09-03,24.3,29.3,19.3,65,92,42
1974-09-04,24.3,29.2,20.1,64,89,41
1974-09-05,25.4,30.7,19.5,53,84,32
1974-09-06,23.0,27.0,18.2,60,87,40
1974-09-07,21.8,24.7,18.9,79,93,63
1974-09-08,22.4,27.2,18.8,76,96,50
1974-09-09,23.7,28.0,20.3,67,84,47
1974-09-10,24.2,28.1,21.1,68,85,46
1974-09-11,25.1,30.5,20.6,61,87,32
1974-09-12,24.5,29.4,19.1,57,85,31
1974-09-13,24.1,28.1,21.1,61,80,40
1974-09-14,23.3,27.8,19.7,68,86,45
1974-09-15,23.7,28.9,19.1,64,91,35
1974-09-16,22.7,27.0,18.3,66,84,42
1974-09-17,19.7,21.4,18.4,63,73,52
1974-09-18,19.6,24.0,16.1,68,85,47
1974-09-19,20.3,24.7,16.7,70,92,46
1974-09-20,19.8,23.1,16.3,74,94,54
1974-09-21,19.8,24.2,14.4,73,100,47
1974-09-22,20.7,24.9,16.3,77,94,56
1974-09-23,19.7,22.2,17.3,89,97,76
1974-09-24,20.3,25.7,15.4,77,100,45
1974-09-25,20.7,25.5,15.1,75,97,49
1974-09-26,19.7,22.8,17.2,69,84,51
1974-09-27,17.2,20.8,13.2,49,71,29
1974-09-28,16.8,22.3,12.1,48,68,30
1974-09-29,19.0,24.4,13.4,60,83,36
1974-09-30,18.7,24.5,12.9,73,93,46
1974-10-01,18.5,22.5,15.0,83,100,63
1974-10-02,17.9,23.5,12.3,62,92,28
1974-10-03,19.6,24.7,15.7,57,84,28
1974-10-04,18.1,23.3,12.6,60,80,42
1974-10-05,18.3,23.8,11.8,70,98,42
1974-10-06,19.0,23.3,14.5,76,92,54
1974-10-07,18.8,23.8,14.9,82,100,53
1974-10-08,20.0,24.0,16.8,80,95,58
1974-10-09,20.4,24.1,16.5,68,90,45
1974-10-10,19.9,24.2,15.6,60,85,32
1974-10-11,16.7,20.5,12.8,70,89,43
1974-10-12,17.4,22.1,13.0,81,97,55
1974-10-13,17.4,20.7,13.4,86,100,66
1974-10-14,19.0,23.1,15.0,81,96,60
1974-10-15,19.8,23.7,17.1,83,94,64
1974-10-16,21.0,24.6,18.0,70,95,41
1974-10-17,17.8,21.6,12.9,59,88,33
1974-10-18,15.6,20.0,11.1,57,75,35
1974-10-19,15.6,18.7,12.9,69,82,50
1974-10-20,15.6,18.5,12.6,80,93,65
1974-10-21,17.3,20.0,15.9,80,96,56
1974-10-22,17.3,20.1,14.9,61,78,49
1974-10-23,19.4,22.5,16.5,76,91,59
1974-10-24,19.5,24.4,14.9,76,91,54
1974-10-25,16.1,18.3,12.7,55,77,38
1974-10-26,12.6,16.6,8.6,62,79,42
1974-10-27,11.1,15.1,8.3,68,86,52
1974-10-28,8.9,13.3,4.2,56,80,32
1974-10-29,11.6,17.8,7.1,77,92,56
1974-10-30,13.2,17.2,8.7,71,93,45
1974-10-31,12.1,16.2,7.4,70,95,48
1974-11-01,13.1,16.0,11.0,75,97,46
1974-11-02,9.2,12.4,6.4,53,66,37
1974-11-03,9.3,13.7,4.8,61,75,43
1974-11-04,9.5,14.2,5.1,68,85,44
1974-11-05,9.6,15.1,5.4,77,91,55
1974-11-06,10.9,15.8,6.9,76,90,56
1974-11-07,10.7,12.4,8.4,90,92,87
1974-11-08,12.0,14.3,10.2,84,94,70
1974-11-09,11.2,13.9,8.7,75,87,62
1974-11-10,10.3,12.0,8.4,77,87,68
1974-11-11,10.0,13.6,6.1,82,99,62
1974-11-12,9.0,13.6,5.0,83,99,62
1974-11-13,9.9,14.5,6.5,83,97,64
1974-11-14,9.7,15.0,5.5,81,99,58
1974-11-15,8.9,14.0,5.5,86,99,63
1974-11-16,9.0,13.5,5.5,87,100,69
1974-11-17,8.4,13.7,4.9,86,100,65
1974-11-18,8.4,14.1,4.5,84,100,61
1974-11-19,8.4,13.1,5.2,90,99,73
1974-11-20,9.7,15.2,6.7,84,99,60
1974-11-21,8.9,13.6,4.8,89,100,69
1974-11-22,10.4,12.2,6.9,93,97,87
1974-11-23,7.7,12.5,4.0,88,100,69
1974-11-24,7.8,13.0,4.0,88,100,64
1974-11-25,9.0,10.6,6.3,86,97,76
1974-11-26,10.8,13.7,9.3,86,96,79
1974-11-27,9.6,13.3,5.8,88,100,67
1974-11-28,10.2,14.3,6.5,88,97,70
1974-11-29,10.6,13.9,6.4,78,94,50
1974-11-30,6.1,8.0,4.3,85,91,78
1974-12-01,5.4,10.1,0.8,74,94,50
1974-12-02,5.6,11.0,0.0,76,98,54
1974-12-03,5.7,11.8,0.8,79,98,56
1974-12-04,7.5,13.4,3.1,80,96,57
1974-12-05,7.6,12.0,3.3,76,94,56
1974-12-06,6.4,10.4,3.6,83,98,66
1974-12-07,5.1,8.9,1.1,63,76,47
1974-12-08,6.4,10.7,2.4,72,88,55
1974-12-09,7.5,12.6,3.8,75,90,53
1974-12-10,5.1,8.5,1.2,71,92,48
1974-12-11,3.3,9.0,-1.4,76,96,48
1974-12-12,3.6,9.0,-0.4,84,94,66
1974-12-13,6.7,10.7,3.7,87,95,79
1974-12-14,6.9,9.4,4.4,94,98,90
1974-12-15,2.9,3.6,2.1,88,91,83
1974-12-16,3.7,6.6,2.1,80,91,63
1974-12-17,3.7,7.5,1.0,74,86,59
1974-12-18,2.5,7.5,-1.2,83,96,61
1974-12-19,4.2,8.4,1.5,75,90,52
1974-12-20,3.0,6.9,0.0,67,74,54
1974-12-21,3.5,8.8,-0.4,70,79,52
1974-12-22,4.7,11.0,0.7,72,82,54
1974-12-23,4.2,10.6,0.4,77,93,55
1974-12-24,3.9,9.8,0.6,75,87,55
1974-12-25,2.3,8.6,-1.4,81,95,57
1974-12-26,3.2,9.6,-1.3,77,91,56
1974-12-27,4.1,9.5,1.0,86,93,72
1974-12-28,3.4,9.0,-1.1,89,98,71
1974-12-29,4.2,11.6,-0.8,81,96,58
1974-12-30,6.4,13.3,1.8,80,92,62
1974-12-31,4.6,6.1,2.3,90,99,78
1975-01-01,1.8,2.4,0.0,86,94,78
1975-01-02,-0.2,3.0,-3.6,77,84,66
1975-01-03,-0.0,3.6,-2.4,78,84,68
1975-01-04,-1.9,3.2,-6.1,80,90,66
1975-01-05,-0.6,5.0,-6.1,75,85,66
1975-01-06,2.4,7.9,-2.4,76,85,65
1975-01-07,3.7,10.2,-0.7,83,93,68
1975-01-08,3.7,9.4,-0.1,85,99,63
1975-01-09,3.6,4.9,1.7,67,92,54
1975-01-10,1.1,4.4,-1.5,68,76,54
1975-01-11,1.4,7.5,-2.5,67,81,44
1975-01-12,2.5,8.3,-1.6,69,86,50
1975-01-13,3.7,9.8,-0.4,74,85,54
1975-01-14,5.2,10.6,1.0,74,89,53
1975-01-15,4.2,10.5,-0.5,76,87,57
1975-01-16,3.1,8.9,-1.5,83,97,63
1975-01-17,3.5,9.9,-1.3,81,97,60
1975-01-18,2.2,7.7,-1.0,84,96,63
1975-01-19,2.7,8.3,-1.1,83,93,65
1975-01-20,3.2,8.1,-0.0,87,99,69
1975-01-21,3.1,8.2,-0.3,84,96,65
1975-01-22,3.0,7.6,-0.3,85,97,66
1975-01-23,2.9,6.9,-0.9,85,97,67
1975-01-24,3.2,8.1,-1.0,81,96,62
1975-01-25,4.7,10.4,-0.0,77,95,61
1975-01-26,5.4,11.4,1.0,76,90,58
1975-01-27,6.2,11.6,2.2,73,86,52
1975-01-28,4.1,6.9,0.7,90,95,81
1975-01-29,7.0,10.8,4.1,89,97,77
1975-01-30,7.1,9.9,5.5,62,83,42
1975-01-31,5.9,10.4,3.4,62,72,51
1975-02-01,5.8,11.2,1.5,70,82,54
1975-02-02,4.6,8.3,1.9,77,90,61
1975-02-03,4.5,9.0,0.1,77,90,56
1975-02-04,5.1,8.0,2.4,77,93,57
1975-02-05,4.4,7.9,0.8,76,93,56
1975-02-06,3.5,8.9,-0.5,67,84,48
1975-02-07,3.9,10.4,-0.8,69,83,45
1975-02-08,4.3,8.3,1.3,56,76,34
1975-02-09,1.1,4.7,-1.5,51,63,35
1975-02-10,1.2,6.9,-2.6,58,72,38
1975-02-11,2.8,8.5,-1.8,75,92,59
1975-02-12,4.7,10.3,0.2,70,90,50
1975-02-13,5.2,11.4,-0.7,82,95,65
1975-02-14,7.8,12.6,3.3,87,99,65
1975-02-15,8.6,14.2,1.5,78,100,54
1975-02-16,7.9,11.7,4.3,88,96,80
1975-02-17,6.4,8.2,4.2,92,96,86
1975-02-18,4.3,6.1,3.1,87,98,72
1975-02-19,4.9,8.3,0.4,82,99,65
1975-02-20,5.6,8.9,2.0,82,94,66
1975-02-21,6.0,8.3,4.0,76,94,56
1975-02-22,4.4,8.7,-0.4,68,88,41
1975-02-23,4.0,8.2,-0.0,66,87,40
1975-02-24,4.0,7.3,0.8,68,86,47
1975-02-25,5.1,9.0,1.2,68,88,44
1975-02-26,4.5,8.0,0.2,63,87,40
1975-02-27,3.7,6.7,1.6,69,90,43
1975-02-28,2.7,7.5,-2.0,61,80,45
1975-03-01,6.0,11.6,0.2,58,79,39
1975-03-02,7.8,13.0,2.6,57,77,40
1975-03-03,8.3,15.3,3.1,67,89,45
1975-03-04,7.7,13.0,3.0,84,100,60
1975-03-05,9.0,14.9,3.1,83,100,59
1975-03-06,10.1,16.2,4.5,81,94,60
1975-03-07,10.2,15.3,5.6,87,100,65
1975-03-08,10.6,16.9,5.9,86,100,61
1975-03-09,10.1,12.7,7.1,90,96,82
1975-03-10,10.7,13.8,8.7,91,97,76
1975-03-11,11.4,16.7,7.3,80,99,46
1975-03-12,11.0,16.9,5.1,72,89,47
1975-03-13,11.0,17.2,5.4,84,98,63
1975-03-14,12.3,16.4,7.9,85,99,69
1975-03-15,12.9,16.2,9.8,82,97,61
1975-03-16,11.5,15.5,7.8,87,99,69
1975-03-17,11.1,15.1,7.7,87,100,68
1975-03-18,11.2,15.2,7.5,81,100,51
1975-03-19,10.7,15.2,6.2,83,99,60
1975-03-20,11.5,15.3,8.3,82,93,66
1975-03-21,12.0,16.4,7.6,86,100,64
1975-03-22,10.5,13.1,8.6,86,99,68
1975-03-23,8.6,11.4,6.6,82,90,66
1975-03-24,8.0,9.6,6.1,92,97,88
1975-03-25,8.6,13.8,4.6,79,100,50
1975-03-26,8.7,12.4,5.0,51,69,27
1975-03-27,9.0,13.6,3.6,63,79,47
1975-03-28,9.0,13.7,3.8,81,95,64
1975-03-29,12.2,16.6,8.1,82,96,64
1975-03-30,12.2,17.9,6.5,87,100,63
1975-03-31,14.8,20.2,11.0,84,98,61
1975-04-01,15.6,20.8,11.2,81,94,60
1975-04-02,15.1,20.9,11.0,79,96,53
1975-04-03,14.2,18.4,9.6,67,93,32
1975-04-04,14.1,18.6,9.1,64,82,44
1975-04-05,14.7,19.8,10.6,67,87,40
1975-04-06,16.4,22.6,10.5,68,86,42
1975-04-07,16.5,21.9,11.8,67,86,42
1975-04-08,17.3,23.2,11.2,67,90,45
1975-04-09,16.1,21.6,10.8,57,75,31
1975-04-10,14.3,18.6,10.0,74,89,57
1975-04-11,14.4,19.0,9.5,64,95,32
1975-04-12,12.2,16.3,7.9,52,72,34
1975-04-13,12.4,17.6,6.7,60,83,35
1975-04-14,14.7,20.9,7.8,62,88,33
1975-04-15,14.8,20.9,8.6,67,89,44
1975-04-16,14.6,20.0,9.1,70,93,47
1975-04-17,13.5,16.0,11.3,78,88,65
1975-04-18,14.8,18.8,11.7,64,82,44
1975-04-19,14.2,19.1,9.3,47,65,30
1975-04-20,14.1,19.6,8.8,47,64,28
1975-04-21,14.4,20.5,7.7,58,81,37
1975-04-22,16.4,23.3,10.3,62,85,34
1975-04-23,15.7,20.7,11.0,68,87,47
1975-04-24,14.8,17.0,12.9,80,92,68
1975-04-25,15.3,20.1,10.4,74,95,50
1975-04-26,13.4,16.1,10.7,62,87,43
1975-04-27,10.7,14.8,7.6,67,82,48
1975-04-28,12.1,16.0,8.6,63,78,49
1975-04-29,14.4,20.5,7.9,61,85,34
1975-04-30,14.7,20.7,9.0,71,94,43
1975-05-01,17.6,24.1,11.6,60,91,30
1975-05-02,16.1,20.1,12.7,72,92,52
1975-05-03,15.5,19.6,11.9,65,83,43
1975-05-04,15.6,20.2,11.3,77,94,57
1975-05-05,17.0,21.2,11.9,79,100,58
1975-05-06,18.3,22.9,14.0,76,98,54
1975-05-07,18.3,21.8,13.8,74,93,59
1975-05-08,17.9,21.5,15.3,75,92,56
1975-05-09,17.8,21.3,15.1,77,89,59
1975-05-10,18.9,24.5,12.1,67,96,34
1975-05-11,19.0,25.1,12.7,70,97,33
1975-05-12,19.0,23.4,14.9,69,93,45
1975-05-13,17.4,20.9,14.1,76,92,64
1975-05-14,16.4,19.2,14.5,83,93,66
1975-05-15,16.4,18.9,13.1,83,92,69
1975-05-16,19.7,26.3,13.7,75,93,48
1975-05-17,19.3,24.3,14.6,84,100,62
1975-05-18,19.2,22.9,15.4,85,99,68
1975-05-19,20.6,25.3,15.8,79,97,58
1975-05-20,21.8,26.4,17.2,70,91,49
1975-05-21,23.2,27.9,19.1,62,80,41
1975-05-22,22.6,27.1,18.0,70,95,50
1975-05-23,23.0,27.1,19.1,71,89,54
1975-05-24,22.3,26.0,17.9,72,90,56
1975-05-25,21.4,25.5,17.4,73,89,56
1975-05-26,21.8,25.7,17.8,75,98,57
1975-05-27,21.2,26.2,15.5,74,97,47
1975-05-28,22.6,27.2,17.1,56,89,28
1975-05-29,22.1,26.4,17.3,57,83,42
1975-05-30,21.7,25.8,17.3,75,94,55
1975-05-31,23.4,28.1,18.6,70,91,49
1975-06-01,24.3,30.0,19.2,69,89,45
1975-06-02,25.0,29.5,21.2,68,91,47
1975-06-03,25.5,30.6,21.7,60,78,36
1975-06-04,23.4,27.4,20.1,53,80,32
1975-06-05,19.4,23.0,16.3,51,63,41
1975-06-06,14.2,15.6,13.1,77,89,60
1975-06-07,16.3,21.0,13.3,72,90,45
1975-06-08,18.2,22.0,13.7,64,79,48
1975-06-09,19.8,24.2,15.9,65,88,40
1975-06-10,19.6,23.5,16.0,74,92,56
1975-06-11,21.7,27.1,15.8,69,97,41
1975-06-12,22.3,26.8,17.3,72,96,45
1975-06-13,21.7,25.6,18.5,74,94,52
1975-06-14,21.4,26.5,15.7,76,98,52
1975-06-15,23.0,27.6,18.9,74,92,50
1975-06-16,24.0,28.5,19.1,67,98,40
1975-06-17,24.6,29.5,21.0,68,85,48
1975-06-18,25.1,29.6,20.9,70,91,49
1975-06-19,23.9,27.8,21.0,72,89,55
1975-06-20,20.3,22.8,18.5,85,95,73
1975-06-21,19.4,22.6,17.1,83,94,68
1975-06-22,22.5,27.8,16.0,71,96,47
1975-06-23,24.8,31.0,19.7,67,84,42
1975-06-24,25.6,31.1,19.5,65,90,40
1975-06-25,26.6,30.9,23.0,56,78,38
1975-06-26,25.3,30.4,19.3,66,85,44
1975-06-27,24.5,27.8,20.9,75,91,58
1975-06-28,24.9,28.6,20.6,76,93,57
1975-06-29,26.7,31.4,21.7,66,91,45
1975-06-30,27.3,32.5,21.6,62,82,41
1975-07-01,26.3,30.8,22.9,60,83,36
1975-07-02,21.9,24.9,18.7,48,70,36
1975-07-03,22.0,26.4,17.4,53,71,34
1975-07-04,23.6,28.8,18.4,54,72,37
1975-07-05,24.5,29.7,18.8,63,89,37
1975-07-06,24.2,28.1,20.6,65,83,48
1975-07-07,24.2,29.2,19.5,65,86,43
1975-07-08,25.9,31.2,20.5,56,80,31
1975-07-09,26.2,31.8,19.7,46,70,27
1975-07-10,25.2,30.4,20.6,62,82,38
1975-07-11,24.7,28.4,20.7,73,94,52
1975-07-12,25.3,28.4,22.6,67,83,51
1975-07-13,24.9,28.5,21.8,67,82,49
1975-07-14,25.4,30.1,20.1,66,90,44
1975-07-15,26.8,31.7,21.8,65,88,41
1975-07-16,27.2,31.6,22.8,64,88,43
1975-07-17,28.0,33.4,23.3,62,82,40
1975-07-18,28.6,33.9,24.6,61,83,36
1975-07-19,27.7,31.5,24.2,65,84,50
1975-07-20,27.4,32.0,23.6,68,89,46
1975-07-21,26.2,30.5,23.1,66,83,51
1975-07-22,24.9,29.1,21.5,73,89,55
1975-07-23,25.3,30.3,20.0,66,90,40
1975-07-24,26.2,29.6,23.3,67,83,51
1975-07-25,26.9,30.9,23.0,64,84,42
1975-07-26,28.1,33.6,22.7,59,82,33
1975-07-27,24.1,28.1,20.5,52,68,39
1975-07-28,25.0,28.2,23.2,56,73,42
1975-07-29,24.9,30.4,19.8,49,73,31
1975-07-30,25.5,30.6,19.8,59,85,34
1975-07-31,24.8,28.6,20.1,65,87,47
1975-08-01,24.6,29.2,20.4,62,87,36
1975-08-02,24.4,29.4,19.4,61,81,38
1975-08-03,23.4,28.5,19.4,64,80,42
1975-08-04,23.5,28.2,18.4,63,86,43
1975-08-05,23.7,28.2,20.0,64,87,40
1975-08-06,23.1,28.0,18.1,66,90,39
1975-08-07,23.2,26.9,19.2,68,92,49
1975-08-08,23.3,28.2,19.4,65,79,44
1975-08-09,23.5,27.7,20.0,65,78,47
1975-08-10,23.8,29.1,19.9,67,83,41
1975-08-11,25.7,31.1,19.6,60,84,34
1975-08-12,24.7,28.5,21.2,71,85,56
1975-08-13,25.3,29.6,21.2,72,93,51
1975-08-14,24.4,28.6,20.6,71,90,45
1975-08-15,21.3,23.8,19.3,73,84,60
1975-08-16,22.3,26.7,18.0,71,91,52
1975-08-17,23.7,28.0,19.5,73,94,54
1975-08-18,24.6,28.9,21.2,73,91,51
1975-08-19,26.0,30.9,21.9,69,91,45
1975-08-20,23.1,25.8,20.8,69,80,53
1975-08-21,22.5,27.6,18.3,62,92,36
1975-08-22,23.1,27.6,18.9,63,79,44
1975-08-23,23.6,27.1,20.0,72,92,53
1975-08-24,24.1,28.3,19.2,72,96,47
1975-08-25,23.7,26.9,19.5,78,97,61
1975-08-26,24.4,28.1,21.3,74,95,49
1975-08-27,25.2,30.0,20.0,69,93,44
1975-08-28,24.9,28.4,20.2,76,94,58
1975-08-29,24.8,28.6,21.2,79,95,58
1975-08-30,25.7,30.7,21.4,69,90,41
1975-08-31,25.9,30.6,21.6,72,99,38
1975-09-01,26.0,31.1,21.9,65,90,33
1975-09-02,26.1,30.7,22.4,65,87,35
1975-09-03,26.2,30.5,22.9,64,84,41
1975-09-04,24.4,28.6,20.6,62,80,41
1975-09-05,24.4,28.5,21.2,59,76,40
1975-09-06,25.4,30.3,21.4,61,80,37
1975-09-07,25.5,30.6,19.7,66,92,39
1975-09-08,26.7,32.1,21.6,56,90,27
1975-09-09,23.4,26.4,20.8,60,76,42
1975-09-10,20.4,22.4,18.4,79,92,64
1975-09-11,20.5,23.7,16.6,75,98,57
1975-09-12,20.9,24.6,17.0,74,98,51
1975-09-13,21.4,24.7,17.9,75,91,56
1975-09-14,22.4,27.7,17.4,74,96,45
1975-09-15,22.2,26.4,17.9,79,100,54
1975-09-16,22.7,28.3,17.5,80,100,52
1975-09-17,23.0,28.3,18.5,79,100,55
1975-09-18,22.8,27.2,18.3,69,97,36
1975-09-19,22.6,28.8,16.6,56,77,30
1975-09-20,23.0,28.3,17.8,57,79,32
1975-09-21,23.2,27.6,19.5,63,85,40
1975-09-22,22.9,27.5,19.0,69,94,39
1975-09-23,23.3,29.5,17.7,60,85,30
1975-09-24,22.7,29.7,17.4,63,84,35
1975-09-25,22.6,27.4,18.9,64,82,40
1975-09-26,22.3,26.8,19.3,71,89,43
1975-09-27,23.0,29.0,16.6,67,100,30
1975-09-28,22.4,28.2,17.7,65,84,39
1975-09-29,22.1,26.7,18.1,75,90,52
1975-09-30,22.4,26.5,19.6,75,95,51
1975-10-01,22.2,26.7,18.4,63,92,32
1975-10-02,20.8,24.5,18.3,69,84,53
1975-10-03,18.9,21.1,16.5,74,89,60
1975-10-04,19.9,24.9,15.5,76,96,51
1975-10-05,19.0,23.0,15.7,71,99,43
1975-10-06,17.3,21.1,14.5,51,74,35
1975-10-07,16.8,20.9,11.6,60,89,31
1975-10-08,16.6,22.5,12.0,53,78,32
1975-10-09,14.8,19.5,9.6,51,77,27
1975-10-10,13.7,15.4,11.7,81,89,62
1975-10-11,16.8,21.3,13.9,82,91,65
1975-10-12,16.9,19.8,14.0,86,96,73
1975-10-13,17.3,19.1,16.2,77,85,66
1975-10-14,16.2,19.5,14.2,80,88,75
1975-10-15,15.1,20.5,9.7,63,91,32
1975-10-16,15.2,20.5,9.5,73,94,51
1975-10-17,17.3,21.5,13.7,81,94,64
1975-10-18,16.7,20.2,13.9,86,100,68
1975-10-19,16.2,20.1,11.8,79,97,57
1975-10-20,15.5,19.1,13.1,88,98,70
1975-10-21,15.4,19.5,12.3,81,99,56
1975-10-22,14.4,18.3,11.1,83,95,62
1975-10-23,13.7,16.3,12.1,84,93,69
1975-10-24,12.9,14.6,11.9,78,93,64
1975-10-25,12.1,15.1,9.9,64,75,50
1975-10-26,12.0,16.4,7.6,66,84,46
1975-10-27,11.8,16.9,6.7,66,82,47
1975-10-28,12.9,18.2,7.2,73,98,52
1975-10-29,13.1,19.7,7.6,76,97,48
1975-10-30,13.5,17.3,10.4,83,96,61
1975-10-31,13.0,18.7,9.0,77,100,46
1975-11-01,12.2,16.8,8.2,84,97,63
1975-11-02,13.8,16.2,11.7,83,93,66
1975-11-03,13.1,15.6,10.5,86,98,71
1975-11-04,12.7,15.0,10.6,85,98,69
1975-11-05,12.4,14.7,10.5,78,94,55
1975-11-06,11.5,15.1,8.5,76,96,52
1975-11-07,11.4,13.5,9.7,71,88,50
1975-11-08,10.6,13.7,7.3,73,91,52
1975-11-09,11.0,13.1,9.9,80,93,67
1975-11-10,11.5,13.6,9.5,84,95,70
1975-11-11,12.6,14.4,11.2,87,95,80
1975-11-12,11.9,14.3,9.8,84,96,64
1975-11-13,11.0,12.2,10.0,81,88,68
1975-11-14,9.6,10.3,8.9,78,86,67
1975-11-15,8.5,9.5,6.6,77,84,67
1975-11-16,6.9,8.1,6.1,87,92,81
1975-11-17,9.0,12.6,5.5,91,97,83
1975-11-18,13.4,19.4,9.0,89,98,71
1975-11-19,15.4,19.6,12.4,86,96,68
1975-11-20,14.1,16.9,12.1,84,98,61
1975-11-21,11.6,15.5,7.1,68,84,49
1975-11-22,6.1,9.1,4.3,83,93,67
1975-11-23,4.0,5.5,2.5,74,90,62
1975-11-24,1.8,3.6,0.6,72,85,55
1975-11-25,-0.5,2.2,-2.9,67,75,55
1975-11-26,-1.0,4.0,-6.9,67,75,57
1975-11-27,1.3,6.3,-2.7,77,90,63
1975-11-28,5.1,7.3,3.2,87,92,80
1975-11-29,7.3,9.8,5.8,91,95,81
1975-11-30,6.3,11.2,2.8,89,99,70
1975-12-01,7.1,11.2,3.6,90,98,75
1975-12-02,7.2,10.3,5.1,88,98,69
1975-12-03,8.8,12.1,6.7,75,86,58
1975-12-04,6.5,11.3,1.7,85,99,70
1975-12-05,6.6,11.6,3.0,84,98,65
1975-12-06,5.9,10.9,1.6,76,93,55
1975-12-07,5.2,9.5,1.2,70,86,54
1975-12-08,3.3,6.8,-0.1,65,82,49
1975-12-09,4.5,9.9,0.4,63,78,47
1975-12-10,3.2,8.4,-1.5,75,96,51
1975-12-11,3.8,9.4,0.6,76,89,55
1975-12-12,4.2,7.7,1.0,85,93,72
1975-12-13,3.7,4.5,2.4,93,95,88
1975-12-14,6.1,9.2,4.1,91,96,82
1975-12-15,5.0,9.1,1.2,85,94,70
1975-12-16,6.0,7.9,4.0,88,95,78
1975-12-17,7.7,10.0,5.8,88,94,81
1975-12-18,10.6,13.4,9.2,95,100,88
1975-12-19,9.2,10.9,8.0,95,100,87
1975-12-20,5.9,8.2,2.2,84,95,56
1975-12-21,0.4,3.0,-1.6,56,71,45
1975-12-22,0.5,4.9,-2.6,65,74,50
1975-12-23,2.7,7.9,-0.7,75,87,58
1975-12-24,2.5,8.6,-1.2,87,96,67
1975-12-25,3.8,8.0,0.4,89,97,75
1975-12-26,3.8,7.0,2.0,68,91,50
1975-12-27,3.4,7.0,0.7,64,75,48
1975-12-28,4.3,9.9,0.3,75,87,58
1975-12-29,3.9,9.3,-1.0,83,97,64
1975-12-30,3.8,10.5,0.3,83,95,61
1975-12-31,3.5,9.7,-0.3,81,94,60
1976-01-01,3.2,9.2,-0.7,83,97,63
1976-01-02,3.3,9.3,-0.4,80,95,58
1976-01-03,5.6,12.0,1.1,78,89,59
1976-01-04,5.3,8.1,2.6,70,91,48
1976-01-05,3.1,5.9,-0.6,47,68,35
1976-01-06,2.6,8.5,-1.1,62,77,40
1976-01-07,5.4,11.4,2.0,76,94,59
1976-01-08,4.1,6.0,2.8,84,94,71
1976-01-09,2.0,7.5,-1.8,82,99,58
1976-01-10,4.2,10.9,0.7,70,81,52
1976-01-11,4.1,10.7,0.1,77,88,56
1976-01-12,6.6,13.4,1.3,74,86,59
1976-01-13,8.2,13.2,4.6,71,81,58
1976-01-14,7.3,13.9,2.2,75,88,55
1976-01-15,6.2,12.1,0.6,79,91,63
1976-01-16,4.1,6.1,1.3,75,92,62
1976-01-17,0.1,2.9,-3.3,62,86,41
1976-01-18,0.7,5.2,-2.5,58,72,41
1976-01-19,-0.5,2.5,-2.8,59,71,43
1976-01-20,-0.1,4.1,-3.2,60,77,41
1976-01-21,0.8,6.4,-3.3,80,92,62
1976-01-22,3.4,8.1,-0.8,82,97,65
1976-01-23,4.1,10.2,0.3,66,78,46
1976-01-24,5.5,12.5,0.6,81,96,69
1976-01-25,8.2,14.0,3.1,90,100,72
1976-01-26,9.4,13.1,5.1,87,99,73
1976-01-27,11.5,13.4,10.4,82,89,72
1976-01-28,9.2,11.3,3.3,82,93,66
1976-01-29,4.6,8.5,0.9,61,85,48
1976-01-30,3.0,7.2,-1.4,63,80,46
1976-01-31,4.3,9.1,0.0,71,86,53
1976-02-01,6.0,7.7,4.2,87,91,85
1976-02-02,6.7,8.0,4.9,91,94,88
1976-02-03,6.3,7.3,5.5,89,95,84
1976-02-04,6.0,8.3,1.7,88,100,75
1976-02-05,7.0,10.4,2.7,84,97,70
1976-02-06,7.0,9.8,3.9,89,97,78
1976-02-07,4.1,6.5,1.1,86,95,70
1976-02-08,-1.1,0.8,-4.6,59,85,41
1976-02-09,-1.9,2.5,-6.7,57,71,41
1976-02-10,0.6,6.5,-4.7,68,95,42
1976-02-11,2.2,6.0,-0.8,71,86,57
1976-02-12,2.6,5.3,-0.3,92,97,86
1976-02-13,4.3,6.2,3.0,94,98,90
1976-02-14,5.3,10.3,1.7,86,98,63
1976-02-15,6.0,11.5,0.9,86,94,72
1976-02-16,8.2,10.9,6.5,86,96,74
1976-02-17,5.7,7.2,3.5,81,95,75
1976-02-18,3.8,5.4,2.4,89,98,73
1976-02-19,4.7,7.7,2.4,80,98,59
1976-02-20,5.2,9.5,0.9,74,90,55
1976-02-21,5.7,9.3,1.9,80,95,63
1976-02-22,5.3,8.9,2.6,85,94,67
1976-02-23,6.1,9.9,3.6,81,94,53
1976-02-24,4.6,6.6,3.3,80,92,68
1976-02-25,2.6,5.5,0.9,75,86,47
1976-02-26,3.2,8.9,-1.6,62,84,41
1976-02-27,6.7,14.8,0.4,70,82,52
1976-02-28,8.7,14.6,4.3,72,85,50
1976-02-29,7.2,12.0,2.7,88,100,69
1976-03-01,8.3,13.2,4.8,87,97,68
1976-03-02,10.6,17.8,3.1,76,100,48
1976-03-03,10.0,13.3,5.6,55,85,33
1976-03-04,6.1,9.7,2.5,47,66,34
1976-03-05,2.7,5.5,-0.7,53,79,37
1976-03-06,2.6,4.3,1.0,71,82,59
1976-03-07,3.5,4.5,2.3,89,96,75
1976-03-08,7.7,12.7,4.2,79,94,55
1976-03-09,7.4,12.5,2.2,83,96,69
1976-03-10,8.4,14.4,2.7,86,100,59
1976-03-11,8.3,10.2,6.2,84,96,69
1976-03-12,4.7,7.0,2.4,79,92,60
1976-03-13,5.2,9.3,1.5,63,87,46
1976-03-14,6.0,8.1,3.9,81,89,72
1976-03-15,6.5,8.9,4.6,82,93,71
1976-03-16,7.6,11.7,4.5,82,96,61
1976-03-17,7.9,11.3,3.5,86,98,69
1976-03-18,9.2,12.7,6.0,85,99,64
1976-03-19,9.3,12.4,7.2,86,97,69
1976-03-20,9.1,13.2,4.5,84,100,63
1976-03-21,8.2,11.6,5.7,80,95,64
1976-03-22,6.1,8.4,4.6,81,94,66
1976-03-23,7.2,10.0,4.9,84,90,74
1976-03-24,8.9,12.0,6.0,83,92,71
1976-03-25,10.3,13.8,7.5,87,96,74
1976-03-26,11.0,15.5,6.7,81,99,56
1976-03-27,10.5,16.2,5.8,76,100,44
1976-03-28,11.2,16.1,6.7,74,91,50
1976-03-29,10.0,13.4,6.2,74,91,53
1976-03-30,10.0,13.5,7.1,67,85,45
1976-03-31,10.8,16.2,6.2,69,86,47
1976-04-01,11.9,17.9,6.6,74,91,46
1976-04-02,12.4,16.7,9.1,77,94,58
1976-04-03,12.2,16.3,8.6,76,90,59
1976-04-04,12.6,19.2,6.0,80,100,58
1976-04-05,15.0,21.1,10.4,75,90,53
1976-04-06,16.1,21.1,11.6,75,89,58
1976-04-07,15.8,20.7,11.8,77,93,57
1976-04-08,15.1,19.6,10.9,76,95,51
1976-04-09,14.7,18.5,11.4,70,91,51
1976-04-10,12.4,16.4,7.8,72,96,50
1976-04-11,10.3,12.6,8.5,83,92,69
1976-04-12,9.0,11.1,7.2,82,91,69
1976-04-13,12.3,17.5,7.9,71,86,51
1976-04-14,13.4,17.9,8.6,71,87,49
1976-04-15,13.2,18.1,6.8,73,98,45
1976-04-16,14.9,19.6,9.5,68,86,50
1976-04-17,14.9,20.3,9.2,74,98,47
1976-04-18,14.6,19.3,10.1,80,95,57
1976-04-19,15.0,18.4,11.9,77,95,58
1976-04-20,13.8,15.5,11.6,80,89,69
1976-04-21,13.3,16.9,9.7,78,94,62
1976-04-22,13.7,16.9,9.4,77,99,57
1976-04-23,14.1,17.9,9.1,81,100,63
1976-04-24,15.4,19.4,12.3,80,94,60
1976-04-25,15.8,20.2,11.6,82,98,58
1976-04-26,16.3,20.6,12.9,83,97,57
1976-04-27,14.0,18.4,9.5,58,92,33
1976-04-28,14.1,19.1,7.8,61,80,44
1976-04-29,15.8,20.9,11.0,71,88,53
1976-04-30,16.3,21.3,10.7,76,100,53
1976-05-01,14.3,16.5,13.1,76,85,64
1976-05-02,13.8,16.0,12.0,78,89,67
1976-05-03,14.4,16.8,11.6,82,96,67
1976-05-04,17.3,23.1,11.1,78,100,52
1976-05-05,17.6,22.2,12.6,79,94,60
1976-05-06,19.3,25.0,13.0,75,99,49
1976-05-07,19.4,24.0,14.4,69,90,48
1976-05-08,21.1,26.5,16.5,67,85,44
1976-05-09,18.5,22.2,14.7,72,87,56
1976-05-10,19.2,24.2,14.5,76,91,55
1976-05-11,17.3,19.8,14.8,86,95,73
1976-05-12,14.6,15.5,13.1,81,92,70
1976-05-13,16.4,21.7,10.5,70,95,43
1976-05-14,18.9,23.5,14.2,65,83,49
1976-05-15,18.2,21.6,15.0,74,89,60
1976-05-16,18.6,22.2,14.5,76,94,58
1976-05-17,19.0,22.1,14.9,77,95,60
1976-05-18,19.2,22.5,15.2,68,86,53
1976-05-19,20.2,23.9,16.9,64,80,47
1976-05-20,20.2,24.2,16.5,64,83,47
1976-05-21,20.5,24.7,16.5,65,87,49
1976-05-22,20.2,24.7,15.3,74,100,50
1976-05-23,17.7,20.4,14.8,83,96,70
1976-05-24,16.8,19.7,14.4,85,94,71
1976-05-25,16.6,19.6,14.3,84,96,67
1976-05-26,17.9,22.6,12.9,72,95,46
1976-05-27,18.9,23.1,14.9,71,87,54
1976-05-28,19.0,22.6,15.0,74,93,57
1976-05-29,19.0,23.7,14.0,69,98,40
1976-05-30,19.1,23.9,14.2,68,88,44
1976-05-31,20.6,24.7,16.7,71,92,50
1976-06-01,21.0,25.0,16.5,55,88,33
1976-06-02,20.2,24.1,14.4,64,85,49
1976-06-03,20.4,25.1,15.2,74,96,55
1976-06-04,21.0,25.5,16.3,56,86,33
1976-06-05,19.5,21.8,16.7,82,95,69
1976-06-06,19.3,22.1,17.5,80,93,60
1976-06-07,17.9,19.6,16.3,84,92,76
1976-06-08,17.7,21.4,14.2,82,100,62
1976-06-09,19.3,24.5,14.1,68,90,45
1976-06-10,21.1,25.7,16.1,63,81,42
1976-06-11,19.1,21.9,15.8,81,94,65
1976-06-12,20.0,24.6,16.1,76,93,55
1976-06-13,21.7,26.3,15.9,77,100,54
1976-06-14,23.3,28.3,16.9,67,98,40
1976-06-15,22.5,26.9,18.6,60,86,38
1976-06-16,22.1,25.9,18.3,75,92,59
1976-06-17,24.1,28.5,19.8,70,91,47
1976-06-18,22.0,25.8,18.3,66,87,47
1976-06-19,21.2,23.7,18.8,78,93,64
1976-06-20,21.5,25.5,17.2,77,96,61
1976-06-21,22.2,26.5,17.1,76,100,55
1976-06-22,23.3,27.4,18.4,70,93,53
1976-06-23,24.0,28.4,19.9,73,91,50
1976-06-24,22.6,26.7,18.7,77,95,57
1976-06-25,21.5,25.1,18.3,80,96,62
1976-06-26,23.5,27.2,19.7,62,84,43
1976-06-27,24.0,27.6,20.5,58,80,43
1976-06-28,24.3,28.7,19.1,63,85,43
1976-06-29,23.9,28.3,18.3,70,92,49
1976-06-30,24.7,30.2,19.4,64,85,38
1976-07-01,23.9,28.1,20.5,70,87,51
1976-07-02,23.9,27.8,19.6,69,86,56
1976-07-03,23.6,26.3,21.3,72,86,57
1976-07-04,23.5,27.4,19.4,76,94,59
1976-07-05,25.5,30.2,20.8,67,88,42
1976-07-06,26.7,31.6,22.1,58,82,32
1976-07-07,24.9,28.3,20.5,68,85,52
1976-07-08,23.4,26.2,21.4,78,90,63
1976-07-09,23.3,28.3,18.6,74,95,49
1976-07-10,25.0,30.1,19.8,64,88,39
1976-07-11,24.8,29.2,20.2,53,75,35
1976-07-12,24.4,29.3,18.9,48,67,30
1976-07-13,25.4,29.9,21.2,57,78,36
1976-07-14,26.0,30.5,21.1,60,85,35
1976-07-15,26.2,31.4,20.5,58,83,37
1976-07-16,24.6,27.9,21.1,71,89,55
1976-07-17,23.3,27.4,19.8,76,93,56
1976-07-18,22.5,26.5,18.6,76,94,56
1976-07-19,24.2,28.0,21.0,69,91,50
1976-07-20,24.3,28.8,20.1,70,91,50
1976-07-21,25.5,29.5,22.1,69,88,52
1976-07-22,25.5,29.4,20.6,70,93,50
1976-07-23,25.6,29.5,21.9,72,89,52
1976-07-24,22.0,24.2,19.1,87,94,81
1976-07-25,21.4,24.6,18.9,77,95,55
1976-07-26,22.6,26.8,18.0,69,86,51
1976-07-27,23.6,26.8,18.8,76,98,58
1976-07-28,23.4,27.1,19.6,77,95,57
1976-07-29,21.7,25.5,17.7,75,96,59
1976-07-30,21.6,26.0,17.7,55,67,39
1976-07-31,21.9,26.0,17.7,67,83,49
1976-08-01,23.0,27.7,16.7,75,99,55
1976-08-02,24.3,29.2,19.5,73,100,48
1976-08-03,22.3,26.6,18.2,59,72,42
1976-08-04,21.3,24.8,17.5,68,84,51
1976-08-05,21.3,24.4,18.1,79,96,65
1976-08-06,19.0,22.2,16.1,66,94,45
1976-08-07,20.0,25.5,15.1,52,70,34
1976-08-08,20.7,26.4,15.0,55,72,37
1976-08-09,21.9,26.8,17.2,54,74,34
1976-08-10,21.2,25.3,16.7,72,92,53
1976-08-11,21.8,26.0,16.7,73,99,54
1976-08-12,23.5,28.5,18.0,67,91,42
1976-08-13,22.6,25.8,18.5,73,90,60
1976-08-14,22.4,26.9,18.1,78,96,54
1976-08-15,22.1,26.0,18.4,79,95,58
1976-08-16,22.2,25.7,18.3,82,99,61
1976-08-17,23.0,26.6,18.9,74,99,52
1976-08-18,23.4,28.5,18.2,68,91,42
1976-08-19,22.7,27.3,18.7,66,82,44
1976-08-20,22.1,26.7,17.7,65,86,43
1976-08-21,21.3,25.7,17.3,60,78,39
1976-08-22,20.8,25.3,15.8,63,84,40
1976-08-23,19.4,21.6,16.6,78,92,66
1976-08-24,18.0,21.4,16.2,82,94,61
1976-08-25,18.8,22.3,15.2,75,92,59
1976-08-26,19.6,24.0,15.9,73,89,52
1976-08-27,20.0,24.0,16.4,75,93,52
1976-08-28,20.9,25.5,15.3,75,100,49
1976-08-29,21.6,27.7,15.5,72,99,39
1976-08-30,20.8,24.4,17.0,81,99,61
1976-08-31,21.0,24.3,17.4,80,99,60
1976-09-01,21.7,24.5,18.5,79,94,64
1976-09-02,22.1,26.4,17.7,82,100,58
1976-09-03,21.8,26.7,15.8,69,94,41
1976-09-04,21.6,25.7,16.8,79,97,59
1976-09-05,22.4,26.4,19.2,69,96,37
1976-09-06,19.3,22.7,16.0,50,64,36
1976-09-07,17.0,21.4,12.8,46,61,33
1976-09-08,16.8,21.3,12.2,56,74,40
1976-09-09,18.0,22.2,14.0,63,84,45
1976-09-10,18.1,22.1,14.1,74,90,53
1976-09-11,19.2,23.1,14.6,79,99,59
1976-09-12,20.5,26.2,14.9,77,100,49
1976-09-13,21.7,28.0,15.1,71,99,41
1976-09-14,22.0,27.1,17.1,71,89,47
1976-09-15,21.4,25.5,16.8,75,98,51
1976-09-16,20.8,25.5,16.2,78,100,53
1976-09-17,21.7,26.5,17.7,69,96,38
1976-09-18,19.5,23.9,14.2,53,77,32
1976-09-19,18.1,22.1,13.5,57,79,40
1976-09-20,17.8,22.1,13.5,62,85,39
1976-09-21,17.3,21.5,13.4,61,79,39
1976-09-22,17.1,21.9,12.6,64,83,38
1976-09-23,17.0,21.8,12.0,63,86,38
1976-09-24,16.4,20.3,12.4,77,94,57
1976-09-25,16.7,21.3,12.2,80,100,53
1976-09-26,18.3,24.8,12.4,71,100,35
1976-09-27,19.4,25.2,14.0,65,89,42
1976-09-28,18.6,22.4,14.7,84,100,61
1976-09-29,19.9,25.9,15.2,83,100,56
1976-09-30,21.2,27.6,15.6,80,100,52
1976-10-01,22.1,27.6,16.8,76,95,51
1976-10-02,21.0,25.4,17.2,83,100,58
1976-10-03,20.4,25.2,17.2,87,100,61
1976-10-04,19.7,21.9,18.2,84,99,66
1976-10-05,19.4,23.3,16.4,81,99,59
1976-10-06,19.5,22.5,17.1,83,99,63
1976-10-07,20.1,25.0,16.1,78,99,49
1976-10-08,20.6,24.7,17.2,75,94,50
1976-10-09,19.8,25.5,15.1,79,97,48
1976-10-10,20.4,26.1,15.3,79,100,49
1976-10-11,19.8,25.6,14.9,83,100,55
1976-10-12,18.6,23.1,15.3,84,100,57
1976-10-13,18.5,22.1,15.2,84,100,60
1976-10-14,17.7,18.5,17.0,95,98,91
1976-10-15,19.0,23.4,15.3,82,97,56
1976-10-16,19.1,21.9,16.1,84,94,69
1976-10-17,16.4,18.1,15.6,91,93,89
1976-10-18,15.4,17.5,14.0,90,96,76
1976-10-19,14.6,17.4,12.5,85,96,66
1976-10-20,13.6,14.9,12.8,79,90,70
1976-10-21,12.6,13.3,11.6,77,82,73
1976-10-22,12.9,15.4,10.1,76,90,59
1976-10-23,12.1,14.4,10.6,70,89,56
1976-10-24,10.7,14.8,6.6,71,86,51
1976-10-25,11.3,14.4,7.8,82,95,67
1976-10-26,11.4,13.6,9.8,79,89,63
1976-10-27,10.7,13.3,8.5,85,95,76
1976-10-28,12.9,16.0,9.3,83,98,65
1976-10-29,12.7,16.3,9.3,86,98,71
1976-10-30,14.2,15.7,12.8,82,89,71
1976-10-31,14.4,17.1,12.5,88,92,81
1976-11-01,15.9,18.3,13.2,93,98,86
1976-11-02,14.9,15.8,13.9,96,98,90
1976-11-03,15.3,18.8,13.2,89,98,67
1976-11-04,13.6,17.9,10.1,88,100,67
1976-11-05,14.1,18.7,10.3,88,99,68
1976-11-06,15.1,19.2,12.5,89,99,68
1976-11-07,14.9,16.8,12.8,88,95,76
1976-11-08,14.9,17.4,13.0,89,97,74
1976-11-09,14.7,16.5,13.6,88,96,75
1976-11-10,14.6,16.4,13.5,86,94,72
1976-11-11,14.0,15.6,13.0,87,95,72
1976-11-12,13.7,15.3,12.3,83,94,70
1976-11-13,13.4,16.2,10.7,87,94,74
1976-11-14,14.7,17.7,11.8,90,98,77
1976-11-15,11.6,14.8,9.2,91,100,72
1976-11-16,10.4,14.5,6.1,85,100,64
1976-11-17,10.8,14.6,6.4,82,100,61
1976-11-18,11.1,12.5,9.7,91,96,85
1976-11-19,11.9,14.1,10.5,88,94,76
1976-11-20,12.2,13.3,11.5,93,97,90
1976-11-21,12.0,14.4,10.7,91,97,78
1976-11-22,11.8,14.3,9.8,92,96,86
1976-11-23,9.9,12.2,6.8,79,99,53
1976-11-24,5.2,7.5,2.7,51,60,39
1976-11-25,2.9,6.6,-0.5,62,85,47
1976-11-26,2.3,5.7,0.1,51,59,40
1976-11-27,2.2,7.0,-0.9,62,80,49
1976-11-28,2.9,7.7,-0.3,79,93,59
1976-11-29,4.2,10.3,0.4,76,90,60
1976-11-30,3.2,8.0,-0.5,92,98,77
1976-12-01,5.3,9.0,3.0,92,99,79
1976-12-02,7.5,12.2,2.7,93,99,87
1976-12-03,12.1,14.5,9.0,81,94,62
1976-12-04,10.8,15.0,6.6,91,97,84
1976-12-05,13.0,16.4,6.4,89,96,82
1976-12-06,7.4,12.1,3.8,89,97,74
1976-12-07,6.4,10.6,3.1,86,100,63
1976-12-08,8.4,14.3,4.1,89,95,79
1976-12-09,8.4,13.2,5.0,81,94,61
1976-12-10,6.7,11.8,3.7,85,96,67
1976-12-11,6.7,13.3,2.9,87,100,68
1976-12-12,2.9,4.6,1.5,79,86,69
1976-12-13,2.1,5.1,0.3,67,81,48
1976-12-14,-0.4,3.7,-3.1,75,89,51
1976-12-15,-0.2,4.2,-3.0,79,92,58
1976-12-16,0.5,5.2,-2.5,81,94,60
1976-12-17,4.3,8.5,1.8,87,98,80
1976-12-18,4.8,8.7,2.4,96,100,86
1976-12-19,5.6,10.8,1.9,94,99,81
1976-12-20,5.8,8.7,3.3,95,99,86
1976-12-21,6.1,8.8,4.2,93,99,79
1976-12-22,6.0,8.5,4.0,86,96,69
1976-12-23,4.5,5.7,2.7,86,93,74
1976-12-24,3.8,6.6,1.5,87,97,70
1976-12-25,4.5,7.6,2.2,85,93,73
1976-12-26,2.5,7.0,-1.1,86,97,68
1976-12-27,1.8,3.2,-0.4,72,95,46
1976-12-28,-0.4,2.3,-2.4,68,87,52
1976-12-29,1.2,4.2,-1.1,81,88,69
1976-12-30,4.9,8.2,2.2,89,96,83
1976-12-31,5.6,10.1,1.8,87,96,65
1977-01-01,2.8,7.8,-1.5,84,95,62
1977-01-02,4.4,7.5,2.7,88,97,69
1977-01-03,4.1,8.3,0.4,85,96,68
1977-01-04,4.1,6.0,2.7,80,90,64
1977-01-05,2.8,6.0,0.5,76,89,58
1977-01-06,1.3,5.4,-1.4,80,95,58
1977-01-07,-0.0,5.6,-3.8,77,96,48
1977-01-08,2.2,8.0,-1.2,74,86,52
1977-01-09,3.5,7.9,0.3,73,91,48
1977-01-10,2.8,7.0,-0.3,83,92,68
1977-01-11,4.6,8.5,1.4,87,94,76
1977-01-12,9.4,13.5,6.7,89,97,73
1977-01-13,10.9,13.0,7.7,84,95,67
1977-01-14,6.4,10.3,1.7,80,96,64
1977-01-15,4.4,10.0,0.5,77,91,56
1977-01-16,6.6,8.7,4.2,92,96,89
1977-01-17,5.0,6.9,2.9,80,98,57
1977-01-18,1.9,3.3,0.5,63,74,51
1977-01-19,0.8,4.9,-1.6,60,78,49
1977-01-20,1.6,5.5,-1.2,80,91,67
1977-01-21,3.0,7.8,-1.2,82,96,63
1977-01-22,4.7,10.3,-0.0,76,88,58
1977-01-23,4.3,9.0,-0.1,89,95,77
1977-01-24,7.8,10.2,6.4,97,99,94
1977-01-25,8.4,12.8,4.4,87,99,68
1977-01-26,6.2,11.3,1.2,86,98,72
1977-01-27,7.1,13.7,2.9,89,98,68
1977-01-28,8.6,15.2,3.2,84,99,60
1977-01-29,8.7,12.3,4.9,87,95,75
1977-01-30,10.3,15.3,6.8,88,99,68
1977-01-31,9.4,14.6,2.9,78,99,53
1977-02-01,8.3,13.6,3.2,85,98,67
1977-02-02,8.7,13.2,4.8,89,100,71
1977-02-03,7.4,10.7,4.5,85,98,68
1977-02-04,5.1,9.3,1.8,63,74,49
1977-02-05,5.7,11.4,1.0,64,80,48
1977-02-06,6.1,11.2,1.3,78,93,60
1977-02-07,8.5,12.4,4.7,75,97,50
1977-02-08,6.7,11.6,2.6,76,91,58
1977-02-09,7.5,13.6,3.0,85,97,62
1977-02-10,9.9,15.4,5.5,83,93,63
1977-02-11,10.3,16.3,5.4,88,99,69
1977-02-12,11.9,17.9,6.3,85,97,65
1977-02-13,12.9,17.6,7.8,85,97,66
1977-02-14,12.1,14.3,11.2,92,98,76
1977-02-15,10.4,14.4,6.0,70,89,49
1977-02-16,9.7,13.5,6.9,83,92,65
1977-02-17,8.0,11.8,3.5,87,100,64
1977-02-18,8.7,13.2,5.3,76,87,54
1977-02-19,8.8,13.2,3.6,82,100,58
1977-02-20,9.1,13.9,3.9,85,100,64
1977-02-21,9.3,14.9,3.9,87,100,65
1977-02-22,10.5,17.1,5.2,85,100,62
1977-02-23,12.8,19.6,7.7,78,93,56
1977-02-24,13.3,19.7,8.6,83,95,62
1977-02-25,11.9,17.1,8.0,88,100,69
1977-02-26,11.9,17.9,7.0,82,100,52
1977-02-27,12.3,17.5,6.2,66,88,41
1977-02-28,7.2,10.8,2.2,82,92,67
1977-03-01,2.7,6.0,0.4,53,74,34
1977-03-02,3.1,7.0,0.0,53,67,37
1977-03-03,3.3,7.2,-1.3,63,84,47
1977-03-04,8.8,15.0,3.8,67,80,56
1977-03-05,11.1,17.9,6.6,67,82,52
1977-03-06,9.6,15.8,4.8,69,84,48
1977-03-07,11.5,18.3,5.3,66,85,42
1977-03-08,8.8,10.9,6.5,81,92,70
1977-03-09,8.5,12.5,4.7,81,97,65
1977-03-10,10.3,17.6,4.7,78,99,43
1977-03-11,8.3,10.8,5.8,84,98,66
1977-03-12,8.0,12.1,3.1,82,100,59
1977-03-13,9.7,13.1,6.1,87,97,76
1977-03-14,10.5,14.0,7.2,78,97,54
1977-03-15,10.5,14.4,6.4,69,85,52
1977-03-16,10.6,15.7,6.8,72,91,53
1977-03-17,9.8,15.5,4.6,76,99,41
1977-03-18,9.5,14.5,4.9,81,100,55
1977-03-19,9.4,13.0,5.9,82,97,64
1977-03-20,10.7,15.0,6.3,84,97,65
1977-03-21,11.4,16.7,7.2,87,100,66
1977-03-22,13.5,20.4,7.0,81,99,53
1977-03-23,15.7,22.8,9.4,76,90,54
1977-03-24,16.8,24.1,10.8,76,92,50
1977-03-25,13.9,17.9,9.5,80,95,61
1977-03-26,12.1,14.3,10.1,82,91,72
1977-03-27,11.9,15.9,7.7,82,100,66
1977-03-28,11.8,16.4,7.6,82,100,64
1977-03-29,13.5,17.8,9.8,81,95,61
1977-03-30,14.3,17.9,10.1,83,96,68
1977-03-31,15.3,20.3,10.8,80,92,63
1977-04-01,15.1,18.8,12.0,88,99,72
1977-04-02,14.4,18.0,10.8,89,100,70
1977-04-03,16.7,21.7,12.5,81,96,58
1977-04-04,18.1,23.7,13.2,73,94,48
1977-04-05,17.8,22.4,12.6,75,91,57
1977-04-06,16.3,19.2,12.6,67,90,42
1977-04-07,13.3,16.7,9.3,71,90,54
1977-04-08,14.5,19.0,10.8,75,89,60
1977-04-09,14.5,19.5,10.4,77,93,61
1977-04-10,14.4,16.8,12.1,80,94,61
1977-04-11,12.8,17.1,7.8,62,95,36
1977-04-12,10.4,14.6,6.2,49,62,34
1977-04-13,9.6,13.5,6.9,54,65,37
1977-04-14,10.4,15.2,5.2,53,76,33
1977-04-15,12.4,16.7,6.2,69,91,47
1977-04-16,11.3,14.5,6.8,66,92,41
1977-04-17,10.9,15.9,5.0,53,82,30
1977-04-18,11.7,17.7,5.1,54,74,33
1977-04-19,13.4,18.8,7.3,65,93,39
1977-04-20,14.2,18.5,9.7,71,95,48
1977-04-21,11.1,13.8,9.1,84,92,73
1977-04-22,11.4,16.7,6.1,69,100,34
1977-04-23,15.0,22.5,6.3,59,85,35
1977-04-24,18.7,24.5,14.1,55,70,36
1977-04-25,16.3,23.0,12.3,59,88,38
1977-04-26,13.7,18.5,9.1,43,60,28
1977-04-27,14.1,19.5,8.2,53,77,35
1977-04-28,14.1,19.0,9.3,70,92,49
1977-04-29,15.6,20.3,11.0,73,95,51
1977-04-30,17.6,23.0,12.8,72,93,51
1977-05-01,19.0,24.3,14.2,69,86,48
1977-05-02,19.8,25.5,14.9,69,91,45
1977-05-03,20.7,26.6,15.6,66,90,43
1977-05-04,21.3,26.8,15.9,61,88,37
1977-05-05,20.7,24.0,17.9,61,75,44
1977-05-06,16.1,18.3,14.4,73,83,60
1977-05-07,16.4,20.7,12.9,69,86,53
1977-05-08,16.4,20.3,12.1,73,94,53
1977-05-09,17.0,21.6,12.4,69,95,39
1977-05-10,18.1,22.8,14.3,60,81,34
1977-05-11,15.7,19.7,12.3,66,89,43
1977-05-12,17.0,22.8,10.6,60,85,32
1977-05-13,17.3,22.1,12.3,70,93,45
1977-05-14,18.6,23.4,13.1,68,98,43
1977-05-15,19.0,23.1,16.0,67,88,44
1977-05-16,18.9,23.4,15.3,75,95,48
1977-05-17,20.7,25.8,15.8,63,88,33
1977-05-18,21.9,27.4,16.8,63,87,41
1977-05-19,21.1,24.2,17.7,67,83,53
1977-05-20,21.4,25.8,17.4,62,85,41
1977-05-21,22.4,27.5,17.1,56,81,36
1977-05-22,24.2,29.9,19.4,57,76,37
1977-05-23,24.6,30.9,18.4,59,83,30
1977-05-24,23.1,26.8,20.3,70,86,54
1977-05-25,19.7,22.1,16.8,78,93,63
1977-05-26,20.6,25.5,15.3,71,100,47
1977-05-27,20.5,24.4,17.4,70,89,48
1977-05-28,19.1,22.0,16.8,74,90,58
1977-05-29,18.5,23.2,13.6,65,93,40
1977-05-30,19.0,23.9,13.5,54,78,32
1977-05-31,19.9,24.4,15.7,67,92,43
1977-06-01,21.4,25.8,16.8,61,89,39
1977-06-02,20.5,24.6,16.7,64,79,46
1977-06-03,20.2,23.4,16.8,71,89,55
1977-06-04,15.9,18.2,14.5,82,90,77
1977-06-05,15.9,19.1,13.1,70,89,52
1977-06-06,18.2,22.4,13.1,68,91,48
1977-06-07,19.8,24.2,13.5,72,99,48
1977-06-08,21.0,25.6,16.4,74,96,49
1977-06-09,22.5,27.4,18.3,70,90,43
1977-06-10,23.6,29.1,18.4,67,92,41
1977-06-11,25.4,31.6,20.1,59,85,31
1977-06-12,26.8,32.9,21.4,57,82,31
1977-06-13,26.5,32.0,20.1,59,82,36
1977-06-14,27.2,32.6,22.9,62,84,40
1977-06-15,26.9,32.5,22.1,63,85,40
1977-06-16,26.7,30.8,23.0,61,83,38
1977-06-17,21.0,23.3,18.6,77,89,63
1977-06-18,24.4,30.8,18.4,64,86,38
1977-06-19,27.2,32.8,21.0,54,75,34
1977-06-20,28.0,33.5,21.9,53,75,28
1977-06-21,27.3,32.6,21.6,46,67,27
1977-06-22,26.1,30.4,20.7,59,85,40
1977-06-23,26.6,31.1,22.4,55,78,31
1977-06-24,25.1,29.8,19.9,53,77,29
1977-06-25,23.9,27.6,21.0,67,91,41
1977-06-26,23.7,28.0,20.0,68,91,41
1977-06-27,23.5,28.6,17.4,59,93,31
1977-06-28,23.9,28.1,19.6,52,74,35
1977-06-29,23.3,28.4,18.2,53,78,32
1977-06-30,24.3,28.8,20.2,66,90,43
1977-07-01,24.5,29.6,20.1,63,87,41
1977-07-02,23.9,28.4,19.0,51,70,36
1977-07-03,25.3,30.9,19.6,52,73,32
1977-07-04,26.0,31.8,19.8,53,77,31
1977-07-05,26.0,31.0,21.7,61,83,40
1977-07-06,26.2,31.2,20.6,61,87,37
1977-07-07,26.5,31.9,21.3,47,71,22
1977-07-08,26.2,31.7,21.3,60,86,32
1977-07-09,27.3,32.8,21.8,60,84,38
1977-07-10,30.6,38.8,23.4,48,79,15
1977-07-11,28.1,31.9,24.4,40,72,28
1977-07-12,25.6,29.9,21.2,41,61,24
1977-07-13,25.9,31.4,20.3,41,63,22
1977-07-14,25.6,31.0,20.1,56,86,31
1977-07-15,27.0,33.2,21.3,58,86,33
1977-07-16,29.0,35.1,22.6,51,82,25
1977-07-17,26.3,29.6,23.4,61,79,41
1977-07-18,25.7,31.4,21.1,63,89,32
1977-07-19,25.4,29.2,21.6,66,90,46
1977-07-20,25.7,30.1,21.0,65,90,44
1977-07-21,26.2,30.2,21.9,65,90,44
1977-07-22,27.0,32.4,22.0,60,86,35
1977-07-23,25.8,28.9,22.9,66,79,50
1977-07-24,23.7,28.3,19.6,69,92,49
1977-07-25,25.1,30.5,19.7,62,84,39
1977-07-26,26.1,29.9,21.8,64,87,44
1977-07-27,27.5,32.5,22.7,61,80,38
1977-07-28,26.8,30.2,22.6,67,86,51
1977-07-29,26.5,30.2,22.1,73,95,54
1977-07-30,26.6,30.3,23.4,70,91,49
1977-07-31,27.3,31.4,23.8,59,78,41
1977-08-01,27.7,33.1,22.4,58,80,35
1977-08-02,26.6,30.2,22.4,43,59,31
1977-08-03,24.7,29.3,20.1,62,88,37
1977-08-04,25.8,30.7,21.5,65,90,37
1977-08-05,26.2,30.7,22.3,65,93,39
1977-08-06,25.3,29.2,21.9,68,86,49
1977-08-07,22.3,24.7,20.1,80,94,63
1977-08-08,24.3,28.5,20.5,67,84,49
1977-08-09,24.7,29.4,20.4,67,87,46
1977-08-10,25.4,29.7,21.5,66,80,47
1977-08-11,25.4,29.5,21.9,68,85,49
1977-08-12,25.8,30.6,21.1,62,81,40
1977-08-13,26.2,29.7,22.2,66,86,45
1977-08-14,26.3,31.2,21.1,64,88,39
1977-08-15,26.2,31.2,19.7,55,89,28
1977-08-16,25.6,30.2,20.8,44,63,28
1977-08-17,25.0,30.6,18.9,46,70,24
1977-08-18,23.9,28.3,19.7,72,91,52
1977-08-19,25.0,29.9,20.2,69,93,45
1977-08-20,27.5,33.7,21.6,56,89,24
1977-08-21,26.5,32.6,19.5,47,75,21
1977-08-22,27.1,33.7,20.5,63,92,34
1977-08-23,28.3,34.2,23.4,55,77,29
1977-08-24,24.8,27.6,20.8,48,67,38
1977-08-25,21.9,26.5,17.5,48,66,29
1977-08-26,22.1,27.3,16.8,45,62,29
1977-08-27,22.3,26.9,17.8,66,89,43
1977-08-28,23.0,28.0,18.0,72,95,49
1977-08-29,25.0,30.9,19.4,69,97,43
1977-08-30,25.6,31.1,21.5,71,90,46
1977-08-31,22.6,24.2,21.1,67,87,51
1977-09-01,22.7,26.4,18.9,65,85,46
1977-09-02,23.7,28.6,19.1,66,89,39
1977-09-03,22.1,24.9,19.1,75,92,56
1977-09-04,22.5,27.7,18.2,70,92,42
1977-09-05,24.0,28.7,18.6,62,90,37
1977-09-06,25.0,30.0,19.5,57,86,32
1977-09-07,24.6,30.2,19.2,59,85,32
1977-09-08,23.7,28.7,18.3,62,85,38
1977-09-09,24.7,29.4,20.3,59,82,33
1977-09-10,20.5,23.1,16.0,53,88,31
1977-09-11,18.9,24.3,14.7,48,65,31
1977-09-12,20.3,25.6,14.7,55,78,34
1977-09-13,21.1,26.1,16.5,66,88,43
1977-09-14,22.4,28.3,17.0,63,95,35
1977-09-15,20.7,25.2,17.4,62,89,42
1977-09-16,21.7,27.5,16.3,70,99,34
1977-09-17,20.7,24.1,17.9,79,92,60
1977-09-18,20.9,24.9,17.5,77,90,57
1977-09-19,21.7,26.7,17.5,78,96,53
1977-09-20,22.1,27.3,17.2,78,100,48
1977-09-21,23.4,28.4,18.9,72,92,50
1977-09-22,22.8,28.1,16.7,55,82,30
1977-09-23,21.7,24.6,18.4,58,77,37
1977-09-24,18.2,20.2,15.9,77,93,59
1977-09-25,15.2,17.1,14.1,67,86,57
1977-09-26,13.3,14.8,12.1,78,85,72
1977-09-27,13.7,16.4,12.0,67,86,46
1977-09-28,13.8,16.6,11.7,59,77,39
1977-09-29,12.9,16.7,8.8,53,76,33
1977-09-30,12.8,16.6,8.2,53,80,32
1977-10-01,14.3,19.6,9.7,53,74,30
1977-10-02,15.9,22.5,9.3,69,89,45
1977-10-03,16.4,23.0,11.2,77,100,54
1977-10-04,13.4,18.2,8.9,52,71,33
1977-10-05,14.1,18.7,8.4,57,88,38
1977-10-06,14.8,20.9,7.3,65,97,37
1977-10-07,15.3,21.1,9.2,72,97,47
1977-10-08,16.0,22.2,9.9,75,99,48
1977-10-09,16.7,22.0,10.7,74,100,47
1977-10-10,17.7,22.4,13.6,72,92,44
1977-10-11,16.8,18.5,15.0,78,90,63
1977-10-12,16.5,18.2,14.7,81,91,70
1977-10-13,16.0,18.0,13.7,81,97,65
1977-10-14,16.1,18.8,14.3,77,90,59
1977-10-15,16.0,20.0,12.1,69,96,40
1977-10-16,14.8,18.1,11.3,74,92,50
1977-10-17,11.4,13.1,10.1,79,87,71
1977-10-18,11.6,15.7,8.0,76,96,51
1977-10-19,13.1,18.2,7.6,73,97,44
1977-10-20,14.9,22.0,7.0,67,98,34
1977-10-21,14.0,18.8,10.1,77,90,55
1977-10-22,13.9,16.0,12.0,77,89,62
1977-10-23,13.1,17.9,8.7,82,100,57
1977-10-24,14.0,20.4,8.8,80,100,50
1977-10-25,14.5,19.9,9.9,82,100,57
1977-10-26,15.0,20.6,9.5,80,100,52
1977-10-27,15.0,19.6,9.7,80,100,55
1977-10-28,14.3,20.0,9.3,81,100,50
1977-10-29,14.2,18.7,10.6,87,100,62
1977-10-30,14.0,18.7,10.6,86,100,61
1977-10-31,13.7,17.9,10.7,86,100,62
1977-11-01,14.0,17.2,11.0,85,100,62
1977-11-02,13.1,14.4,11.5,91,98,80
1977-11-03,14.1,18.8,9.5,79,100,52
1977-11-04,15.0,19.9,11.3,76,91,52
1977-11-05,14.6,20.4,9.2,82,99,58
1977-11-06,14.6,19.7,10.1,88,100,67
1977-11-07,14.4,18.7,11.3,87,100,66
1977-11-08,14.3,18.6,10.9,87,100,66
1977-11-09,14.5,19.0,11.4,84,100,59
1977-11-10,13.6,18.9,9.5,72,93,46
1977-11-11,14.5,18.5,11.7,70,85,55
1977-11-12,13.7,17.8,9.5,79,95,61
1977-11-13,12.6,17.9,8.1,86,100,64
1977-11-14,13.5,18.4,9.8,87,99,65
1977-11-15,14.6,18.5,12.1,86,97,64
1977-11-16,13.8,18.0,9.1,85,100,64
1977-11-17,14.7,17.0,12.2,63,92,34
1977-11-18,13.4,16.8,10.6,72,85,58
1977-11-19,12.2,16.3,8.3,82,99,59
1977-11-20,8.3,10.2,7.1,87,94,79
1977-11-21,8.5,12.6,5.9,77,93,51
1977-11-22,8.9,13.7,4.9,80,93,67
1977-11-23,12.4,17.2,7.9,87,97,71
1977-11-24,10.9,13.7,9.0,75,96,52
1977-11-25,11.3,13.3,9.8,82,90,76
1977-11-26,13.6,17.1,11.3,87,97,63
1977-11-27,11.7,14.2,9.8,66,81,54
1977-11-28,8.4,12.1,5.2,68,86,46
1977-11-29,7.4,9.4,5.6,84,94,78
1977-11-30,7.9,10.9,4.8,89,97,78
1977-12-01,10.9,13.8,9.2,91,98,84
1977-12-02,10.6,13.7,8.7,95,100,84
1977-12-03,6.0,9.0,4.4,84,98,69
1977-12-04,4.6,7.2,2.9,63,68,55
1977-12-05,1.7,4.2,-1.2,56,69,46
1977-12-06,1.7,4.8,-0.8,73,84,61
1977-12-07,4.2,7.1,1.6,88,96,82
1977-12-08,5.1,11.0,1.2,87,99,65
1977-12-09,6.4,9.5,2.4,91,97,82
1977-12-10,8.3,10.2,7.1,88,92,82
1977-12-11,5.9,7.6,4.4,78,93,64
1977-12-12,3.6,6.0,0.1,62,84,43
1977-12-13,1.6,5.4,-1.3,63,77,44
1977-12-14,1.0,6.3,-2.2,63,77,39
1977-12-15,1.0,5.1,-2.0,65,82,44
1977-12-16,1.8,5.7,-1.0,73,89,51
1977-12-17,2.6,6.1,0.3,61,72,40
1977-12-18,2.8,5.4,0.3,60,73,52
1977-12-19,3.4,5.8,1.8,76,82,70
1977-12-20,3.6,9.0,-0.8,75,90,54
1977-12-21,2.4,8.2,-1.7,72,92,47
1977-12-22,1.9,6.9,-1.0,72,86,48
1977-12-23,1.6,6.2,-1.4,72,89,49
1977-12-24,1.7,7.6,-1.7,72,87,45
1977-12-25,2.3,7.7,-1.5,85,95,71
1977-12-26,4.9,10.4,-0.2,79,94,57
1977-12-27,4.5,7.9,1.1,70,86,54
1977-12-28,2.7,8.1,-1.4,83,95,66
1977-12-29,4.4,11.0,-0.6,90,97,73
1977-12-30,7.0,13.2,2.3,94,100,79
1977-12-31,6.9,13.0,3.9,86,100,58
1978-01-01,3.3,5.8,1.4,55,67,39
1978-01-02,2.1,5.9,-0.1,60,72,45
1978-01-03,1.6,6.9,-1.4,67,85,40
1978-01-04,2.5,8.2,-0.7,70,80,48
1978-01-05,1.8,3.5,-0.1,87,95,73
1978-01-06,1.3,2.8,0.1,68,82,53
1978-01-07,-0.3,2.7,-2.7,54,61,42
1978-01-08,0.0,3.1,-2.0,57,65,46
1978-01-09,-0.8,2.7,-3.1,55,67,39
1978-01-10,-0.4,4.2,-3.1,61,79,39
1978-01-11,-0.5,4.4,-4.1,71,83,48
1978-01-12,1.8,6.1,-1.8,82,92,72
1978-01-13,5.5,9.8,2.0,93,98,83
1978-01-14,7.4,11.1,4.8,90,99,75
1978-01-15,6.2,10.9,3.1,87,100,64
1978-01-16,6.1,6.7,4.9,86,95,76
1978-01-17,3.1,4.5,2.0,84,91,77
1978-01-18,3.4,5.6,1.5,84,92,73
1978-01-19,4.2,6.7,1.9,82,92,65
1978-01-20,4.0,6.9,1.2,81,94,60
1978-01-21,3.5,4.6,1.7,88,99,77
1978-01-22,3.9,7.2,1.8,89,96,74
1978-01-23,3.8,6.7,1.1,94,96,90
1978-01-24,5.5,8.3,3.8,89,97,73
1978-01-25,6.1,10.3,3.0,89,96,76
1978-01-26,6.4,10.6,3.4,77,97,50
1978-01-27,6.1,11.0,2.1,73,87,62
1978-01-28,5.8,10.9,1.5,75,88,55
1978-01-29,6.5,11.5,1.1,84,96,68
1978-01-30,10.9,13.2,7.0,79,91,59
1978-01-31,8.3,12.0,4.2,74,90,56
1978-02-01,6.2,10.4,2.0,85,94,73
1978-02-02,6.1,10.9,2.0,80,96,52
1978-02-03,5.6,7.7,3.6,88,95,83
1978-02-04,6.1,8.1,4.8,88,97,75
1978-02-05,4.8,6.4,3.8,91,97,80
1978-02-06,4.7,6.4,3.1,87,91,81
1978-02-07,4.4,7.3,2.9,83,94,66
1978-02-08,4.0,6.1,2.6,89,95,85
1978-02-09,4.7,9.5,-1.1,78,97,52
1978-02-10,5.5,10.2,-0.5,74,93,57
1978-02-11,8.4,13.1,4.7,84,95,73
1978-02-12,11.1,16.2,7.2,87,100,66
1978-02-13,12.6,17.0,9.8,86,98,67
1978-02-14,13.4,16.6,10.0,83,97,68
1978-02-15,8.7,12.8,4.3,68,87,44
1978-02-16,5.9,9.3,2.0,59,72,43
1978-02-17,6.5,11.1,1.4,73,88,57
1978-02-18,7.9,12.1,3.9,83,96,70
1978-02-19,7.8,11.6,3.2,74,88,58
1978-02-20,10.4,16.2,6.3,83,94,65
1978-02-21,5.0,7.9,2.6,59,81,43
1978-02-22,5.0,6.8,3.8,80,92,74
1978-02-23,5.3,10.6,0.1,83,99,61
1978-02-24,7.5,13.6,1.9,83,93,66
1978-02-25,9.1,13.1,5.7,89,99,74
1978-02-26,10.4,14.1,7.1,90,98,75
1978-02-27,12.7,17.1,9.2,84,98,62
1978-02-28,12.8,18.0,8.7,68,84,46
1978-03-01,12.0,18.0,7.2,76,89,54
1978-03-02,12.2,17.7,7.5,81,92,60
1978-03-03,13.0,17.4,9.5,84,99,61
1978-03-04,14.8,20.2,10.4,73,88,53
1978-03-05,12.7,17.9,8.2,85,96,65
1978-03-06,12.0,15.5,9.9,86,98,64
1978-03-07,12.6,16.3,9.2,80,96,56
1978-03-08,11.8,16.5,7.6,82,100,55
1978-03-09,10.6,12.8,9.0,86,96,67
1978-03-10,10.6,13.8,8.0,73,95,44
1978-03-11,9.3,13.5,5.6,61,80,38
1978-03-12,8.4,11.8,4.3,55,78,34
1978-03-13,7.8,12.3,3.9,58,79,35
1978-03-14,7.9,13.1,2.9,74,89,53
1978-03-15,9.5,14.8,4.0,77,93,58
1978-03-16,11.2,17.1,6.4,74,95,42
1978-03-17,13.0,17.7,8.2,61,80,43
1978-03-18,13.4,18.1,9.4,69,84,50
1978-03-19,12.9,17.9,9.0,78,94,56
1978-03-20,9.5,13.8,5.8,67,87,40
1978-03-21,10.4,14.1,7.0,71,88,55
1978-03-22,10.0,14.0,7.5,83,96,64
1978-03-23,8.7,12.7,5.6,50,63,31
1978-03-24,9.2,14.1,3.2,66,88,50
1978-03-25,8.7,11.0,4.6,78,98,59
1978-03-26,9.9,14.7,6.3,54,67,36
1978-03-27,8.6,12.7,4.1,75,94,56
1978-03-28,9.4,13.9,4.8,73,96,49
1978-03-29,10.1,16.2,3.2,72,98,43
1978-03-30,10.7,16.3,5.6,76,94,52
1978-03-31,10.0,12.6,6.8,80,98,62
1978-04-01,9.6,13.7,4.7,79,100,55
1978-04-02,10.7,14.7,7.4,83,96,64
1978-04-03,10.9,14.8,6.6,87,99,64
1978-04-04,12.3,13.7,11.2,91,95,83
1978-04-05,13.6,18.2,10.1,75,90,51
1978-04-06,13.6,18.3,8.6,79,99,55
1978-04-07,12.2,13.8,9.6,86,94,82
1978-04-08,12.7,16.9,9.6,82,91,66
1978-04-09,13.2,18.8,9.3,84,99,56
1978-04-10,10.6,12.0,9.7,76,85,62
1978-04-11,11.7,14.6,9.2,76,89,65
1978-04-12,12.2,16.7,7.2,83,100,64
1978-04-13,12.0,15.5,8.6,85,100,68
1978-04-14,13.4,17.6,10.3,86,96,70
1978-04-15,14.6,18.5,9.9,74,99,48
1978-04-16,13.7,17.6,8.6,70,92,46
1978-04-17,12.8,18.1,7.5,68,91,44
1978-04-18,10.6,15.0,5.8,65,82,42
1978-04-19,10.7,15.3,6.1,59,79,36
1978-04-20,10.7,14.6,6.2,75,91,59
1978-04-21,11.4,16.3,6.3,76,98,52
1978-04-22,12.2,16.9,8.6,76,93,53
1978-04-23,12.6,17.5,8.4,77,93,53
1978-04-24,13.8,18.9,9.2,70,95,43
1978-04-25,14.7,19.4,9.7,66,85,45
1978-04-26,14.0,18.2,11.2,79,95,54
1978-04-27,15.8,20.8,10.7,73,94,50
1978-04-28,18.8,23.6,14.8,59,77,38
1978-04-29,17.1,22.8,10.8,59,78,37
1978-04-30,16.5,21.3,11.9,68,86,45
1978-05-01,18.0,23.5,12.5,69,90,50
1978-05-02,18.5,23.1,14.0,67,90,43
1978-05-03,17.6,23.4,11.6,55,77,37
1978-05-04,18.5,23.8,11.4,58,83,35
1978-05-05,18.3,23.5,12.7,66,88,44
1978-05-06,17.7,21.3,15.4,60,82,39
1978-05-07,17.2,20.9,13.8,61,79,45
1978-05-08,16.4,20.1,13.7,67,78,56
1978-05-09,16.6,21.0,12.6,63,81,43
1978-05-10,17.9,22.5,12.9,62,86,36
1978-05-11,16.9,20.8,14.4,70,84,50
1978-05-12,14.1,18.0,10.9,63,90,43
1978-05-13,13.2,18.1,8.0,52,75,38
1978-05-14,16.2,21.4,10.1,72,94,50
1978-05-15,18.8,22.5,14.2,68,88,51
1978-05-16,19.4,24.0,14.9,63,92,34
1978-05-17,18.2,22.9,13.8,62,86,42
1978-05-18,18.9,23.4,15.2,66,86,48
1978-05-19,20.4,25.0,15.8,65,88,47
1978-05-20,20.2,23.6,16.7,65,83,48
1978-05-21,19.7,23.5,15.9,69,92,49
1978-05-22,19.3,23.5,15.4,64,83,46
1978-05-23,20.7,26.2,14.8,65,91,43
1978-05-24,21.1,26.6,14.8,52,75,31
1978-05-25,22.0,27.5,15.3,54,79,30
1978-05-26,22.0,27.1,16.8,51,69,31
1978-05-27,21.3,26.4,16.9,61,83,36
1978-05-28,20.2,24.8,14.9,69,93,46
1978-05-29,19.0,23.5,16.0,67,84,45
1978-05-30,16.2,19.4,14.6,79,93,57
1978-05-31,18.8,24.1,13.6,67,87,46
1978-06-01,20.2,25.2,14.1,66,96,43
1978-06-02,20.5,24.4,16.4,71,88,53
1978-06-03,20.5,24.8,15.4,74,96,51
1978-06-04,19.3,21.1,16.9,78,93,66
1978-06-05,19.9,23.6,16.0,75,95,60
1978-06-06,20.7,24.9,15.3,70,99,52
1978-06-07,21.4,26.0,15.8,70,100,49
1978-06-08,23.2,27.8,19.4,60,79,43
1978-06-09,24.8,29.7,20.5,57,72,39
1978-06-10,24.6,30.1,18.7,59,81,35
1978-06-11,25.0,30.1,20.1,65,87,44
1978-06-12,26.2,31.3,21.5,61,79,45
1978-06-13,27.2,33.7,20.3,56,83,28
1978-06-14,28.2,32.8,22.2,51,78,30
1978-06-15,26.5,31.0,21.0,48,65,29
1978-06-16,26.2,31.5,20.6,54,83,26
1978-06-17,24.5,28.3,19.3,58,84,42
1978-06-18,26.6,32.6,21.5,56,84,29
1978-06-19,26.9,33.2,20.6,49,71,26
1978-06-20,25.2,29.0,20.8,64,83,48
1978-06-21,24.1,27.1,20.5,66,86,51
1978-06-22,24.2,28.8,19.2,55,85,30
1978-06-23,23.6,28.7,17.9,61,90,35
1978-06-24,24.3,28.9,19.4,67,89,44
1978-06-25,26.0,31.5,20.8,61,85,34
1978-06-26,27.1,33.3,19.9,49,82,20
1978-06-27,25.1,28.7,21.4,61,82,43
1978-06-28,22.2,27.0,17.0,53,87,27
1978-06-29,20.8,25.3,16.4,42,60,27
1978-06-30,22.1,27.6,16.9,39,51,28
1978-07-01,24.0,30.3,17.8,48,66,32
1978-07-02,25.5,31.8,19.1,55,84,31
1978-07-03,27.4,33.8,20.1,50,77,25
1978-07-04,26.9,30.9,21.1,52,75,37
1978-07-05,26.9,31.5,21.7,64,85,44
1978-07-06,28.6,36.0,21.4,58,91,27
1978-07-07,28.9,34.1,23.4,55,85,32
1978-07-08,27.6,31.6,23.3,40,73,22
1978-07-09,24.7,28.2,21.1,49,71,39
1978-07-10,24.9,28.8,21.4,67,85,48
1978-07-11,26.5,32.3,21.3,60,88,35
1978-07-12,27.5,33.0,22.2,54,83,30
1978-07-13,28.0,33.1,23.2,52,77,34
1978-07-14,29.0,35.3,22.9,50,77,26
1978-07-15,27.1,30.4,23.7,59,77,43
1978-07-16,26.2,31.3,20.6,55,88,29
1978-07-17,26.8,32.6,20.5,38,61,19
1978-07-18,25.7,30.6,21.0,57,79,38
1978-07-19,26.3,31.5,21.4,57,83,35
1978-07-20,27.1,32.0,21.5,50,84,24
1978-07-21,25.3,27.8,22.2,54,73,44
1978-07-22,24.5,29.2,19.8,54,86,30
1978-07-23,22.4,28.0,16.8,35,52,21
1978-07-24,23.1,28.6,17.1,36,56,21
1978-07-25,23.8,29.0,18.1,37,54,21
1978-07-26,24.4,29.9,17.7,52,87,26
1978-07-27,25.6,31.0,20.2,49,78,24
1978-07-28,25.6,29.5,21.5,50,72,33
1978-07-29,25.8,30.1,21.2,45,75,23
1978-07-30,25.3,29.3,20.4,46,78,25
1978-07-31,26.2,31.5,21.5,44,71,19
1978-08-01,27.0,33.7,20.4,46,81,17
1978-08-02,26.2,32.7,21.0,58,87,26
1978-08-03,24.9,29.1,21.0,65,90,43
1978-08-04,25.8,31.6,19.7,61,91,38
1978-08-05,26.6,31.0,22.4,58,84,39
1978-08-06,28.0,34.3,22.8,49,76,21
1978-08-07,26.3,30.9,21.8,63,83,41
1978-08-08,26.9,32.0,21.9,60,88,35
1978-08-09,28.4,34.7,21.6,43,77,16
1978-08-10,25.4,29.4,21.2,53,83,41
1978-08-11,23.7,28.5,19.8,64,88,34
1978-08-12,21.5,24.8,18.3,69,91,48
1978-08-13,22.1,26.9,17.2,52,73,29
1978-08-14,21.7,25.8,16.2,59,83,43
1978-08-15,22.1,27.2,17.0,64,89,36
1978-08-16,23.1,27.8,18.2,66,92,40
1978-08-17,23.7,28.3,19.9,62,87,37
1978-08-18,23.8,28.6,19.8,60,83,36
1978-08-19,23.9,28.9,19.4,63,83,40
1978-08-20,23.3,27.0,20.0,68,91,47
1978-08-21,22.7,27.3,17.6,56,93,27
1978-08-22,22.2,27.4,16.8,53,71,32
1978-08-23,23.9,28.3,19.1,53,75,32
1978-08-24,24.4,29.4,18.9,57,82,34
1978-08-25,25.1,30.1,20.0,55,80,29
1978-08-26,24.7,29.7,20.3,64,88,36
1978-08-27,24.7,29.8,20.0,64,90,35
1978-08-28,24.7,28.6,20.9,68,86,48
1978-08-29,24.3,28.8,20.3,72,93,48
1978-08-30,22.6,25.9,19.6,81,95,66
1978-08-31,24.1,28.1,20.4,71,95,46
1978-09-01,21.1,23.8,17.7,53,83,25
1978-09-02,19.7,24.3,14.6,49,69,28
1978-09-03,21.0,26.2,15.8,63,85,40
1978-09-04,21.8,26.0,17.0,72,95,50
1978-09-05,21.8,25.4,17.4,75,97,56
1978-09-06,22.6,27.1,17.7,72,93,51
1978-09-07,23.5,28.2,18.3,72,98,46
1978-09-08,21.6,24.4,19.2,72,92,55
1978-09-09,20.6,23.9,18.1,49,62,35
1978-09-10,20.6,26.4,15.7,51,72,32
1978-09-11,22.6,28.6,17.3,54,72,37
1978-09-12,23.4,28.8,17.8,65,92,40
1978-09-13,17.4,22.2,14.0,83,95,72
1978-09-14,17.6,20.4,15.5,82,89,71
1978-09-15,17.7,20.2,15.5,85,94,74
1978-09-16,18.9,23.6,15.6,74,94,52
1978-09-17,19.0,22.9,15.6,58,71,40
1978-09-18,18.5,23.0,14.1,64,90,42
1978-09-19,19.5,25.7,12.8,71,97,45
1978-09-20,20.0,24.9,14.6,76,99,59
1978-09-21,13.3,17.7,11.7,76,90,60
1978-09-22,14.2,18.5,11.7,69,90,43
1978-09-23,15.1,20.4,9.5,65,84,45
1978-09-24,17.8,23.3,12.6,64,81,45
1978-09-25,18.0,23.5,12.2,65,86,44
1978-09-26,19.5,25.7,12.9,71,96,49
1978-09-27,19.4,23.7,15.4,79,97,59
1978-09-28,19.6,24.3,15.0,81,99,61
1978-09-29,17.1,19.5,13.6,69,95,40
1978-09-30,16.6,21.2,13.0,60,76,42
1978-10-01,17.7,23.0,12.8,77,91,57
1978-10-02,18.5,23.4,13.8,81,99,58
1978-10-03,20.1,26.5,14.7,77,98,50
1978-10-04,20.5,25.2,16.4,79,93,56
1978-10-05,20.1,25.3,15.8,73,100,38
1978-10-06,18.0,21.5,14.9,64,76,50
1978-10-07,17.0,21.1,13.1,59,70,45
1978-10-08,17.8,22.1,13.0,69,92,46
1978-10-09,17.7,20.8,14.9,67,86,47
1978-10-10,17.6,21.9,14.0,67,82,48
1978-10-11,18.0,22.8,14.2,72,87,51
1978-10-12,17.8,21.9,12.9,79,98,59
1978-10-13,17.7,21.5,13.5,77,98,52
1978-10-14,17.0,19.7,15.4,66,82,49
1978-10-15,16.1,19.7,12.5,72,94,52
1978-10-16,15.3,19.5,10.7,79,100,53
1978-10-17,14.8,18.7,10.6,81,100,56
1978-10-18,16.3,20.0,12.8,80,96,60
1978-10-19,16.4,19.9,13.0,83,99,63
1978-10-20,16.9,19.9,14.3,86,98,68
1978-10-21,17.1,19.1,15.7,89,97,77
1978-10-22,12.9,15.6,10.9,58,95,36
1978-10-23,11.4,14.8,7.7,49,69,33
1978-10-24,12.0,16.5,8.3,67,85,46
1978-10-25,11.9,16.6,7.1,67,88,44
1978-10-26,12.4,18.2,7.1,64,83,43
1978-10-27,8.7,12.2,6.4,82,91,68
1978-10-28,4.4,6.1,3.5,92,96,86
1978-10-29,4.8,7.2,3.5,82,92,67
1978-10-30,6.7,11.6,2.7,69,80,55
1978-10-31,8.6,14.4,4.6,78,89,59
1978-11-01,9.6,15.9,4.3,80,95,57
1978-11-02,11.1,14.3,8.0,83,93,70
1978-11-03,10.7,12.2,9.2,81,92,68
1978-11-04,8.7,12.8,5.3,84,100,63
1978-11-05,8.8,13.6,4.8,77,93,54
1978-11-06,9.6,13.8,5.9,76,90,57
1978-11-07,8.2,13.5,3.9,77,93,54
1978-11-08,7.8,12.6,3.2,75,92,54
1978-11-09,8.0,12.2,2.8,75,99,54
1978-11-10,7.0,12.4,2.1,75,98,50
1978-11-11,6.7,11.9,1.7,77,99,52
1978-11-12,6.5,12.0,1.7,78,99,54
1978-11-13,6.4,11.4,1.9,80,99,55
1978-11-14,6.1,12.0,1.7,81,99,55
1978-11-15,6.0,11.8,0.6,74,95,49
1978-11-16,4.9,11.5,-0.1,76,97,46
1978-11-17,6.1,11.5,2.6,66,82,46
1978-11-18,7.1,11.3,4.5,69,84,52
1978-11-19,6.6,12.0,2.2,74,89,53
1978-11-20,4.6,10.3,0.6,84,99,57
1978-11-21,4.6,11.5,0.1,80,97,51
1978-11-22,4.2,10.7,-0.3,80,96,50
1978-11-23,4.4,10.9,-0.2,78,89,56
1978-11-24,4.6,11.0,0.3,78,89,56
1978-11-25,4.0,10.1,-0.2,83,99,58
1978-11-26,4.0,9.5,0.7,90,98,71
1978-11-27,5.7,9.8,1.1,94,99,85
1978-11-28,11.6,13.5,9.4,86,96,74
1978-11-29,9.0,11.7,6.2,88,95,78
1978-11-30,6.7,10.8,3.1,78,100,55
1978-12-01,6.2,11.0,3.4,66,79,53
1978-12-02,5.3,10.4,1.1,66,79,46
1978-12-03,4.5,8.8,0.4,72,85,54
1978-12-04,3.8,8.3,-0.4,83,96,65
1978-12-05,4.8,5.8,3.2,93,96,90
1978-12-06,0.8,2.7,-0.4,86,97,79
1978-12-07,-0.2,1.5,-1.5,86,94,81
1978-12-08,0.6,2.6,-1.4,94,96,87
1978-12-09,2.1,4.0,0.9,94,96,89
1978-12-10,3.6,7.7,1.2,86,96,70
1978-12-11,4.1,10.8,-0.2,81,90,63
1978-12-12,4.1,8.3,0.4,92,96,85
1978-12-13,7.2,11.4,4.8,94,98,83
1978-12-14,7.9,14.2,3.6,92,99,78
1978-12-15,9.8,14.0,5.6,79,98,61
1978-12-16,6.8,12.1,1.4,77,90,61
1978-12-17,8.7,16.0,3.1,89,96,74
1978-12-18,9.8,15.7,5.9,93,100,76
1978-12-19,9.6,11.8,7.7,90,100,82
1978-12-20,8.9,11.7,5.7,90,99,84
1978-12-21,7.2,11.3,4.3,91,100,75
1978-12-22,8.3,10.2,6.7,87,98,76
1978-12-23,6.9,7.9,6.0,84,92,75
1978-12-24,7.5,10.8,5.4,87,95,70
1978-12-25,7.2,10.6,4.1,89,98,77
1978-12-26,7.2,11.2,3.0,90,99,78
1978-12-27,8.4,12.1,5.2,87,97,68
1978-12-28,6.5,11.9,2.3,87,100,65
1978-12-29,8.0,14.5,3.8,86,96,66
1978-12-30,10.0,16.0,4.8,85,96,67
1978-12-31,9.3,13.5,4.6,85,97,66
1979-01-01,10.6,16.3,5.7,84,97,65
1979-01-02,8.7,14.2,-0.4,73,93,47
1979-01-03,-2.8,-1.1,-4.3,39,50,32
1979-01-04,-2.3,0.6,-4.9,45,60,34
1979-01-05,2.3,7.4,-0.2,76,95,61
1979-01-06,1.8,3.9,0.5,75,91,60
1979-01-07,0.0,1.7,-3.7,81,94,67
1979-01-08,-4.4,0.6,-10.5,69,79,52
1979-01-09,-2.0,4.2,-6.1,70,81,41
1979-01-10,-0.2,4.7,-5.3,84,91,80
1979-01-11,3.9,10.2,0.6,89,99,75
1979-01-12,7.8,12.1,2.8,92,97,85
1979-01-13,4.4,6.5,2.3,82,100,60
1979-01-14,1.7,5.3,-1.2,59,69,43
1979-01-15,0.7,4.3,-1.6,61,74,42
1979-01-16,0.1,4.4,-2.6,67,76,49
1979-01-17,0.9,4.5,-1.9,68,78,58
1979-01-18,2.2,5.2,0.3,64,69,55
1979-01-19,1.3,4.7,-1.0,64,77,53
1979-01-20,2.0,7.1,-2.2,69,81,53
1979-01-21,3.2,7.9,-0.7,78,91,60
1979-01-22,3.9,6.9,0.8,88,95,77
1979-01-23,5.5,8.3,3.5,87,93,78
1979-01-24,5.6,9.2,1.7,91,97,82
1979-01-25,8.2,12.3,3.8,93,98,80
1979-01-26,11.2,13.3,9.2,95,99,93
1979-01-27,9.2,14.2,6.1,91,100,69
1979-01-28,8.3,13.8,3.7,91,99,77
1979-01-29,9.6,13.7,5.8,93,100,77
1979-01-30,10.1,14.4,7.1,84,98,56
1979-01-31,9.2,13.4,4.7,79,92,69
1979-02-01,6.1,9.7,3.0,65,95,37
1979-02-02,4.8,10.2,-0.0,70,87,52
1979-02-03,6.8,13.1,1.2,82,91,65
1979-02-04,9.6,13.0,6.4,93,96,84
1979-02-05,10.6,14.0,8.4,93,99,78
1979-02-06,9.6,12.3,6.7,95,100,88
1979-02-07,8.7,10.6,6.2,76,93,55
1979-02-08,6.3,7.8,4.5,79,91,71
1979-02-09,5.1,10.8,-0.1,86,100,63
1979-02-10,7.3,13.4,2.2,85,95,69
1979-02-11,9.1,16.4,3.4,87,100,64
1979-02-12,11.1,13.9,8.5,92,97,85
1979-02-13,13.7,18.1,11.0,80,95,57
1979-02-14,12.4,15.3,9.5,79,94,63
1979-02-15,10.8,15.9,6.9,79,96,53
1979-02-16,11.4,17.3,6.4,80,91,57
1979-02-17,10.1,12.0,8.3,75,85,65
1979-02-18,6.8,8.1,6.1,83,90,69
1979-02-19,8.1,10.9,6.7,76,92,53
1979-02-20,4.6,6.1,2.9,78,89,67
1979-02-21,2.5,4.6,1.1,68,76,57
1979-02-22,2.6,5.0,0.6,66,77,52
1979-02-23,2.6,5.3,-0.2,72,88,55
1979-02-24,3.0,6.3,0.2,72,87,52
1979-02-25,3.3,7.0,-1.0,72,91,52
1979-02-26,3.2,6.1,0.5,70,90,47
1979-02-27,3.5,6.5,0.4,69,84,51
1979-02-28,4.5,9.1,-0.3,74,88,59
1979-03-01,6.3,9.8,3.4,87,95,74
1979-03-02,7.6,13.2,2.5,83,99,56
1979-03-03,8.7,13.6,3.0,81,99,58
1979-03-04,9.8,15.0,4.3,80,98,55
1979-03-05,8.7,12.8,5.3,88,98,72
1979-03-06,8.4,11.7,5.6,77,95,55
1979-03-07,7.9,13.2,2.1,70,94,43
1979-03-08,8.0,12.8,4.1,82,92,62
1979-03-09,8.9,13.7,5.4,81,98,56
1979-03-10,8.4,12.3,3.7,73,88,56
1979-03-11,8.7,12.3,5.9,82,94,65
1979-03-12,9.3,14.4,5.4,72,89,52
1979-03-13,11.4,17.1,6.5,79,92,59
1979-03-14,11.8,17.8,5.5,84,100,64
1979-03-15,11.8,16.8,7.7,89,100,68
1979-03-16,12.8,16.3,9.7,90,99,77
1979-03-17,12.9,17.7,8.7,73,99,39
1979-03-18,12.2,17.0,8.3,62,78,40
1979-03-19,12.9,18.0,8.2,72,87,54
1979-03-20,13.8,18.3,10.4,80,93,59
1979-03-21,13.4,18.4,8.6,86,99,65
1979-03-22,13.1,18.6,8.1,85,100,59
1979-03-23,14.2,18.8,11.2,80,99,51
1979-03-24,13.1,17.5,9.1,63,80,38
1979-03-25,12.6,17.6,6.5,70,97,39
1979-03-26,11.1,13.6,7.9,82,95,70
1979-03-27,13.4,18.7,9.0,79,92,62
1979-03-28,14.2,17.6,11.5,81,94,61
1979-03-29,14.1,19.1,9.0,79,100,50
1979-03-30,14.4,19.2,9.7,70,92,46
1979-03-31,13.1,16.8,9.5,59,80,42
1979-04-01,12.4,15.7,9.9,78,94,60
1979-04-02,13.2,16.0,11.0,87,96,73
1979-04-03,11.0,12.5,8.9,82,95,68
1979-04-04,13.0,17.8,8.9,68,86,45
1979-04-05,14.0,18.1,10.1,68,81,52
1979-04-06,14.1,18.2,10.6,73,90,45
1979-04-07,12.6,16.1,8.9,78,98,51
1979-04-08,11.6,15.5,7.4,62,83,41
1979-04-09,11.2,15.5,6.7,57,78,34
1979-04-10,11.6,17.0,5.6,60,83,38
1979-04-11,13.0,18.1,6.3,71,97,44
1979-04-12,12.6,16.6,7.7,80,97,62
1979-04-13,10.5,12.5,9.2,79,92,66
1979-04-14,11.6,15.1,9.2,72,86,54
1979-04-15,12.1,17.0,7.5,77,94,54
1979-04-16,13.4,18.1,8.4,78,98,56
1979-04-17,12.3,14.4,9.4,81,92,72
1979-04-18,13.7,17.7,10.6,83,95,65
1979-04-19,11.9,14.9,9.8,73,96,49
1979-04-20,9.7,11.6,8.0,71,80,60
1979-04-21,9.9,12.2,7.7,74,89,64
1979-04-22,10.0,11.8,8.5,76,88,70
1979-04-23,10.9,14.6,6.6,76,97,60
1979-04-24,12.2,16.2,6.8,74,99,57
1979-04-25,13.2,18.7,7.4,72,96,41
1979-04-26,14.5,20.3,9.5,81,97,57
1979-04-27,15.9,20.3,12.9,79,93,58
1979-04-28,15.8,21.2,10.3,78,94,59
1979-04-29,16.5,21.4,10.9,71,100,37
1979-04-30,16.6,21.4,10.7,59,82,32
1979-05-01,16.4,21.1,10.7,58,82,33
1979-05-02,17.0,21.9,11.8,64,85,39
1979-05-03,17.7,22.4,13.0,69,89,48
1979-05-04,19.5,25.0,12.0,60,89,35
1979-05-05,20.2,24.8,15.6,64,83,45
1979-05-06,20.4,24.8,15.2,60,82,37
1979-05-07,19.2,23.3,15.5,72,87,56
1979-05-08,19.2,23.2,16.1,75,93,55
1979-05-09,19.8,24.0,15.9,72,90,55
1979-05-10,20.1,24.1,15.8,74,94,53
1979-05-11,16.8,19.5,14.6,85,95,71
1979-05-12,15.9,18.8,13.8,84,96,70
1979-05-13,15.2,18.8,11.5,81,95,62
1979-05-14,15.6,19.4,12.3,70,88,50
1979-05-15,15.4,18.6,12.0,77,95,60
1979-05-16,16.8,20.9,12.0,71,91,52
1979-05-17,17.7,22.1,12.3,76,99,55
1979-05-18,19.7,24.6,14.1,70,91,46
1979-05-19,19.1,22.6,15.1,81,93,69
1979-05-20,19.6,24.6,16.1,84,99,60
1979-05-21,20.2,25.7,15.2,82,100,57
1979-05-22,22.0,26.4,17.3,76,94,55
1979-05-23,19.6,22.8,16.3,85,95,71
1979-05-24,19.6,22.3,15.7,82,100,62
1979-05-25,20.1,23.8,15.8,80,99,64
1979-05-26,21.3,26.0,16.0,81,100,60
1979-05-27,22.3,26.4,17.2,81,100,62
1979-05-28,23.2,28.0,17.4,79,100,55
1979-05-29,24.0,29.3,18.8,69,93,38
1979-05-30,20.0,22.2,17.1,81,94,65
1979-05-31,21.4,26.9,16.1,73,94,47
1979-06-01,23.8,28.6,18.1,68,91,44
1979-06-02,23.0,27.1,18.0,68,87,50
1979-06-03,23.2,29.3,18.4,67,79,40
1979-06-04,22.5,27.3,18.9,70,93,41
1979-06-05,21.8,27.1,17.7,71,88,44
1979-06-06,20.7,23.4,17.2,75,91,62
1979-06-07,22.3,26.7,17.7,74,93,55
1979-06-08,23.8,27.9,20.2,70,88,51
1979-06-09,24.1,28.2,20.6,66,85,46
1979-06-10,24.3,29.3,19.5,64,82,44
1979-06-11,25.9,31.1,20.7,61,82,40
1979-06-12,24.5,27.2,22.5,72,88,57
1979-06-13,24.2,27.6,21.3,73,93,57
1979-06-14,24.0,27.8,19.9,73,98,54
1979-06-15,25.1,28.7,21.7,70,87,54
1979-06-16,26.2,31.3,21.2,69,90,46
1979-06-17,28.1,32.7,22.8,58,83,36
1979-06-18,27.5,32.5,22.8,61,78,40
1979-06-19,27.1,30.8,22.9,62,80,43
1979-06-20,25.5,29.2,21.1,62,78,50
1979-06-21,24.1,28.1,20.0,58,82,37
1979-06-22,23.1,27.6,18.3,55,75,35
1979-06-23,23.6,27.9,18.9,55,80,37
1979-06-24,22.8,25.7,19.6,63,78,49
1979-06-25,22.7,28.2,18.1,68,89,41
1979-06-26,25.0,29.8,19.6,60,89,36
1979-06-27,26.7,32.2,21.3,53,79,31
1979-06-28,26.5,31.7,22.0,60,82,35
1979-06-29,25.9,30.1,22.3,61,83,42
1979-06-30,26.6,31.2,22.9,55,69,38
1979-07-01,26.6,31.7,20.9,58,83,32
1979-07-02,25.6,29.1,22.3,70,87,52
1979-07-03,25.7,28.6,22.9,71,89,55
1979-07-04,26.9,31.1,22.4,65,88,42
1979-07-05,24.9,27.6,21.2,50,69,35
1979-07-06,22.7,27.0,18.1,46,61,28
1979-07-07,22.9,27.2,17.4,52,87,28
1979-07-08,23.9,28.5,18.8,45,62,30
1979-07-09,22.2,25.3,19.8,67,83,50
1979-07-10,21.7,26.6,17.3,58,75,36
1979-07-11,24.6,29.8,18.2,51,81,31
1979-07-12,24.5,30.8,17.7,48,74,26
1979-07-13,25.5,31.7,19.8,67,91,44
1979-07-14,29.0,35.2,23.1,55,78,33
1979-07-15,27.3,31.6,23.8,47,67,31
1979-07-16,24.4,29.2,19.6,65,92,38
1979-07-17,24.2,27.9,21.0,72,90,52
1979-07-18,24.6,28.9,20.0,65,93,37
1979-07-19,24.0,27.8,21.0,72,89,50
1979-07-20,25.7,31.3,19.4,68,99,43
1979-07-21,27.9,33.6,22.8,62,82,40
1979-07-22,28.3,33.1,24.1,64,86,41
1979-07-23,28.6,33.6,23.3,59,86,32
1979-07-24,23.7,27.6,20.3,77,98,54
1979-07-25,23.9,28.5,19.1,53,79,29
1979-07-26,23.0,27.6,18.0,49,76,35
1979-07-27,24.7,30.3,19.0,59,89,32
1979-07-28,25.2,29.7,19.5,52,76,33
1979-07-29,24.1,28.8,19.5,45,64,25
1979-07-30,23.1,27.5,19.0,67,87,45
1979-07-31,24.8,30.2,19.2,69,91,48
1979-08-01,27.4,33.5,22.2,66,90,39
1979-08-02,28.4,33.7,23.2,64,87,37
1979-08-03,28.3,33.0,24.4,67,88,45
1979-08-04,27.7,31.5,24.2,65,83,48
1979-08-05,29.6,34.6,24.4,52,80,30
1979-08-06,25.9,29.4,22.3,46,74,37
1979-08-07,24.7,28.3,21.2,60,85,39
1979-08-08,25.1,29.0,21.3,57,75,42
1979-08-09,24.3,28.0,20.4,67,85,50
1979-08-10,24.3,28.1,20.0,70,94,49
1979-08-11,25.0,29.0,20.5,71,96,49
1979-08-12,22.1,24.1,19.7,76,93,57
1979-08-13,21.3,26.4,16.8,47,66,29
1979-08-14,20.6,24.7,16.3,50,64,38
1979-08-15,22.3,27.5,17.6,58,74,42
1979-08-16,23.3,28.6,18.1,63,82,41
1979-08-17,22.9,27.1,18.8,69,87,45
1979-08-18,20.5,23.1,19.0,90,95,81
1979-08-19,22.8,27.2,19.5,80,95,59
1979-08-20,24.1,28.6,19.6,78,97,54
1979-08-21,23.5,28.8,19.1,79,98,55
1979-08-22,22.3,26.7,18.0,73,95,49
1979-08-23,23.6,28.3,19.0,65,83,45
1979-08-24,24.4,27.9,20.9,69,87,53
1979-08-25,24.5,29.0,19.7,76,100,52
1979-08-26,25.0,28.8,21.4,70,88,48
1979-08-27,25.0,30.3,19.3,63,91,32
1979-08-28,23.7,27.9,19.1,61,82,42
1979-08-29,22.4,24.8,20.2,78,90,65
1979-08-30,20.8,25.1,17.1,61,79,40
1979-08-31,20.3,24.2,17.0,65,87,44
1979-09-01,19.6,23.8,15.9,71,93,44
1979-09-02,21.5,26.1,16.1,58,85,34
1979-09-03,21.7,25.5,18.5,62,78,41
1979-09-04,21.7,26.0,15.7,69,98,46
1979-09-05,21.4,26.2,16.6,74,98,47
1979-09-06,19.1,22.5,16.0,81,94,64
1979-09-07,18.7,23.2,15.8,77,95,49
1979-09-08,21.1,26.8,15.1,66,88,43
1979-09-09,21.6,26.5,16.6,71,88,46
1979-09-10,21.7,27.1,16.5,77,100,45
1979-09-11,22.3,27.3,17.1,75,99,45
1979-09-12,22.9,27.5,18.9,75,93,49
1979-09-13,22.5,27.1,16.7,76,100,48
1979-09-14,22.6,26.9,17.7,76,96,51
1979-09-15,23.9,29.1,18.7,65,93,34
1979-09-16,19.1,21.5,15.0,55,74,38
1979-09-17,15.1,18.7,11.7,54,74,40
1979-09-18,16.6,21.6,11.7,68,89,43
1979-09-19,19.4,26.0,12.0,69,98,41
1979-09-20,20.9,27.7,14.0,67,97,35
1979-09-21,21.7,26.9,17.1,64,85,39
1979-09-22,20.7,25.1,16.0,77,97,53
1979-09-23,21.4,26.3,16.8,79,99,54
1979-09-24,22.7,28.0,17.4,75,96,49
1979-09-25,23.9,29.2,19.8,73,90,47
1979-09-26,24.1,28.8,19.2,62,85,36
1979-09-27,22.3,26.7,17.7,71,85,54
1979-09-28,23.0,27.2,19.0,74,91,55
1979-09-29,23.5,27.3,20.5,72,93,48
1979-09-30,23.3,27.6,19.5,65,82,44
1979-10-01,21.0,24.6,17.3,75,91,55
1979-10-02,19.1,20.5,17.9,83,92,76
1979-10-03,16.8,17.8,14.8,86,94,73
1979-10-04,15.0,16.7,13.7,71,85,56
1979-10-05,15.7,19.0,12.3,71,87,55
1979-10-06,16.3,21.3,11.2,83,100,61
1979-10-07,15.6,17.0,13.6,88,91,83
1979-10-08,14.1,15.9,12.4,78,92,62
1979-10-09,15.4,18.8,11.8,72,91,53
1979-10-10,15.9,19.1,13.6,74,90,54
1979-10-11,15.2,18.4,10.9,82,100,64
1979-10-12,14.9,19.5,10.2,85,100,64
1979-10-13,15.8,20.6,11.2,87,100,67
1979-10-14,17.4,22.5,13.2,87,99,68
1979-10-15,17.8,22.9,13.7,87,100,66
1979-10-16,19.2,24.4,14.4,84,100,65
1979-10-17,19.9,26.5,13.8,80,100,51
1979-10-18,19.8,24.5,15.2,82,99,63
1979-10-19,15.9,19.3,12.5,73,91,48
1979-10-20,12.3,16.0,10.0,70,86,49
1979-10-21,12.9,16.5,10.6,74,89,55
1979-10-22,14.0,17.4,11.5,73,89,53
1979-10-23,13.8,17.7,8.6,81,99,64
1979-10-24,12.8,15.4,10.3,74,99,50
1979-10-25,10.4,13.3,8.1,65,73,50
1979-10-26,7.8,9.1,6.3,58,73,45
1979-10-27,8.1,11.5,5.3,67,79,53
1979-10-28,10.0,11.4,8.4,76,82,69
1979-10-29,12.3,14.8,10.4,78,83,73
1979-10-30,13.5,16.1,11.4,89,97,84
1979-10-31,14.4,16.8,12.4,96,99,90
1979-11-01,12.8,15.5,10.7,80,99,63
1979-11-02,11.1,12.7,9.5,75,89,64
1979-11-03,9.6,10.7,8.6,81,89,71
1979-11-04,8.0,9.0,6.7,84,94,74
1979-11-05,8.4,11.2,5.7,83,96,67
1979-11-06,9.8,11.7,8.5,87,92,81
1979-11-07,11.0,16.1,7.2,64,79,45
1979-11-08,11.2,16.6,6.8,66,78,47
1979-11-09,10.9,16.2,5.7,85,100,68
1979-11-10,11.8,16.5,8.5,90,98,73
1979-11-11,12.8,16.4,10.2,89,98,70
1979-11-12,12.5,16.4,9.6,93,99,84
1979-11-13,10.2,14.6,6.4,82,100,55
1979-11-14,10.2,14.3,6.5,76,91,56
1979-11-15,11.0,16.0,7.1,87,96,70
1979-11-16,14.4,18.2,11.1,92,98,81
1979-11-17,15.9,18.1,14.3,89,95,77
1979-11-18,16.0,16.5,15.6,89,94,80
1979-11-19,13.6,15.2,11.1,79,91,63
1979-11-20,11.1,14.6,8.6,91,95,78
1979-11-21,12.1,14.7,10.4,86,96,68
1979-11-22,11.6,14.7,9.5,85,96,67
1979-11-23,10.7,12.7,9.2,83,90,73
1979-11-24,11.1,13.0,10.1,89,92,79
1979-11-25,10.6,11.8,9.4,89,92,84
1979-11-26,8.7,10.3,6.9,71,84,62
1979-11-27,8.2,11.5,4.8,70,84,57
1979-11-28,8.7,11.3,7.1,61,75,47
1979-11-29,7.2,10.8,4.0,62,74,53
1979-11-30,9.2,14.7,5.2,79,89,64
1979-12-01,11.3,17.2,5.5,76,95,58
1979-12-02,9.4,15.1,5.1,83,96,66
1979-12-03,9.9,13.8,7.1,82,91,66
1979-12-04,8.6,13.2,4.4,80,95,61
1979-12-05,8.6,13.1,5.8,73,83,57
1979-12-06,8.9,15.1,5.0,66,80,47
1979-12-07,10.6,17.1,6.6,66,75,49
1979-12-08,10.5,15.9,7.1,67,79,50
1979-12-09,8.8,13.7,4.9,71,89,49
1979-12-10,7.5,12.5,2.9,76,94,57
1979-12-11,7.0,12.7,2.4,90,99,74
1979-12-12,9.6,14.9,6.4,87,97,69
1979-12-13,4.2,7.8,0.5,47,72,33
1979-12-14,0.8,4.6,-2.3,54,80,35
1979-12-15,2.0,4.6,-0.6,82,93,69
1979-12-16,4.1,9.2,-0.1,92,97,78
1979-12-17,6.3,7.9,5.0,76,94,63
1979-12-18,5.9,10.1,2.6,73,84,60
1979-12-19,5.1,10.7,0.5,83,97,64
1979-12-20,6.0,11.0,2.5,89,97,72
1979-12-21,8.6,11.6,6.3,91,96,81
1979-12-22,10.6,13.0,9.0,89,97,77
1979-12-23,11.2,13.4,10.2,89,97,78
1979-12-24,9.8,10.8,6.6,90,98,83
1979-12-25,6.9,8.3,5.3,85,93,77
1979-12-26,5.4,6.8,3.8,88,99,79
1979-12-27,4.6,6.5,3.3,86,99,69
1979-12-28,2.8,6.7,-1.5,80,98,54
1979-12-29,4.0,7.0,1.0,88,95,77
1979-12-30,6.4,10.4,3.1,85,95,64
1979-12-31,9.0,12.5,5.1,88,93,77
1980-01-01,7.3,12.2,2.6,71,88,48
1980-01-02,2.9,5.4,0.1,79,95,64
1980-01-03,3.6,6.4,0.2,84,98,62
1980-01-04,-0.5,1.2,-2.1,55,62,46
1980-01-05,-1.9,1.4,-4.7,57,70,47
1980-01-06,0.1,4.0,-2.6,72,92,60
1980-01-07,1.8,4.9,-0.9,92,97,84
1980-01-08,0.8,4.7,-1.6,83,98,65
1980-01-09,-0.7,3.4,-3.8,74,87,62
1980-01-10,-2.0,2.8,-6.2,82,92,66
1980-01-11,0.4,4.4,-3.3,86,95,77
1980-01-12,0.4,3.2,-2.1,87,96,68
1980-01-13,-0.9,1.5,-2.5,84,96,69
1980-01-14,-1.5,1.6,-4.2,79,89,63
1980-01-15,-0.3,3.1,-2.2,80,89,70
1980-01-16,1.7,4.3,-0.3,86,95,81
1980-01-17,2.6,8.2,-1.0,86,97,68
1980-01-18,3.0,5.4,1.0,86,93,75
1980-01-19,3.1,4.8,1.3,86,92,78
1980-01-20,4.1,7.3,0.5,86,95,71
1980-01-21,4.6,7.8,2.3,87,92,76
1980-01-22,4.2,8.0,0.1,84,100,62
1980-01-23,4.9,6.6,3.4,83,88,77
1980-01-24,6.4,10.7,2.1,86,95,71
1980-01-25,7.3,12.7,3.1,87,96,70
1980-01-26,7.0,10.5,4.0,80,96,59
1980-01-27,4.7,6.7,2.2,85,98,59
1980-01-28,0.4,1.9,-1.5,54,69,40
1980-01-29,-0.8,2.7,-3.7,57,73,41
1980-01-30,1.8,7.6,-2.1,66,79,48
1980-01-31,3.1,8.8,-1.2,77,88,59
1980-02-01,4.7,11.9,-0.6,84,93,69
1980-02-02,6.9,12.2,3.8,85,98,67
1980-02-03,6.2,10.4,2.9,84,94,74
1980-02-04,8.1,11.7,5.7,87,96,66
1980-02-05,7.5,13.3,1.8,81,98,56
1980-02-06,8.5,14.5,3.2,77,89,62
1980-02-07,7.4,12.1,2.4,81,93,64
1980-02-08,8.1,10.5,6.6,94,98,89
1980-02-09,7.6,11.7,4.2,87,100,65
1980-02-10,7.2,10.9,3.4,86,97,72
1980-02-11,7.3,11.5,3.7,87,98,71
1980-02-12,6.9,9.9,3.6,88,99,73
1980-02-13,6.3,9.1,4.3,81,94,59
1980-02-14,3.8,7.1,-0.5,74,90,52
1980-02-15,3.1,7.6,-0.7,64,78,43
1980-02-16,4.3,9.9,0.5,67,80,46
1980-02-17,5.2,10.3,0.7,70,87,50
1980-02-18,5.4,7.9,3.0,88,95,75
1980-02-19,5.2,7.1,3.9,81,93,65
1980-02-20,4.7,7.5,2.9,82,93,66
1980-02-21,5.3,8.8,2.7,76,89,54
1980-02-22,4.0,6.8,1.1,82,92,67
1980-02-23,3.8,5.4,2.9,80,89,68
1980-02-24,4.4,8.3,0.5,74,99,45
1980-02-25,3.9,8.8,-0.9,67,85,41
1980-02-26,3.8,8.1,0.3,72,89,51
1980-02-27,3.2,5.9,0.8,83,95,65
1980-02-28,2.4,5.9,-1.6,66,95,39
1980-02-29,1.4,5.0,-1.7,61,81,35
1980-03-01,2.4,7.3,-2.0,56,74,40
1980-03-02,5.7,12.0,0.2,59,76,38
1980-03-03,6.3,12.2,-0.4,77,92,60
1980-03-04,6.9,10.0,4.6,73,95,51
1980-03-05,4.3,8.2,1.3,47,73,31
1980-03-06,2.9,5.7,0.7,70,85,53
1980-03-07,3.3,6.5,0.9,86,94,76
1980-03-08,6.5,11.7,2.5,83,94,66
1980-03-09,9.1,14.3,5.0,86,99,66
1980-03-10,7.6,13.1,4.0,91,100,71
1980-03-11,8.5,12.9,4.7,71,94,45
1980-03-12,7.6,11.6,2.8,78,93,61
1980-03-13,7.1,10.1,4.1,89,97,76
1980-03-14,7.5,9.3,5.8,85,93,74
1980-03-15,6.9,8.6,5.6,75,84,66
1980-03-16,4.9,6.2,3.7,85,95,74
1980-03-17,4.8,7.2,3.3,93,97,86
1980-03-18,6.6,10.0,2.6,84,97,66
1980-03-19,8.0,11.2,5.0,82,97,61
1980-03-20,7.2,11.8,2.3,86,100,66
1980-03-21,10.3,15.8,4.4,84,97,68
1980-03-22,13.0,17.7,7.9,83,96,65
1980-03-23,13.9,17.9,11.0,86,97,67
1980-03-24,13.2,16.7,10.5,91,99,79
1980-03-25,11.8,17.6,6.9,82,100,46
1980-03-26,11.2,14.3,8.1,88,99,71
1980-03-27,12.0,16.7,6.6,75,99,48
1980-03-28,11.9,17.4,6.8,71,94,50
1980-03-29,12.3,16.8,8.1,86,100,67
1980-03-30,13.2,18.1,7.8,84,100,65
1980-03-31,13.1,18.1,7.9,80,100,54
1980-04-01,12.7,15.7,9.7,78,91,64
1980-04-02,13.2,17.8,8.1,83,100,57
1980-04-03,13.0,17.5,8.0,83,100,61
1980-04-04,12.2,15.8,9.0,78,95,54
1980-04-05,10.5,14.9,6.4,64,86,40
1980-04-06,9.5,11.2,7.9,81,91,67
1980-04-07,10.4,14.8,5.3,66,95,41
1980-04-08,10.4,14.4,5.6,67,84,45
1980-04-09,10.9,15.3,5.8,74,99,47
1980-04-10,11.0,14.0,8.7,85,96,73
1980-04-11,10.4,14.1,7.1,83,95,64
1980-04-12,10.5,14.7,7.0,70,91,44
1980-04-13,10.2,15.0,4.6,66,89,39
1980-04-14,11.0,16.6,4.4,70,100,39
1980-04-15,13.2,19.0,7.7,62,80,38
1980-04-16,14.5,20.2,9.2,65,80,42
1980-04-17,14.9,20.0,10.6,69,87,44
1980-04-18,14.0,18.7,9.6,73,96,47
1980-04-19,15.1,19.8,10.7,71,91,50
1980-04-20,12.8,17.1,9.5,87,99,66
1980-04-21,15.1,19.3,10.5,76,98,57
1980-04-22,14.3,17.2,12.5,74,87,63
1980-04-23,11.4,16.0,5.6,68,94,42
1980-04-24,12.0,15.9,7.1,61,83,37
1980-04-25,13.3,17.4,8.4,65,91,47
1980-04-26,12.7,17.2,8.3,81,95,60
1980-04-27,12.9,17.3,7.5,82,100,57
1980-04-28,13.8,17.4,9.8,81,100,62
1980-04-29,14.6,18.7,9.3,78,100,56
1980-04-30,14.2,18.7,8.4,74,93,46
1980-05-01,14.6,18.8,11.4,77,92,50
1980-05-02,14.8,19.4,10.8,73,91,50
1980-05-03,15.4,21.3,9.1,72,90,50
1980-05-04,16.3,20.9,10.8,75,96,57
1980-05-05,16.4,20.7,11.9,78,97,52
1980-05-06,16.6,20.5,13.2,81,96,60
1980-05-07,16.8,20.5,11.0,78,100,56
1980-05-08,18.2,22.0,14.1,73,91,54
1980-05-09,19.1,22.8,15.8,72,86,56
1980-05-10,17.6,21.8,13.7,82,100,60
1980-05-11,15.9,19.5,11.9,79,96,61
1980-05-12,15.5,19.7,12.2,80,92,60
1980-05-13,14.5,16.8,12.8,79,92,62
1980-05-14,14.9,18.0,11.5,72,85,57
1980-05-15,13.4,14.5,12.5,87,90,82
1980-05-16,15.1,19.1,11.2,80,91,68
1980-05-17,16.6,21.8,10.2,75,100,47
1980-05-18,17.2,22.1,10.9,61,82,37
1980-05-19,15.9,21.1,12.7,78,94,53
1980-05-20,15.1,18.7,12.0,84,96,70
1980-05-21,14.8,19.1,10.1,75,91,56
1980-05-22,16.4,21.4,11.0,72,91,51
1980-05-23,17.2,20.7,12.8,78,97,60
1980-05-24,15.1,16.1,13.2,90,96,81
1980-05-25,15.7,21.2,8.9,74,98,49
1980-05-26,17.0,21.7,12.1,64,82,42
1980-05-27,17.6,21.4,12.9,72,93,53
1980-05-28,16.7,19.7,13.4,77,92,56
1980-05-29,18.4,24.0,12.3,80,100,57
1980-05-30,20.0,24.5,15.2,80,98,60
1980-05-31,20.6,25.0,16.4,68,99,40
1980-06-01,18.5,22.9,12.5,57,80,39
1980-06-02,16.6,18.4,13.8,78,89,69
1980-06-03,17.5,22.2,13.8,63,88,39
1980-06-04,17.7,22.2,13.0,56,73,42
1980-06-05,19.1,23.9,14.6,62,77,46
1980-06-06,18.7,23.3,14.4,68,87,48
1980-06-07,19.1,24.0,13.0,68,89,45
1980-06-08,20.7,25.5,15.3,64,84,43
1980-06-09,21.5,25.6,16.9,68,86,52
1980-06-10,22.2,27.4,17.1,73,94,51
1980-06-11,23.5,29.1,17.4,69,95,43
1980-06-12,24.5,30.2,18.6,56,76,36
1980-06-13,24.8,30.0,19.8,65,87,43
1980-06-14,25.7,31.2,20.5,63,87,38
1980-06-15,24.1,27.3,21.2,66,81,50
1980-06-16,25.4,31.0,19.7,56,81,34
1980-06-17,25.5,30.1,20.3,47,67,30
1980-06-18,22.1,24.2,19.2,70,89,57
1980-06-19,20.9,23.0,18.3,77,90,67
1980-06-20,20.3,24.7,15.8,78,94,58
1980-06-21,22.8,26.8,18.6,70,93,49
1980-06-22,23.6,27.2,20.7,63,81,43
1980-06-23,24.8,30.0,19.8,63,82,43
1980-06-24,26.2,31.4,22.1,60,82,38
1980-06-25,27.1,32.4,22.4,59,80,39
1980-06-26,26.9,32.7,20.8,47,80,25
1980-06-27,26.6,32.3,19.9,48,71,28
1980-06-28,25.1,28.5,22.2,46,79,27
1980-06-29,22.3,26.0,17.4,57,76,46
1980-06-30,24.1,29.3,19.0,62,85,40
1980-07-01,24.2,28.5,19.3,63,84,41
1980-07-02,24.6,28.2,21.2,71,90,53
1980-07-03,25.7,30.2,21.3,60,88,30
1980-07-04,22.3,25.1,19.1,71,86,54
1980-07-05,22.2,27.6,17.4,53,83,30
1980-07-06,23.4,29.3,17.6,52,77,30
1980-07-07,24.2,29.2,18.5,62,94,36
1980-07-08,25.7,30.7,21.2,57,77,37
1980-07-09,25.7,30.5,21.4,63,84,43
1980-07-10,27.6,33.7,22.1,60,84,39
1980-07-11,29.5,36.1,23.3,59,83,35
1980-07-12,29.0,34.1,23.6,57,86,35
1980-07-13,24.9,30.2,19.5,46,65,25
1980-07-14,24.9,29.3,19.3,57,82,38
1980-07-15,25.9,30.7,21.1,63,89,39
1980-07-16,27.1,32.4,22.0,59,82,38
1980-07-17,27.9,32.6,23.5,59,82,39
1980-07-18,27.8,32.9,23.2,60,84,34
1980-07-19,26.6,30.9,22.3,63,85,36
1980-07-20,25.5,28.9,21.7,74,93,56
1980-07-21,26.4,30.5,22.9,66,88,46
1980-07-22,26.5,30.6,22.3,51,88,27
1980-07-23,23.9,28.3,19.1,38,53,24
1980-07-24,25.0,29.6,19.4,43,61,30
1980-07-25,26.0,30.7,20.5,44,64,30
1980-07-26,26.5,31.6,20.8,49,70,32
1980-07-27,27.1,31.6,23.1,57,79,34
1980-07-28,27.4,32.6,21.9,58,91,29
1980-07-29,27.9,32.8,22.1,51,78,31
1980-07-30,27.6,32.4,23.6,64,89,40
1980-07-31,26.9,31.1,22.8,67,87,46
1980-08-01,27.3,33.3,22.3,61,91,25
1980-08-02,26.5,31.4,21.7,63,90,37
1980-08-03,26.9,30.8,23.6,62,79,41
1980-08-04,26.6,31.0,22.8,65,89,43
1980-08-05,26.9,31.8,22.3,62,86,39
1980-08-06,28.1,33.3,23.8,59,79,37
1980-08-07,29.3,35.3,23.7,57,84,32
1980-08-08,29.6,34.8,25.4,57,82,32
1980-08-09,29.1,33.8,25.1,57,77,37
1980-08-10,28.6,34.1,23.7,56,85,31
1980-08-11,27.1,31.1,23.5,60,83,36
1980-08-12,24.4,27.5,21.5,76,92,58
1980-08-13,25.2,29.0,21.8,72,91,52
1980-08-14,23.6,27.8,19.7,57,87,28
1980-08-15,23.4,28.6,18.0,48,66,29
1980-08-16,24.6,30.7,18.3,54,74,32
1980-08-17,24.5,28.9,20.4,67,87,47
1980-08-18,23.6,27.6,20.2,67,87,48
1980-08-19,22.8,28.2,18.4,58,86,28
1980-08-20,23.2,28.4,17.7,60,88,32
1980-08-21,22.9,28.3,17.4,63,92,32
1980-08-22,25.0,30.9,20.3,61,83,34
1980-08-23,25.9,31.5,20.4,65,89,40
1980-08-24,24.9,28.5,21.6,72,88,51
1980-08-25,23.7,28.4,20.3,64,89,38
1980-08-26,21.8,24.7,18.6,66,84,44
1980-08-27,22.1,26.4,17.9,70,94,47
1980-08-28,22.7,26.8,18.5,71,95,50
1980-08-29,23.2,27.1,20.0,66,86,45
1980-08-30,23.4,28.1,19.8,68,87,46
1980-08-31,23.8,28.2,19.7,71,93,48
1980-09-01,24.7,29.7,20.3,70,96,46
1980-09-02,22.3,26.9,18.3,53,74,31
1980-09-03,20.4,25.1,16.4,52,74,31
1980-09-04,19.6,24.1,15.1,61,86,38
1980-09-05,20.6,25.3,16.9,60,79,35
1980-09-06,20.3,25.5,14.8,72,99,48
1980-09-07,20.9,26.1,15.1,72,99,45
1980-09-08,21.6,25.8,18.1,72,94,47
1980-09-09,21.8,26.4,18.5,73,91,47
1980-09-10,22.0,26.6,17.2,76,100,47
1980-09-11,22.7,27.8,17.3,74,99,47
1980-09-12,23.5,29.0,18.6,66,94,29
1980-09-13,21.6,25.0,17.9,74,93,56
1980-09-14,22.4,28.0,16.9,72,99,45
1980-09-15,23.4,28.5,18.3,55,93,24
1980-09-16,22.7,28.5,16.8,43,65,26
1980-09-17,20.4,24.6,16.6,54,84,32
1980-09-18,20.1,25.1,15.1,74,99,49
1980-09-19,21.5,27.2,15.5,74,100,47
1980-09-20,20.7,24.7,17.2,74,94,49
1980-09-21,20.6,24.5,16.8,73,93,52
1980-09-22,20.8,26.0,16.0,76,100,51
1980-09-23,23.8,31.4,17.8,66,94,29
1980-09-24,21.2,24.5,18.6,76,89,55
1980-09-25,19.9,22.3,16.9,80,97,64
1980-09-26,18.8,20.8,17.1,77,93,61
1980-09-27,19.0,22.2,16.1,75,92,58
1980-09-28,19.1,23.2,15.2,80,100,54
1980-09-29,19.2,24.0,15.0,64,97,34
1980-09-30,17.7,22.3,12.8,52,78,29
1980-10-01,17.7,23.3,12.3,55,82,36
1980-10-02,16.3,19.7,12.6,43,58,29
1980-10-03,15.9,21.2,11.0,50,73,33
1980-10-04,16.8,21.6,12.4,43,57,28
1980-10-05,16.5,22.2,10.8,58,81,33
1980-10-06,17.9,22.7,14.0,75,92,50
1980-10-07,18.3,22.9,14.0,78,97,52
1980-10-08,18.7,22.5,14.9,84,98,68
1980-10-09,19.5,23.4,16.4,84,97,64
1980-10-10,20.0,25.4,16.5,81,96,52
1980-10-11,17.3,21.0,13.3,58,91,34
1980-10-12,17.6,22.1,12.9,64,84,46
1980-10-13,19.7,24.8,17.0,76,95,50
1980-10-14,18.6,22.3,15.0,62,84,47
1980-10-15,17.9,22.8,14.3,65,82,37
1980-10-16,17.5,22.7,11.1,71,96,45
1980-10-17,17.7,22.8,12.9,80,97,57
1980-10-18,18.7,24.5,13.9,83,99,57
1980-10-19,19.6,25.3,15.6,81,97,53
1980-10-20,17.4,19.0,15.8,91,95,81
1980-10-21,14.8,16.7,12.9,89,94,81
1980-10-22,14.5,17.3,12.0,88,95,75
1980-10-23,15.2,18.5,12.5,85,99,65
1980-10-24,15.0,19.0,11.0,86,100,66
1980-10-25,14.8,19.7,11.0,87,100,63
1980-10-26,15.5,19.7,12.0,89,98,69
1980-10-27,17.0,19.5,14.7,87,93,76
1980-10-28,14.8,17.6,12.2,81,92,66
1980-10-29,14.8,18.1,11.6,83,99,64
1980-10-30,13.8,19.3,9.5,84,100,61
1980-10-31,13.6,17.0,11.2,67,88,49
1980-11-01,11.1,12.7,9.1,76,90,62
1980-11-02,10.1,11.5,8.9,84,91,76
1980-11-03,12.1,14.5,10.2,83,87,77
1980-11-04,14.5,17.8,12.2,87,93,78
1980-11-05,15.4,18.4,12.6,91,97,80
1980-11-06,15.9,17.8,14.3,88,96,77
1980-11-07,16.0,20.0,13.1,84,97,64
1980-11-08,14.0,18.3,9.9,68,87,48
1980-11-09,13.4,17.3,9.6,78,89,58
1980-11-10,15.3,18.7,13.5,88,95,71
1980-11-11,10.0,12.8,7.5,72,97,57
1980-11-12,9.9,12.8,7.9,73,88,62
1980-11-13,12.9,16.8,9.5,84,95,71
1980-11-14,14.2,17.9,11.6,89,96,73
1980-11-15,13.8,18.4,11.0,88,98,71
1980-11-16,13.7,18.7,8.3,75,94,54
1980-11-17,13.6,19.5,9.5,71,84,52
1980-11-18,12.8,17.3,9.2,80,93,62
1980-11-19,12.9,17.3,9.7,86,99,58
1980-11-20,9.2,11.4,7.1,50,60,39
1980-11-21,7.3,10.7,4.1,61,75,47
1980-11-22,8.8,14.1,3.5,74,95,54
1980-11-23,9.5,14.8,5.0,83,98,63
1980-11-24,10.6,17.2,6.0,79,99,53
1980-11-25,11.9,18.3,6.5,76,89,58
1980-11-26,11.8,16.9,7.7,76,91,56
1980-11-27,10.5,15.4,6.6,91,100,73
1980-11-28,12.9,16.5,10.2,90,97,81
1980-11-29,11.4,15.6,7.6,82,93,61
1980-11-30,11.7,14.2,9.4,82,89,71
1980-12-01,10.6,13.7,7.7,84,93,70
1980-12-02,9.3,11.7,5.7,81,94,61
1980-12-03,7.7,12.5,4.6,86,95,68
1980-12-04,7.5,10.2,5.7,89,94,78
1980-12-05,7.8,11.1,2.9,76,99,53
1980-12-06,3.8,8.6,-0.6,60,83,51
1980-12-07,9.6,14.5,4.7,81,89,69
1980-12-08,10.7,15.9,3.2,78,95,52
1980-12-09,-0.2,2.0,-1.8,48,58,39
1980-12-10,0.7,5.0,-2.5,49,54,42
1980-12-11,4.9,10.8,1.5,50,64,37
1980-12-12,7.7,14.4,2.8,53,63,37
1980-12-13,7.4,11.3,4.2,63,71,51
1980-12-14,5.5,11.3,0.1,74,97,50
1980-12-15,6.1,12.3,2.1,68,89,46
1980-12-16,5.7,11.5,1.1,86,98,67
1980-12-17,6.0,11.7,1.8,85,99,64
1980-12-18,6.1,10.1,2.1,91,99,79
1980-12-19,8.3,9.3,7.6,91,94,88
1980-12-20,8.8,11.5,5.7,93,98,84
1980-12-21,7.1,11.0,3.3,90,100,74
1980-12-22,9.1,13.2,5.5,90,98,76
1980-12-23,6.4,9.5,4.4,78,98,59
1980-12-24,5.8,10.2,2.9,70,78,58
1980-12-25,5.3,11.0,0.2,79,91,60
1980-12-26,5.0,9.5,0.6,84,98,66
1980-12-27,4.1,8.6,1.0,90,97,76
1980-12-28,5.2,10.0,1.1,80,99,59
1980-12-29,4.3,8.3,1.5,70,82,56
1980-12-30,3.4,8.3,-1.1,75,89,56
1980-12-31,3.8,8.9,-1.4,74,96,52
1981-01-01,3.1,8.5,-1.2,83,97,64
1981-01-02,3.5,7.7,-0.4,69,97,46
1981-01-03,2.9,7.2,-0.1,61,79,45
1981-01-04,3.4,10.0,-1.2,77,93,51
1981-01-05,5.9,12.0,2.0,81,92,66
1981-01-06,2.7,4.8,-0.7,51,65,34
1981-01-07,0.5,3.2,-2.3,63,76,47
1981-01-08,0.8,2.5,-0.8,57,77,46
1981-01-09,-1.9,-1.0,-2.9,55,69,45
1981-01-10,-2.8,-0.9,-4.2,71,77,66
1981-01-11,-1.4,4.3,-5.1,68,84,50
1981-01-12,-1.8,4.8,-8.5,83,96,58
1981-01-13,-0.1,4.5,-5.4,90,95,81
1981-01-14,6.6,11.1,3.5,92,97,83
1981-01-15,4.0,8.3,0.9,89,100,67
1981-01-16,3.8,8.0,0.2,91,94,84
1981-01-17,1.4,2.8,-0.9,67,81,59
1981-01-18,1.6,6.6,-2.1,70,89,53
1981-01-19,1.9,2.5,0.8,91,96,84
1981-01-20,-0.1,4.0,-3.8,80,85,62
1981-01-21,-2.2,2.1,-9.3,86,96,77
1981-01-22,1.2,1.8,0.6,91,92,90
1981-01-23,2.1,4.0,0.7,82,90,73
1981-01-24,0.8,3.3,-1.5,80,85,69
1981-01-25,-0.6,1.8,-3.2,89,92,85
1981-01-26,-0.7,3.9,-6.8,77,90,63
1981-01-27,0.2,1.3,-1.3,66,74,54
1981-01-28,-1.2,1.7,-3.8,68,75,57
1981-01-29,-1.0,0.1,-2.2,79,84,74
1981-01-30,-0.6,1.7,-3.3,78,80,75
1981-01-31,-0.5,3.8,-4.5,75,82,61
1981-02-01,0.1,6.7,-5.7,75,82,66
1981-02-02,3.0,7.8,-1.7,74,82,62
1981-02-03,3.6,10.1,-0.3,67,80,48
1981-02-04,3.0,8.9,-1.3,79,91,60
1981-02-05,5.5,11.3,0.3,90,96,78
1981-02-06,4.5,6.3,2.5,93,96,88
1981-02-07,4.1,7.5,2.4,76,91,61
1981-02-08,4.5,10.4,0.5,69,81,57
1981-02-09,7.2,14.3,1.3,73,86,53
1981-02-10,8.3,13.9,2.0,73,85,58
1981-02-11,7.4,13.9,2.5,82,93,61
1981-02-12,8.0,13.3,2.9,89,100,72
1981-02-13,9.8,14.2,5.9,80,97,58
1981-02-14,2.3,7.5,-0.8,88,94,81
1981-02-15,-0.7,2.0,-3.7,72,87,56
1981-02-16,-3.4,2.4,-7.7,72,80,56
1981-02-17,-3.4,2.3,-11.4,79,97,60
1981-02-18,-3.1,3.2,-11.4,84,100,68
1981-02-19,-0.5,4.2,-7.6,79,97,58
1981-02-20,0.6,5.8,-5.0,82,92,70
1981-02-21,4.4,9.5,0.0,89,95,72
1981-02-22,7.1,11.2,4.1,86,98,67
1981-02-23,6.2,12.3,1.3,79,98,54
1981-02-24,6.8,8.1,4.7,83,93,69
1981-02-25,4.9,5.8,4.2,88,92,80
1981-02-26,3.4,4.8,2.6,86,92,75
1981-02-27,3.6,6.7,1.2,80,94,59
1981-02-28,4.4,8.0,0.6,75,90,57
1981-03-01,4.9,8.8,1.4,79,92,60
1981-03-02,5.5,9.1,2.1,83,93,68
1981-03-03,7.9,11.4,5.1,85,94,72
1981-03-04,10.8,16.3,5.8,83,96,63
1981-03-05,10.5,13.9,7.1,73,98,47
1981-03-06,7.6,12.5,3.1,73,88,55
1981-03-07,7.8,11.8,3.3,83,98,64
1981-03-08,9.2,14.7,3.8,77,91,55
1981-03-09,10.3,16.3,4.7,77,92,53
1981-03-10,11.9,18.7,4.7,72,88,47
1981-03-11,13.8,20.9,7.3,67,80,47
1981-03-12,15.8,21.9,9.2,61,77,44
1981-03-13,15.0,19.8,11.4,69,79,56
1981-03-14,14.1,17.8,8.5,62,86,47
1981-03-15,11.3,15.2,7.3,78,95,64
1981-03-16,10.4,13.5,7.7,89,95,80
1981-03-17,11.5,17.0,7.1,86,100,59
1981-03-18,11.8,15.8,7.4,89,99,75
1981-03-19,11.8,13.7,7.3,88,91,87
1981-03-20,9.6,14.3,6.5,67,86,51
1981-03-21,10.3,15.0,5.0,70,87,54
1981-03-22,10.9,14.5,6.5,83,100,67
1981-03-23,11.0,15.2,8.3,82,97,57
1981-03-24,10.9,14.7,6.1,83,100,64
1981-03-25,13.0,18.9,8.5,80,98,49
1981-03-26,13.9,20.3,9.0,79,96,49
1981-03-27,14.3,19.4,9.7,81,96,63
1981-03-28,15.1,19.8,12.1,83,94,61
1981-03-29,13.7,16.3,10.9,85,100,70
1981-03-30,11.4,13.4,9.2,81,93,68
1981-03-31,10.7,12.2,9.4,78,88,69
1981-04-01,10.2,13.2,7.8,75,88,62
1981-04-02,10.8,15.7,5.4,78,100,56
1981-04-03,9.1,10.4,7.4,86,91,77
1981-04-04,8.5,11.3,6.5,74,89,58
1981-04-05,8.8,12.5,4.8,77,95,59
1981-04-06,10.9,17.3,4.5,78,100,53
1981-04-07,14.0,20.1,7.6,61,89,33
1981-04-08,14.5,20.6,8.3,62,81,37
1981-04-09,13.9,19.4,8.8,75,93,53
1981-04-10,15.4,20.9,10.1,74,93,51
1981-04-11,14.2,17.0,10.6,79,94,60
1981-04-12,12.6,14.8,10.6,76,94,58
1981-04-13,13.5,19.0,8.3,69,96,40
1981-04-14,15.5,21.0,10.5,66,83,43
1981-04-15,16.9,22.9,9.9,61,84,37
1981-04-16,15.6,20.6,11.3,73,94,51
1981-04-17,15.1,18.4,12.8,78,86,65
1981-04-18,14.1,18.2,10.9,79,90,60
1981-04-19,15.5,20.2,11.1,77,100,54
1981-04-20,12.6,16.5,8.3,51,75,37
1981-04-21,12.8,15.6,9.6,70,88,56
1981-04-22,13.5,17.9,6.9,74,100,52
1981-04-23,14.8,19.4,9.3,72,98,50
1981-04-24,16.8,22.1,11.9,68,87,47
1981-04-25,17.6,23.1,12.0,66,92,36
1981-04-26,17.0,22.6,11.2,61,79,40
1981-04-27,17.3,21.2,12.4,73,93,58
1981-04-28,17.5,22.4,11.0,60,94,31
1981-04-29,15.1,19.4,9.0,52,77,33
1981-04-30,13.9,17.9,9.1,62,81,40
1981-05-01,15.4,20.0,10.1,69,94,45
1981-05-02,15.0,20.4,9.5,80,98,54
1981-05-03,16.0,20.4,12.1,81,97,60
1981-05-04,16.5,21.0,10.7,78,100,52
1981-05-05,15.4,19.2,12.1,78,91,54
1981-05-06,13.7,18.5,8.6,59,85,36
1981-05-07,15.1,18.9,11.9,52,61,41
1981-05-08,17.1,23.5,11.4,55,74,35
1981-05-09,15.3,18.6,12.0,78,93,62
1981-05-10,16.1,19.9,12.3,78,97,63
1981-05-11,16.8,20.2,12.3,75,96,60
1981-05-12,17.2,22.2,12.6,72,95,42
1981-05-13,17.0,21.7,12.7,69,96,39
1981-05-14,17.2,22.3,11.2,66,90,41
1981-05-15,16.2,19.3,12.7,77,87,67
1981-05-16,15.1,17.2,13.3,72,84,60
1981-05-17,16.4,21.7,12.0,65,90,39
1981-05-18,18.2,23.0,13.7,64,86,42
1981-05-19,19.5,24.1,14.4,64,88,42
1981-05-20,19.2,22.8,14.8,67,90,50
1981-05-21,19.5,23.7,16.2,63,88,45
1981-05-22,17.0,19.9,14.4,76,96,56
1981-05-23,17.2,20.9,13.6,68,89,49
1981-05-24,17.5,20.5,15.1,68,86,50
1981-05-25,18.2,22.4,13.7,66,90,44
1981-05-26,19.4,24.0,14.8,63,89,40
1981-05-27,20.1,24.3,15.9,62,85,42
1981-05-28,20.2,23.8,16.9,65,82,47
1981-05-29,21.4,26.8,16.0,63,88,42
1981-05-30,22.5,27.5,17.3,61,83,41
1981-05-31,22.4,26.2,18.3,68,85,52
1981-06-01,22.4,27.1,17.4,71,96,47
1981-06-02,23.3,27.1,20.1,66,84,48
1981-06-03,22.6,26.6,19.3,61,85,42
1981-06-04,23.7,28.8,19.2,57,77,41
1981-06-05,24.1,28.7,20.4,57,80,37
1981-06-06,24.1,28.8,19.3,58,78,40
1981-06-07,24.4,28.7,20.1,60,81,39
1981-06-08,25.0,29.1,20.8,61,84,40
1981-06-09,26.0,30.8,20.8,59,87,33
1981-06-10,26.6,30.9,21.8,55,73,37
1981-06-11,26.2,32.1,21.4,60,78,34
1981-06-12,24.8,28.4,20.4,66,84,50
1981-06-13,25.7,31.3,19.6,60,87,35
1981-06-14,23.8,27.7,20.2,51,72,26
1981-06-15,23.5,29.6,17.3,57,88,34
1981-06-16,24.3,29.6,19.5,61,82,37
1981-06-17,24.5,29.9,19.4,67,90,45
1981-06-18,25.6,30.1,20.6,67,91,45
1981-06-19,26.0,31.2,20.2,65,96,36
1981-06-20,24.6,28.2,20.4,52,70,40
1981-06-21,21.8,23.8,19.5,75,90,61
1981-06-22,21.7,26.1,17.3,63,82,42
1981-06-23,22.7,25.9,18.5,69,88,53
1981-06-24,24.0,28.6,19.9,67,91,39
1981-06-25,25.5,30.5,19.4,58,84,36
1981-06-26,26.6,30.8,21.8,61,82,43
1981-06-27,27.4,32.7,21.8,63,89,40
1981-06-28,29.4,35.7,23.4,59,85,36
1981-06-29,29.8,35.2,25.2,57,80,35
1981-06-30,30.2,36.8,25.1,59,81,31
1981-07-01,28.5,33.7,23.4,47,83,26
1981-07-02,25.9,31.0,21.5,44,70,25
1981-07-03,24.8,29.1,20.9,62,82,44
1981-07-04,26.0,30.3,21.4,55,77,39
1981-07-05,26.4,30.9,22.4,43,74,24
1981-07-06,24.4,28.7,20.8,43,72,28
1981-07-07,24.1,29.6,17.5,48,83,19
1981-07-08,24.1,28.4,19.5,49,71,31
1981-07-09,24.4,29.6,18.6,50,83,23
1981-07-10,25.1,30.2,18.9,46,65,29
1981-07-11,26.5,31.5,21.1,50,67,36
1981-07-12,25.8,29.3,21.5,64,88,45
1981-07-13,24.0,27.5,20.3,74,93,59
1981-07-14,24.2,27.9,19.4,65,89,46
1981-07-15,25.3,29.1,21.7,61,80,45
1981-07-16,26.3,31.2,21.2,60,88,34
1981-07-17,26.6,32.0,21.2,48,67,28
1981-07-18,26.5,31.2,22.1,58,80,36
1981-07-19,27.3,32.1,22.8,56,80,33
1981-07-20,27.6,32.5,21.8,49,83,24
1981-07-21,24.0,28.5,19.0,38,59,22
1981-07-22,24.3,30.0,18.6,38,56,23
1981-07-23,25.3,30.8,19.6,53,81,30
1981-07-24,26.2,31.2,22.2,58,77,37
1981-07-25,26.4,31.8,21.9,60,86,37
1981-07-26,27.0,31.9,22.0,59,83,37
1981-07-27,24.8,29.4,19.9,63,83,41
1981-07-28,21.8,26.4,18.0,58,90,34
1981-07-29,22.1,26.0,17.6,50,67,34
1981-07-30,22.8,27.5,17.8,50,71,32
1981-07-31,24.3,29.8,18.1,50,71,31
1981-08-01,25.5,31.9,19.2,55,86,27
1981-08-02,26.7,32.8,20.6,58,86,31
1981-08-03,28.9,35.3,23.2,51,72,29
1981-08-04,29.6,34.8,24.8,50,67,34
1981-08-05,27.3,29.9,23.4,60,81,46
1981-08-06,25.2,27.6,23.6,60,78,45
1981-08-07,26.5,32.6,20.8,54,80,29
1981-08-08,27.3,32.1,22.8,54,76,34
1981-08-09,27.0,31.2,22.9,60,84,39
1981-08-10,27.7,33.2,23.0,56,78,34
1981-08-11,27.6,32.0,23.4,57,83,35
1981-08-12,27.8,32.5,23.7,56,80,33
1981-08-13,27.2,32.2,22.0,56,82,30
1981-08-14,22.7,24.5,20.4,83,93,71
1981-08-15,22.1,26.2,19.0,79,95,60
1981-08-16,23.8,27.9,19.4,71,92,49
1981-08-17,25.0,28.7,21.5,63,79,44
1981-08-18,25.8,30.2,21.5,64,83,42
1981-08-19,24.0,27.6,20.3,64,75,51
1981-08-20,24.4,28.1,21.5,69,85,51
1981-08-21,25.1,28.7,21.6,70,91,50
1981-08-22,26.2,30.9,21.5,64,86,39
1981-08-23,24.6,29.5,20.1,57,83,34
1981-08-24,23.9,28.1,19.4,72,99,48
1981-08-25,18.8,22.6,15.3,69,87,46
1981-08-26,19.5,23.9,15.1,60,78,40
1981-08-27,20.2,25.0,15.4,56,80,34
1981-08-28,20.9,26.3,15.0,59,80,37
1981-08-29,20.0,24.2,16.1,57,80,37
1981-08-30,20.8,25.5,15.1,73,98,53
1981-08-31,22.0,26.4,16.9,76,99,55
1981-09-01,22.5,26.5,18.2,74,99,50
1981-09-02,23.1,27.5,18.7,69,92,47
1981-09-03,23.5,27.4,19.2,75,98,53
1981-09-04,23.2,26.8,19.0,73,97,51
1981-09-05,23.0,25.9,20.4,69,87,54
1981-09-06,20.0,22.9,17.2,82,95,63
1981-09-07,20.6,23.6,17.6,71,90,54
1981-09-08,21.1,24.2,18.6,65,80,47
1981-09-09,21.3,25.4,16.6,64,88,42
1981-09-10,21.9,26.8,17.0,63,84,39
1981-09-11,22.5,26.7,17.7,68,90,49
1981-09-12,22.7,27.2,18.1,67,88,46
1981-09-13,22.1,26.9,17.3,57,76,37
1981-09-14,20.9,25.3,16.3,75,96,54
1981-09-15,20.2,25.4,16.5,74,100,54
1981-09-16,18.0,23.1,13.7,50,70,29
1981-09-17,18.6,24.0,12.5,57,80,39
1981-09-18,20.3,24.9,14.5,56,82,36
1981-09-19,19.8,24.8,14.5,72,95,52
1981-09-20,21.2,27.0,14.8,74,99,47
1981-09-21,23.1,29.3,18.1,70,90,43
1981-09-22,23.6,29.3,18.6,71,90,45
1981-09-23,24.2,29.1,20.6,68,86,46
1981-09-24,24.5,30.8,19.4,68,88,37
1981-09-25,23.3,28.1,19.4,75,91,52
1981-09-26,22.7,26.3,19.6,78,97,58
1981-09-27,22.4,26.7,18.4,79,99,54
1981-09-28,21.9,26.1,17.8,80,100,54
1981-09-29,21.0,24.9,17.6,82,100,61
1981-09-30,18.9,23.2,15.3,79,100,49
1981-10-01,18.9,22.5,14.9,75,96,52
1981-10-02,18.8,23.2,15.0,72,92,45
1981-10-03,19.7,24.4,15.2,78,93,56
1981-10-04,20.3,25.2,15.0,70,95,39
1981-10-05,21.2,27.1,15.8,62,82,38
1981-10-06,21.8,27.6,16.3,63,83,40
1981-10-07,21.8,28.0,16.3,67,90,39
1981-10-08,22.7,29.4,17.1,68,88,38
1981-10-09,20.0,23.3,16.5,82,97,64
1981-10-10,19.7,23.9,16.0,80,98,54
1981-10-11,19.4,23.9,15.1,83,100,60
1981-10-12,18.9,22.6,15.8,74,100,47
1981-10-13,19.0,23.6,14.8,75,91,58
1981-10-14,16.4,20.0,13.4,56,68,37
1981-10-15,16.2,20.5,11.9,73,90,59
1981-10-16,18.2,23.8,13.6,78,96,52
1981-10-17,18.3,23.5,13.2,83,100,58
1981-10-18,18.7,21.9,15.5,81,99,62
1981-10-19,17.8,22.9,13.6,84,100,59
1981-10-20,17.5,22.6,13.3,84,99,59
1981-10-21,17.3,21.7,13.2,83,100,59
1981-10-22,17.4,20.5,15.0,89,97,77
1981-10-23,18.5,22.4,15.6,88,99,70
1981-10-24,18.7,22.0,15.7,82,96,54
1981-10-25,14.6,17.7,12.0,66,93,41
1981-10-26,13.3,17.0,9.4,75,85,62
1981-10-27,15.7,17.1,13.7,88,92,83
1981-10-28,17.7,20.8,14.4,81,100,47
1981-10-29,14.8,18.4,12.5,68,85,51
1981-10-30,13.3,17.6,8.8,67,92,41
1981-10-31,12.9,18.3,7.4,72,93,49
1981-11-01,14.1,20.8,8.8,68,85,47
1981-11-02,15.7,20.7,11.7,66,76,50
1981-11-03,16.3,22.5,10.9,62,83,44
1981-11-04,13.6,16.6,10.7,51,82,35
1981-11-05,12.0,16.0,7.3,80,100,57
1981-11-06,12.2,17.7,7.0,83,100,62
1981-11-07,10.7,12.3,8.9,65,82,52
1981-11-08,8.8,10.0,6.9,74,86,59
1981-11-09,3.8,6.5,2.4,86,95,75
1981-11-10,3.0,6.3,-0.2,65,82,43
1981-11-11,2.1,4.9,-0.3,58,68,45
1981-11-12,3.1,7.9,-0.4,61,73,43
1981-11-13,4.7,11.2,-0.2,65,77,46
1981-11-14,5.8,11.4,1.5,76,89,55
1981-11-15,6.4,10.3,2.9,92,95,89
1981-11-16,5.4,8.5,2.5,81,97,65
1981-11-17,5.3,9.0,2.4,68,79,53
1981-11-18,3.5,7.9,0.6,69,83,50
1981-11-19,3.8,9.7,-0.5,69,86,46
1981-11-20,5.6,11.3,1.5,76,87,57
1981-11-21,7.2,12.4,2.7,80,94,62
1981-11-22,7.5,14.3,2.2,75,89,55
1981-11-23,9.8,16.4,4.9,70,84,55
1981-11-24,8.8,14.8,5.1,82,94,64
1981-11-25,7.8,13.2,3.5,82,98,61
1981-11-26,5.5,8.6,3.4,81,93,64
1981-11-27,2.3,3.2,1.5,90,96,78
1981-11-28,3.3,6.3,1.5,79,89,62
1981-11-29,5.9,9.2,2.9,91,99,79
1981-11-30,4.3,6.1,3.3,87,99,74
1981-12-01,3.6,7.9,0.2,73,86,55
1981-12-02,5.0,10.8,0.6,88,98,77
1981-12-03,4.3,8.5,1.6,83,100,60
1981-12-04,4.4,6.3,2.9,89,95,83
1981-12-05,5.9,9.6,3.9,85,95,70
1981-12-06,4.2,7.9,1.1,63,78,43
1981-12-07,5.6,11.9,0.5,82,95,72
1981-12-08,8.3,14.7,2.2,91,100,76
1981-12-09,10.5,15.1,4.1,87,100,66
1981-12-10,10.7,14.7,4.7,81,96,66
1981-12-11,8.6,14.2,3.8,88,98,71
1981-12-12,10.9,15.6,6.9,90,98,75
1981-12-13,11.0,14.1,5.5,92,99,85
1981-12-14,4.9,10.3,2.0,72,93,51
1981-12-15,5.8,9.3,2.2,88,99,76
1981-12-16,6.7,11.1,1.8,78,95,63
1981-12-17,7.3,12.4,2.8,81,99,58
1981-12-18,5.7,10.7,1.9,73,84,53
1981-12-19,9.8,14.2,5.9,85,93,79
1981-12-20,7.5,12.0,2.6,88,96,73
1981-12-21,1.7,5.2,-0.8,60,79,45
1981-12-22,2.6,5.5,-0.7,86,96,78
1981-12-23,7.6,10.3,4.5,96,98,94
1981-12-24,9.4,13.0,7.2,83,96,66
1981-12-25,8.0,12.7,4.0,87,95,76
1981-12-26,6.4,10.5,2.9,88,100,66
1981-12-27,4.2,6.6,2.1,72,97,53
1981-12-28,2.8,7.5,-0.7,71,86,50
1981-12-29,3.4,8.3,-1.2,86,97,69
1981-12-30,6.6,12.1,2.6,91,97,79
1981-12-31,6.2,12.9,2.5,85,99,60
1982-01-01,6.1,12.8,2.3,90,99,75
1982-01-02,7.4,14.0,3.4,92,100,73
1982-01-03,7.5,10.6,4.1,69,91,53
1982-01-04,5.6,11.1,1.7,76,87,57
1982-01-05,6.6,13.8,2.7,79,90,55
1982-01-06,6.8,11.6,3.4,89,99,72
1982-01-07,6.0,12.2,1.5,79,99,44
1982-01-08,-0.4,2.1,-2.3,41,48,33
1982-01-09,-0.1,4.0,-3.0,62,88,38
1982-01-10,3.1,7.9,0.4,88,93,77
1982-01-11,4.2,6.2,2.0,91,95,85
1982-01-12,6.4,10.5,4.4,90,96,79
1982-01-13,6.1,11.7,3.0,88,99,66
1982-01-14,3.1,4.4,1.4,79,92,63
1982-01-15,1.2,5.1,-1.7,84,98,61
1982-01-16,1.1,7.1,-2.4,81,97,55
1982-01-17,1.6,8.5,-2.5,74,92,47
1982-01-18,2.5,8.3,-2.1,70,90,47
1982-01-19,1.8,6.8,-2.7,82,97,64
1982-01-20,3.0,6.1,1.2,87,96,69
1982-01-21,3.3,7.4,-0.3,80,94,57
1982-01-22,3.0,6.9,-0.4,82,93,63
1982-01-23,3.5,6.3,1.6,83,93,66
1982-01-24,3.7,7.2,1.2,83,93,62
1982-01-25,2.8,4.3,1.3,94,99,88
1982-01-26,3.8,6.0,2.0,88,98,72
1982-01-27,3.7,7.2,1.1,86,96,71
1982-01-28,4.4,9.6,-0.6,84,99,65
1982-01-29,4.1,7.8,0.6,86,96,70
1982-01-30,4.6,8.9,1.2,69,93,45
1982-01-31,5.8,11.8,0.3,64,74,51
1982-02-01,4.5,6.5,2.1,55,84,37
1982-02-02,2.3,6.3,-0.2,50,60,34
1982-02-03,2.3,6.6,-0.5,57,65,44
1982-02-04,2.7,7.2,-1.1,62,77,46
1982-02-05,2.2,5.9,-1.2,72,93,48
1982-02-06,2.1,7.0,-2.3,69,93,44
1982-02-07,2.8,9.1,-2.6,69,93,41
1982-02-08,5.0,10.6,1.1,65,76,49
1982-02-09,5.6,11.2,0.5,74,86,56
1982-02-10,5.5,9.7,3.0,79,92,63
1982-02-11,4.2,9.3,-0.5,78,97,47
1982-02-12,3.1,7.1,-0.3,74,88,57
1982-02-13,3.1,8.7,-2.0,81,98,58
1982-02-14,3.3,7.0,0.1,79,93,58
1982-02-15,3.6,7.2,0.7,76,92,54
1982-02-16,3.6,7.8,-0.1,78,92,60
1982-02-17,4.3,8.5,0.5,83,94,66
1982-02-18,5.2,7.5,3.1,78,88,64
1982-02-19,3.6,7.4,-0.0,78,95,55
1982-02-20,3.8,5.8,1.2,80,91,68
1982-02-21,2.2,3.0,1.5,93,97,87
1982-02-22,2.4,5.0,1.0,87,97,71
1982-02-23,2.0,3.6,1.1,95,98,88
1982-02-24,4.0,7.7,1.5,92,98,80
1982-02-25,6.6,10.6,4.1,94,100,85
1982-02-26,6.9,12.2,3.3,83,100,53
1982-02-27,6.8,11.7,1.7,85,96,73
1982-02-28,6.5,11.6,1.6,81,100,56
1982-03-01,6.6,11.5,1.7,65,82,47
1982-03-02,8.1,13.2,3.2,68,83,51
1982-03-03,7.2,11.8,2.6,86,96,72
1982-03-04,9.0,13.6,4.3,82,95,62
1982-03-05,9.1,14.3,3.4,83,100,62
1982-03-06,9.4,14.6,3.8,86,100,71
1982-03-07,8.6,10.3,6.9,79,90,67
1982-03-08,5.9,6.8,4.3,81,96,72
1982-03-09,4.9,6.4,3.5,75,84,71
1982-03-10,5.4,10.8,-0.3,82,100,57
1982-03-11,7.3,12.6,1.6,84,99,63
1982-03-12,7.4,11.2,4.7,84,97,61
1982-03-13,7.5,12.9,2.9,64,84,44
1982-03-14,8.5,13.7,4.6,82,97,60
1982-03-15,7.4,11.2,4.8,78,97,56
1982-03-16,6.3,9.4,3.7,74,86,58
1982-03-17,7.0,12.6,2.1,71,87,50
1982-03-18,8.5,13.4,2.7,80,97,61
1982-03-19,9.6,13.2,5.9,86,96,68
1982-03-20,9.0,12.7,5.7,84,99,61
1982-03-21,6.9,10.6,2.5,80,94,66
1982-03-22,5.9,7.8,3.9,74,86,60
1982-03-23,6.8,11.0,3.6,73,92,48
1982-03-24,6.2,10.1,3.0,60,78,38
1982-03-25,5.0,8.3,2.5,69,85,56
1982-03-26,6.7,12.6,1.2,69,98,35
1982-03-27,9.7,16.0,3.4,67,85,48
1982-03-28,11.5,17.4,6.6,69,83,48
1982-03-29,12.6,19.0,6.8,70,85,50
1982-03-30,12.1,18.1,5.9,79,98,53
1982-03-31,13.9,19.9,7.8,84,99,62
1982-04-01,13.0,16.1,9.7,89,97,80
1982-04-02,11.5,13.5,9.4,82,93,65
1982-04-03,10.4,12.9,8.8,86,94,75
1982-04-04,12.3,19.3,5.6,76,100,43
1982-04-05,13.5,18.3,9.8,59,77,37
1982-04-06,11.9,16.1,8.1,76,90,56
1982-04-07,12.7,17.9,7.7,75,97,56
1982-04-08,14.5,20.0,9.9,74,88,54
1982-04-09,13.9,19.8,7.8,78,100,57
1982-04-10,13.4,17.2,8.7,82,96,64
1982-04-11,14.8,19.8,10.7,81,100,54
1982-04-12,14.3,18.6,10.6,82,97,60
1982-04-13,14.1,19.0,9.4,83,100,59
1982-04-14,14.8,19.5,10.0,83,97,66
1982-04-15,16.6,23.0,11.4,79,96,55
1982-04-16,16.5,19.8,13.7,82,94,65
1982-04-17,15.1,19.4,11.6,75,91,49
1982-04-18,12.7,14.4,11.0,86,93,76
1982-04-19,13.1,16.2,10.6,84,98,70
1982-04-20,13.3,16.6,9.6,74,97,47
1982-04-21,9.8,11.5,8.4,88,91,82
1982-04-22,10.0,14.3,7.1,76,91,53
1982-04-23,8.1,9.0,7.0,88,94,83
1982-04-24,7.9,10.3,6.5,85,94,69
1982-04-25,9.9,14.9,3.8,75,99,53
1982-04-26,11.7,16.9,4.6,64,90,40
1982-04-27,12.2,16.7,7.0,63,79,45
1982-04-28,8.2,10.3,7.3,84,89,73
1982-04-29,7.7,9.1,6.4,88,93,83
1982-04-30,10.7,15.5,6.4,75,94,50
1982-05-01,12.2,17.7,5.6,68,88,44
1982-05-02,13.4,17.7,8.8,75,92,58
1982-05-03,13.5,18.6,7.7,74,93,50
1982-05-04,14.3,19.9,7.6,77,100,48
1982-05-05,15.6,20.1,10.4,74,97,51
1982-05-06,16.5,20.7,12.2,69,93,46
1982-05-07,17.3,21.6,13.7,68,87,48
1982-05-08,18.1,23.3,12.3,70,92,50
1982-05-09,19.0,22.8,15.2,69,88,49
1982-05-10,19.2,23.2,14.7,70,89,49
1982-05-11,21.1,26.5,15.8,68,89,45
1982-05-12,23.4,29.9,15.5,67,87,46
1982-05-13,18.8,20.9,16.8,79,92,69
1982-05-14,16.2,17.3,15.1,84,94,76
1982-05-15,15.7,17.6,14.3,80,90,65
1982-05-16,16.6,21.7,11.5,72,97,40
1982-05-17,16.7,20.9,13.2,75,92,50
1982-05-18,17.3,21.8,11.9,76,98,50
1982-05-19,19.0,24.4,14.1,69,89,47
1982-05-20,20.7,26.3,16.0,67,83,43
1982-05-21,21.1,25.4,17.1,73,90,51
1982-05-22,21.7,26.3,17.5,70,93,44
1982-05-23,21.7,26.1,17.2,71,91,53
1982-05-24,21.9,25.7,17.2,71,92,55
1982-05-25,21.3,25.3,17.5,74,91,58
1982-05-26,18.1,22.5,14.0,83,95,63
1982-05-27,18.4,22.5,14.1,78,97,56
1982-05-28,18.5,22.1,14.4,82,96,66
1982-05-29,20.7,25.5,14.9,72,96,46
1982-05-30,21.7,26.4,16.5,70,89,49
1982-05-31,19.8,23.6,17.0,80,93,64
1982-06-01,19.8,25.5,14.3,73,97,39
1982-06-02,19.7,24.4,13.9,68,93,40
1982-06-03,21.6,25.8,15.9,66,91,44
1982-06-04,21.2,24.9,16.9,74,94,53
1982-06-05,22.1,25.7,18.5,66,89,46
1982-06-06,22.8,27.6,17.6,66,87,45
1982-06-07,23.5,28.1,19.7,67,87,42
1982-06-08,23.7,28.4,20.1,69,88,45
1982-06-09,22.0,24.7,19.4,80,92,64
1982-06-10,21.8,25.3,18.6,83,95,67
1982-06-11,23.5,28.0,19.5,78,97,54
1982-06-12,23.9,27.6,19.5,80,100,63
1982-06-13,24.4,28.5,19.4,70,96,48
1982-06-14,23.3,27.2,19.0,63,86,45
1982-06-15,20.2,24.7,15.8,49,64,30
1982-06-16,20.6,24.2,16.0,58,82,38
1982-06-17,21.8,27.2,16.6,64,90,36
1982-06-18,22.8,27.7,17.0,61,82,40
1982-06-19,22.6,26.8,18.0,72,92,54
1982-06-20,24.9,30.6,19.0,68,93,44
1982-06-21,25.9,29.9,22.0,68,89,48
1982-06-22,25.6,29.5,21.8,69,84,52
1982-06-23,26.1,29.5,23.2,68,89,49
1982-06-24,27.3,33.2,22.0,62,84,44
1982-06-25,29.8,37.4,23.5,62,87,29
1982-06-26,28.2,32.5,23.0,70,87,54
1982-06-27,28.0,32.9,22.9,71,96,48
1982-06-28,28.3,33.2,24.3,60,86,41
1982-06-29,25.6,30.6,20.8,48,70,28
1982-06-30,25.2,28.9,21.7,65,83,46
1982-07-01,24.6,28.6,21.2,44,86,25
1982-07-02,22.9,27.6,18.3,37,54,23
1982-07-03,23.2,29.2,17.2,43,68,27
1982-07-04,24.4,29.9,18.9,64,87,44
1982-07-05,26.9,33.0,19.9,51,86,25
1982-07-06,25.2,30.0,20.2,59,78,40
1982-07-07,22.9,26.3,20.6,75,88,49
1982-07-08,22.3,26.0,19.0,50,76,32
1982-07-09,21.8,26.2,17.2,48,63,31
1982-07-10,22.1,26.7,16.7,48,63,33
1982-07-11,22.8,27.9,17.6,54,71,38
1982-07-12,23.9,28.0,19.4,59,82,38
1982-07-13,23.7,28.2,19.4,70,90,47
1982-07-14,25.3,30.4,19.4,60,86,37
1982-07-15,26.3,31.5,20.7,56,76,33
1982-07-16,26.9,32.2,21.7,63,93,31
1982-07-17,26.5,31.2,21.8,58,84,34
1982-07-18,24.6,26.7,20.7,76,93,63
1982-07-19,24.8,28.5,22.4,70,85,51
1982-07-20,24.8,28.8,20.8,66,91,46
1982-07-21,25.7,30.4,21.9,66,83,45
1982-07-22,25.9,30.6,21.5,64,87,41
1982-07-23,26.8,32.1,22.2,60,83,38
1982-07-24,27.3,31.5,23.2,60,77,39
1982-07-25,27.0,30.5,23.5,63,81,45
1982-07-26,25.3,29.4,22.0,71,90,50
1982-07-27,23.8,27.9,19.5,75,97,53
1982-07-28,24.6,28.0,21.9,73,86,56
1982-07-29,25.5,30.5,19.7,63,90,38
1982-07-30,26.5,31.3,21.6,51,65,34
1982-07-31,26.1,31.5,19.7,64,91,40
1982-08-01,26.4,31.9,20.8,66,96,38
1982-08-02,26.4,30.9,21.2,50,76,33
1982-08-03,25.8,31.6,19.9,47,75,27
1982-08-04,26.1,31.4,20.9,64,86,41
1982-08-05,26.3,31.5,21.7,68,93,44
1982-08-06,27.0,31.9,22.5,60,86,34
1982-08-07,24.5,26.5,22.5,76,85,66
1982-08-08,23.2,26.2,20.1,79,94,64
1982-08-09,23.2,26.9,19.3,77,98,57
1982-08-10,23.6,27.0,20.0,74,91,55
1982-08-11,23.6,27.6,19.7,74,91,57
1982-08-12,25.6,31.0,18.7,63,91,37
1982-08-13,25.2,27.7,22.6,70,81,60
1982-08-14,24.9,28.6,21.2,72,89,55
1982-08-15,25.4,29.8,21.2,73,93,53
1982-08-16,26.0,30.2,22.4,78,97,58
1982-08-17,27.1,32.8,22.0,73,97,45
1982-08-18,26.9,31.1,23.4,69,91,43
1982-08-19,25.3,28.3,22.2,73,87,58
1982-08-20,24.8,29.1,21.2,77,93,57
1982-08-21,25.7,30.0,21.5,77,98,54
1982-08-22,25.9,30.1,22.7,74,94,53
1982-08-23,23.0,27.1,19.0,57,90,32
1982-08-24,22.5,27.1,18.1,53,74,35
1982-08-25,21.5,24.3,18.9,74,89,53
1982-08-26,22.5,27.6,17.3,59,80,37
1982-08-27,23.8,29.7,16.4,59,95,32
1982-08-28,25.2,31.2,19.5,61,85,32
1982-08-29,26.1,31.9,21.1,65,88,40
1982-08-30,26.2,31.6,22.2,65,85,41
1982-08-31,24.8,29.5,20.2,71,91,47
1982-09-01,25.2,28.5,21.9,74,92,55
1982-09-02,26.4,32.2,21.5,71,91,43
1982-09-03,27.2,31.9,22.9,66,92,45
1982-09-04,24.6,28.0,21.1,58,76,44
1982-09-05,23.7,27.6,20.4,69,85,49
1982-09-06,24.0,27.9,20.6,71,92,50
1982-09-07,23.8,28.4,19.7,75,93,52
1982-09-08,24.0,29.4,18.5,72,100,39
1982-09-09,24.2,28.2,20.2,73,92,49
1982-09-10,22.9,26.8,19.8,79,95,57
1982-09-11,22.7,27.4,18.3,73,95,47
1982-09-12,23.5,29.5,17.7,67,91,40
1982-09-13,22.7,25.7,20.0,74,86,59
1982-09-14,22.8,26.4,19.5,76,95,57
1982-09-15,23.8,27.8,20.5,68,91,43
1982-09-16,23.6,27.9,20.1,64,83,44
1982-09-17,23.6,27.8,19.9,68,88,46
1982-09-18,23.8,28.3,20.0,70,93,42
1982-09-19,22.9,26.0,20.3,70,85,52
1982-09-20,22.0,25.9,18.1,74,91,52
1982-09-21,21.8,26.5,17.1,80,100,50
1982-09-22,22.2,27.5,17.6,80,100,53
1982-09-23,22.9,27.4,19.7,79,95,55
1982-09-24,23.2,27.9,18.5,74,97,45
1982-09-25,23.4,27.5,17.9,74,98,50
1982-09-26,22.0,25.6,18.4,81,96,62
1982-09-27,21.6,25.7,17.6,78,98,55
1982-09-28,21.7,26.7,17.1,81,100,54
1982-09-29,22.3,27.9,17.2,80,100,48
1982-09-30,22.3,27.8,17.8,78,99,48
1982-10-01,21.0,22.8,18.6,85,97,72
1982-10-02,19.9,21.3,18.7,79,89,68
1982-10-03,18.7,20.9,17.2,83,93,68
1982-10-04,18.8,22.2,16.4,79,94,57
1982-10-05,17.2,18.3,16.4,78,93,67
1982-10-06,16.2,18.4,14.5,67,80,55
1982-10-07,17.1,18.8,15.8,74,80,70
1982-10-08,18.2,21.2,16.1,81,87,72
1982-10-09,18.7,22.8,15.3,82,98,59
1982-10-10,19.1,24.0,14.9,71,95,43
1982-10-11,17.9,22.4,13.6,71,88,49
1982-10-12,16.1,17.4,15.4,93,96,89
1982-10-13,17.2,20.9,14.4,82,95,58
1982-10-14,17.2,21.3,13.1,84,100,63
1982-10-15,17.7,22.6,13.6,86,98,68
1982-10-16,17.2,21.2,13.6,84,100,64
1982-10-17,14.7,18.2,11.3,64,82,44
1982-10-18,15.0,19.5,10.6,67,88,44
1982-10-19,15.5,20.5,9.6,72,95,47
1982-10-20,15.6,20.6,10.4,79,97,57
1982-10-21,15.3,18.4,12.0,89,99,75
1982-10-22,14.5,18.3,12.4,87,100,66
1982-10-23,14.3,18.9,10.2,82,100,57
1982-10-24,15.2,19.5,11.5,83,98,62
1982-10-25,15.8,20.6,11.6,85,99,63
1982-10-26,15.9,18.7,13.7,89,100,71
1982-10-27,16.3,18.6,14.7,87,97,72
1982-10-28,15.7,17.4,14.2,87,96,75
1982-10-29,13.6,16.3,11.4,89,100,70
1982-10-30,13.4,17.4,9.4,81,100,51
1982-10-31,12.7,17.1,7.1,75,100,47
1982-11-01,12.5,17.5,7.1,72,99,44
1982-11-02,12.2,18.5,5.8,69,97,41
1982-11-03,12.8,18.9,6.3,63,93,38
1982-11-04,12.8,18.1,5.9,65,96,41
1982-11-05,12.4,17.5,7.7,69,96,44
1982-11-06,9.0,10.1,7.9,70,81,64
1982-11-07,8.1,9.9,6.9,62,79,48
1982-11-08,7.1,10.6,3.4,67,91,42
1982-11-09,5.8,10.9,1.0,73,96,44
1982-11-10,5.8,11.7,0.4,75,98,46
1982-11-11,6.3,12.3,0.5,74,97,45
1982-11-12,5.9,12.1,1.0,77,98,45
1982-11-13,5.7,11.7,1.3,81,99,54
1982-11-14,7.9,14.0,3.7,85,94,70
1982-11-15,9.9,12.6,7.8,96,99,92
1982-11-16,10.2,12.2,8.2,96,98,93
1982-11-17,14.2,17.5,11.8,89,96,76
1982-11-18,9.7,12.1,6.4,92,97,80
1982-11-19,7.4,8.8,6.2,84,88,79
1982-11-20,9.4,13.6,6.5,76,84,62
1982-11-21,8.5,13.3,4.6,80,92,62
1982-11-22,8.2,12.8,3.5,82,96,65
1982-11-23,6.9,11.4,3.2,88,100,69
1982-11-24,5.7,10.8,2.2,85,100,62
1982-11-25,5.6,11.4,1.8,80,100,52
1982-11-26,5.2,10.5,1.6,86,100,59
1982-11-27,7.6,10.7,5.5,88,96,72
1982-11-28,8.9,10.7,7.0,89,91,86
1982-11-29,10.7,12.1,9.7,93,97,90
1982-11-30,11.6,14.1,10.3,92,97,77
1982-12-01,11.5,12.0,10.9,90,95,85
1982-12-02,9.9,11.1,8.4,81,90,69
1982-12-03,9.2,11.3,7.2,85,97,71
1982-12-04,6.6,8.8,5.1,79,88,74
1982-12-05,5.8,8.2,3.4,69,90,50
1982-12-06,3.8,8.5,-0.1,74,93,47
1982-12-07,3.4,9.2,-0.5,80,95,56
1982-12-08,3.3,8.6,-0.9,83,97,59
1982-12-09,4.6,10.4,-0.1,86,98,69
1982-12-10,6.6,13.2,2.6,92,99,74
1982-12-11,9.5,15.1,4.9,92,98,79
1982-12-12,8.6,12.1,5.5,96,100,89
1982-12-13,6.4,11.1,2.6,87,97,65
1982-12-14,9.0,14.5,4.8,92,98,80
1982-12-15,9.5,13.8,6.4,95,100,85
1982-12-16,6.3,10.5,3.1,91,99,76
1982-12-17,6.4,11.1,2.9,93,100,79
1982-12-18,9.6,13.6,5.2,93,98,84
1982-12-19,11.9,14.1,9.2,88,92,78
1982-12-20,8.6,12.3,4.7,83,99,64
1982-12-21,7.8,11.4,3.7,79,92,65
1982-12-22,7.6,12.2,4.0,92,98,80
1982-12-23,10.6,14.1,7.7,92,98,81
1982-12-24,11.5,13.5,8.8,91,97,83
1982-12-25,8.4,10.8,6.1,91,100,76
1982-12-26,6.2,8.5,4.5,84,98,67
1982-12-27,5.3,8.8,3.1,76,85,62
1982-12-28,4.3,8.6,-0.3,77,92,56
1982-12-29,4.4,6.0,2.6,77,85,67
1982-12-30,3.2,6.3,1.3,59,72,46
1982-12-31,1.3,4.2,-0.6,51,59,38
1983-01-01,1.6,5.4,-0.8,59,70,48
1983-01-02,2.7,7.0,0.1,70,79,56
1983-01-03,3.5,9.0,-0.1,76,87,61
1983-01-04,3.6,8.4,-0.3,75,82,56
1983-01-05,5.4,11.2,0.4,81,98,65
1983-01-06,6.7,11.6,3.5,77,88,57
1983-01-07,4.4,9.2,0.1,84,99,64
1983-01-08,4.1,10.8,-0.6,84,98,61
1983-01-09,5.4,10.7,0.4,85,98,67
1983-01-10,6.0,10.0,3.4,74,88,55
1983-01-11,5.2,10.6,1.5,64,71,50
1983-01-12,5.6,10.6,0.9,74,88,59
1983-01-13,4.7,10.2,-0.7,84,99,66
1983-01-14,3.1,8.1,-0.6,93,99,80
1983-01-15,4.4,9.3,1.1,94,99,82
1983-01-16,4.9,10.5,0.0,81,96,55
1983-01-17,4.5,9.2,0.1,71,86,51
1983-01-18,6.4,13.5,1.8,76,85,55
1983-01-19,7.2,14.5,1.9,79,94,56
1983-01-20,3.7,9.8,1.0,84,94,74
1983-01-21,0.7,2.7,-2.3,82,95,69
1983-01-22,-1.9,3.2,-6.7,74,82,66
1983-01-23,1.9,7.6,-2.5,79,87,65
1983-01-24,3.2,7.6,0.2,74,83,58
1983-01-25,2.6,6.5,-0.4,82,91,69
1983-01-26,3.5,7.3,-0.3,84,94,70
1983-01-27,6.0,12.2,1.9,73,84,55
1983-01-28,7.7,13.4,3.5,75,84,58
1983-01-29,9.4,15.0,5.7,74,83,54
1983-01-30,7.9,14.0,2.8,80,96,63
1983-01-31,7.7,13.6,2.9,91,100,69
1983-02-01,5.0,8.3,3.0,64,88,50
1983-02-02,4.6,10.0,0.3,76,92,62
1983-02-03,2.7,4.3,0.2,80,95,61
1983-02-04,2.3,6.8,-1.5,57,67,37
1983-02-05,1.2,2.8,-1.1,67,83,58
1983-02-06,0.7,5.5,-2.7,66,83,46
1983-02-07,5.4,11.3,-0.7,82,92,73
1983-02-08,11.1,13.9,8.0,86,95,75
1983-02-09,8.3,14.4,3.2,91,100,70
1983-02-10,10.4,13.9,8.1,91,99,75
1983-02-11,11.3,15.8,6.9,84,98,66
1983-02-12,10.2,13.3,5.9,73,91,49
1983-02-13,8.9,13.6,3.3,70,91,47
1983-02-14,8.0,12.9,3.6,78,91,58
1983-02-15,8.2,13.7,4.0,81,100,49
1983-02-16,5.7,6.3,4.3,88,93,82
1983-02-17,2.2,4.0,0.5,62,87,38
1983-02-18,-0.2,2.4,-2.6,45,53,32
1983-02-19,-0.5,2.4,-3.1,64,79,48
1983-02-20,0.1,4.3,-2.9,58,82,40
1983-02-21,2.1,6.9,-1.9,62,74,43
1983-02-22,2.0,5.9,-2.0,74,95,47
1983-02-23,0.8,4.4,-2.0,44,52,33
1983-02-24,0.1,4.4,-2.9,45,62,34
1983-02-25,0.9,5.4,-3.1,62,81,45
1983-02-26,2.3,7.7,-2.7,68,92,44
1983-02-27,3.4,9.6,-2.6,75,95,54
1983-02-28,4.1,7.4,1.5,90,97,83
1983-03-01,5.5,11.6,-0.1,87,99,64
1983-03-02,6.4,7.9,5.1,92,96,89
1983-03-03,6.5,11.0,3.4,76,97,45
1983-03-04,4.5,8.0,1.3,64,86,47
1983-03-05,4.2,9.1,-0.9,61,77,43
1983-03-06,5.2,11.5,0.1,67,83,50
1983-03-07,9.5,16.6,2.9,61,73,44
1983-03-08,10.8,16.5,5.8,63,80,44
1983-03-09,11.1,17.9,4.6,68,84,48
1983-03-10,13.0,19.5,7.4,63,79,43
1983-03-11,11.4,18.4,5.9,66,82,43
1983-03-12,10.5,15.6,5.6,59,84,38
1983-03-13,5.2,8.7,1.2,58,74,37
1983-03-14,4.8,8.7,2.2,61,79,42
1983-03-15,5.2,9.4,0.8,73,91,57
1983-03-16,6.3,10.9,0.3,78,99,59
1983-03-17,7.1,11.3,1.0,84,100,65
1983-03-18,9.4,13.5,5.6,78,95,56
1983-03-19,11.1,16.2,6.7,75,90,54
1983-03-20,11.9,17.9,6.5,71,87,43
1983-03-21,11.8,17.7,5.2,73,87,49
1983-03-22,12.9,18.4,7.5,73,88,50
1983-03-23,12.9,19.4,6.6,76,99,49
1983-03-24,12.8,17.6,8.0,84,99,65
1983-03-25,13.2,18.2,9.3,86,100,67
1983-03-26,14.4,18.6,11.0,80,94,60
1983-03-27,12.6,15.8,9.3,71,86,59
1983-03-28,10.2,14.8,6.0,66,89,43
1983-03-29,11.5,16.2,6.4,71,87,51
1983-03-30,13.1,18.3,8.3,77,98,51
1983-03-31,13.5,18.1,8.7,81,95,57
1983-04-01,14.1,16.9,12.6,89,96,77
1983-04-02,14.8,19.6,11.0,82,100,56
1983-04-03,15.1,18.8,12.0,67,82,54
1983-04-04,13.8,16.3,11.0,79,94,68
1983-04-05,12.7,16.8,8.1,75,99,47
1983-04-06,13.0,17.5,9.4,62,87,36
1983-04-07,13.9,18.9,9.8,63,81,39
1983-04-08,15.4,21.4,10.4,69,85,45
1983-04-09,16.3,21.7,11.3,70,89,43
1983-04-10,17.2,22.7,12.2,71,87,49
1983-04-11,18.5,24.4,13.5,71,86,49
1983-04-12,18.3,23.5,14.1,76,93,54
1983-04-13,17.4,23.1,13.1,70,92,36
1983-04-14,13.2,16.6,10.1,61,84,37
1983-04-15,11.3,15.2,7.7,52,75,30
1983-04-16,11.0,15.3,5.5,65,95,41
1983-04-17,10.8,15.3,6.4,60,78,34
1983-04-18,12.3,16.6,6.8,66,95,43
1983-04-19,13.9,19.1,8.4,70,88,47
1983-04-20,16.4,22.2,12.0,73,90,52
1983-04-21,16.0,21.1,11.1,80,99,58
1983-04-22,15.7,19.0,11.9,79,96,62
1983-04-23,16.4,22.5,10.8,78,100,53
1983-04-24,17.4,21.3,13.8,74,94,55
1983-04-25,18.0,22.4,13.8,72,95,53
1983-04-26,18.2,23.1,12.9,76,100,54
1983-04-27,18.7,23.1,15.1,69,85,51
1983-04-28,20.1,25.7,15.1,70,89,48
1983-04-29,20.7,25.2,16.3,70,89,48
1983-04-30,21.4,26.7,16.5,70,89,47
1983-05-01,21.8,26.7,16.4,73,99,49
1983-05-02,22.3,27.8,17.1,58,89,27
1983-05-03,19.6,24.7,13.8,44,67,24
1983-05-04,19.3,24.5,13.5,49,68,29
1983-05-05,20.1,24.6,15.9,54,74,32
1983-05-06,18.5,23.5,14.0,57,79,29
1983-05-07,18.3,23.1,14.0,62,91,33
1983-05-08,16.3,19.8,12.3,70,97,47
1983-05-09,17.2,21.9,12.1,69,90,46
1983-05-10,16.0,18.8,12.9,85,96,70
1983-05-11,17.8,23.6,11.8,74,100,43
1983-05-12,18.5,22.5,14.5,76,92,55
1983-05-13,20.7,26.3,15.4,70,92,41
1983-05-14,21.0,25.6,16.3,68,96,47
1983-05-15,22.0,27.1,17.2,61,83,42
1983-05-16,22.5,27.2,18.8,60,80,40
1983-05-17,23.0,28.2,18.2,57,80,34
1983-05-18,22.5,28.3,17.6,63,83,40
1983-05-19,20.3,23.7,17.4,80,97,64
1983-05-20,22.1,27.3,17.1,73,97,50
1983-05-21,23.9,29.8,18.1,63,93,30
1983-05-22,23.0,27.6,19.3,70,91,46
1983-05-23,22.4,25.4,19.8,72,89,54
1983-05-24,21.3,26.0,17.7,67,89,34
1983-05-25,20.6,25.5,14.2,50,77,31
1983-05-26,19.9,23.9,14.7,57,82,30
1983-05-27,20.4,25.6,13.6,57,88,31
1983-05-28,22.0,26.9,16.5,54,80,31
1983-05-29,21.8,26.7,17.0,64,86,41
1983-05-30,21.2,26.2,16.0,67,89,42
1983-05-31,21.8,26.3,17.5,71,94,44
1983-06-01,22.9,27.9,17.1,68,99,41
1983-06-02,23.9,27.7,20.0,67,88,47
1983-06-03,22.9,27.1,18.8,69,87,49
1983-06-04,22.3,27.6,17.3,68,89,42
1983-06-05,23.7,29.0,17.1,62,91,34
1983-06-06,25.3,30.0,21.0,57,77,35
1983-06-07,22.9,29.0,18.0,68,89,42
1983-06-08,17.8,20.4,16.0,78,90,61
1983-06-09,18.3,22.4,14.7,70,93,45
1983-06-10,20.4,25.1,16.3,62,84,43
1983-06-11,21.5,26.3,16.7,67,88,49
1983-06-12,22.0,25.3,19.3,71,84,58
1983-06-13,19.0,21.5,17.4,86,97,72
1983-06-14,18.7,22.2,16.5,86,95,72
1983-06-15,20.2,23.5,17.0,79,93,64
1983-06-16,19.9,23.8,15.9,76,98,54
1983-06-17,16.4,18.1,14.7,82,95,64
1983-06-18,18.8,22.9,14.9,61,74,47
1983-06-19,19.7,24.7,14.3,66,83,46
1983-06-20,21.7,25.9,17.1,70,91,50
1983-06-21,22.4,27.9,16.7,64,82,40
1983-06-22,23.0,26.8,19.3,70,90,48
1983-06-23,21.0,23.4,18.7,81,91,70
1983-06-24,18.7,21.5,16.5,79,91,66
1983-06-25,20.1,22.5,17.4,76,89,64
1983-06-26,21.5,26.4,16.0,79,99,58
1983-06-27,23.3,28.6,17.2,78,100,52
1983-06-28,24.0,28.1,19.5,75,99,54
1983-06-29,24.5,28.6,20.8,66,87,47
1983-06-30,21.5,23.7,19.0,76,87,63
1983-07-01,22.4,27.0,18.0,76,92,55
1983-07-02,22.6,26.2,20.1,80,93,61
1983-07-03,22.7,26.9,18.5,78,93,58
1983-07-04,23.8,28.9,18.6,72,92,49
1983-07-05,25.1,29.9,19.7,70,89,48
1983-07-06,24.5,28.2,20.9,78,92,62
1983-07-07,25.2,28.6,21.8,75,95,56
1983-07-08,24.4,28.0,20.7,81,99,64
1983-07-09,22.6,25.8,19.3,82,96,67
1983-07-10,23.5,27.3,18.9,76,95,58
1983-07-11,24.2,28.0,19.8,75,93,59
1983-07-12,24.3,28.2,19.9,75,96,57
1983-07-13,24.3,28.5,19.0,70,95,47
1983-07-14,25.2,29.5,20.5,65,80,44
1983-07-15,25.6,29.0,21.8,71,89,55
1983-07-16,24.4,28.3,20.4,77,94,61
1983-07-17,24.9,30.4,19.3,71,93,45
1983-07-18,25.8,31.3,20.8,68,86,43
1983-07-19,27.5,32.3,21.5,63,87,39
1983-07-20,28.6,33.6,23.7,62,86,37
1983-07-21,29.1,34.6,24.7,55,78,30
1983-07-22,22.7,26.9,18.6,52,74,32
1983-07-23,24.0,30.0,17.5,58,78,38
1983-07-24,27.4,33.1,22.1,61,80,36
1983-07-25,28.6,34.6,23.1,63,82,40
1983-07-26,27.3,31.2,23.9,46,64,29
1983-07-27,26.7,32.7,20.9,47,66,32
1983-07-28,28.5,34.7,22.5,50,65,32
1983-07-29,30.5,36.9,23.1,49,71,28
1983-07-30,27.0,30.2,23.8,57,73,42
1983-07-31,25.5,30.0,21.1,66,88,42
1983-08-01,25.8,29.0,22.9,71,87,53
1983-08-02,25.9,29.6,21.8,71,95,52
1983-08-03,26.5,31.0,23.0,71,87,50
1983-08-04,27.1,31.8,22.6,71,92,51
1983-08-05,24.2,28.5,19.2,48,73,30
1983-08-06,23.6,28.6,18.9,45,61,27
1983-08-07,23.9,28.6,17.9,50,79,28
1983-08-08,23.5,28.6,18.3,54,78,31
1983-08-09,23.9,29.4,18.5,49,69,30
1983-08-10,25.3,31.2,19.5,50,68,30
1983-08-11,25.8,31.4,19.6,53,72,32
1983-08-12,25.8,30.5,21.3,59,79,39
1983-08-13,24.6,29.3,20.0,67,89,44
1983-08-14,24.6,28.1,21.0,59,91,36
1983-08-15,22.3,26.0,19.2,53,72,39
1983-08-16,22.0,26.1,18.3,65,87,45
1983-08-17,22.6,26.5,19.2,64,81,47
1983-08-18,22.9,27.1,18.2,70,93,48
1983-08-19,23.0,26.2,19.8,75,94,57
1983-08-20,23.7,29.0,18.7,71,92,42
1983-08-21,24.5,29.5,20.2,65,89,40
1983-08-22,24.2,28.3,20.5,66,84,46
1983-08-23,24.3,28.1,21.8,67,82,46
1983-08-24,23.3,27.0,19.6,72,93,52
1983-08-25,22.8,25.7,19.0,73,95,57
1983-08-26,23.3,27.4,18.9,75,98,53
1983-08-27,23.9,28.7,19.8,74,97,50
1983-08-28,24.9,30.8,18.2,63,89,30
1983-08-29,23.7,27.8,20.0,76,95,53
1983-08-30,23.8,28.0,19.5,77,100,53
1983-08-31,22.2,24.6,19.8,74,92,54
1983-09-01,21.2,24.1,18.2,75,91,59
1983-09-02,21.7,24.5,19.5,73,84,57
1983-09-03,22.1,26.0,18.1,74,96,53
1983-09-04,22.8,26.8,18.2,70,94,46
1983-09-05,18.3,20.3,16.5,83,93,73
1983-09-06,20.7,25.9,16.2,66,84,44
1983-09-07,21.2,26.3,15.5,59,84,37
1983-09-08,21.1,25.8,16.3,64,81,47
1983-09-09,20.7,23.9,17.6,76,88,59
1983-09-10,21.1,26.1,16.5,81,100,58
1983-09-11,21.9,27.1,17.0,82,100,57
1983-09-12,22.7,28.3,16.8,81,100,57
1983-09-13,23.9,29.6,18.2,77,100,46
1983-09-14,23.2,27.1,19.1,58,72,42
1983-09-15,22.2,26.2,18.2,66,83,46
1983-09-16,22.0,26.0,18.5,76,91,58
1983-09-17,21.6,26.3,17.2,77,100,51
1983-09-18,20.7,24.5,17.3,73,91,58
1983-09-19,18.2,21.9,15.2,58,67,47
1983-09-20,17.3,19.3,15.3,80,88,66
1983-09-21,19.2,24.0,15.3,71,87,49
1983-09-22,19.5,24.4,14.1,69,95,40
1983-09-23,20.4,26.3,14.4,60,82,41
1983-09-24,19.2,23.4,15.7,54,81,35
1983-09-25,18.3,22.5,14.9,73,90,47
1983-09-26,16.0,18.3,13.5,77,90,61
1983-09-27,17.4,22.8,12.1,68,89,45
1983-09-28,18.8,23.9,14.2,65,84,43
1983-09-29,19.7,25.6,14.9,67,83,42
1983-09-30,19.2,24.9,13.5,76,99,49
1983-10-01,20.8,26.6,15.9,73,91,45
1983-10-02,16.9,19.9,14.5,55,72,38
1983-10-03,15.0,18.2,12.5,70,83,53
1983-10-04,18.1,25.0,10.7,63,92,36
1983-10-05,19.3,26.1,12.4,69,93,40
1983-10-06,18.8,24.5,13.4,80,100,52
1983-10-07,19.9,26.5,13.6,76,100,45
1983-10-08,19.8,24.2,14.8,78,98,53
1983-10-09,18.7,23.5,14.5,83,100,56
1983-10-10,19.1,22.5,15.4,56,95,23
1983-10-11,17.3,21.8,13.9,69,85,52
1983-10-12,17.1,22.4,12.1,75,100,53
1983-10-13,14.2,18.2,10.8,49,62,33
1983-10-14,13.5,18.3,8.6,61,79,40
1983-10-15,14.2,19.7,8.3,70,97,44
1983-10-16,14.8,21.5,8.5,73,99,39
1983-10-17,15.1,21.1,9.3,77,97,48
1983-10-18,14.9,20.1,10.5,79,100,51
1983-10-19,15.0,20.2,9.5,76,100,47
1983-10-20,15.6,19.9,11.7,70,92,47
1983-10-21,14.7,19.5,10.1,68,96,39
1983-10-22,13.9,17.7,10.1,63,85,40
1983-10-23,11.6,13.6,9.5,68,90,51
1983-10-24,10.3,12.9,8.1,76,93,54
1983-10-25,11.7,14.6,9.3,76,90,62
1983-10-26,10.0,11.9,7.8,76,84,65
1983-10-27,11.4,15.8,7.1,64,80,45
1983-10-28,11.7,16.8,6.7,67,89,42
1983-10-29,12.7,17.7,8.2,63,79,44
1983-10-30,12.4,17.9,6.4,72,98,44
1983-10-31,12.2,16.0,8.6,87,99,71
1983-11-01,14.2,16.7,12.2,93,97,87
1983-11-02,15.2,18.8,12.6,86,96,66
1983-11-03,14.1,18.8,9.5,84,99,63
1983-11-04,14.6,17.1,12.6,78,92,63
1983-11-05,13.9,16.9,11.3,86,99,68
1983-11-06,12.9,17.2,8.9,82,100,54
1983-11-07,12.3,16.2,8.0,80,100,57
1983-11-08,11.2,15.1,7.4,82,99,61
1983-11-09,11.8,14.7,8.1,81,99,59
1983-11-10,11.0,14.8,6.6,74,96,52
1983-11-11,9.6,14.7,5.2,72,93,45
1983-11-12,9.1,12.7,6.7,58,78,39
1983-11-13,6.2,8.7,3.7,62,79,52
1983-11-14,5.6,8.1,3.7,79,92,60
1983-11-15,6.0,7.0,4.3,91,96,84
1983-11-16,4.4,9.4,0.7,74,87,49
1983-11-17,6.7,11.4,3.1,74,86,56
1983-11-18,7.3,8.8,6.0,90,93,85
1983-11-19,7.6,9.3,5.7,80,89,67
1983-11-20,6.6,7.6,5.3,81,89,71
1983-11-21,7.2,10.2,4.9,83,92,68
1983-11-22,6.7,9.4,4.5,83,94,59
1983-11-23,4.7,7.0,2.9,64,86,56
1983-11-24,3.8,8.9,-0.2,83,99,59
1983-11-25,4.5,8.8,1.0,82,97,59
1983-11-26,4.8,9.6,1.9,86,94,67
1983-11-27,5.4,10.3,1.9,91,99,79
1983-11-28,9.7,15.9,6.0,93,100,77
1983-11-29,9.3,14.6,3.8,83,100,60
1983-11-30,8.1,11.0,5.3,73,92,51
1983-12-01,5.1,8.6,1.5,79,88,62
1983-12-02,3.8,6.2,2.5,92,99,85
1983-12-03,1.6,2.2,0.6,90,99,83
1983-12-04,2.2,2.9,1.6,89,93,86
1983-12-05,2.5,3.3,2.0,89,91,85
1983-12-06,3.8,5.3,2.6,92,94,89
1983-12-07,2.8,6.9,-0.2,90,99,77
1983-12-08,2.7,5.0,0.4,89,95,81
1983-12-09,1.7,2.4,1.4,95,98,93
1983-12-10,2.1,5.9,0.2,87,96,67
1983-12-11,0.9,7.2,-4.0,89,99,68
1983-12-12,3.8,7.4,1.4,88,94,81
1983-12-13,2.6,3.9,1.3,83,90,75
1983-12-14,2.1,4.4,0.0,81,93,61
1983-12-15,0.4,4.9,-4.3,83,96,64
1983-12-16,1.8,7.2,-2.5,83,96,63
1983-12-17,4.4,6.8,2.0,88,93,81
1983-12-18,6.6,9.7,4.5,91,96,82
1983-12-19,7.9,12.2,4.4,92,98,79
1983-12-20,8.6,12.9,5.8,94,100,80
1983-12-21,8.4,11.9,6.4,94,99,81
1983-12-22,8.3,12.6,4.6,93,97,79
1983-12-23,9.0,12.1,6.0,93,99,81
1983-12-24,6.5,11.8,2.2,85,96,69
1983-12-25,8.1,12.5,3.9,75,88,63
1983-12-26,6.7,12.4,2.0,81,94,66
1983-12-27,6.5,11.3,2.1,79,91,67
1983-12-28,6.4,10.8,2.9,80,91,64
1983-12-29,7.3,14.4,2.9,76,85,60
1983-12-30,7.0,11.2,4.1,85,94,74
1983-12-31,5.0,9.2,2.1,89,100,74
1984-01-01,6.6,10.0,3.2,65,77,50
1984-01-02,6.6,12.5,2.6,69,82,52
1984-01-03,6.7,12.9,2.8,77,94,63
1984-01-04,5.9,10.9,3.0,93,100,77
1984-01-05,6.6,12.1,2.8,91,100,74
1984-01-06,6.6,8.0,5.8,94,96,92
1984-01-07,6.0,7.6,4.9,84,95,74
1984-01-08,5.6,9.8,1.7,76,88,61
1984-01-09,5.3,10.2,-0.1,86,99,71
1984-01-10,6.0,10.8,2.2,92,97,82
1984-01-11,3.4,5.9,2.5,89,95,80
1984-01-12,4.0,6.1,2.8,89,95,74
1984-01-13,3.9,7.7,0.7,85,99,65
1984-01-14,3.0,7.3,-1.2,74,86,58
1984-01-15,3.8,9.5,-0.9,83,95,65
1984-01-16,5.1,10.1,0.7,76,91,60
1984-01-17,4.1,8.6,1.2,61,74,43
1984-01-18,3.6,9.0,-1.1,77,93,61
1984-01-19,4.3,10.4,-1.1,81,97,58
1984-01-20,6.0,8.8,3.1,90,95,81
1984-01-21,7.0,12.4,2.7,88,99,67
1984-01-22,6.8,12.3,2.3,84,92,71
1984-01-23,8.1,13.2,3.6,91,100,77
1984-01-24,7.9,10.5,3.8,89,100,71
1984-01-25,6.7,9.1,4.2,81,100,57
1984-01-26,4.9,8.2,2.6,61,81,42
1984-01-27,4.7,9.3,0.4,62,76,51
1984-01-28,4.9,9.8,0.2,74,90,56
1984-01-29,4.8,8.2,1.4,89,97,79
1984-01-30,6.9,9.3,4.8,88,97,76
1984-01-31,7.6,9.3,6.1,93,97,89
1984-02-01,8.2,9.9,7.2,93,94,88
1984-02-02,8.8,10.3,7.5,93,95,90
1984-02-03,9.7,12.3,7.5,89,97,73
1984-02-04,8.7,10.9,6.3,87,95,75
1984-02-05,8.8,11.0,6.6,87,97,76
1984-02-06,7.7,11.1,4.1,82,94,65
1984-02-07,7.7,11.6,2.9,83,100,63
1984-02-08,8.0,12.3,5.2,84,96,60
1984-02-09,9.2,12.0,6.6,91,94,86
1984-02-10,6.2,9.6,3.2,75,93,59
1984-02-11,3.0,4.8,1.5,78,83,72
1984-02-12,2.2,4.4,0.8,66,72,55
1984-02-13,1.4,3.9,-1.0,64,84,58
1984-02-14,2.1,4.6,0.1,75,89,60
1984-02-15,1.4,3.1,-0.0,80,90,67
1984-02-16,2.4,5.1,-0.2,83,96,67
1984-02-17,2.5,3.5,1.6,92,99,85
1984-02-18,2.5,3.8,1.7,95,99,90
1984-02-19,4.9,8.1,2.0,84,96,66
1984-02-20,5.4,9.6,2.5,88,96,76
1984-02-21,5.9,9.6,2.2,93,98,88
1984-02-22,7.2,10.5,4.4,85,98,66
1984-02-23,7.9,10.3,5.3,85,94,76
1984-02-24,9.0,11.8,6.7,84,93,74
1984-02-25,8.0,10.6,5.6,85,96,70
1984-02-26,7.2,9.2,5.6,78,90,63
1984-02-27,6.7,9.7,4.2,80,90,70
1984-02-28,8.8,12.6,6.3,85,94,72
1984-02-29,8.9,12.1,6.1,90,97,79
1984-03-01,9.2,11.5,7.5,87,94,78
1984-03-02,10.2,14.2,7.9,87,96,71
1984-03-03,10.4,15.5,6.5,84,98,54
1984-03-04,10.1,14.4,6.4,76,95,46
1984-03-05,8.1,11.8,4.9,83,95,71
1984-03-06,3.6,5.4,2.7,85,92,79
1984-03-07,5.1,8.7,2.7,79,93,61
1984-03-08,5.9,10.8,1.2,73,87,54
1984-03-09,6.8,8.7,4.9,82,97,67
1984-03-10,6.3,9.5,4.0,70,91,51
1984-03-11,6.7,11.2,2.0,64,83,44
1984-03-12,6.9,10.8,2.8,66,83,44
1984-03-13,6.5,11.0,1.7,70,94,43
1984-03-14,5.2,9.2,1.6,85,95,72
1984-03-15,5.7,9.3,2.5,79,97,57
1984-03-16,6.4,8.9,4.0,76,86,62
1984-03-17,7.3,10.3,4.6,80,92,68
1984-03-18,8.2,13.0,3.6,84,100,61
1984-03-19,9.4,14.2,5.8,85,98,66
1984-03-20,6.8,8.6,5.3,78,92,58
1984-03-21,5.5,8.2,2.9,66,75,59
1984-03-22,5.6,7.4,3.8,89,94,77
1984-03-23,8.5,11.8,6.1,84,93,69
1984-03-24,9.7,14.1,4.7,75,93,52
1984-03-25,9.5,13.7,5.3,82,96,63
1984-03-26,9.6,14.6,4.6,84,98,65
1984-03-27,11.6,17.2,5.6,84,100,65
1984-03-28,12.1,18.4,6.5,72,93,41
1984-03-29,11.4,16.9,5.0,81,100,62
1984-03-30,11.9,16.9,8.0,87,100,63
1984-03-31,11.5,15.9,8.0,71,92,49
1984-04-01,10.5,15.5,5.9,65,85,37
1984-04-02,11.0,16.0,5.9,81,97,60
1984-04-03,12.5,15.8,9.2,83,94,64
1984-04-04,14.5,17.9,11.8,81,99,59
1984-04-05,12.7,18.4,7.0,78,100,46
1984-04-06,12.2,15.4,9.2,90,99,72
1984-04-07,11.7,13.1,10.4,92,96,84
1984-04-08,12.9,17.9,8.9,75,96,43
1984-04-09,12.8,17.4,8.7,70,84,55
1984-04-10,12.2,16.5,8.1,74,93,54
1984-04-11,12.0,14.8,9.1,85,99,73
1984-04-12,10.8,12.8,8.9,88,95,76
1984-04-13,11.7,14.5,9.6,81,90,65
1984-04-14,12.0,14.7,9.7,85,96,69
1984-04-15,13.7,18.9,8.1,68,93,40
1984-04-16,14.3,20.0,9.9,65,84,38
1984-04-17,12.9,15.6,10.5,72,86,54
1984-04-18,13.6,17.4,9.9,71,88,52
1984-04-19,13.3,17.6,9.5,71,91,51
1984-04-20,11.9,14.9,9.3,74,86,60
1984-04-21,11.8,14.9,8.8,78,92,62
1984-04-22,10.7,13.4,8.5,82,91,68
1984-04-23,11.0,14.9,7.4,76,91,60
1984-04-24,12.7,17.8,8.7,75,94,48
1984-04-25,10.4,12.5,8.3,86,95,75
1984-04-26,11.6,16.8,5.6,77,100,53
1984-04-27,12.6,18.1,9.1,74,92,49
1984-04-28,10.2,13.8,7.0,55,75,35
1984-04-29,10.5,14.1,8.1,67,83,46
1984-04-30,11.4,14.6,7.5,75,95,61
1984-05-01,13.2,17.7,9.0,74,95,60
1984-05-02,14.4,18.4,11.2,86,99,68
1984-05-03,15.4,20.1,10.7,85,100,68
1984-05-04,15.6,19.3,11.0,84,100,68
1984-05-05,16.2,20.7,11.6,73,99,50
1984-05-06,16.2,21.0,12.0,74,91,52
1984-05-07,16.4,20.2,13.6,72,88,57
1984-05-08,16.8,21.8,12.2,74,94,55
1984-05-09,17.3,22.2,12.3,79,98,58
1984-05-10,17.1,20.9,11.9,77,94,61
1984-05-11,17.6,22.7,12.4,80,96,62
1984-05-12,18.4,22.6,14.9,82,96,63
1984-05-13,18.1,23.1,12.6,76,100,44
1984-05-14,17.7,22.7,12.6,57,77,33
1984-05-15,18.3,23.0,14.2,64,81,41
1984-05-16,18.0,22.7,13.4,71,89,50
1984-05-17,19.5,24.6,14.2,73,90,53
1984-05-18,20.5,25.8,14.3,56,88,30
1984-05-19,20.9,25.4,15.2,63,85,42
1984-05-20,21.3,26.5,16.2,64,87,41
1984-05-21,21.8,27.2,16.9,72,90,46
1984-05-22,22.7,28.0,16.1,58,89,29
1984-05-23,21.9,27.4,16.6,60,80,37
1984-05-24,21.5,26.5,16.7,63,93,40
1984-05-25,19.3,23.8,14.2,51,74,32
1984-05-26,18.7,23.3,13.2,57,76,39
1984-05-27,19.0,24.8,12.1,60,82,36
1984-05-28,20.8,25.7,15.0,65,86,45
1984-05-29,21.4,26.2,16.4,70,93,48
1984-05-30,22.1,26.1,18.4,70,91,47
1984-05-31,21.7,27.1,16.3,54,88,30
1984-06-01,21.3,26.5,16.5,67,85,45
1984-06-02,22.2,28.1,17.0,53,79,31
1984-06-03,23.0,28.9,16.2,56,77,35
1984-06-04,22.7,27.1,18.0,65,83,46
1984-06-05,23.9,29.0,19.3,62,89,32
1984-06-06,25.5,30.8,20.4,56,76,34
1984-06-07,25.9,30.2,21.8,58,79,38
1984-06-08,24.2,28.7,19.7,51,84,24
1984-06-09,21.5,26.2,16.1,41,59,28
1984-06-10,22.2,27.0,16.7,45,69,28
1984-06-11,22.6,27.0,18.7,58,80,36
1984-06-12,21.7,26.5,17.7,61,83,39
1984-06-13,18.1,21.6,15.8,74,90,54
1984-06-14,18.3,20.9,15.6,73,86,62
1984-06-15,20.0,25.1,14.1,73,98,51
1984-06-16,22.5,27.8,17.0,68,94,41
1984-06-17,21.0,24.9,16.5,74,95,51
1984-06-18,21.2,24.3,17.5,78,96,62
1984-06-19,21.6,26.5,16.4,68,97,38
1984-06-20,22.8,27.6,16.5,59,91,32
1984-06-21,23.9,29.7,17.8,55,78,35
1984-06-22,24.9,30.5,20.4,63,81,42
1984-06-23,24.5,28.9,20.3,72,92,52
1984-06-24,24.5,29.4,19.0,67,90,45
1984-06-25,23.3,26.9,19.8,61,91,42
1984-06-26,21.1,26.0,16.0,47,66,29
1984-06-27,23.3,28.3,17.9,51,79,28
1984-06-28,22.3,26.4,18.0,62,84,45
1984-06-29,23.5,28.9,18.1,61,85,40
1984-06-30,26.5,33.2,19.5,55,84,25
1984-07-01,27.7,33.1,23.0,57,81,33
1984-07-02,25.9,28.9,22.0,61,81,45
1984-07-03,26.0,32.4,20.1,62,86,39
1984-07-04,25.4,29.0,21.0,45,81,31
1984-07-05,22.7,26.7,18.1,32,51,21
1984-07-06,21.7,25.8,17.2,38,59,25
1984-07-07,21.8,26.8,16.4,44,64,25
1984-07-08,20.1,24.1,16.6,53,83,26
1984-07-09,21.4,27.8,15.4,48,68,25
1984-07-10,23.5,30.2,16.0,47,73,23
1984-07-11,25.3,32.2,19.0,55,84,25
1984-07-12,27.0,33.3,20.8,53,84,28
1984-07-13,26.7,31.6,22.1,57,79,39
1984-07-14,27.2,33.4,21.0,59,85,37
1984-07-15,27.5,33.2,21.7,58,88,34
1984-07-16,28.8,35.3,22.5,56,85,28
1984-07-17,29.1,35.1,22.2,51,82,23
1984-07-18,25.5,30.0,20.7,44,70,25
1984-07-19,24.3,29.7,18.5,39,58,24
1984-07-20,24.1,28.0,19.0,62,84,44
1984-07-21,25.4,30.6,20.4,59,85,32
1984-07-22,26.1,31.2,21.8,56,84,27
1984-07-23,26.3,31.8,21.6,56,83,28
1984-07-24,27.0,33.4,21.1,54,82,26
1984-07-25,27.0,30.8,23.1,54,77,32
1984-07-26,24.8,28.9,21.0,64,87,43
1984-07-27,24.2,28.6,18.9,58,87,36
1984-07-28,23.1,27.6,18.7,43,68,24
1984-07-29,22.4,26.7,17.7,39,54,28
1984-07-30,23.5,29.3,17.6,43,61,25
1984-07-31,24.4,29.8,18.3,56,85,33
1984-08-01,25.8,32.6,19.1,58,88,31
1984-08-02,26.5,32.1,20.9,55,85,32
1984-08-03,27.8,33.3,22.5,52,75,31
1984-08-04,26.7,30.9,23.2,61,82,38
1984-08-05,26.4,30.7,21.7,63,91,40
1984-08-06,25.8,28.9,23.0,64,79,49
1984-08-07,25.3,29.9,20.8,62,90,37
1984-08-08,25.3,29.6,20.7,59,81,35
1984-08-09,24.7,29.0,21.3,64,79,45
1984-08-10,25.0,29.9,20.3,62,87,37
1984-08-11,25.7,31.2,20.0,60,88,34
1984-08-12,27.3,32.4,21.7,54,79,29
1984-08-13,27.3,31.7,22.4,49,84,28
1984-08-14,25.3,29.6,21.0,53,84,32
1984-08-15,21.0,23.4,18.9,84,94,70
1984-08-16,20.4,24.1,17.8,81,96,60
1984-08-17,21.2,26.1,16.3,78,99,53
1984-08-18,21.6,25.4,18.2,74,91,55
1984-08-19,21.1,24.5,17.2,75,94,57
1984-08-20,21.9,26.3,17.5,69,91,42
1984-08-21,19.5,22.2,16.9,77,92,60
1984-08-22,20.7,24.7,16.9,70,92,45
1984-08-23,22.5,27.3,17.4,63,87,37
1984-08-24,23.3,28.9,16.0,66,98,37
1984-08-25,23.4,27.7,19.6,76,93,56
1984-08-26,23.0,27.4,17.8,75,100,45
1984-08-27,23.1,27.8,18.9,61,89,38
1984-08-28,21.6,25.6,18.0,61,82,42
1984-08-29,20.1,22.3,18.7,75,86,62
1984-08-30,19.9,22.3,17.5,80,93,65
1984-08-31,20.1,23.7,16.7,80,95,61
1984-09-01,21.8,26.9,17.6,71,96,40
1984-09-02,22.6,28.2,16.7,68,99,37
1984-09-03,23.9,29.6,17.2,61,83,36
1984-09-04,24.0,27.8,21.1,69,89,52
1984-09-05,23.0,27.2,18.3,77,99,55
1984-09-06,23.8,28.4,18.9,76,99,54
1984-09-07,25.1,30.7,20.9,72,92,43
1984-09-08,25.8,31.2,21.0,66,90,34
1984-09-09,24.3,28.2,20.2,71,89,44
1984-09-10,21.6,25.3,17.8,78,95,56
1984-09-11,22.9,26.7,19.2,76,98,50
1984-09-12,21.6,25.1,18.2,66,83,54
1984-09-13,22.5,27.7,17.1,71,98,40
1984-09-14,23.1,28.6,17.3,73,100,43
1984-09-15,23.3,28.0,18.8,70,94,43
1984-09-16,22.9,27.1,18.9,70,91,45
1984-09-17,22.8,27.2,18.7,74,94,54
1984-09-18,22.3,26.6,18.6,76,99,46
1984-09-19,22.5,27.1,16.8,70,98,43
1984-09-20,22.8,27.1,19.2,75,97,48
1984-09-21,21.4,24.7,17.9,79,95,64
1984-09-22,21.5,25.6,16.9,76,100,49
1984-09-23,22.1,26.7,18.6,66,91,36
1984-09-24,21.9,27.2,16.4,68,94,43
1984-09-25,22.7,28.9,16.7,69,97,37
1984-09-26,21.1,24.5,17.4,62,92,34
1984-09-27,17.9,22.1,12.8,54,79,33
1984-09-28,19.0,24.0,12.8,56,82,32
1984-09-29,18.8,23.9,12.1,65,96,41
1984-09-30,19.3,24.6,13.3,73,98,48
1984-10-01,20.0,25.3,14.7,76,99,46
1984-10-02,20.4,24.4,16.2,76,95,55
1984-10-03,20.5,25.3,16.3,79,98,53
1984-10-04,21.2,27.2,15.9,78,100,45
1984-10-05,22.7,29.1,17.9,69,91,42
1984-10-06,23.1,29.3,17.9,67,86,39
1984-10-07,22.6,28.8,17.6,69,92,39
1984-10-08,23.8,30.4,18.9,63,83,34
1984-10-09,21.9,26.5,17.4,62,78,44
1984-10-10,21.5,26.3,16.4,75,97,51
1984-10-11,21.2,26.1,16.9,81,99,54
1984-10-12,21.1,25.2,17.8,81,100,56
1984-10-13,22.4,27.1,18.6,71,95,46
1984-10-14,18.5,20.7,16.3,66,87,53
1984-10-15,18.5,23.7,12.7,58,96,26
1984-10-16,17.2,20.0,14.8,43,60,27
1984-10-17,13.5,16.5,10.3,47,64,29
1984-10-18,12.2,16.2,7.9,60,83,36
1984-10-19,13.7,20.3,7.5,65,92,30
1984-10-20,14.5,20.5,9.0,73,97,50
1984-10-21,15.8,21.3,10.9,79,99,53
1984-10-22,17.7,22.8,12.7,76,97,53
1984-10-23,18.3,22.9,13.7,77,96,54
1984-10-24,17.5,23.4,12.0,76,100,46
1984-10-25,17.6,22.9,12.1,75,99,49
1984-10-26,17.2,22.2,12.6,79,98,51
1984-10-27,16.2,20.7,12.5,83,99,57
1984-10-28,16.4,20.5,13.0,84,100,59
1984-10-29,16.3,19.9,13.4,80,100,54
1984-10-30,16.2,19.8,12.4,73,95,48
1984-10-31,13.8,16.7,11.1,79,93,60
1984-11-01,10.9,15.1,7.6,73,99,37
1984-11-02,10.8,16.0,6.6,57,76,35
1984-11-03,12.1,16.3,8.9,56,72,37
1984-11-04,11.7,13.3,9.3,72,82,53
1984-11-05,13.4,17.7,10.7,74,89,50
1984-11-06,13.2,17.6,9.0,84,100,61
1984-11-07,13.7,17.7,10.2,86,100,65
1984-11-08,14.2,17.9,11.1,84,98,64
1984-11-09,13.6,17.3,10.6,87,100,68
1984-11-10,13.3,16.7,10.3,88,100,69
1984-11-11,13.6,19.5,9.1,75,100,45
1984-11-12,11.4,13.2,9.7,72,85,54
1984-11-13,8.2,10.7,6.0,72,87,55
1984-11-14,6.4,10.1,2.8,71,91,46
1984-11-15,7.2,8.6,6.0,78,89,71
1984-11-16,7.7,10.3,6.2,83,90,69
1984-11-17,9.7,13.3,5.7,81,94,64
1984-11-18,11.8,14.0,8.3,91,99,85
1984-11-19,10.7,13.5,7.6,96,100,89
1984-11-20,13.5,17.1,9.0,93,100,82
1984-11-21,11.2,15.5,8.3,84,100,60
1984-11-22,9.7,13.6,6.1,66,82,49
1984-11-23,8.6,13.4,4.6,71,89,48
1984-11-24,10.1,15.4,6.4,69,88,53
1984-11-25,11.3,17.5,6.8,72,84,52
1984-11-26,11.0,16.1,6.3,82,96,63
1984-11-27,11.4,15.5,8.8,88,98,72
1984-11-28,10.6,14.1,7.2,79,100,57
1984-11-29,9.2,10.1,8.4,68,76,61
1984-11-30,7.7,10.8,4.8,76,95,55
1984-12-01,6.6,10.7,3.3,81,94,59
1984-12-02,6.7,11.2,3.4,80,94,55
1984-12-03,6.6,10.2,3.5,81,99,56
1984-12-04,6.7,9.1,4.9,73,88,53
1984-12-05,5.0,7.7,2.3,73,95,48
1984-12-06,3.6,7.8,0.1,73,93,48
1984-12-07,2.5,7.9,-1.3,79,99,52
1984-12-08,2.6,8.5,-1.7,74,95,42
1984-12-09,3.2,9.2,-1.2,78,96,51
1984-12-10,3.4,10.3,-0.9,77,97,46
1984-12-11,4.6,9.6,1.2,71,83,49
1984-12-12,5.5,9.3,2.6,61,79,40
1984-12-13,2.7,6.6,-0.1,65,77,43
1984-12-14,2.6,6.9,-1.3,76,89,55
1984-12-15,4.4,9.1,0.6,81,90,66
1984-12-16,5.9,9.1,3.1,87,97,71
1984-12-17,7.9,11.5,5.9,87,94,74
1984-12-18,8.9,13.1,6.1,87,95,71
1984-12-19,8.2,12.6,5.0,89,97,73
1984-12-20,8.5,11.9,6.2,90,98,76
1984-12-21,8.4,9.8,7.4,89,94,78
1984-12-22,7.6,9.5,6.3,85,96,72
1984-12-23,5.8,8.4,4.4,78,95,60
1984-12-24,4.5,5.8,3.1,89,96,76
1984-12-25,3.5,5.3,1.0,96,98,89
1984-12-26,2.3,5.8,-0.6,89,99,71
1984-12-27,4.6,8.2,2.1,83,94,63
1984-12-28,3.7,7.9,-0.4,81,93,71
1984-12-29,5.0,5.9,4.5,88,94,76
1984-12-30,5.1,7.4,3.5,89,96,77
1984-12-31,4.4,6.6,2.3,81,95,61
1985-01-01,2.5,5.6,-0.4,71,80,57
1985-01-02,3.6,8.0,-0.6,81,91,68
1985-01-03,6.3,10.0,2.2,82,98,56
1985-01-04,1.4,5.2,-1.6,70,82,55
1985-01-05,4.8,10.6,-0.8,81,88,67
1985-01-06,11.6,13.2,9.8,82,88,77
1985-01-07,9.2,11.2,5.1,85,97,69
1985-01-08,5.6,8.6,2.6,93,99,87
1985-01-09,5.3,8.7,2.0,76,96,53
1985-01-10,4.6,7.8,1.2,85,99,65
1985-01-11,-0.3,2.7,-2.2,68,87,51
1985-01-12,-1.6,1.3,-3.2,54,61,44
1985-01-13,-0.6,1.8,-2.6,68,87,55
1985-01-14,1.1,3.4,-0.2,79,85,67
1985-01-15,3.4,6.8,1.1,79,89,61
1985-01-16,2.7,5.5,-0.4,72,91,52
1985-01-17,1.6,3.1,0.4,76,86,62
1985-01-18,2.5,5.5,0.5,70,84,52
1985-01-19,2.6,6.0,0.2,84,96,74
1985-01-20,3.3,9.4,-1.9,86,99,66
1985-01-21,4.3,9.7,-1.0,85,98,66
1985-01-22,5.8,10.8,1.6,91,98,77
1985-01-23,7.9,13.5,3.8,90,99,71
1985-01-24,7.9,14.1,2.1,90,100,74
1985-01-25,8.2,12.8,5.0,85,100,59
1985-01-26,8.1,12.5,4.7,85,96,70
1985-01-27,8.6,12.2,5.4,92,98,82
1985-01-28,9.3,12.7,7.1,93,99,78
1985-01-29,8.3,9.5,6.1,92,97,84
1985-01-30,4.8,7.3,2.0,69,93,47
1985-01-31,3.6,8.2,-0.6,64,77,45
1985-02-01,3.4,8.0,0.3,73,85,55
1985-02-02,6.8,14.2,1.1,66,80,47
1985-02-03,9.1,14.2,4.6,66,87,43
1985-02-04,3.0,7.5,0.1,35,50,29
1985-02-05,2.2,7.0,-1.5,46,57,35
1985-02-06,5.5,11.0,1.3,57,73,43
1985-02-07,7.8,13.2,2.9,69,79,54
1985-02-08,7.4,12.9,1.8,70,86,50
1985-02-09,7.0,11.5,2.7,89,97,77
1985-02-10,8.5,14.9,3.9,89,99,69
1985-02-11,11.5,16.9,5.8,84,98,65
1985-02-12,8.7,13.6,-0.2,88,96,67
1985-02-13,1.3,6.0,-2.6,60,77,51
1985-02-14,0.1,2.4,-2.5,48,73,38
1985-02-15,0.4,4.5,-3.0,57,78,39
1985-02-16,1.3,4.2,-1.1,64,86,40
1985-02-17,-0.9,2.4,-3.9,48,77,32
1985-02-18,-0.3,2.0,-1.4,83,93,74
1985-02-19,-4.4,-1.7,-7.4,58,72,50
1985-02-20,-4.0,-0.8,-6.6,55,62,47
1985-02-21,-3.9,0.6,-8.9,59,67,49
1985-02-22,-0.3,3.3,-2.9,58,68,39
1985-02-23,-1.1,2.5,-5.2,73,91,56
1985-02-24,-3.4,1.4,-10.5,64,76,52
1985-02-25,-1.9,3.6,-8.6,65,80,50
1985-02-26,2.5,9.9,-3.4,63,85,51
1985-02-27,4.1,6.6,1.5,85,92,77
1985-02-28,3.6,5.1,2.1,86,94,76
1985-03-01,3.4,5.2,1.9,87,95,78
1985-03-02,4.6,7.4,2.2,85,92,77
1985-03-03,5.6,7.0,4.7,88,92,84
1985-03-04,6.7,8.9,5.4,92,97,88
1985-03-05,8.3,13.2,4.1,86,97,65
1985-03-06,7.9,13.6,1.9,86,100,62
1985-03-07,8.1,9.5,6.9,86,95,76
1985-03-08,6.8,8.3,5.4,77,83,68
1985-03-09,6.2,8.4,4.5,77,87,64
1985-03-10,6.3,9.2,2.4,79,97,62
1985-03-11,6.7,8.7,4.8,76,89,65
1985-03-12,5.9,7.7,4.2,75,85,63
1985-03-13,6.0,8.5,3.7,74,92,57
1985-03-14,6.7,10.1,2.5,79,93,64
1985-03-15,9.1,13.4,6.4,85,94,73
1985-03-16,9.0,14.8,3.9,83,100,56
1985-03-17,10.1,15.6,4.7,77,98,51
1985-03-18,10.4,15.5,5.1,72,96,40
1985-03-19,10.6,12.7,7.9,83,93,63
1985-03-20,10.2,15.1,6.2,70,91,47
1985-03-21,9.4,13.0,6.0,82,96,65
1985-03-22,9.1,12.4,6.4,82,95,62
1985-03-23,9.0,12.5,4.8,86,100,65
1985-03-24,10.1,12.9,7.9,84,93,70
1985-03-25,10.5,13.5,7.7,87,95,76
1985-03-26,10.0,13.0,7.2,90,100,72
1985-03-27,10.1,11.9,8.6,90,98,77
1985-03-28,9.8,15.4,5.2,86,100,63
1985-03-29,11.4,16.1,8.3,79,94,60
1985-03-30,8.2,11.3,6.0,82,89,68
1985-03-31,10.1,15.7,3.8,82,100,54
1985-04-01,12.7,19.7,6.5,73,96,45
1985-04-02,13.4,18.8,7.8,69,88,44
1985-04-03,14.6,20.5,9.0,70,88,44
1985-04-04,14.7,20.2,9.4,72,88,48
1985-04-05,15.5,21.2,10.7,75,89,53
1985-04-06,16.8,22.2,12.4,68,89,43
1985-04-07,17.9,21.6,14.6,60,79,50
1985-04-08,15.4,20.8,8.7,58,81,35
1985-04-09,18.0,24.3,13.3,63,85,42
1985-04-10,20.6,28.2,14.8,60,80,36
1985-04-11,20.6,26.1,14.6,60,82,41
1985-04-12,17.2,19.8,12.7,55,74,37
1985-04-13,14.0,16.5,11.9,63,87,43
1985-04-14,13.9,18.9,7.9,60,85,41
1985-04-15,13.5,18.1,9.6,72,89,53
1985-04-16,14.0,18.6,9.5,76,97,51
1985-04-17,13.5,17.1,9.6,80,89,61
1985-04-18,13.6,16.3,10.6,73,86,62
1985-04-19,12.6,14.5,10.5,84,94,72
1985-04-20,12.3,15.5,10.3,79,90,61
1985-04-21,13.1,17.6,9.3,75,94,52
1985-04-22,14.6,19.5,9.9,73,96,47
1985-04-23,14.1,19.0,9.6,81,98,60
1985-04-24,15.9,19.7,12.1,76,97,55
1985-04-25,17.4,22.1,12.3,67,92,42
1985-04-26,15.7,19.8,11.0,73,86,57
1985-04-27,17.6,23.6,11.1,75,96,50
1985-04-28,18.2,23.6,12.3,65,81,42
1985-04-29,17.3,21.4,13.4,74,90,50
1985-04-30,12.9,17.2,8.6,47,73,29
1985-05-01,14.8,19.8,10.7,57,78,33
1985-05-02,16.7,21.3,12.5,62,80,42
1985-05-03,16.9,22.5,11.3,71,92,48
1985-05-04,18.1,22.8,14.3,70,90,48
1985-05-05,17.5,21.1,13.5,79,94,60
1985-05-06,17.1,19.7,13.6,81,95,66
1985-05-07,18.2,21.8,15.3,76,88,61
1985-05-08,20.1,25.7,13.6,70,98,42
1985-05-09,21.6,26.3,17.4,67,85,45
1985-05-10,20.1,24.6,15.6,77,93,59
1985-05-11,18.7,21.5,16.3,88,96,75
1985-05-12,19.6,23.4,16.2,83,96,64
1985-05-13,20.0,24.6,15.1,86,100,69
1985-05-14,20.6,24.6,17.6,82,98,64
1985-05-15,20.9,25.6,16.8,79,99,59
1985-05-16,21.5,26.0,16.2,79,100,59
1985-05-17,22.1,26.1,18.0,76,98,55
1985-05-18,23.1,28.4,18.7,72,93,46
1985-05-19,24.5,29.7,19.0,63,95,34
1985-05-20,24.5,29.3,20.2,64,85,40
1985-05-21,22.2,25.0,19.9,77,88,63
1985-05-22,21.9,25.5,18.2,73,93,56
1985-05-23,22.7,26.9,18.5,72,91,52
1985-05-24,23.7,28.0,19.4,73,95,51
1985-05-25,23.6,26.9,20.3,75,96,59
1985-05-26,21.6,24.2,17.9,72,94,54
1985-05-27,22.0,25.5,17.1,64,92,41
1985-05-28,22.7,27.5,16.4,60,87,38
1985-05-29,21.7,25.9,18.2,67,86,47
1985-05-30,20.9,24.6,16.5,74,99,55
1985-05-31,21.3,26.0,16.8,74,96,51
1985-06-01,22.0,25.7,19.0,70,89,52
1985-06-02,21.7,26.4,16.2,69,98,43
1985-06-03,22.0,27.1,17.0,64,84,40
1985-06-04,22.1,27.3,17.3,65,86,43
1985-06-05,22.3,26.1,18.2,73,92,56
1985-06-06,23.3,27.5,19.7,72,90,51
1985-06-07,24.9,30.2,20.1,72,92,47
1985-06-08,26.4,31.7,22.0,67,87,44
1985-06-09,27.3,31.9,23.2,55,83,30
1985-06-10,25.1,29.3,19.9,51,75,33
1985-06-11,24.5,28.8,19.9,61,86,33
1985-06-12,22.6,26.4,18.1,50,75,31
1985-06-13,21.7,24.8,18.2,71,89,56
1985-06-14,24.3,30.4,17.7,63,94,35
1985-06-15,25.6,30.6,21.0,61,83,41
1985-06-16,25.9,31.5,20.3,60,84,35
1985-06-17,25.2,28.3,22.4,66,81,51
1985-06-18,21.5,25.5,17.2,49,86,23
1985-06-19,20.7,25.3,16.2,32,47,20
1985-06-20,21.3,26.3,15.1,41,68,27
1985-06-21,22.1,27.5,16.1,61,87,43
1985-06-22,21.8,27.5,16.0,48,68,27
1985-06-23,22.3,26.9,16.9,65,90,46
1985-06-24,22.7,27.3,18.5,61,92,35
1985-06-25,22.9,28.4,17.0,46,72,25
1985-06-26,24.0,29.7,17.9,42,63,24
1985-06-27,24.0,29.7,17.4,48,73,28
1985-06-28,24.6,29.1,19.9,58,84,38
1985-06-29,24.4,29.5,19.7,58,81,32
1985-06-30,23.4,26.3,19.6,72,94,56
1985-07-01,23.9,29.0,19.0,66,95,35
1985-07-02,24.6,29.9,19.4,63,91,40
1985-07-03,24.4,28.3,20.1,52,87,27
1985-07-04,23.1,27.9,17.9,38,60,20
1985-07-05,22.7,28.1,16.5,42,68,24
1985-07-06,23.9,29.2,17.3,46,86,22
1985-07-07,23.9,28.2,18.9,37,50,25
1985-07-08,24.4,29.8,18.5,42,61,25
1985-07-09,24.9,30.0,19.7,55,83,31
1985-07-10,24.8,29.3,19.4,55,74,37
1985-07-11,25.0,29.4,19.8,58,87,39
1985-07-12,24.5,29.8,20.2,55,79,30
1985-07-13,23.5,27.6,19.8,70,92,48
1985-07-14,25.4,30.2,20.3,55,87,27
1985-07-15,26.0,30.3,20.6,49,78,29
1985-07-16,26.3,30.5,22.5,52,74,31
1985-07-17,26.1,30.6,21.7,55,76,36
1985-07-18,26.5,32.0,21.1,55,84,33
1985-07-19,27.6,33.0,23.0,52,73,31
1985-07-20,27.3,32.3,22.2,54,81,33
1985-07-21,27.9,33.6,22.8,52,76,30
1985-07-22,28.1,33.3,22.9,50,79,28
1985-07-23,25.1,28.2,22.6,65,78,50
1985-07-24,26.7,33.3,19.9,54,91,21
1985-07-25,27.4,33.9,20.3,50,81,22
1985-07-26,26.0,30.2,22.4,62,83,42
1985-07-27,27.6,33.5,21.5,58,89,31
1985-07-28,28.1,33.2,23.3,54,82,31
1985-07-29,30.1,36.5,23.8,49,73,26
1985-07-30,30.9,37.0,24.7,46,74,24
1985-07-31,31.7,37.3,25.6,40,66,22
1985-08-01,32.6,39.1,25.8,40,72,17
1985-08-02,29.3,32.6,26.2,54,71,42
1985-08-03,26.7,31.4,21.6,55,88,28
1985-08-04,26.0,30.0,22.0,59,80,41
1985-08-05,27.2,32.8,22.5,59,88,30
1985-08-06,27.1,31.9,22.7,63,88,39
1985-08-07,26.8,32.2,22.8,60,83,35
1985-08-08,24.1,28.2,20.1,41,60,20
1985-08-09,23.2,28.5,16.7,41,69,24
1985-08-10,24.7,30.0,18.7,49,75,27
1985-08-11,26.3,32.6,19.7,53,84,26
1985-08-12,26.6,31.9,22.1,59,78,36
1985-08-13,27.9,33.1,22.8,52,82,28
1985-08-14,29.3,34.7,21.6,45,78,27
1985-08-15,29.6,35.6,22.2,45,79,21
1985-08-16,29.2,34.9,23.1,40,72,17
1985-08-17,28.4,33.5,23.9,45,71,23
1985-08-18,27.5,31.6,24.1,53,72,36
1985-08-19,28.9,35.9,21.5,50,85,19
1985-08-20,28.6,34.5,22.7,50,78,28
1985-08-21,28.9,34.3,22.8,42,77,19
1985-08-22,26.5,31.3,21.3,42,68,28
1985-08-23,25.6,30.7,20.5,61,89,39
1985-08-24,26.5,31.7,22.4,56,78,36
1985-08-25,26.4,31.1,22.4,61,81,42
1985-08-26,26.4,31.1,22.2,64,87,42
1985-08-27,25.8,30.1,21.4,65,90,41
1985-08-28,22.7,27.1,18.5,59,88,33
1985-08-29,23.0,27.4,18.2,51,74,34
1985-08-30,23.2,27.9,18.4,53,76,34
1985-08-31,24.3,29.3,19.6,56,78,35
1985-09-01,25.7,31.6,19.8,54,80,30
1985-09-02,26.0,31.8,20.4,58,87,30
1985-09-03,26.6,32.5,21.5,54,83,25
1985-09-04,26.5,32.0,21.0,55,83,31
1985-09-05,24.1,28.6,19.4,40,59,22
1985-09-06,23.2,29.2,17.6,40,59,20
1985-09-07,23.6,29.0,17.7,51,89,28
1985-09-08,21.5,24.8,18.4,46,74,34
1985-09-09,21.0,25.9,16.1,68,93,44
1985-09-10,17.0,20.9,15.0,80,90,68
1985-09-11,17.3,23.2,10.8,65,94,33
1985-09-12,20.6,26.8,13.5,51,80,32
1985-09-13,20.7,24.9,17.1,46,68,27
1985-09-14,17.7,20.3,15.2,77,90,63
1985-09-15,17.8,21.9,13.6,76,99,53
1985-09-16,18.5,23.3,13.7,71,96,45
1985-09-17,20.2,26.6,15.0,61,86,32
1985-09-18,22.7,30.0,15.0,55,77,32
1985-09-19,21.9,27.0,17.1,65,88,41
1985-09-20,21.0,26.4,15.6,77,100,50
1985-09-21,22.9,29.3,16.0,67,99,39
1985-09-22,24.4,30.5,19.2,54,78,31
1985-09-23,24.4,30.7,19.1,55,78,27
1985-09-24,24.3,31.1,18.0,56,81,27
1985-09-25,22.7,27.1,18.1,70,89,53
1985-09-26,24.5,31.1,18.4,62,95,27
1985-09-27,20.1,21.9,17.8,76,92,62
1985-09-28,18.5,22.1,16.3,72,90,46
1985-09-29,19.8,25.2,13.6,60,93,33
1985-09-30,20.1,24.4,16.1,50,67,31
1985-10-01,16.9,19.5,14.2,75,89,62
1985-10-02,17.4,22.1,12.8,75,95,50
1985-10-03,18.8,25.4,12.1,73,100,41
1985-10-04,20.0,26.8,12.7,70,98,37
1985-10-05,19.9,25.3,15.5,73,91,43
1985-10-06,19.6,24.8,15.8,75,96,44
1985-10-07,19.7,25.4,15.5,74,93,40
1985-10-08,19.7,24.8,16.1,73,92,43
1985-10-09,18.1,22.9,13.7,82,100,55
1985-10-10,18.8,24.2,14.3,82,100,53
1985-10-11,19.2,23.5,14.0,62,97,34
1985-10-12,17.5,22.1,13.0,53,70,36
1985-10-13,17.0,22.3,12.4,57,84,29
1985-10-14,12.1,14.6,10.6,60,87,45
1985-10-15,12.1,16.3,8.8,65,90,37
1985-10-16,11.4,13.5,9.3,59,68,47
1985-10-17,12.1,16.8,9.1,54,70,36
1985-10-18,12.0,17.8,7.1,54,70,36
1985-10-19,12.2,17.2,8.0,70,87,46
1985-10-20,12.7,17.0,8.2,79,98,58
1985-10-21,13.6,17.0,11.0,76,96,51
1985-10-22,12.7,17.0,8.6,77,95,54
1985-10-23,12.1,14.5,9.7,88,97,73
1985-10-24,11.9,13.2,10.4,84,96,72
1985-10-25,11.5,14.4,9.3,73,90,47
1985-10-26,10.9,14.0,7.7,75,95,51
1985-10-27,10.6,15.0,6.2,77,99,50
1985-10-28,10.9,17.1,4.8,73,100,40
1985-10-29,11.9,17.8,5.8,76,98,49
1985-10-30,11.8,15.0,8.7,86,95,75
1985-10-31,13.3,16.9,10.0,82,98,65
1985-11-01,13.7,18.6,9.8,87,100,66
1985-11-02,14.4,18.9,10.0,87,100,70
1985-11-03,13.8,18.0,8.8,84,100,56
1985-11-04,13.5,15.3,11.8,88,96,77
1985-11-05,14.5,17.3,12.9,83,96,61
1985-11-06,12.8,15.9,8.6,90,100,77
1985-11-07,11.0,13.8,7.4,58,95,36
1985-11-08,9.2,14.0,4.3,57,79,36
1985-11-09,10.2,14.5,6.4,67,86,47
1985-11-10,9.7,14.2,5.5,82,93,68
1985-11-11,10.3,16.6,5.8,90,100,70
1985-11-12,11.3,17.7,6.7,90,100,70
1985-11-13,12.2,18.1,8.3,92,100,73
1985-11-14,12.7,18.0,9.5,91,100,71
1985-11-15,11.3,14.3,8.9,75,98,51
1985-11-16,8.1,9.6,6.3,61,80,54
1985-11-17,8.6,10.2,7.2,77,84,71
1985-11-18,9.6,11.0,8.6,82,89,75
1985-11-19,10.2,12.1,8.2,85,91,78
1985-11-20,10.7,11.7,9.6,86,92,78
1985-11-21,11.2,12.9,9.9,90,95,81
1985-11-22,11.8,13.8,10.6,91,98,77
1985-11-23,12.0,14.3,10.1,87,94,73
1985-11-24,11.8,13.0,10.9,94,97,91
1985-11-25,10.3,12.6,7.5,88,99,74
1985-11-26,9.6,13.9,5.2,76,89,61
1985-11-27,13.6,16.7,10.2,90,94,81
1985-11-28,9.0,12.0,5.5,89,97,78
1985-11-29,10.6,14.4,6.6,77,94,58
1985-11-30,6.3,9.9,2.6,59,82,39
1985-12-01,7.4,13.6,3.6,74,84,55
1985-12-02,8.9,14.6,4.9,80,89,61
1985-12-03,10.9,17.6,5.5,77,94,56
1985-12-04,11.5,17.0,8.1,77,85,63
1985-12-05,11.6,17.3,7.0,80,91,64
1985-12-06,8.9,14.0,5.3,87,100,65
1985-12-07,8.0,13.4,3.9,81,99,57
1985-12-08,7.3,11.9,3.6,87,100,68
1985-12-09,7.6,12.1,4.8,87,99,69
1985-12-10,6.9,11.3,4.0,90,100,72
1985-12-11,7.6,10.5,4.8,94,99,85
1985-12-12,8.9,11.7,6.4,94,99,85
1985-12-13,8.4,11.2,6.4,87,99,65
1985-12-14,7.5,10.2,4.6,86,100,68
1985-12-15,6.8,9.9,3.7,77,94,54
1985-12-16,7.3,13.7,2.7,74,85,57
1985-12-17,9.7,14.1,6.7,69,77,54
1985-12-18,8.8,13.8,5.0,67,82,52
1985-12-19,6.6,10.2,3.8,78,92,61
1985-12-20,6.1,8.1,4.4,84,94,63
1985-12-21,4.8,8.9,1.8,69,83,53
1985-12-22,4.1,9.2,0.0,76,89,54
1985-12-23,3.9,8.4,-0.4,74,93,51
1985-12-24,4.0,8.4,-0.2,76,96,57
1985-12-25,3.2,8.0,0.3,85,96,70
1985-12-26,3.2,8.4,-0.2,91,99,77
1985-12-27,6.4,12.3,1.9,91,99,75
1985-12-28,6.3,12.0,2.7,80,94,59
1985-12-29,7.6,14.4,2.4,87,95,70
1985-12-30,10.3,15.6,7.3,90,96,74
1985-12-31,9.9,15.5,6.3,91,98,74
1986-01-01,10.5,14.7,8.0,90,96,76
1986-01-02,8.2,12.9,5.1,89,99,72
1986-01-03,7.5,13.0,2.9,88,100,66
1986-01-04,8.4,14.7,3.8,91,99,74
1986-01-05,10.3,14.2,7.4,92,100,80
1986-01-06,7.3,10.6,4.4,93,100,81
1986-01-07,9.0,11.6,7.0,86,97,64
1986-01-08,6.9,10.4,4.2,65,74,53
1986-01-09,5.6,9.4,2.1,81,90,68
1986-01-10,6.4,9.1,3.9,76,92,56
1986-01-11,2.8,5.1,0.9,60,75,46
1986-01-12,2.8,7.1,-0.6,74,85,57
1986-01-13,3.1,7.6,0.3,73,86,52
1986-01-14,2.2,6.8,-0.6,72,84,47
1986-01-15,4.2,11.3,-1.5,84,96,64
1986-01-16,5.1,10.8,-0.3,85,96,62
1986-01-17,4.6,6.6,2.0,72,95,46
1986-01-18,1.2,4.0,-1.0,53,65,37
1986-01-19,1.3,6.3,-2.1,60,73,44
1986-01-20,4.0,10.3,0.3,73,89,54
1986-01-21,5.8,11.4,2.2,71,84,45
1986-01-22,4.6,10.1,-0.7,82,97,67
1986-01-23,6.4,11.9,2.0,87,96,71
1986-01-24,7.7,12.6,2.7,90,100,76
1986-01-25,10.6,13.9,6.8,75,96,46
1986-01-26,5.1,8.3,1.4,74,95,52
1986-01-27,4.0,8.8,-0.3,69,84,47
1986-01-28,4.4,6.1,3.0,91,95,85
1986-01-29,5.2,7.4,3.1,86,94,75
1986-01-30,6.1,9.0,2.5,88,98,72
1986-01-31,7.3,8.8,6.1,88,92,83
1986-02-01,8.8,9.6,8.1,88,91,84
1986-02-02,9.2,10.5,6.7,96,100,89
1986-02-03,5.2,8.4,2.6,80,98,64
1986-02-04,1.4,2.9,0.2,66,71,58
1986-02-05,1.2,3.7,-1.3,65,80,52
1986-02-06,2.2,5.4,-0.4,79,94,65
1986-02-07,4.6,7.6,2.3,90,96,80
1986-02-08,6.4,10.2,3.7,87,98,68
1986-02-09,5.7,10.4,-0.2,88,100,66
1986-02-10,7.1,10.2,4.3,84,97,65
1986-02-11,6.0,8.9,2.3,87,98,78
1986-02-12,3.1,6.0,2.2,96,100,87
1986-02-13,1.5,2.7,0.1,84,98,71
1986-02-14,0.4,4.8,-5.5,75,82,63
1986-02-15,1.4,5.8,-4.7,90,98,78
1986-02-16,4.9,6.9,3.0,93,95,91
1986-02-17,7.5,11.7,4.9,88,98,69
1986-02-18,8.1,13.8,3.2,88,100,67
1986-02-19,10.1,14.9,6.1,90,98,73
1986-02-20,11.1,15.4,7.9,88,99,65
1986-02-21,9.9,14.0,6.6,76,95,48
1986-02-22,8.7,12.1,4.0,87,92,78
1986-02-23,10.7,14.7,6.7,82,100,54
1986-02-24,10.9,15.6,6.8,70,84,52
1986-02-25,8.5,11.8,5.5,86,93,76
1986-02-26,1.3,4.4,-0.2,80,95,72
1986-02-27,1.7,3.5,0.1,76,87,64
1986-02-28,0.8,2.8,-1.3,73,78,66
1986-03-01,2.4,4.5,0.6,80,85,75
1986-03-02,3.2,5.4,1.3,89,93,82
1986-03-03,6.4,11.6,2.7,89,96,77
1986-03-04,8.3,11.6,5.2,90,97,79
1986-03-05,8.9,9.7,7.8,93,96,88
1986-03-06,8.8,12.4,5.1,83,96,65
1986-03-07,8.9,11.6,5.7,85,98,70
1986-03-08,9.4,13.7,6.1,86,98,66
1986-03-09,9.8,12.6,7.6,85,95,70
1986-03-10,8.9,10.5,6.9,89,96,81
1986-03-11,9.0,10.9,7.9,83,91,71
1986-03-12,8.9,11.2,6.6,82,93,68
1986-03-13,8.6,10.2,7.4,82,92,71
1986-03-14,8.1,8.8,7.4,83,88,78
1986-03-15,7.9,9.7,6.9,81,89,70
1986-03-16,5.5,6.9,4.3,73,84,65
1986-03-17,5.5,8.3,3.5,71,84,57
1986-03-18,5.7,8.2,3.5,74,89,61
1986-03-19,6.4,8.7,4.2,79,91,71
1986-03-20,6.7,9.0,4.4,81,94,65
1986-03-21,7.3,10.3,4.5,81,92,65
1986-03-22,8.0,12.0,3.3,80,99,60
1986-03-23,8.8,11.3,5.9,80,93,64
1986-03-24,9.5,15.0,3.0,81,100,59
1986-03-25,11.3,17.0,5.6,79,96,59
1986-03-26,13.6,19.5,7.5,77,94,57
1986-03-27,14.4,19.1,9.8,81,98,58
1986-03-28,13.9,17.7,9.9,85,100,65
1986-03-29,15.5,20.4,10.3,78,96,55
1986-03-30,15.6,21.0,10.6,77,90,57
1986-03-31,15.8,21.1,9.2,76,97,48
1986-04-01,15.4,21.0,9.8,80,100,51
1986-04-02,15.9,20.3,10.5,77,91,57
1986-04-03,16.0,20.2,12.5,76,90,56
1986-04-04,15.4,19.1,12.2,75,89,52
1986-04-05,14.7,17.7,11.9,77,88,65
1986-04-06,16.8,22.7,11.6,71,94,45
1986-04-07,17.3,22.2,12.5,71,86,54
1986-04-08,17.6,22.9,13.6,69,85,46
1986-04-09,17.4,22.0,13.5,66,84,43
1986-04-10,16.8,20.4,13.3,55,81,31
1986-04-11,14.5,19.2,9.1,57,80,40
1986-04-12,14.8,19.4,9.7,76,90,57
1986-04-13,16.6,20.8,12.6,72,93,51
1986-04-14,13.7,17.9,9.1,58,79,40
1986-04-15,11.4,15.2,7.0,60,81,40
1986-04-16,12.9,17.2,8.2,70,89,52
1986-04-17,13.8,19.0,8.0,80,100,59
1986-04-18,15.1,19.8,9.4,81,100,63
1986-04-19,16.5,22.3,10.3,76,97,49
1986-04-20,14.4,18.1,10.4,66,90,35
1986-04-21,13.6,18.5,9.0,54,75,28
1986-04-22,14.6,19.3,8.8,62,85,39
1986-04-23,15.8,20.7,11.0,66,86,45
1986-04-24,16.4,21.0,11.4,65,93,40
1986-04-25,17.8,23.1,13.2,64,84,46
1986-04-26,19.2,24.2,14.7,66,85,46
1986-04-27,19.4,24.3,14.9,65,86,43
1986-04-28,19.1,24.9,14.0,65,90,37
1986-04-29,17.9,21.7,13.7,75,91,61
1986-04-30,15.3,17.6,12.3,85,96,69
1986-05-01,14.8,17.9,12.7,86,93,75
1986-05-02,16.2,21.4,10.4,76,94,55
1986-05-03,18.5,23.9,12.4,72,96,48
1986-05-04,19.8,25.4,14.1,68,91,44
1986-05-05,16.6,18.9,13.7,79,94,64
1986-05-06,14.2,16.0,12.1,80,93,68
1986-05-07,14.8,18.5,11.5,77,94,56
1986-05-08,14.7,17.7,11.0,74,90,59
1986-05-09,15.2,18.8,11.5,72,89,59
1986-05-10,14.7,16.1,12.2,80,93,67
1986-05-11,15.9,21.3,11.1,76,93,52
1986-05-12,17.4,22.3,11.0,72,98,44
1986-05-13,18.0,22.1,13.5,75,96,54
1986-05-14,18.9,22.8,14.7,72,95,49
1986-05-15,17.9,22.1,14.2,74,92,52
1986-05-16,19.3,24.2,14.2,67,88,46
1986-05-17,18.9,21.0,17.2,71,81,61
1986-05-18,19.3,24.2,14.0,76,100,53
1986-05-19,21.2,25.4,16.8,69,86,50
1986-05-20,21.5,25.8,18.0,71,87,55
1986-05-21,19.9,21.2,18.3,81,90,72
1986-05-22,20.8,26.1,15.5,81,100,59
1986-05-23,23.1,28.5,18.2,73,87,53
1986-05-24,21.5,24.4,18.4,77,90,61
1986-05-25,20.7,22.7,18.7,76,91,63
1986-05-26,21.1,25.8,15.9,72,93,52
1986-05-27,21.3,24.6,18.2,75,86,61
1986-05-28,21.4,24.8,18.0,72,91,55
1986-05-29,21.9,26.1,17.9,68,85,49
1986-05-30,22.4,26.8,19.2,68,84,51
1986-05-31,23.8,28.4,19.6,69,88,49
1986-06-01,23.6,27.5,19.3,71,92,50
1986-06-02,22.3,26.6,16.9,61,91,33
1986-06-03,22.1,25.6,17.9,64,86,47
1986-06-04,22.6,26.3,18.2,63,89,35
1986-06-05,22.2,26.8,17.2,68,95,42
1986-06-06,23.7,29.3,17.9,65,88,40
1986-06-07,25.3,29.8,20.7,61,81,38
1986-06-08,23.9,27.9,20.0,69,89,50
1986-06-09,18.6,21.1,17.4,82,88,69
1986-06-10,19.4,24.2,15.4,79,90,62
1986-06-11,21.5,26.9,16.6,77,96,51
1986-06-12,23.1,28.0,18.4,68,85,47
1986-06-13,22.9,26.7,18.6,76,92,59
1986-06-14,23.4,27.7,19.0,80,99,60
1986-06-15,23.8,28.5,19.8,76,95,53
1986-06-16,25.3,30.2,20.2,62,86,37
1986-06-17,25.4,29.1,21.7,64,84,50
1986-06-18,24.7,28.1,20.6,70,91,56
1986-06-19,25.2,28.5,21.2,67,88,52
1986-06-20,24.3,27.6,20.1,66,88,47
1986-06-21,23.7,26.1,21.6,65,84,54
1986-06-22,24.7,29.9,19.6,69,88,48
1986-06-23,25.7,31.0,19.9,60,83,37
1986-06-24,25.4,30.2,20.9,66,85,47
1986-06-25,23.1,26.6,20.2,74,92,48
1986-06-26,23.5,27.8,17.9,55,92,30
1986-06-27,22.7,27.8,17.5,44,59,31
1986-06-28,22.0,26.0,18.2,50,75,31
1986-06-29,22.7,27.8,16.5,59,83,39
1986-06-30,23.0,27.6,19.5,63,82,44
1986-07-01,21.3,25.1,16.7,71,93,49
1986-07-02,21.7,26.0,17.4,71,92,49
1986-07-03,22.5,26.9,17.6,66,86,49
1986-07-04,23.5,27.7,18.3,66,92,45
1986-07-05,24.9,29.2,20.0,63,86,43
1986-07-06,25.6,29.8,22.1,64,85,43
1986-07-07,26.4,30.4,22.2,65,84,46
1986-07-08,25.7,29.5,22.6,63,88,43
1986-07-09,24.0,28.9,19.0,48,65,30
1986-07-10,23.3,27.6,18.4,55,80,38
1986-07-11,23.6,28.3,18.1,58,85,36
1986-07-12,24.7,28.9,20.5,64,90,40
1986-07-13,25.4,28.8,21.4,59,81,42
1986-07-14,25.9,30.7,21.2,61,84,39
1986-07-15,26.4,30.5,22.3,64,84,44
1986-07-16,26.4,30.1,22.4,62,83,44
1986-07-17,25.6,29.1,22.9,66,83,49
1986-07-18,24.8,28.4,21.3,69,89,49
1986-07-19,24.3,28.8,19.9,70,89,49
1986-07-20,25.0,28.5,21.6,72,91,55
1986-07-21,25.3,29.0,21.9,65,81,49
1986-07-22,25.4,30.4,20.2,64,90,40
1986-07-23,26.6,31.6,21.7,60,79,39
1986-07-24,28.2,33.2,23.3,61,80,39
1986-07-25,28.2,34.7,23.3,56,86,30
1986-07-26,24.6,28.8,19.5,47,79,31
1986-07-27,25.4,30.1,20.7,62,85,38
1986-07-28,26.4,31.7,22.3,58,83,31
1986-07-29,25.8,30.5,20.7,43,64,25
1986-07-30,25.3,30.1,19.8,43,58,28
1986-07-31,26.1,31.8,19.4,52,79,30
1986-08-01,27.0,32.3,22.5,60,83,33
1986-08-02,27.3,33.3,22.3,62,85,34
1986-08-03,28.1,33.1,23.5,60,89,36
1986-08-04,28.1,32.6,24.5,53,74,33
1986-08-05,28.4,32.6,24.9,51,69,33
1986-08-06,28.2,32.7,24.5,51,72,31
1986-08-07,26.8,31.2,22.2,55,79,34
1986-08-08,27.5,31.4,23.9,50,70,33
1986-08-09,27.6,32.8,21.5,56,84,32
1986-08-10,28.6,34.0,22.2,52,80,30
1986-08-11,29.3,33.6,23.2,51,78,33
1986-08-12,29.2,32.5,25.9,53,68,40
1986-08-13,28.5,32.9,25.4,58,78,39
1986-08-14,28.7,34.2,24.1,57,80,34
1986-08-15,24.1,27.7,21.0,75,93,61
1986-08-16,23.6,27.9,19.6,75,96,51
1986-08-17,25.1,29.1,22.2,66,81,46
1986-08-18,25.1,29.7,20.7,68,88,47
1986-08-19,26.6,32.0,21.9,70,89,47
1986-08-20,28.5,34.7,23.5,66,86,40
1986-08-21,27.9,31.1,23.1,64,85,48
1986-08-22,25.5,29.6,21.7,59,81,37
1986-08-23,24.6,27.6,21.3,73,88,56
1986-08-24,26.0,31.4,21.1,69,91,46
1986-08-25,27.5,33.9,21.7,59,93,28
1986-08-26,24.0,27.9,19.9,51,81,36
1986-08-27,23.5,26.5,20.7,73,89,57
1986-08-28,24.9,29.9,19.7,69,93,45
1986-08-29,26.0,31.0,21.7,69,91,45
1986-08-30,28.5,34.8,22.5,54,82,28
1986-08-31,23.8,28.7,18.3,43,77,24
1986-09-01,22.4,25.9,19.0,66,90,44
1986-09-02,20.8,21.9,19.7,70,86,58
1986-09-03,22.3,27.5,17.7,59,84,33
1986-09-04,23.1,28.0,18.2,64,88,40
1986-09-05,22.3,26.5,19.2,55,88,34
1986-09-06,20.4,23.8,17.3,65,88,47
1986-09-07,21.1,25.6,17.2,68,86,46
1986-09-08,21.9,27.3,17.2,66,90,38
1986-09-09,22.6,28.4,16.3,72,98,42
1986-09-10,23.2,28.0,18.9,72,96,44
1986-09-11,23.2,27.8,18.4,70,95,45
1986-09-12,24.2,29.7,18.0,66,97,39
1986-09-13,24.6,30.0,20.1,63,85,37
1986-09-14,25.6,31.9,20.2,62,83,32
1986-09-15,26.6,32.4,22.0,62,86,34
1986-09-16,26.5,31.7,21.8,62,85,38
1986-09-17,26.9,32.8,22.5,63,84,35
1986-09-18,27.3,33.0,23.0,62,84,35
1986-09-19,27.2,33.4,22.0,56,83,31
1986-09-20,17.6,22.3,15.7,68,84,51
1986-09-21,19.0,23.8,15.2,60,83,31
1986-09-22,19.3,24.9,13.3,56,86,27
1986-09-23,21.3,27.5,15.1,54,79,26
1986-09-24,21.8,28.1,14.7,58,91,27
1986-09-25,22.3,29.0,17.4,61,86,27
1986-09-26,21.1,25.1,17.0,72,90,47
1986-09-27,21.4,25.9,16.9,73,93,49
1986-09-28,20.7,24.5,16.8,76,96,54
1986-09-29,18.2,20.6,16.2,82,95,65
1986-09-30,19.9,24.2,16.5,64,91,35
1986-10-01,18.3,21.1,15.2,60,76,47
1986-10-02,18.4,22.5,15.1,62,85,37
1986-10-03,18.2,23.0,14.2,74,93,50
1986-10-04,20.5,28.0,12.6,66,100,28
1986-10-05,21.3,27.3,15.7,52,75,28
1986-10-06,18.1,21.5,15.3,68,82,51
1986-10-07,17.1,21.8,12.5,76,98,50
1986-10-08,18.6,25.3,12.2,73,99,35
1986-10-09,18.4,21.9,14.4,72,99,48
1986-10-10,16.7,20.6,13.1,79,96,60
1986-10-11,16.9,21.7,12.5,80,100,50
1986-10-12,17.6,23.7,11.9,75,100,42
1986-10-13,17.7,20.3,15.6,73,85,56
1986-10-14,14.6,16.3,12.6,64,81,55
1986-10-15,13.2,15.0,11.5,68,83,57
1986-10-16,12.6,16.1,9.5,72,92,46
1986-10-17,13.0,18.5,7.0,65,90,35
1986-10-18,13.8,19.9,8.0,60,84,34
1986-10-19,14.1,19.7,8.1,69,99,40
1986-10-20,15.3,20.7,10.1,75,91,54
1986-10-21,15.4,21.4,10.3,82,100,49
1986-10-22,14.0,19.2,9.4,46,66,24
1986-10-23,15.1,21.3,9.3,71,87,54
1986-10-24,16.2,22.1,10.7,82,97,61
1986-10-25,14.6,18.0,10.9,67,93,40
1986-10-26,13.1,16.0,9.4,77,90,66
1986-10-27,14.9,17.2,13.2,75,83,65
1986-10-28,14.7,15.7,13.3,82,93,77
1986-10-29,14.6,16.7,13.3,81,92,63
1986-10-30,13.2,15.1,11.1,90,99,76
1986-10-31,12.9,14.0,12.2,90,96,79
1986-11-01,13.5,16.4,11.7,80,95,58
1986-11-02,13.0,16.2,9.2,79,99,61
1986-11-03,12.8,16.2,9.7,82,97,67
1986-11-04,11.8,13.3,10.1,87,94,82
1986-11-05,10.1,11.2,8.7,78,90,61
1986-11-06,8.1,11.8,4.8,60,73,43
1986-11-07,9.2,13.6,6.2,53,73,35
1986-11-08,8.0,11.8,5.1,52,66,34
1986-11-09,8.2,13.6,4.1,65,81,44
1986-11-10,9.4,14.9,5.0,70,87,47
1986-11-11,9.6,13.7,5.1,81,95,66
1986-11-12,10.0,13.3,6.9,81,96,66
1986-11-13,9.2,14.7,4.7,80,100,56
1986-11-14,8.3,13.2,3.9,83,100,63
1986-11-15,8.2,12.9,5.0,85,99,65
1986-11-16,7.7,13.4,3.4,82,100,56
1986-11-17,8.0,13.4,3.7,81,99,58
1986-11-18,8.3,12.7,4.4,85,98,68
1986-11-19,7.8,11.6,4.5,89,100,74
1986-11-20,7.0,11.0,4.2,88,100,67
1986-11-21,6.3,11.2,3.3,86,100,64
1986-11-22,6.6,11.5,2.6,87,98,69
1986-11-23,9.2,12.3,6.0,84,95,75
1986-11-24,11.8,14.7,9.8,86,93,76
1986-11-25,12.2,15.6,9.2,86,97,69
1986-11-26,10.6,14.4,6.6,87,100,68
1986-11-27,10.0,11.3,9.0,87,95,74
1986-11-28,8.6,10.3,7.5,78,92,60
1986-11-29,6.2,9.3,2.5,77,98,55
1986-11-30,4.7,9.2,0.0,78,98,53
1986-12-01,4.4,9.8,0.3,75,88,52
1986-12-02,4.2,9.2,0.1,79,98,51
1986-12-03,5.6,11.5,1.1,69,80,52
1986-12-04,6.2,11.9,0.7,74,98,47
1986-12-05,6.7,13.3,3.3,68,82,43
1986-12-06,6.0,12.6,2.9,71,84,44
1986-12-07,5.3,11.5,1.6,73,89,46
1986-12-08,5.2,11.5,-0.1,77,97,53
1986-12-09,4.9,8.8,1.5,87,98,72
1986-12-10,4.2,7.8,1.4,88,100,68
1986-12-11,3.5,7.7,0.4,86,98,63
1986-12-12,2.9,7.3,-0.2,81,98,53
1986-12-13,2.0,7.2,-2.1,72,95,41
1986-12-14,2.5,8.3,-0.5,78,91,53
1986-12-15,3.8,8.9,-0.8,84,97,66
1986-12-16,7.4,12.9,3.6,86,95,73
1986-12-17,7.5,11.8,4.2,92,99,72
1986-12-18,4.3,6.6,2.4,62,74,51
1986-12-19,3.0,7.5,-0.3,69,85,49
1986-12-20,4.3,9.2,1.4,67,88,38
1986-12-21,3.9,8.4,1.4,64,77,49
1986-12-22,3.1,6.1,0.2,90,96,80
1986-12-23,3.8,7.7,0.5,78,99,50
1986-12-24,1.0,4.6,-2.1,69,82,50
1986-12-25,-1.0,0.6,-2.6,80,85,75
1986-12-26,-3.7,-1.7,-7.1,77,82,68
1986-12-27,-5.5,-1.5,-9.2,71,83,59
1986-12-28,-2.8,2.2,-6.9,69,79,58
1986-12-29,0.1,5.9,-5.2,60,76,40
1986-12-30,3.6,8.7,-1.0,64,72,53
1986-12-31,6.0,10.3,2.5,65,75,53
1987-01-01,6.0,12.5,1.6,74,83,60
1987-01-02,5.7,11.6,1.4,78,90,58
1987-01-03,5.3,11.4,0.8,84,95,68
1987-01-04,2.4,3.9,0.5,60,89,41
1987-01-05,0.0,2.4,-1.6,47,62,38
1987-01-06,0.3,5.4,-3.0,62,73,44
1987-01-07,2.9,8.4,-1.9,72,89,56
1987-01-08,-0.4,3.3,-4.2,88,99,74
1987-01-09,-4.9,-2.9,-7.1,61,73,50
1987-01-10,-3.0,1.6,-5.6,59,70,49
1987-01-11,2.9,9.0,-3.4,83,92,65
1987-01-12,9.8,12.5,6.2,80,91,60
1987-01-13,8.5,13.3,4.6,75,92,61
1987-01-14,8.4,14.5,2.2,88,100,68
1987-01-15,10.0,13.2,7.6,92,98,79
1987-01-16,10.0,14.7,6.6,90,97,71
1987-01-17,10.7,11.9,8.8,89,98,75
1987-01-18,8.5,10.2,6.1,75,83,60
1987-01-19,3.5,5.8,2.6,95,98,84
1987-01-20,3.8,4.9,3.0,95,97,90
1987-01-21,3.6,5.5,2.5,88,97,75
1987-01-22,1.5,5.4,-1.6,73,83,57
1987-01-23,1.6,5.6,-1.7,74,88,55
1987-01-24,3.0,7.6,-0.6,70,82,57
1987-01-25,0.6,2.7,-1.8,63,72,50
1987-01-26,1.9,7.4,-2.3,63,78,40
1987-01-27,6.1,10.1,3.7,73,84,53
1987-01-28,6.4,12.3,2.0,90,97,77
1987-01-29,9.0,17.0,3.2,88,100,66
1987-01-30,5.5,8.6,0.9,79,97,58
1987-01-31,1.4,3.2,-0.0,75,88,70
1987-02-01,2.3,5.1,0.4,87,93,76
1987-02-02,4.8,7.5,2.6,88,95,76
1987-02-03,6.0,9.7,1.7,85,96,66
1987-02-04,7.0,9.3,5.3,85,91,76
1987-02-05,7.3,9.3,5.8,84,92,72
1987-02-06,6.6,8.8,4.4,83,95,69
1987-02-07,6.9,11.2,2.9,84,97,64
1987-02-08,6.4,9.8,4.0,68,93,44
1987-02-09,5.0,10.7,-0.5,59,78,41
1987-02-10,8.0,14.1,3.0,65,83,50
1987-02-11,7.0,13.0,1.7,84,97,65
1987-02-12,8.6,14.4,3.9,88,100,63
1987-02-13,11.3,14.6,8.4,92,97,80
1987-02-14,11.7,12.1,10.9,90,95,85
1987-02-15,11.3,13.8,9.3,93,98,82
1987-02-16,10.6,14.9,7.2,89,98,70
1987-02-17,8.8,13.1,5.9,92,100,76
1987-02-18,9.9,13.4,7.0,86,96,70
1987-02-19,9.1,12.7,4.8,88,98,72
1987-02-20,10.8,13.7,8.4,88,93,78
1987-02-21,12.1,15.6,8.7,81,98,49
1987-02-22,10.7,15.3,7.0,71,90,39
1987-02-23,8.3,10.1,5.0,88,94,72
1987-02-24,4.7,8.8,2.7,70,92,46
1987-02-25,2.5,3.9,1.2,61,72,50
1987-02-26,3.0,5.4,1.1,71,82,64
1987-02-27,3.6,8.0,-1.2,78,97,49
1987-02-28,4.6,8.1,1.4,76,89,57
1987-03-01,6.0,11.8,0.1,80,99,57
1987-03-02,7.2,13.1,0.9,73,89,51
1987-03-03,7.2,9.8,1.5,89,94,74
1987-03-04,-1.7,0.7,-3.6,56,67,51
1987-03-05,-1.9,0.9,-4.1,45,53,33
1987-03-06,-1.3,1.6,-3.4,47,64,33
1987-03-07,-1.9,0.8,-3.9,45,61,31
1987-03-08,-1.4,1.3,-3.6,48,63,33
1987-03-09,0.8,4.5,-2.3,47,60,34
1987-03-10,0.8,3.1,-0.8,68,79,56
1987-03-11,1.4,3.5,-0.8,65,77,55
1987-03-12,1.8,5.4,-2.9,63,85,44
1987-03-13,1.4,4.9,-1.4,66,84,44
1987-03-14,1.8,6.0,-1.4,76,89,53
1987-03-15,2.5,5.4,-0.4,76,90,62
1987-03-16,2.7,6.5,-0.7,72,92,48
1987-03-17,2.4,4.6,0.7,88,98,73
1987-03-18,3.5,8.3,-0.9,71,97,42
1987-03-19,5.6,11.0,-0.5,67,81,54
1987-03-20,7.4,13.4,2.2,75,87,58
1987-03-21,9.6,16.1,2.6,81,97,62
1987-03-22,10.3,15.2,5.1,87,96,67
1987-03-23,10.5,11.4,9.1,92,94,89
1987-03-24,4.9,8.6,2.9,91,95,87
1987-03-25,7.6,13.5,1.1,76,92,50
1987-03-26,9.6,15.5,2.6,80,99,58
1987-03-27,11.8,16.8,7.0,81,94,65
1987-03-28,12.1,17.8,6.5,85,100,59
1987-03-29,12.0,17.4,7.3,84,100,62
1987-03-30,12.7,18.2,8.2,84,99,61
1987-03-31,13.6,16.1,12.1,80,92,55
1987-04-01,10.1,11.8,7.9,92,95,89
1987-04-02,10.5,15.3,6.5,75,93,49
1987-04-03,11.9,16.2,7.8,67,86,45
1987-04-04,12.9,17.9,8.5,69,84,48
1987-04-05,13.5,18.0,8.6,75,89,59
1987-04-06,14.9,20.8,9.2,77,95,52
1987-04-07,15.4,20.6,9.9,67,87,42
1987-04-08,14.9,19.7,10.7,76,93,53
1987-04-09,15.6,20.8,10.2,76,95,56
1987-04-10,16.0,21.7,10.2,80,99,57
1987-04-11,15.0,18.3,12.4,80,96,57
1987-04-12,14.1,17.7,10.9,60,78,42
1987-04-13,11.1,12.6,9.1,83,93,75
1987-04-14,9.9,11.6,8.6,75,81,68
1987-04-15,11.3,15.3,7.7,77,93,60
1987-04-16,11.5,15.5,7.7,78,98,57
1987-04-17,12.7,17.3,7.3,69,97,38
1987-04-18,14.0,20.1,6.7,64,89,37
1987-04-19,16.0,22.4,9.2,59,78,36
1987-04-20,14.7,20.0,8.8,80,97,62
1987-04-21,15.9,21.2,10.6,77,99,53
1987-04-22,15.7,19.7,11.5,70,83,52
1987-04-23,12.2,15.9,9.7,75,89,60
1987-04-24,11.1,13.2,9.2,80,91,68
1987-04-25,12.5,17.0,8.1,75,92,55
1987-04-26,14.9,21.1,9.1,72,96,46
1987-04-27,16.9,22.2,12.2,64,82,46
1987-04-28,10.0,13.8,8.0,80,86,58
1987-04-29,10.7,16.2,4.6,65,94,34
1987-04-30,12.1,18.5,6.3,61,79,37
1987-05-01,13.8,18.6,9.4,69,86,45
1987-05-02,14.8,18.6,11.8,79,90,64
1987-05-03,15.0,19.4,10.5,81,99,64
1987-05-04,15.7,20.5,11.2,83,100,61
1987-05-05,16.3,20.9,12.9,81,96,61
1987-05-06,15.6,19.3,12.9,82,92,64
1987-05-07,14.1,18.3,8.6,66,87,43
1987-05-08,14.2,18.2,9.4,58,89,35
1987-05-09,13.5,17.2,9.3,44,59,31
1987-05-10,14.4,20.2,9.2,56,76,36
1987-05-11,15.4,21.1,9.5,68,88,45
1987-05-12,15.8,20.3,11.4,76,91,59
1987-05-13,15.7,20.0,11.6,78,99,55
1987-05-14,17.4,22.6,12.1,74,97,51
1987-05-15,18.4,23.0,13.3,73,92,55
1987-05-16,17.4,21.1,13.9,74,91,55
1987-05-17,19.8,25.1,15.0,70,88,45
1987-05-18,20.8,24.6,16.5,72,90,55
1987-05-19,20.8,24.3,17.0,70,91,51
1987-05-20,21.5,27.3,15.5,61,86,33
1987-05-21,18.4,21.1,15.3,73,87,48
1987-05-22,16.9,21.1,12.3,51,75,35
1987-05-23,17.4,23.3,11.0,48,72,30
1987-05-24,18.8,24.5,13.1,52,75,34
1987-05-25,18.7,22.6,14.5,66,88,44
1987-05-26,19.3,23.8,13.7,68,96,45
1987-05-27,18.8,23.2,14.8,72,93,46
1987-05-28,18.9,22.7,15.8,75,92,54
1987-05-29,19.2,23.4,15.1,70,97,47
1987-05-30,19.6,22.3,17.0,67,86,50
1987-05-31,17.2,20.9,15.1,81,94,58
1987-06-01,17.5,21.7,13.7,63,82,43
1987-06-02,18.6,22.9,12.9,60,86,33
1987-06-03,19.1,24.4,14.3,68,94,42
1987-06-04,20.5,25.4,15.7,66,87,42
1987-06-05,21.3,26.3,16.1,68,91,44
1987-06-06,22.1,26.6,16.7,57,87,32
1987-06-07,22.4,28.6,15.4,54,78,32
1987-06-08,23.1,28.4,18.2,62,82,41
1987-06-09,24.6,29.9,19.8,61,82,41
1987-06-10,25.3,29.5,21.0,62,82,42
1987-06-11,27.8,34.3,21.7,57,82,30
1987-06-12,27.7,33.8,20.9,56,83,28
1987-06-13,26.2,30.9,21.8,66,88,43
1987-06-14,26.7,32.0,21.9,63,88,40
1987-06-15,27.6,33.2,23.1,59,81,39
1987-06-16,28.9,35.0,23.5,58,80,36
1987-06-17,27.4,32.5,22.0,35,70,18
1987-06-18,22.8,26.6,18.9,49,76,34
1987-06-19,20.5,25.1,15.1,60,87,36
1987-06-20,20.6,23.5,17.8,73,91,59
1987-06-21,20.3,24.3,17.3,74,92,53
1987-06-22,21.1,26.3,14.7,65,96,38
1987-06-23,22.3,26.7,18.1,59,75,42
1987-06-24,22.1,27.3,17.1,60,83,35
1987-06-25,23.9,27.9,19.6,60,81,40
1987-06-26,24.9,29.8,20.8,61,81,42
1987-06-27,24.7,28.2,20.9,64,87,47
1987-06-28,23.9,28.0,20.0,63,78,47
1987-06-29,26.1,31.4,20.9,58,82,34
1987-06-30,27.5,32.2,22.6,54,76,36
1987-07-01,27.0,30.7,23.2,59,80,44
1987-07-02,27.4,31.9,23.1,53,74,33
1987-07-03,27.5,33.5,21.2,52,79,29
1987-07-04,26.4,31.2,22.3,62,78,42
1987-07-05,25.8,30.4,21.8,68,88,49
1987-07-06,24.0,27.2,21.1,60,81,44
1987-07-07,23.0,28.0,17.8,66,94,37
1987-07-08,22.5,25.0,20.1,66,83,53
1987-07-09,22.9,27.2,18.5,63,84,43
1987-07-10,24.4,29.3,19.2,64,87,43
1987-07-11,24.8,29.0,20.4,67,85,48
1987-07-12,25.8,30.0,22.1,65,88,44
1987-07-13,26.5,31.7,22.4,63,86,40
1987-07-14,27.2,32.7,22.6,60,85,35
1987-07-15,28.0,33.1,23.7,59,81,37
1987-07-16,27.5,31.2,24.0,64,85,45
1987-07-17,27.8,31.9,23.8,55,78,38
1987-07-18,27.8,31.9,24.0,56,79,38
1987-07-19,29.2,35.2,23.9,58,79,35
1987-07-20,30.8,36.8,25.8,58,79,34
1987-07-21,31.1,36.6,26.4,58,79,37
1987-07-22,32.0,38.7,26.5,60,83,32
1987-07-23,31.8,36.6,26.2,63,89,39
1987-07-24,31.8,36.6,28.2,59,80,38
1987-07-25,31.7,37.0,27.2,57,79,35
1987-07-26,32.4,39.1,26.9,52,75,26
1987-07-27,31.8,37.4,27.7,50,73,32
1987-07-28,26.1,29.3,23.1,52,71,45
1987-07-29,25.7,30.8,21.4,58,90,30
1987-07-30,25.1,28.1,21.6,66,84,51
1987-07-31,25.6,29.8,21.7,65,88,45
1987-08-01,25.6,29.7,22.1,66,86,49
1987-08-02,26.0,31.0,21.2,46,62,24
1987-08-03,26.0,31.4,20.2,55,78,33
1987-08-04,27.4,32.5,22.5,58,84,35
1987-08-05,28.2,33.0,23.9,53,75,35
1987-08-06,27.8,32.4,22.3,50,82,30
1987-08-07,26.3,30.0,22.7,51,71,37
1987-08-08,27.0,32.3,22.0,60,81,40
1987-08-09,27.7,33.3,21.8,61,83,34
1987-08-10,27.3,31.6,24.0,67,80,47
1987-08-11,27.7,33.4,22.6,65,94,37
1987-08-12,27.1,32.2,22.4,64,95,32
1987-08-13,26.1,30.3,21.7,61,90,35
1987-08-14,23.7,28.4,19.8,62,91,29
1987-08-15,23.7,28.0,19.7,71,91,52
1987-08-16,24.8,29.2,21.1,55,90,25
1987-08-17,23.1,28.0,18.6,42,56,25
1987-08-18,22.5,27.9,17.0,56,77,36
1987-08-19,23.5,28.3,18.3,70,96,48
1987-08-20,26.5,32.5,20.3,57,88,30
1987-08-21,23.7,27.3,18.8,60,89,44
1987-08-22,21.0,25.7,16.8,73,96,42
1987-08-23,22.0,26.2,18.1,68,88,44
1987-08-24,22.4,25.8,19.0,76,97,56
1987-08-25,23.1,27.0,19.1,74,95,52
1987-08-26,23.6,27.7,18.8,73,99,50
1987-08-27,24.3,28.5,19.8,71,94,49
1987-08-28,25.2,30.1,20.7,71,93,47
1987-08-29,24.8,28.9,21.3,64,87,39
1987-08-30,23.6,28.7,19.6,55,84,31
1987-08-31,23.4,27.6,19.1,61,80,40
1987-09-01,24.6,30.1,19.8,62,83,34
1987-09-02,23.3,26.2,19.7,75,91,57
1987-09-03,22.7,25.8,19.7,73,91,54
1987-09-04,22.5,25.8,19.2,75,90,58
1987-09-05,22.9,27.5,18.3,74,98,48
1987-09-06,22.9,26.6,19.4,74,90,54
1987-09-07,22.5,25.8,19.6,77,96,59
1987-09-08,22.7,26.4,20.1,76,93,55
1987-09-09,23.8,29.9,17.7,73,100,40
1987-09-10,24.2,28.0,21.0,72,93,50
1987-09-11,22.6,25.8,19.5,78,94,61
1987-09-12,23.9,29.2,19.3,73,95,45
1987-09-13,25.1,31.1,19.4,70,99,33
1987-09-14,26.8,33.6,20.7,59,84,28
1987-09-15,28.3,35.3,21.1,49,78,23
1987-09-16,28.4,35.7,21.6,47,73,24
1987-09-17,25.8,31.0,21.1,66,86,45
1987-09-18,23.8,27.3,20.7,69,88,45
1987-09-19,24.2,30.0,19.7,70,89,44
1987-09-20,25.5,31.9,20.0,69,96,33
1987-09-21,27.4,34.2,21.3,55,83,22
1987-09-22,23.5,26.9,20.2,67,82,58
1987-09-23,20.9,22.8,19.2,72,89,63
1987-09-24,21.4,26.1,16.9,77,99,55
1987-09-25,22.1,26.9,17.4,79,100,54
1987-09-26,23.5,29.3,18.0,76,100,45
1987-09-27,23.9,30.2,18.2,76,100,46
1987-09-28,25.7,31.5,21.1,66,88,38
1987-09-29,22.0,24.6,19.4,73,86,60
1987-09-30,16.2,18.7,15.1,73,90,60
1987-10-01,13.6,15.0,12.6,87,90,77
1987-10-02,15.1,17.6,13.0,70,84,55
1987-10-03,15.8,17.8,14.1,70,85,55
1987-10-04,15.2,17.9,13.4,60,73,42
1987-10-05,14.9,18.8,10.5,63,86,42
1987-10-06,15.1,19.0,10.6,68,87,50
1987-10-07,15.5,20.1,10.2,77,98,54
1987-10-08,15.4,17.0,13.2,87,96,77
1987-10-09,17.5,22.9,13.0,78,94,56
1987-10-10,17.8,21.7,14.4,83,94,66
1987-10-11,18.1,20.4,16.5,84,93,71
1987-10-12,17.2,19.7,15.1,86,96,71
1987-10-13,16.3,17.6,15.2,90,98,84
1987-10-14,16.7,21.2,13.3,84,100,54
1987-10-15,17.8,22.2,14.0,68,86,42
1987-10-16,16.7,20.8,11.0,76,98,56
1987-10-17,16.3,21.0,12.3,84,100,60
1987-10-18,16.7,18.9,14.4,85,97,71
1987-10-19,16.1,17.6,14.5,89,95,82
1987-10-20,15.7,17.8,14.6,89,97,78
1987-10-21,15.3,18.5,12.7,86,100,63
1987-10-22,14.9,18.9,11.8,87,100,61
1987-10-23,15.8,18.3,13.9,79,92,63
1987-10-24,15.5,17.8,13.2,82,95,67
1987-10-25,15.0,17.2,12.0,85,99,72
1987-10-26,15.7,20.4,11.6,85,100,66
1987-10-27,14.0,15.6,11.6,85,93,69
1987-10-28,10.9,12.9,9.4,82,93,65
1987-10-29,9.5,10.9,8.3,75,88,66
1987-10-30,8.8,10.2,7.8,83,88,74
1987-10-31,8.3,9.4,7.1,82,90,73
1987-11-01,9.3,11.9,6.8,72,93,46
1987-11-02,7.2,11.1,3.4,75,91,52
1987-11-03,8.2,11.9,5.4,82,92,59
1987-11-04,7.9,9.2,6.9,88,93,78
1987-11-05,7.6,11.5,4.5,65,81,42
1987-11-06,7.7,12.9,3.6,61,69,48
1987-11-07,8.5,12.6,4.7,65,79,53
1987-11-08,8.0,13.4,2.6,78,99,57
1987-11-09,8.2,14.5,2.9,81,100,54
1987-11-10,10.0,16.1,5.1,87,96,72
1987-11-11,12.8,15.2,11.0,95,98,87
1987-11-12,12.9,15.5,9.8,93,98,85
1987-11-13,10.7,16.2,6.5,87,100,66
1987-11-14,11.6,17.1,7.9,90,99,74
1987-11-15,12.7,17.0,9.6,92,99,76
1987-11-16,13.0,17.5,9.7,91,100,73
1987-11-17,12.5,15.8,9.0,91,100,78
1987-11-18,9.4,13.7,7.2,92,98,89
1987-11-19,9.0,12.8,6.8,77,90,58
1987-11-20,8.6,11.9,5.3,74,85,58
1987-11-21,9.6,12.2,7.7,93,97,90
1987-11-22,9.9,13.4,6.5,88,99,69
1987-11-23,8.6,12.8,4.8,82,93,66
1987-11-24,10.0,15.0,6.0,88,96,71
1987-11-25,13.6,16.7,10.0,91,97,79
1987-11-26,14.8,17.5,12.8,91,98,75
1987-11-27,15.4,18.1,12.2,89,96,76
1987-11-28,11.7,15.6,8.0,86,100,66
1987-11-29,10.9,14.8,8.5,90,99,70
1987-11-30,10.7,14.2,7.6,90,100,74
1987-12-01,10.6,13.9,7.5,84,97,67
1987-12-02,8.8,13.1,5.1,87,99,66
1987-12-03,7.4,12.1,3.1,74,93,54
1987-12-04,7.0,9.5,4.7,72,86,57
1987-12-05,5.7,8.8,2.9,85,100,65
1987-12-06,6.3,7.8,4.2,90,96,81
1987-12-07,8.4,13.0,5.6,90,98,72
1987-12-08,8.6,13.5,4.0,88,99,69
1987-12-09,10.6,13.7,8.3,94,98,83
1987-12-10,8.4,10.1,7.0,85,96,72
1987-12-11,6.3,7.9,4.4,82,89,75
1987-12-12,4.4,8.2,2.0,66,79,47
1987-12-13,3.5,6.7,0.4,84,93,75
1987-12-14,5.8,7.3,4.6,91,93,85
1987-12-15,8.2,11.3,6.5,91,97,85
1987-12-16,7.4,11.6,3.7,87,97,72
1987-12-17,8.3,11.8,5.0,84,94,67
1987-12-18,5.9,10.9,2.6,85,99,63
1987-12-19,6.3,10.2,2.7,92,100,80
1987-12-20,7.9,10.4,5.6,84,98,67
1987-12-21,7.6,10.5,5.0,72,82,60
1987-12-22,9.2,12.6,7.2,66,76,51
1987-12-23,7.6,11.7,4.7,68,84,49
1987-12-24,4.9,7.6,2.5,78,91,63
1987-12-25,3.4,4.9,2.3,84,93,71
1987-12-26,2.2,5.5,-0.4,88,98,72
1987-12-27,2.7,7.8,-1.0,86,99,66
1987-12-28,6.2,11.8,1.9,74,85,60
1987-12-29,9.2,14.8,4.2,73,83,60
1987-12-30,8.8,14.0,4.5,82,92,66
1987-12-31,8.2,14.4,4.3,78,88,58
1988-01-01,6.8,11.5,3.2,94,99,85
1988-01-02,8.2,9.9,6.5,93,97,89
1988-01-03,8.3,11.6,5.6,93,99,82
1988-01-04,8.4,12.6,6.0,92,99,77
1988-01-05,7.5,13.2,3.3,87,100,67
1988-01-06,7.0,12.5,2.9,84,97,65
1988-01-07,6.8,12.6,2.9,85,96,74
1988-01-08,7.2,11.5,4.4,92,99,76
1988-01-09,7.0,11.3,3.9,88,99,69
1988-01-10,7.6,9.8,6.7,89,93,81
1988-01-11,7.0,10.7,4.6,82,92,66
1988-01-12,6.7,9.7,4.0,77,98,55
1988-01-13,3.8,8.5,-0.2,74,87,55
1988-01-14,4.6,8.5,1.0,83,96,64
1988-01-15,4.8,8.1,1.0,89,99,75
1988-01-16,5.2,7.3,3.2,89,97,77
1988-01-17,4.8,8.3,2.1,89,99,74
1988-01-18,4.1,8.8,0.8,90,99,73
1988-01-19,4.6,9.2,0.5,87,99,69
1988-01-20,4.9,8.7,1.5,90,100,73
1988-01-21,6.4,8.2,5.0,87,94,79
1988-01-22,6.3,7.3,5.4,89,92,85
1988-01-23,5.9,8.0,4.6,80,91,63
1988-01-24,5.8,7.2,4.5,84,92,75
1988-01-25,6.0,9.8,3.5,83,93,66
1988-01-26,7.2,12.5,3.5,86,94,71
1988-01-27,7.9,14.3,2.8,85,98,64
1988-01-28,8.1,14.9,3.1,80,97,56
1988-01-29,8.2,11.3,5.8,92,98,83
1988-01-30,10.3,15.1,7.1,88,98,70
1988-01-31,9.7,13.5,5.1,78,99,52
1988-02-01,8.2,10.9,6.4,58,66,46
1988-02-02,5.1,6.8,1.9,79,92,70
1988-02-03,7.4,13.1,4.0,76,91,54
1988-02-04,6.6,11.9,1.5,80,92,65
1988-02-05,8.5,12.4,4.6,85,97,65
1988-02-06,9.3,13.9,5.9,87,99,65
1988-02-07,8.2,13.9,3.7,91,100,70
1988-02-08,9.1,12.9,6.4,90,99,73
1988-02-09,9.2,13.6,6.0,92,100,75
1988-02-10,8.1,13.6,3.7,86,98,63
1988-02-11,8.6,14.1,3.4,86,100,64
1988-02-12,7.8,13.1,3.5,80,97,55
1988-02-13,7.5,10.5,4.6,83,95,64
1988-02-14,8.0,12.0,5.7,82,95,58
1988-02-15,5.6,9.3,1.9,66,87,45
1988-02-16,5.0,8.9,0.9,68,87,48
1988-02-17,5.1,9.5,-0.8,73,96,47
1988-02-18,5.2,11.4,-0.8,76,97,51
1988-02-19,5.8,9.5,2.0,65,78,46
1988-02-20,5.0,9.5,0.3,74,94,52
1988-02-21,4.7,8.8,2.3,55,71,37
1988-02-22,2.3,6.1,-0.7,49,64,39
1988-02-23,4.2,9.8,0.2,58,77,38
1988-02-24,5.3,10.3,-0.4,73,90,52
1988-02-25,9.6,12.9,6.8,86,96,72
1988-02-26,9.4,12.1,6.6,89,97,74
1988-02-27,8.2,12.8,3.9,76,94,50
1988-02-28,7.3,11.8,1.9,75,98,47
1988-02-29,7.9,12.2,4.0,65,84,47
1988-03-01,8.8,13.2,3.7,77,93,60
1988-03-02,6.8,10.8,2.9,60,83,32
1988-03-03,4.6,8.4,1.3,50,67,33
1988-03-04,4.4,9.1,-0.3,57,76,42
1988-03-05,5.8,11.4,0.1,75,89,56
1988-03-06,8.5,13.2,4.1,84,95,64
1988-03-07,9.9,12.2,8.1,88,98,73
1988-03-08,8.1,9.8,6.3,92,98,84
1988-03-09,5.4,7.4,3.7,83,91,72
1988-03-10,4.9,7.9,2.9,82,95,66
1988-03-11,6.2,10.4,1.9,64,79,45
1988-03-12,7.0,11.5,2.6,64,83,42
1988-03-13,9.1,14.0,4.8,69,88,47
1988-03-14,10.3,15.8,5.3,74,85,56
1988-03-15,12.4,17.7,7.9,72,86,48
1988-03-16,11.5,17.3,4.9,77,96,54
1988-03-17,11.7,16.8,7.1,78,93,53
1988-03-18,11.1,15.8,6.4,66,98,35
1988-03-19,7.0,9.6,5.1,73,88,53
1988-03-20,6.0,10.8,0.8,69,94,42
1988-03-21,8.3,13.2,3.5,74,89,55
1988-03-22,10.3,15.4,3.5,80,100,63
1988-03-23,11.7,15.6,8.4,86,98,70
1988-03-24,10.4,12.5,7.7,96,100,91
1988-03-25,12.1,16.4,8.8,71,94,47
1988-03-26,12.9,18.1,7.2,67,91,45
1988-03-27,12.0,17.5,6.8,82,94,62
1988-03-28,10.3,13.5,7.4,67,95,46
1988-03-29,10.6,14.9,6.7,53,66,37
1988-03-30,11.2,16.7,5.6,63,81,42
1988-03-31,11.9,17.9,5.9,73,92,46
1988-04-01,13.5,17.1,10.5,80,95,58
1988-04-02,12.7,17.2,8.0,69,91,42
1988-04-03,12.8,18.5,7.3,66,84,40
1988-04-04,13.6,17.8,10.1,72,90,49
1988-04-05,13.8,18.4,9.0,71,88,53
1988-04-06,14.2,19.2,8.9,79,96,58
1988-04-07,13.7,17.5,10.0,81,97,61
1988-04-08,14.6,20.1,9.2,82,100,60
1988-04-09,16.5,21.9,10.9,73,97,39
1988-04-10,16.1,21.2,10.5,75,91,54
1988-04-11,14.3,16.9,11.3,76,92,68
1988-04-12,13.6,17.3,10.7,80,92,62
1988-04-13,13.7,18.2,8.8,78,100,53
1988-04-14,13.9,19.4,9.2,65,87,42
1988-04-15,8.3,11.4,5.2,39,52,29
1988-04-16,7.1,10.5,4.2,53,76,43
1988-04-17,7.5,11.6,3.2,72,91,56
1988-04-18,9.3,13.8,5.1,71,90,47
1988-04-19,10.9,15.5,6.6,76,95,53
1988-04-20,12.0,17.1,7.7,79,96,53
1988-04-21,13.2,18.3,8.3,79,100,57
1988-04-22,16.5,22.5,11.4,69,91,42
1988-04-23,17.0,22.6,10.4,66,87,44
1988-04-24,16.7,22.3,11.2,72,91,48
1988-04-25,15.7,19.2,11.5,82,97,67
1988-04-26,15.0,18.2,12.6,82,93,65
1988-04-27,15.4,19.3,11.1,84,100,64
1988-04-28,14.3,15.9,13.0,81,92,70
1988-04-29,14.0,16.4,11.5,84,96,69
1988-04-30,13.8,16.3,11.8,78,94,59
1988-05-01,13.1,15.6,11.0,70,85,57
1988-05-02,14.0,17.6,11.2,70,88,56
1988-05-03,14.7,20.1,8.1,69,99,42
1988-05-04,17.2,22.4,12.7,68,82,52
1988-05-05,19.0,24.7,13.2,73,91,52
1988-05-06,21.6,29.3,14.0,65,91,36
1988-05-07,22.5,26.8,18.0,53,72,34
1988-05-08,19.5,24.0,15.6,69,88,48
1988-05-09,18.5,22.3,15.1,67,85,49
1988-05-10,18.9,24.8,13.3,69,90,48
1988-05-11,19.1,23.3,13.7,66,91,47
1988-05-12,19.7,24.3,15.0,71,90,55
1988-05-13,17.9,21.2,15.1,74,86,59
1988-05-14,18.0,21.8,14.9,75,91,56
1988-05-15,18.8,23.5,15.0,73,90,56
1988-05-16,20.0,24.1,16.0,74,93,55
1988-05-17,21.0,25.0,17.6,70,90,45
1988-05-18,22.1,26.7,18.1,61,86,36
1988-05-19,22.7,27.7,16.2,58,86,34
1988-05-20,22.5,26.9,19.2,61,78,43
1988-05-21,22.2,27.1,16.9,59,87,31
1988-05-22,20.9,25.3,16.6,58,80,34
1988-05-23,19.5,23.2,15.5,61,84,41
1988-05-24,18.7,23.7,14.4,56,76,37
1988-05-25,19.0,22.7,15.0,72,93,53
1988-05-26,20.7,26.1,15.7,65,86,42
1988-05-27,21.5,25.6,18.3,67,86,47
1988-05-28,21.1,25.1,17.0,73,96,52
1988-05-29,21.4,25.2,17.7,72,95,50
1988-05-30,21.7,27.7,14.2,61,97,28
1988-05-31,23.3,28.3,19.0,57,78,37
1988-06-01,21.9,25.7,18.4,67,88,48
1988-06-02,20.6,24.0,17.7,65,88,47
1988-06-03,20.4,25.4,16.0,44,61,25
1988-06-04,21.8,28.0,15.8,47,69,27
1988-06-05,22.8,29.0,16.3,60,85,36
1988-06-06,23.4,28.3,18.0,64,88,45
1988-06-07,23.8,28.5,19.4,62,87,38
1988-06-08,24.4,30.0,19.4,62,89,33
1988-06-09,25.4,30.2,21.5,55,78,32
1988-06-10,25.7,30.5,21.4,56,81,38
1988-06-11,26.1,30.6,21.8,60,83,40
1988-06-12,27.4,33.6,21.6,54,79,26
1988-06-13,25.7,30.2,21.3,62,84,41
1988-06-14,25.7,31.2,20.0,53,81,27
1988-06-15,25.6,31.5,19.8,54,78,30
1988-06-16,25.5,30.1,19.4,48,77,27
1988-06-17,25.8,31.0,19.6,48,78,23
1988-06-18,25.3,30.8,19.6,50,70,27
1988-06-19,25.0,29.9,20.4,62,86,39
1988-06-20,24.4,29.0,19.9,54,80,31
1988-06-21,23.6,28.4,18.1,52,81,31
1988-06-22,23.9,28.5,18.9,44,65,25
1988-06-23,24.4,29.4,18.9,42,63,23
1988-06-24,24.5,29.9,18.5,56,89,29
1988-06-25,24.0,28.3,20.5,65,86,41
1988-06-26,23.5,29.5,18.2,73,99,43
1988-06-27,25.2,30.6,19.0,63,89,38
1988-06-28,26.2,30.1,22.2,67,88,48
1988-06-29,27.1,32.5,21.8,62,90,36
1988-06-30,28.1,33.5,22.0,41,61,26
1988-07-01,29.0,35.1,22.3,42,63,23
1988-07-02,28.1,32.6,23.6,51,72,35
1988-07-03,29.1,35.8,22.6,52,80,25
1988-07-04,30.0,36.2,23.9,56,86,31
1988-07-05,31.4,37.7,24.8,52,79,30
1988-07-06,32.1,39.0,25.1,55,84,30
1988-07-07,34.7,43.7,26.3,46,81,15
1988-07-08,33.0,38.1,27.9,50,71,33
1988-07-09,31.6,37.4,26.3,59,85,34
1988-07-10,30.0,33.4,26.7,38,73,22
1988-07-11,27.8,32.0,23.6,32,44,21
1988-07-12,26.1,31.0,21.1,36,53,25
1988-07-13,27.0,32.4,21.8,51,79,28
1988-07-14,28.3,33.6,23.3,52,74,30
1988-07-15,28.7,34.4,23.1,55,85,30
1988-07-16,29.5,34.8,24.5,53,78,31
1988-07-17,29.2,33.8,23.7,48,82,25
1988-07-18,27.8,31.5,24.0,41,63,32
1988-07-19,26.6,31.3,21.8,61,87,36
1988-07-20,28.0,33.7,22.3,54,88,25
1988-07-21,28.1,33.1,23.1,43,76,19
1988-07-22,27.2,32.2,22.9,54,76,30
1988-07-23,27.9,33.3,22.7,54,83,31
1988-07-24,29.1,34.8,23.0,52,80,31
1988-07-25,29.3,34.6,24.3,55,77,34
1988-07-26,29.2,34.8,25.6,58,75,33
1988-07-27,27.1,31.2,22.8,68,93,42
1988-07-28,29.2,35.0,24.2,58,83,27
1988-07-29,28.5,34.1,24.0,61,81,37
1988-07-30,28.2,32.5,24.4,64,82,45
1988-07-31,28.1,33.6,23.0,63,87,41
1988-08-01,27.0,30.9,22.3,68,90,49
1988-08-02,26.9,30.3,24.0,70,89,52
1988-08-03,27.4,32.2,22.3,63,87,41
1988-08-04,28.6,34.8,22.8,59,82,34
1988-08-05,28.6,32.9,24.8,61,84,40
1988-08-06,28.5,34.6,22.9,54,79,31
1988-08-07,26.6,30.6,22.6,60,81,41
1988-08-08,25.3,27.6,23.5,67,81,54
1988-08-09,26.1,30.5,22.6,62,83,39
1988-08-10,26.1,30.6,22.6,61,80,39
1988-08-11,27.0,32.7,21.6,61,89,32
1988-08-12,27.9,33.4,22.9,59,85,32
1988-08-13,28.7,34.0,23.7,56,82,32
1988-08-14,28.9,34.6,24.4,57,81,32
1988-08-15,29.8,35.3,25.6,49,72,28
1988-08-16,29.6,35.4,24.9,52,76,27
1988-08-17,28.8,33.7,24.6,56,78,33
1988-08-18,28.8,34.1,23.6,54,82,29
1988-08-19,26.1,28.1,23.8,70,80,57
1988-08-20,25.7,28.9,22.2,70,93,53
1988-08-21,26.4,30.7,22.6,65,86,45
1988-08-22,27.8,32.9,23.1,62,84,38
1988-08-23,27.9,32.1,24.1,64,84,44
1988-08-24,27.0,31.4,22.6,44,78,22
1988-08-25,24.8,27.9,21.5,65,85,51
1988-08-26,26.4,31.7,21.1,57,98,25
1988-08-27,25.3,29.8,20.2,34,56,18
1988-08-28,24.9,29.6,20.0,31,54,17
1988-08-29,24.2,30.1,18.5,55,85,30
1988-08-30,25.7,32.7,19.0,61,90,32
1988-08-31,26.9,33.4,20.8,58,90,28
1988-09-01,26.3,31.1,21.8,64,87,41
1988-09-02,25.9,31.0,20.6,64,86,42
1988-09-03,28.0,35.0,20.9,52,90,20
1988-09-04,25.6,29.5,21.6,48,74,29
1988-09-05,25.1,30.7,20.0,63,90,35
1988-09-06,25.9,31.8,20.2,62,92,34
1988-09-07,22.8,25.6,19.0,47,73,27
1988-09-08,20.1,24.0,16.1,45,63,33
1988-09-09,20.3,24.5,16.1,45,63,28
1988-09-10,20.6,26.3,14.6,53,91,24
1988-09-11,20.5,26.3,14.1,46,76,21
1988-09-12,20.7,26.5,14.7,61,96,31
1988-09-13,21.2,26.8,15.1,68,97,40
1988-09-14,22.3,28.4,16.0,67,95,41
1988-09-15,23.9,29.2,18.0,67,95,43
1988-09-16,25.4,30.4,20.9,68,93,42
1988-09-17,24.4,27.9,20.3,72,93,55
1988-09-18,23.3,27.9,18.3,60,96,31
1988-09-19,20.5,23.3,17.7,57,72,48
1988-09-20,21.3,26.3,16.5,64,86,39
1988-09-21,20.8,24.2,16.5,76,98,52
1988-09-22,20.1,23.7,17.4,82,96,59
1988-09-23,19.7,25.0,14.9,77,99,48
1988-09-24,21.7,25.4,19.0,73,89,52
1988-09-25,21.4,26.7,16.9,73,97,39
1988-09-26,22.0,27.5,16.4,70,100,35
1988-09-27,22.3,27.1,18.1,62,85,36
1988-09-28,21.9,25.3,19.6,67,82,48
1988-09-29,20.9,23.9,18.5,73,86,54
1988-09-30,19.7,24.2,15.2,76,100,50
1988-10-01,20.6,26.4,14.9,70,100,36
1988-10-02,21.0,25.7,15.4,58,87,29
1988-10-03,17.8,20.6,15.5,76,88,60
1988-10-04,15.9,18.9,14.1,84,95,70
1988-10-05,15.8,21.4,11.0,75,99,43
1988-10-06,17.8,22.6,13.2,65,80,43
1988-10-07,19.6,25.2,14.4,77,93,55
1988-10-08,21.7,26.0,17.8,70,88,48
1988-10-09,16.8,20.2,12.5,51,78,30
1988-10-10,16.0,20.9,11.3,61,76,42
1988-10-11,17.2,22.7,11.4,78,98,55
1988-10-12,17.6,22.8,13.0,83,100,57
1988-10-13,17.9,22.6,14.1,82,100,55
1988-10-14,18.2,22.8,13.8,81,100,56
1988-10-15,18.1,22.8,13.1,79,100,51
1988-10-16,16.1,18.7,14.1,77,87,62
1988-10-17,16.1,20.5,11.6,61,95,29
1988-10-18,15.9,20.8,11.2,59,90,28
1988-10-19,15.8,21.5,8.6,69,98,43
1988-10-20,17.2,22.9,12.4,70,86,45
1988-10-21,14.7,16.3,13.3,73,87,65
1988-10-22,14.3,16.2,12.3,67,84,53
1988-10-23,14.1,18.0,10.8,70,90,48
1988-10-24,14.8,19.2,10.5,70,88,49
1988-10-25,15.5,19.8,11.5,64,87,43
1988-10-26,13.4,18.0,9.4,63,88,42
1988-10-27,9.6,12.1,7.9,62,88,36
1988-10-28,9.2,13.5,3.5,53,90,27
1988-10-29,10.0,16.2,2.6,53,88,25
1988-10-30,12.6,19.2,7.5,57,84,37
1988-10-31,9.9,12.8,7.0,80,94,63
1988-11-01,6.7,9.9,4.5,67,91,42
1988-11-02,6.4,10.6,1.7,59,83,39
1988-11-03,8.1,14.8,3.0,65,83,35
1988-11-04,6.7,7.8,5.5,82,94,69
1988-11-05,5.9,6.6,4.9,92,95,86
1988-11-06,4.2,6.6,1.8,73,94,53
1988-11-07,5.0,10.4,1.3,67,78,47
1988-11-08,6.5,13.3,1.5,65,80,39
1988-11-09,6.8,12.3,2.8,71,90,44
1988-11-10,5.7,8.1,3.4,83,92,72
1988-11-11,6.1,7.8,4.8,82,91,71
1988-11-12,5.1,8.8,2.7,86,97,68
1988-11-13,5.9,10.1,2.7,83,96,66
1988-11-14,6.1,8.1,4.7,91,95,82
1988-11-15,6.7,11.2,2.8,68,83,48
1988-11-16,5.5,9.7,2.4,60,79,39
1988-11-17,4.4,8.6,1.4,60,74,41
1988-11-18,3.2,7.6,-0.6,68,83,47
1988-11-19,4.4,10.8,-0.6,73,94,47
1988-11-20,6.8,12.4,2.5,84,97,69
1988-11-21,8.3,14.3,1.8,85,95,70
1988-11-22,13.9,16.5,10.6,82,90,74
1988-11-23,9.2,13.8,6.5,79,96,62
1988-11-24,4.5,6.0,2.9,91,96,84
1988-11-25,3.8,5.8,2.6,86,94,77
1988-11-26,2.0,2.7,1.0,89,92,86
1988-11-27,4.1,7.8,2.2,77,87,59
1988-11-28,3.8,9.0,0.3,75,85,55
1988-11-29,3.7,8.3,0.1,76,89,59
1988-11-30,6.3,12.4,0.7,73,84,60
1988-12-01,7.6,13.0,3.1,83,95,69
1988-12-02,11.2,15.3,7.3,93,97,85
1988-12-03,12.7,16.1,10.1,87,99,62
1988-12-04,10.3,14.5,4.9,85,100,67
1988-12-05,10.0,13.0,7.5,91,99,79
1988-12-06,9.0,14.3,3.3,85,98,68
1988-12-07,8.4,11.8,6.3,78,96,58
1988-12-08,7.2,8.2,6.0,77,85,70
1988-12-09,4.3,5.9,2.6,89,97,84
1988-12-10,3.6,5.1,2.4,82,97,67
1988-12-11,3.3,6.9,0.5,69,77,55
1988-12-12,5.7,11.2,1.0,74,86,61
1988-12-13,5.2,10.0,1.2,81,97,64
1988-12-14,4.0,8.9,-0.2,73,86,53
1988-12-15,3.5,8.0,0.3,65,78,39
1988-12-16,0.3,2.5,-1.0,85,92,73
1988-12-17,-1.7,-0.8,-2.1,83,88,78
1988-12-18,-1.8,-0.2,-3.3,73,81,62
1988-12-19,-3.4,1.2,-7.1,69,75,59
1988-12-20,-0.1,3.1,-2.7,70,76,59
1988-12-21,1.0,3.3,-1.2,87,93,76
1988-12-22,0.9,4.5,-2.7,79,91,64
1988-12-23,0.2,6.0,-3.1,71,82,53
1988-12-24,0.7,6.9,-3.2,76,93,58
1988-12-25,2.9,9.0,-1.9,65,78,48
1988-12-26,2.8,7.5,-0.1,64,74,50
1988-12-27,2.9,11.1,-1.4,70,82,57
1988-12-28,4.6,10.4,0.9,72,81,58
1988-12-29,4.1,8.1,0.7,77,86,63
1988-12-30,1.9,6.8,-1.7,78,86,64
1988-12-31,3.3,9.4,0.5,77,84,60
1989-01-01,3.9,7.2,0.0,72,80,60
1989-01-02,1.2,6.2,-2.4,78,92,60
1989-01-03,1.7,2.7,0.8,83,88,75
1989-01-04,0.9,4.2,-2.9,75,96,51
1989-01-05,2.6,7.5,-0.5,54,68,36
1989-01-06,2.6,7.1,-1.0,54,63,41
1989-01-07,2.5,6.5,0.5,67,84,59
1989-01-08,2.5,7.3,-0.9,73,88,52
1989-01-09,2.5,7.1,-0.5,66,76,43
1989-01-10,3.0,8.8,-0.5,77,86,62
1989-01-11,3.6,10.2,-1.3,80,96,60
1989-01-12,4.8,10.3,-0.1,81,91,68
1989-01-13,5.3,9.1,1.9,89,97,76
1989-01-14,4.7,9.2,0.4,73,98,48
1989-01-15,4.5,10.8,-0.7,66,81,47
1989-01-16,5.5,11.7,0.7,68,82,46
1989-01-17,5.9,11.9,1.1,70,86,51
1989-01-18,6.8,13.9,2.7,70,81,53
1989-01-19,5.5,10.3,1.9,74,88,57
1989-01-20,4.5,9.2,-0.4,72,87,55
1989-01-21,3.2,7.3,-0.5,88,97,72
1989-01-22,2.7,7.3,-0.3,90,98,74
1989-01-23,3.9,10.2,0.1,83,98,58
1989-01-24,3.5,8.3,-0.7,78,89,60
1989-01-25,4.3,8.0,1.0,76,95,52
1989-01-26,4.1,8.4,0.3,70,87,51
1989-01-27,4.7,9.0,0.2,69,88,53
1989-01-28,4.5,8.9,-1.1,74,95,56
1989-01-29,4.9,9.1,0.8,73,90,56
1989-01-30,4.1,8.6,-0.5,72,92,51
1989-01-31,4.0,10.4,-1.0,66,83,41
1989-02-01,5.1,9.9,0.3,68,85,55
1989-02-02,5.7,11.2,-0.5,75,97,56
1989-02-03,5.7,11.1,1.8,76,90,59
1989-02-04,5.5,12.0,0.9,73,93,50
1989-02-05,5.8,12.1,1.0,72,90,47
1989-02-06,5.5,11.0,0.6,70,87,46
1989-02-07,5.1,10.0,0.0,72,91,51
1989-02-08,5.7,10.8,0.8,73,88,52
1989-02-09,7.0,12.2,1.4,72,91,49
1989-02-10,7.3,11.1,3.8,75,90,58
1989-02-11,4.2,6.0,3.1,78,93,57
1989-02-12,4.0,8.1,0.4,74,94,52
1989-02-13,5.6,12.3,1.1,66,86,38
1989-02-14,4.0,8.0,0.7,84,94,68
1989-02-15,4.4,8.2,1.3,83,95,63
1989-02-16,5.0,8.9,0.2,84,99,64
1989-02-17,6.1,11.0,1.9,77,95,54
1989-02-18,6.7,12.3,2.0,71,90,44
1989-02-19,5.7,11.4,0.6,81,97,55
1989-02-20,8.0,14.5,2.6,84,99,59
1989-02-21,9.8,17.4,4.3,80,93,55
1989-02-22,12.2,19.4,6.1,69,88,43
1989-02-23,10.1,11.9,8.8,83,91,74
1989-02-24,10.2,14.3,7.2,85,96,66
1989-02-25,11.8,16.2,7.9,81,97,61
1989-02-26,13.7,15.6,12.0,71,80,61
1989-02-27,13.3,17.0,10.2,66,78,49
1989-02-28,10.9,15.3,7.2,68,84,41
1989-03-01,11.3,16.9,6.4,75,93,48
1989-03-02,11.5,16.3,7.3,77,93,58
1989-03-03,10.5,15.4,6.0,58,75,35
1989-03-04,10.0,14.6,6.4,80,94,61
1989-03-05,9.3,12.1,6.8,81,92,66
1989-03-06,9.3,14.1,5.6,69,88,44
1989-03-07,8.7,12.1,4.0,73,92,52
1989-03-08,9.1,13.5,5.9,78,93,57
1989-03-09,10.2,15.7,5.6,80,96,55
1989-03-10,11.0,15.5,6.9,79,98,54
1989-03-11,9.5,11.4,7.6,87,96,77
1989-03-12,9.3,13.7,4.1,77,97,48
1989-03-13,10.2,14.2,7.0,74,92,48
1989-03-14,10.9,16.5,7.1,74,95,40
1989-03-15,10.7,15.4,6.5,77,95,54
1989-03-16,12.4,17.7,7.7,78,96,55
1989-03-17,12.0,17.8,6.7,83,100,59
1989-03-18,12.4,17.8,7.7,85,100,64
1989-03-19,12.9,18.5,7.6,86,100,64
1989-03-20,13.5,18.8,9.3,85,100,60
1989-03-21,12.6,16.1,8.1,85,100,66
1989-03-22,12.7,18.1,7.5,82,100,56
1989-03-23,13.3,18.1,8.4,84,100,63
1989-03-24,12.3,13.9,11.1,91,96,86
1989-03-25,12.2,15.9,9.8,80,91,60
1989-03-26,14.6,20.8,9.7,64,92,36
1989-03-27,13.7,18.8,8.9,52,81,31
1989-03-28,13.0,19.0,7.9,66,86,36
1989-03-29,12.7,17.8,8.5,76,89,59
1989-03-30,17.0,24.3,9.8,65,88,37
1989-03-31,17.9,23.9,13.2,63,79,42
1989-04-01,17.6,23.7,12.7,64,84,38
1989-04-02,16.7,22.4,11.4,65,92,37
1989-04-03,17.0,21.7,13.5,62,87,43
1989-04-04,15.5,20.9,11.4,79,95,56
1989-04-05,15.9,22.1,10.0,78,99,52
1989-04-06,17.6,23.8,12.2,72,95,44
1989-04-07,16.7,22.0,10.4,49,75,27
1989-04-08,16.1,21.8,10.8,56,75,35
1989-04-09,16.8,20.9,13.2,62,82,41
1989-04-10,16.9,21.3,13.1,62,83,41
1989-04-11,16.5,21.0,13.8,67,84,48
1989-04-12,15.7,18.1,13.6,68,85,50
1989-04-13,14.9,17.6,12.5,73,84,58
1989-04-14,15.1,19.4,12.2,74,94,48
1989-04-15,14.3,18.8,9.7,65,88,37
1989-04-16,14.9,20.2,8.9,66,89,41
1989-04-17,16.8,21.1,13.0,63,77,44
1989-04-18,16.4,22.2,10.2,70,94,41
1989-04-19,16.4,21.5,11.2,73,98,47
1989-04-20,15.7,21.7,9.1,72,96,40
1989-04-21,17.3,21.5,12.6,69,97,49
1989-04-22,18.0,22.2,14.9,66,84,46
1989-04-23,17.8,21.8,14.7,66,86,41
1989-04-24,17.8,23.0,12.5,49,85,24
1989-04-25,16.6,21.6,11.7,56,87,37
1989-04-26,17.6,22.8,12.7,66,90,40
1989-04-27,18.8,24.2,14.1,59,82,36
1989-04-28,17.1,21.6,11.8,69,86,51
1989-04-29,17.1,21.8,12.4,78,99,53
1989-04-30,15.6,18.2,12.9,67,94,42
1989-05-01,16.1,19.7,12.7,65,82,46
1989-05-02,16.3,20.3,12.6,67,88,42
1989-05-03,14.5,18.8,10.7,79,93,58
1989-05-04,14.0,17.6,10.9,82,95,64
1989-05-05,15.4,20.3,11.6,77,94,52
1989-05-06,17.1,22.9,9.9,71,96,43
1989-05-07,14.7,16.4,12.0,60,88,38
1989-05-08,13.6,18.6,8.0,54,75,33
1989-05-09,16.6,22.3,10.6,52,71,33
1989-05-10,16.5,21.4,11.1,70,92,48
1989-05-11,18.7,24.7,13.4,66,88,42
1989-05-12,19.9,25.9,13.8,68,92,45
1989-05-13,20.5,26.7,14.7,69,93,45
1989-05-14,21.8,27.5,14.9,66,92,42
1989-05-15,22.8,29.2,15.7,61,91,36
1989-05-16,22.3,26.3,17.7,64,80,49
1989-05-17,20.5,24.0,17.2,68,90,48
1989-05-18,20.2,22.4,17.5,59,82,45
1989-05-19,19.6,23.0,16.6,60,74,48
1989-05-20,20.9,25.6,17.1,65,87,46
1989-05-21,20.7,26.7,15.7,68,88,41
1989-05-22,19.1,23.1,15.3,72,92,54
1989-05-23,16.1,18.2,13.9,87,95,79
1989-05-24,15.4,17.8,13.1,73,91,57
1989-05-25,16.1,20.0,13.4,64,82,42
1989-05-26,16.3,20.2,12.4,66,90,44
1989-05-27,16.7,20.0,12.8,68,87,48
1989-05-28,17.7,21.4,14.1,72,92,53
1989-05-29,19.0,23.9,13.8,71,97,48
1989-05-30,20.5,25.0,15.1,67,97,42
1989-05-31,20.8,25.4,16.2,71,90,50
1989-06-01,20.0,24.1,16.4,77,94,58
1989-06-02,19.5,23.5,16.1,82,98,61
1989-06-03,21.0,25.6,15.8,73,98,46
1989-06-04,21.8,26.0,17.4,74,92,56
1989-06-05,22.4,27.5,17.5,70,94,43
1989-06-06,22.4,26.7,17.9,69,83,51
1989-06-07,21.8,26.3,16.2,64,96,37
1989-06-08,22.5,27.4,16.7,49,71,31
1989-06-09,23.2,28.1,18.0,43,63,26
1989-06-10,22.8,27.5,18.0,41,63,24
1989-06-11,22.2,26.9,17.0,39,58,23
1989-06-12,20.3,22.7,18.0,54,71,47
1989-06-13,18.7,21.3,15.9,72,87,58
1989-06-14,19.6,23.6,14.8,72,97,51
1989-06-15,21.5,26.3,15.6,60,89,39
1989-06-16,21.3,26.2,16.3,43,65,27
1989-06-17,18.1,21.2,15.2,74,93,59
1989-06-18,17.8,22.4,13.3,56,72,41
1989-06-19,20.1,25.9,13.6,63,85,38
1989-06-20,22.2,26.2,18.0,62,84,41
1989-06-21,22.8,27.2,17.8,62,87,39
1989-06-22,23.1,27.2,17.6,55,84,37
1989-06-23,24.9,30.1,18.2,51,77,33
1989-06-24,25.1,30.7,20.2,59,82,35
1989-06-25,25.6,30.4,20.7,59,81,39
1989-06-26,25.6,30.0,21.6,59,81,39
1989-06-27,25.3,29.7,21.0,59,79,40
1989-06-28,25.9,30.6,21.1,57,83,33
1989-06-29,26.8,31.8,20.3,53,80,30
1989-06-30,26.2,30.5,22.1,60,80,40
1989-07-01,25.2,29.1,21.2,65,84,47
1989-07-02,23.6,27.2,20.1,74,88,59
1989-07-03,23.7,25.9,20.1,76,91,65
1989-07-04,23.3,28.1,19.1,75,96,50
1989-07-05,25.3,29.6,22.3,66,83,46
1989-07-06,25.4,31.0,19.2,66,92,39
1989-07-07,26.5,30.8,22.5,60,80,39
1989-07-08,27.3,31.9,22.9,59,79,38
1989-07-09,25.5,29.2,21.9,64,83,46
1989-07-10,25.0,28.4,21.5,67,81,56
1989-07-11,25.0,29.2,20.9,66,88,48
1989-07-12,26.1,31.1,21.3,61,86,38
1989-07-13,27.1,31.9,22.6,58,77,38
1989-07-14,28.2,32.7,24.4,58,73,38
1989-07-15,28.0,33.2,22.0,49,68,29
1989-07-16,26.9,30.4,23.4,56,68,40
1989-07-17,24.8,29.5,20.9,50,78,28
1989-07-18,23.5,27.2,20.4,67,88,46
1989-07-19,24.3,29.1,19.4,59,83,37
1989-07-20,24.2,28.6,19.7,44,64,27
1989-07-21,24.4,29.8,17.8,47,78,23
1989-07-22,25.3,30.9,19.2,45,79,23
1989-07-23,24.4,29.3,20.1,56,82,32
1989-07-24,24.7,29.5,19.9,64,92,40
1989-07-25,25.6,30.4,21.0,61,84,40
1989-07-26,25.7,29.9,22.6,61,80,45
1989-07-27,24.9,28.0,22.5,63,82,47
1989-07-28,24.8,28.3,21.6,60,78,42
1989-07-29,23.8,26.0,21.3,61,77,48
1989-07-30,24.5,30.2,18.5,60,86,36
1989-07-31,27.1,32.7,21.4,55,76,31
1989-08-01,27.4,32.6,23.0,60,83,34
1989-08-02,25.9,29.4,21.9,49,79,28
1989-08-03,22.4,26.5,18.0,38,53,25
1989-08-04,23.3,28.5,17.5,36,56,22
1989-08-05,24.2,29.8,17.3,48,80,26
1989-08-06,24.9,30.6,19.0,57,90,30
1989-08-07,26.6,32.9,20.8,53,77,29
1989-08-08,27.2,33.0,22.6,58,81,33
1989-08-09,26.8,31.2,23.1,59,82,38
1989-08-10,26.5,30.5,21.9,56,83,36
1989-08-11,26.0,31.1,20.9,50,66,34
1989-08-12,25.5,29.9,21.8,65,85,44
1989-08-13,26.0,31.5,19.7,62,90,35
1989-08-14,27.9,33.1,22.5,60,91,35
1989-08-15,28.9,34.0,24.0,55,79,32
1989-08-16,29.0,33.6,25.7,53,73,33
1989-08-17,29.0,34.7,21.9,48,83,23
1989-08-18,29.4,34.7,24.3,46,73,23
1989-08-19,28.6,32.8,24.9,48,70,31
1989-08-20,28.3,34.5,22.7,51,81,23
1989-08-21,29.2,35.2,24.3,50,77,23
1989-08-22,29.7,34.0,25.7,46,67,31
1989-08-23,28.7,32.9,24.3,51,69,34
1989-08-24,28.8,33.5,23.6,51,78,30
1989-08-25,28.1,32.9,23.3,49,76,30
1989-08-26,28.4,33.2,23.3,50,71,30
1989-08-27,28.2,33.2,24.1,59,82,32
1989-08-28,27.7,32.3,23.3,60,83,36
1989-08-29,26.5,30.4,21.7,64,91,41
1989-08-30,19.9,23.6,16.6,52,66,39
1989-08-31,19.9,24.7,14.9,48,70,28
1989-09-01,21.4,26.8,15.9,47,67,29
1989-09-02,21.8,27.3,16.7,54,75,30
1989-09-03,23.5,28.6,17.1,67,93,46
1989-09-04,25.6,31.1,19.6,59,93,28
1989-09-05,25.4,31.0,18.9,46,81,23
1989-09-06,22.2,26.5,18.0,43,58,30
1989-09-07,21.5,27.2,16.0,45,69,24
1989-09-08,22.2,27.5,16.5,40,59,25
1989-09-09,21.5,25.6,16.5,67,94,44
1989-09-10,23.0,28.8,17.6,71,95,45
1989-09-11,25.4,30.7,20.0,54,85,30
1989-09-12,24.6,29.6,19.4,57,84,36
1989-09-13,21.3,25.0,18.8,79,96,58
1989-09-14,19.8,21.8,18.1,77,90,61
1989-09-15,20.2,23.7,17.1,76,93,57
1989-09-16,20.7,26.8,14.8,61,87,33
1989-09-17,23.0,29.0,18.0,55,76,37
1989-09-18,21.6,24.9,18.2,78,94,58
1989-09-19,21.9,26.5,17.1,76,99,51
1989-09-20,22.5,27.2,17.9,72,97,49
1989-09-21,22.9,28.1,17.5,66,96,37
1989-09-22,21.1,22.6,19.5,72,81,64
1989-09-23,20.4,23.1,17.3,74,91,58
1989-09-24,21.3,25.8,16.0,73,99,49
1989-09-25,22.4,27.6,17.1,67,98,35
1989-09-26,20.9,26.0,16.1,71,97,37
1989-09-27,21.1,24.9,17.5,78,96,53
1989-09-28,20.5,24.0,17.7,81,95,57
1989-09-29,19.5,23.6,16.3,80,97,54
1989-09-30,19.9,24.2,16.6,77,96,56
1989-10-01,17.2,20.7,14.3,54,72,35
1989-10-02,15.2,18.1,13.3,59,84,43
1989-10-03,15.2,20.2,10.1,65,96,34
1989-10-04,10.8,14.5,8.9,78,92,63
1989-10-05,12.5,18.0,8.9,66,92,38
1989-10-06,12.8,17.6,8.3,60,76,40
1989-10-07,13.5,17.9,7.9,69,92,48
1989-10-08,14.4,19.9,9.8,82,93,51
1989-10-09,19.8,22.6,17.6,83,92,67
1989-10-10,19.7,22.4,17.3,80,94,70
1989-10-11,16.3,20.7,13.4,81,100,52
1989-10-12,15.1,19.8,11.6,62,77,43
1989-10-13,14.4,19.2,10.0,64,83,42
1989-10-14,14.4,18.2,9.4,80,99,61
1989-10-15,14.7,16.9,12.5,86,98,70
1989-10-16,13.7,16.7,11.7,66,99,42
1989-10-17,12.7,16.8,9.4,54,67,39
1989-10-18,13.4,19.2,8.7,62,76,47
1989-10-19,14.7,19.9,10.4,71,87,49
1989-10-20,14.2,18.1,10.5,83,95,63
1989-10-21,15.0,18.6,12.4,83,98,61
1989-10-22,14.3,19.5,10.2,84,100,60
1989-10-23,14.9,21.0,10.0,81,100,53
1989-10-24,15.7,21.6,10.1,78,99,51
1989-10-25,16.2,22.8,10.8,78,100,47
1989-10-26,16.8,23.0,11.4,72,92,46
1989-10-27,17.0,22.1,13.5,73,87,50
1989-10-28,16.8,22.2,12.3,73,92,48
1989-10-29,16.6,21.0,13.3,76,96,54
1989-10-30,15.6,21.5,11.1,78,100,46
1989-10-31,16.0,21.0,11.0,73,95,54
1989-11-01,16.6,22.6,12.2,69,86,42
1989-11-02,17.1,22.8,12.7,68,86,44
1989-11-03,16.7,22.6,12.5,69,89,41
1989-11-04,14.9,20.0,10.2,82,100,57
1989-11-05,14.8,18.7,11.6,86,100,63
1989-11-06,15.2,19.3,11.6,85,96,65
1989-11-07,15.8,17.1,13.3,91,95,87
1989-11-08,12.3,15.7,9.1,86,100,62
1989-11-09,11.1,15.7,7.0,71,91,49
1989-11-10,11.8,16.1,8.4,67,78,54
1989-11-11,11.3,14.9,8.0,72,85,55
1989-11-12,11.2,14.1,8.9,75,90,56
1989-11-13,10.3,12.4,8.1,72,91,52
1989-11-14,8.9,12.7,6.5,66,81,47
1989-11-15,8.4,12.7,4.0,66,87,45
1989-11-16,9.1,14.2,4.3,62,78,41
1989-11-17,7.8,9.9,3.7,53,68,36
1989-11-18,4.7,9.5,0.2,61,80,37
1989-11-19,5.6,9.3,2.0,79,88,63
1989-11-20,7.8,8.9,7.1,89,95,83
1989-11-21,8.8,10.3,7.8,86,95,76
1989-11-22,10.1,14.6,7.0,87,95,72
1989-11-23,12.8,17.4,9.0,87,96,71
1989-11-24,7.7,11.0,4.5,68,93,51
1989-11-25,10.2,14.1,7.8,90,97,78
1989-11-26,6.0,9.3,4.1,69,88,62
1989-11-27,4.3,8.4,-0.3,55,76,36
1989-11-28,3.7,9.0,0.0,66,82,41
1989-11-29,4.2,7.3,1.1,50,60,36
1989-11-30,1.4,4.5,-1.3,53,73,40
1989-12-01,1.0,5.5,-2.3,66,82,37
1989-12-02,0.8,5.3,-1.8,61,81,38
1989-12-03,1.5,6.3,-2.0,62,77,43
1989-12-04,2.3,8.0,-1.1,68,85,44
1989-12-05,3.6,10.3,0.0,63,76,40
1989-12-06,4.0,10.1,-0.0,66,88,44
1989-12-07,5.1,10.4,1.8,83,92,62
1989-12-08,7.4,10.8,5.1,75,89,53
1989-12-09,6.4,7.3,5.4,90,94,82
1989-12-10,4.2,6.5,0.6,64,94,43
1989-12-11,0.3,3.3,-1.7,58,82,45
1989-12-12,1.2,5.7,-1.5,72,86,46
1989-12-13,0.9,6.5,-2.6,76,91,45
1989-12-14,4.1,10.8,-0.3,84,95,63
1989-12-15,5.0,11.4,0.8,89,97,74
1989-12-16,6.7,13.9,2.4,89,99,69
1989-12-17,7.2,13.4,3.4,91,100,73
1989-12-18,8.0,14.7,3.8,91,100,70
1989-12-19,8.1,14.3,4.5,94,100,78
1989-12-20,8.6,16.1,3.8,85,100,58
1989-12-21,8.0,13.9,2.9,86,99,67
1989-12-22,7.2,13.0,2.6,83,97,59
1989-12-23,6.9,12.5,3.5,91,98,77
1989-12-24,7.0,11.8,3.4,75,93,52
1989-12-25,5.0,7.4,3.3,83,91,71
1989-12-26,4.2,7.6,1.5,82,94,59
1989-12-27,2.8,5.7,-0.0,82,92,62
1989-12-28,2.4,6.3,-1.8,86,95,68
1989-12-29,4.8,7.4,2.1,84,96,65
1989-12-30,2.5,6.1,-0.2,69,78,57
1989-12-31,2.8,7.8,-0.8,74,85,55
1990-01-01,3.5,6.9,0.9,81,93,63
1990-01-02,2.9,6.5,-0.1,81,94,59
1990-01-03,1.9,5.3,-1.1,76,97,52
1990-01-04,0.6,3.7,-1.3,67,77,52
1990-01-05,0.4,2.6,-1.5,69,81,54
1990-01-06,-0.6,2.9,-3.1,68,86,45
1990-01-07,-0.6,4.5,-3.9,58,78,30
1990-01-08,-0.8,4.8,-4.5,58,78,28
1990-01-09,-0.9,5.6,-5.6,60,84,29
1990-01-10,0.2,6.5,-3.6,58,70,33
1990-01-11,1.2,7.0,-2.7,68,85,47
1990-01-12,1.2,7.6,-3.1,70,89,44
1990-01-13,2.3,8.6,-2.1,71,87,51
1990-01-14,1.2,8.1,-3.5,72,94,41
1990-01-15,1.4,7.5,-2.8,74,92,51
1990-01-16,1.2,7.4,-3.0,72,92,45
1990-01-17,4.8,12.6,-0.8,59,79,44
1990-01-18,4.4,11.0,-0.1,76,89,59
1990-01-19,3.6,9.3,-1.0,76,96,54
1990-01-20,2.7,6.9,-0.2,66,79,49
1990-01-21,3.0,9.6,-1.4,64,80,45
1990-01-22,5.2,12.2,-0.0,70,84,52
1990-01-23,5.8,11.2,0.2,80,93,59
1990-01-24,6.5,9.4,4.5,91,99,78
1990-01-25,5.9,10.4,2.4,89,100,70
1990-01-26,5.3,10.7,0.9,89,99,72
1990-01-27,6.9,14.2,1.6,86,99,64
1990-01-28,6.5,11.3,2.5,90,99,76
1990-01-29,8.8,12.2,6.4,92,98,81
1990-01-30,9.6,13.7,7.0,91,99,72
1990-01-31,9.1,14.4,5.7,88,100,65
1990-02-01,8.9,11.3,6.7,93,98,85
1990-02-02,8.8,10.0,7.7,88,96,79
1990-02-03,7.9,10.5,5.0,86,96,74
1990-02-04,6.5,11.5,2.4,89,100,72
1990-02-05,8.2,13.1,4.6,66,90,44
1990-02-06,7.0,13.0,1.9,69,84,44
1990-02-07,5.9,11.1,1.2,81,100,51
1990-02-08,5.8,10.2,1.9,80,93,64
1990-02-09,5.8,11.8,-0.2,82,100,55
1990-02-10,5.2,7.7,3.0,86,96,75
1990-02-11,5.7,9.6,0.9,78,97,53
1990-02-12,5.4,8.5,1.5,81,93,67
1990-02-13,7.8,12.5,4.3,79,99,49
1990-02-14,7.0,11.3,3.0,59,80,44
1990-02-15,9.6,16.7,4.1,73,90,54
1990-02-16,9.6,13.1,5.9,65,94,41
1990-02-17,7.4,13.1,3.0,60,86,39
1990-02-18,5.5,10.4,0.4,59,80,36
1990-02-19,6.9,13.2,-0.1,69,95,43
1990-02-20,8.9,15.8,3.4,70,92,45
1990-02-21,8.1,12.1,4.8,86,95,70
1990-02-22,8.0,11.9,4.9,82,94,66
1990-02-23,10.2,17.0,4.8,78,95,52
1990-02-24,11.4,18.7,4.5,69,92,40
1990-02-25,12.1,19.1,6.2,59,81,34
1990-02-26,12.1,18.9,7.4,61,80,38
1990-02-27,12.5,17.6,7.7,64,83,44
1990-02-28,9.2,11.3,7.6,64,90,31
1990-03-01,9.5,15.3,4.4,57,76,38
1990-03-02,10.5,16.2,6.0,70,85,51
1990-03-03,8.3,11.1,6.7,83,95,68
1990-03-04,7.3,10.8,4.5,46,64,28
1990-03-05,6.6,12.4,0.4,60,93,37
1990-03-06,7.7,13.7,2.2,63,83,37
1990-03-07,11.3,18.3,5.3,56,74,30
1990-03-08,11.1,17.4,5.7,60,80,39
1990-03-09,12.5,19.5,6.7,69,86,41
1990-03-10,14.2,19.6,9.6,52,78,32
1990-03-11,11.7,18.3,6.0,57,86,37
1990-03-12,12.3,18.3,6.9,74,92,49
1990-03-13,14.0,21.3,7.5,69,91,42
1990-03-14,13.6,19.2,8.5,69,89,38
1990-03-15,11.4,14.4,8.8,66,84,43
1990-03-16,8.7,12.4,5.3,62,81,39
1990-03-17,9.8,14.6,6.3,59,78,37
1990-03-18,12.8,19.8,5.9,56,89,22
1990-03-19,15.1,23.0,7.4,46,77,18
1990-03-20,15.5,21.5,9.4,53,76,30
1990-03-21,15.1,20.7,10.9,64,82,41
1990-03-22,16.4,23.9,10.9,60,83,30
1990-03-23,16.5,23.6,11.0,61,81,30
1990-03-24,18.5,25.6,12.8,55,75,28
1990-03-25,18.0,23.8,13.4,60,79,36
1990-03-26,17.3,23.2,12.4,56,83,25
1990-03-27,17.9,22.2,12.7,49,80,28
1990-03-28,15.8,21.6,9.9,66,94,37
1990-03-29,15.3,20.4,9.8,63,95,26
1990-03-30,13.7,18.0,9.5,67,89,44
1990-03-31,14.1,19.3,9.6,72,94,44
1990-04-01,14.2,21.1,8.6,66,86,37
1990-04-02,15.2,21.2,10.9,69,90,41
1990-04-03,15.5,19.9,10.9,63,86,41
1990-04-04,15.6,20.3,11.6,62,85,39
1990-04-05,15.7,21.2,10.5,70,97,40
1990-04-06,16.2,20.1,11.9,70,87,49
1990-04-07,15.8,19.8,12.7,76,92,56
1990-04-08,16.8,23.4,10.1,68,100,31
1990-04-09,16.7,22.9,10.5,51,73,28
1990-04-10,14.9,17.7,12.6,85,96,75
1990-04-11,11.7,14.4,9.0,77,98,50
1990-04-12,11.6,15.4,8.0,66,83,46
1990-04-13,12.3,16.4,8.3,72,93,48
1990-04-14,13.2,19.0,5.8,61,86,31
1990-04-15,13.3,18.9,7.5,73,94,48
1990-04-16,13.0,16.7,10.2,81,95,58
1990-04-17,13.0,17.9,9.2,80,97,61
1990-04-18,14.3,18.0,11.4,79,92,61
1990-04-19,14.3,18.4,10.7,78,96,51
1990-04-20,13.4,17.1,9.8,79,98,50
1990-04-21,14.5,19.2,8.9,71,99,43
1990-04-22,16.6,22.4,10.2,71,95,47
1990-04-23,17.4,22.2,12.7,74,95,47
1990-04-24,17.4,22.4,13.2,73,89,50
1990-04-25,18.8,24.1,14.4,68,82,49
1990-04-26,17.7,22.0,14.6,79,97,56
1990-04-27,16.7,21.5,11.6,60,85,37
1990-04-28,17.0,22.0,11.6,55,78,35
1990-04-29,14.5,18.2,10.6,45,67,27
1990-04-30,13.3,18.1,8.6,46,63,27
1990-05-01,15.5,21.4,9.4,54,78,32
1990-05-02,16.9,22.5,10.7,52,76,29
1990-05-03,11.4,16.3,9.2,74,83,54
1990-05-04,12.7,17.5,8.1,69,90,45
1990-05-05,15.7,22.4,9.3,64,92,30
1990-05-06,18.2,24.2,12.6,61,82,36
1990-05-07,18.7,23.6,14.6,60,81,37
1990-05-08,19.1,24.1,13.9,57,80,36
1990-05-09,19.5,23.2,14.7,59,79,43
1990-05-10,19.3,23.5,13.8,65,89,46
1990-05-11,20.5,25.6,15.8,60,82,35
1990-05-12,19.7,23.8,15.9,63,85,41
1990-05-13,17.4,20.1,14.6,74,88,59
1990-05-14,19.2,23.8,15.0,69,93,45
1990-05-15,21.3,26.5,15.7,59,83,36
1990-05-16,22.2,26.5,18.5,60,80,42
1990-05-17,21.7,26.1,17.7,65,85,44
1990-05-18,22.6,28.2,17.8,62,88,37
1990-05-19,24.3,29.1,19.9,56,75,35
1990-05-20,20.7,24.2,17.8,63,72,46
1990-05-21,17.8,20.1,15.9,65,76,54
1990-05-22,18.7,22.0,16.2,62,81,49
1990-05-23,20.1,24.4,16.8,63,81,45
1990-05-24,21.5,26.6,16.8,62,88,41
1990-05-25,24.3,30.6,18.4,55,76,34
1990-05-26,26.6,33.2,19.8,49,80,24
1990-05-27,24.2,29.6,19.6,55,79,34
1990-05-28,21.8,26.5,17.7,50,70,29
1990-05-29,18.4,21.0,16.2,80,90,56
1990-05-30,14.1,15.9,12.8,84,92,76
1990-05-31,15.3,18.6,12.6,74,94,52
1990-06-01,16.8,21.4,11.0,59,89,37
1990-06-02,16.9,21.9,10.6,60,84,36
1990-06-03,18.4,23.1,13.3,67,88,44
1990-06-04,20.2,24.1,15.9,63,87,42
1990-06-05,21.0,26.4,15.6,66,88,45
1990-06-06,22.6,28.4,16.5,65,90,42
1990-06-07,24.4,29.7,19.7,63,87,39
1990-06-08,24.8,29.9,19.2,62,87,38
1990-06-09,25.8,32.0,18.6,55,82,30
1990-06-10,26.0,31.8,19.3,52,77,29
1990-06-11,26.9,31.2,22.6,42,74,20
1990-06-12,24.4,29.8,18.8,41,63,26
1990-06-13,24.8,30.5,19.0,54,78,34
1990-06-14,24.9,28.5,20.6,43,61,30
1990-06-15,22.5,25.9,18.2,63,86,45
1990-06-16,20.9,25.2,16.7,70,95,49
1990-06-17,22.1,27.5,16.3,60,87,34
1990-06-18,22.9,27.8,18.3,59,90,29
1990-06-19,23.0,27.3,18.8,65,89,40
1990-06-20,24.1,29.5,19.4,62,88,35
1990-06-21,25.1,30.1,20.9,55,79,32
1990-06-22,26.0,31.4,21.3,56,80,35
1990-06-23,28.0,34.0,21.6,53,84,27
1990-06-24,29.0,35.0,23.8,51,77,26
1990-06-25,28.5,33.0,24.3,41,67,22
1990-06-26,25.3,29.4,21.5,37,64,23
1990-06-27,25.3,30.9,20.1,50,80,24
1990-06-28,25.7,30.1,20.5,50,75,31
1990-06-29,26.9,32.1,21.8,53,79,29
1990-06-30,26.9,31.8,22.6,56,79,36
1990-07-01,27.9,33.6,22.8,48,74,27
1990-07-02,28.6,34.3,23.1,48,73,28
1990-07-03,28.8,33.6,24.2,48,70,28
1990-07-04,29.0,34.2,24.4,48,71,26
1990-07-05,29.3,34.6,22.5,40,74,20
1990-07-06,27.4,31.4,22.1,54,74,42
1990-07-07,27.3,31.9,22.8,47,82,26
1990-07-08,23.1,25.2,21.6,42,61,33
1990-07-09,23.3,28.8,17.7,52,82,25
1990-07-10,25.0,30.7,19.4,58,92,30
1990-07-11,26.8,33.1,21.0,53,81,29
1990-07-12,27.5,32.7,22.3,46,69,25
1990-07-13,26.6,31.0,23.7,57,73,37
1990-07-14,25.1,28.6,21.6,65,83,49
1990-07-15,26.3,31.7,20.8,62,87,37
1990-07-16,25.5,29.0,21.1,71,93,54
1990-07-17,26.7,31.9,22.5,62,89,30
1990-07-18,26.3,31.4,21.4,63,90,34
1990-07-19,26.9,31.5,23.1,56,82,33
1990-07-20,26.4,30.3,22.0,56,78,39
1990-07-21,26.6,31.7,21.9,54,72,31
1990-07-22,27.6,32.5,22.1,48,74,27
1990-07-23,28.8,34.1,22.9,45,79,23
1990-07-24,28.2,34.1,22.4,52,79,26
1990-07-25,28.4,34.4,23.2,54,80,29
1990-07-26,29.3,35.5,22.1,46,76,19
1990-07-27,24.8,28.3,21.8,72,89,57
1990-07-28,25.1,30.6,19.8,61,92,27
1990-07-29,25.8,30.9,21.7,59,84,30
1990-07-30,25.6,30.9,20.7,63,87,37
1990-07-31,27.0,32.2,22.5,57,81,35
1990-08-01,28.0,33.5,23.2,50,77,29
1990-08-02,28.1,32.3,24.7,51,71,37
1990-08-03,28.1,33.8,24.2,54,82,23
1990-08-04,24.9,26.5,22.7,66,83,58
1990-08-05,23.1,27.3,18.6,70,90,46
1990-08-06,24.9,28.5,21.6,63,84,46
1990-08-07,25.3,29.7,20.9,63,89,41
1990-08-08,25.9,30.0,22.6,59,78,40
1990-08-09,25.1,28.8,22.1,64,82,45
1990-08-10,23.2,27.4,19.5,61,83,40
1990-08-11,23.0,27.1,18.7,54,68,40
1990-08-12,24.6,29.2,19.2,54,78,33
1990-08-13,25.2,30.0,19.3,58,86,33
1990-08-14,25.8,30.4,21.3,61,84,38
1990-08-15,26.1,31.3,21.0,61,83,37
1990-08-16,26.8,32.1,21.7,60,84,35
1990-08-17,27.5,32.5,21.9,56,82,31
1990-08-18,28.1,33.6,22.6,52,75,26
1990-08-19,27.6,32.8,22.1,55,79,30
1990-08-20,27.3,32.5,22.9,52,68,33
1990-08-21,27.1,31.0,23.6,61,78,44
1990-08-22,26.9,32.5,20.8,53,90,26
1990-08-23,20.5,23.5,17.7,74,89,59
1990-08-24,22.8,27.7,18.5,60,80,38
1990-08-25,23.9,28.2,20.3,60,76,39
1990-08-26,23.6,27.9,19.6,67,84,49
1990-08-27,24.4,28.8,19.9,69,86,48
1990-08-28,25.0,29.0,21.8,65,86,41
1990-08-29,23.9,27.4,21.5,63,77,46
1990-08-30,23.3,26.8,20.6,70,83,53
1990-08-31,24.1,28.8,20.0,70,89,47
1990-09-01,25.5,30.6,21.0,64,87,37
1990-09-02,26.4,32.0,21.9,59,81,31
1990-09-03,25.4,30.2,21.3,55,78,34
1990-09-04,22.7,26.6,19.0,44,59,29
1990-09-05,22.1,27.2,17.4,52,69,31
1990-09-06,23.3,28.0,18.4,64,85,43
1990-09-07,22.5,26.8,18.5,60,84,38
1990-09-08,23.4,27.6,19.8,72,91,48
1990-09-09,24.1,28.9,19.4,56,91,31
1990-09-10,22.1,26.2,17.3,58,81,35
1990-09-11,21.7,25.9,17.0,71,99,49
1990-09-12,18.7,23.1,14.7,55,84,30
1990-09-13,17.9,22.7,13.8,47,66,28
1990-09-14,17.7,23.2,13.0,44,60,26
1990-09-15,17.5,22.0,13.1,61,88,36
1990-09-16,18.3,23.7,12.5,71,97,47
1990-09-17,20.4,26.2,14.2,65,98,34
1990-09-18,19.3,23.4,14.8,76,95,53
1990-09-19,19.7,23.7,15.6,56,94,26
1990-09-20,18.5,24.3,12.8,49,74,28
1990-09-21,19.6,24.5,14.8,71,91,50
1990-09-22,21.2,27.5,15.6,74,95,44
1990-09-23,21.7,26.9,16.9,76,99,49
1990-09-24,22.6,26.4,19.2,78,96,58
1990-09-25,24.0,30.2,18.9,67,94,34
1990-09-26,24.0,30.0,19.4,58,81,28
1990-09-27,24.3,31.9,17.1,63,99,28
1990-09-28,17.7,22.7,15.5,68,76,57
1990-09-29,16.4,19.8,13.6,68,88,46
1990-09-30,17.1,22.0,12.4,70,93,44
1990-10-01,19.2,26.6,11.9,71,99,38
1990-10-02,22.1,29.2,16.9,66,84,36
1990-10-03,21.0,26.1,17.0,77,94,51
1990-10-04,18.9,20.6,17.7,78,86,65
1990-10-05,19.3,23.8,14.5,79,100,56
1990-10-06,19.6,25.2,14.9,82,100,54
1990-10-07,20.6,25.2,15.2,78,100,55
1990-10-08,21.1,26.0,16.7,74,94,53
1990-10-09,21.5,27.1,17.2,68,90,41
1990-10-10,15.9,20.2,11.8,52,66,35
1990-10-11,16.4,20.7,12.2,73,94,50
1990-10-12,17.6,23.8,10.7,73,100,40
1990-10-13,18.8,26.9,11.2,68,97,30
1990-10-14,17.8,21.5,14.2,74,88,54
1990-10-15,16.7,20.0,14.1,71,86,51
1990-10-16,16.1,20.9,11.2,74,100,43
1990-10-17,15.9,20.5,11.6,75,97,46
1990-10-18,16.0,21.7,10.6,69,98,38
1990-10-19,16.1,22.1,10.2,75,98,45
1990-10-20,16.6,22.2,11.4,80,100,52
1990-10-21,17.8,22.6,13.8,81,97,59
1990-10-22,13.0,17.3,11.3,54,84,37
1990-10-23,11.0,13.7,9.2,57,76,39
1990-10-24,10.0,13.2,6.0,68,89,48
1990-10-25,10.8,13.9,8.2,79,90,64
1990-10-26,12.4,15.2,9.8,83,92,68
1990-10-27,13.6,15.4,12.2,86,95,76
1990-10-28,14.0,15.4,13.0,84,91,78
1990-10-29,13.8,15.2,12.3,91,98,86
1990-10-30,16.2,20.7,12.1,88,98,69
1990-10-31,17.8,24.4,11.9,83,98,57
1990-11-01,17.7,22.9,13.7,87,100,65
1990-11-02,19.3,24.2,16.2,77,87,56
1990-11-03,17.8,22.6,13.3,76,94,48
1990-11-04,17.7,22.3,14.3,85,97,65
1990-11-05,16.5,19.9,14.2,88,98,70
1990-11-06,12.8,16.1,9.1,70,89,47
1990-11-07,11.1,13.2,9.8,81,92,64
1990-11-08,9.0,11.2,6.6,72,93,46
1990-11-09,7.4,11.6,4.3,59,71,41
1990-11-10,6.9,11.0,2.5,65,86,44
1990-11-11,6.3,10.6,1.7,73,99,48
1990-11-12,6.1,11.2,1.4,77,96,57
1990-11-13,6.7,11.7,2.5,77,99,48
1990-11-14,8.5,12.2,5.9,80,93,65
1990-11-15,9.7,11.7,7.7,85,96,68
1990-11-16,11.9,18.5,6.0,79,95,53
1990-11-17,12.9,16.7,10.5,81,95,61
1990-11-18,12.0,17.7,6.9,87,100,65
1990-11-19,13.1,17.9,8.4,82,97,59
1990-11-20,12.6,18.4,7.6,83,97,61
1990-11-21,12.6,17.2,8.5,90,100,72
1990-11-22,11.8,16.7,8.6,91,100,73
1990-11-23,12.2,15.5,9.6,91,100,77
1990-11-24,13.4,17.0,11.3,89,98,69
1990-11-25,13.8,17.5,11.8,87,97,68
1990-11-26,11.8,16.2,8.1,90,100,73
1990-11-27,12.6,17.5,8.6,91,100,72
1990-11-28,13.0,18.8,9.0,89,100,65
1990-11-29,11.8,16.3,8.0,80,100,54
1990-11-30,10.0,12.2,8.5,88,93,78
1990-12-01,8.2,11.3,5.7,72,84,56
1990-12-02,5.4,7.3,3.2,88,94,71
1990-12-03,3.0,3.8,2.3,91,94,88
1990-12-04,3.4,3.9,2.8,90,92,88
1990-12-05,5.3,7.5,3.2,90,95,81
1990-12-06,7.1,8.9,5.8,92,95,83
1990-12-07,8.0,10.6,4.4,90,97,77
1990-12-08,4.6,8.5,1.5,86,96,70
1990-12-09,4.4,9.5,0.9,79,92,57
1990-12-10,7.5,12.4,2.4,87,97,74
1990-12-11,12.8,15.4,11.1,93,97,85
1990-12-12,11.2,13.4,9.2,92,99,79
1990-12-13,7.6,10.7,4.6,95,100,87
1990-12-14,9.3,12.4,5.6,89,99,75
1990-12-15,6.5,10.5,3.2,91,100,73
1990-12-16,6.5,10.3,3.5,81,94,61
1990-12-17,5.6,6.6,3.9,93,95,89
1990-12-18,6.1,7.0,5.2,94,95,91
1990-12-19,6.2,7.9,5.0,91,95,85
1990-12-20,6.8,9.0,2.4,92,96,83
1990-12-21,4.0,9.1,0.1,82,93,61
1990-12-22,3.8,9.4,-0.4,80,97,55
1990-12-23,4.0,9.6,-0.1,69,83,52
1990-12-24,2.9,5.9,-0.3,79,92,56
1990-12-25,2.1,6.0,-1.0,80,89,66
1990-12-26,3.1,7.1,-0.0,80,92,59
1990-12-27,3.3,6.3,0.6,85,91,74
1990-12-28,6.7,11.0,3.7,85,93,72
1990-12-29,5.9,10.6,2.1,84,99,62
1990-12-30,4.2,9.3,0.3,75,93,50
1990-12-31,5.2,11.3,1.4,74,86,54
1991-01-01,5.2,10.9,1.3,79,95,58
1991-01-02,5.3,9.3,2.4,85,97,73
1991-01-03,5.2,9.9,0.8,72,90,51
1991-01-04,5.9,12.5,2.1,75,88,57
1991-01-05,6.7,13.5,2.2,82,93,66
1991-01-06,6.0,11.3,2.0,88,100,70
1991-01-07,6.2,12.3,1.5,87,99,68
1991-01-08,6.3,11.4,2.3,89,100,73
1991-01-09,6.4,12.2,1.9,87,100,66
1991-01-10,6.6,13.6,1.4,86,100,65
1991-01-11,6.4,12.6,1.5,80,97,58
1991-01-12,6.6,12.9,3.1,78,88,56
1991-01-13,5.5,11.0,1.2,87,98,70
1991-01-14,6.0,10.7,2.4,91,98,77
1991-01-15,5.3,6.5,3.8,88,97,80
1991-01-16,3.5,6.0,1.6,78,96,48
1991-01-17,0.9,4.2,-1.6,67,84,46
1991-01-18,0.2,4.6,-2.9,64,75,46
1991-01-19,0.6,4.5,-2.2,68,79,50
1991-01-20,1.1,6.2,-1.8,68,79,47
1991-01-21,1.4,5.5,-1.8,65,77,49
1991-01-22,1.9,6.3,-1.7,66,82,48
1991-01-23,1.4,6.0,-2.8,69,89,46
1991-01-24,0.5,5.4,-2.5,65,85,42
1991-01-25,1.0,5.3,-1.4,61,77,52
1991-01-26,1.7,7.4,-2.0,66,79,44
1991-01-27,3.1,8.7,-0.8,64,85,40
1991-01-28,2.9,5.5,0.7,91,95,83
1991-01-29,2.1,4.7,-0.2,82,94,64
1991-01-30,0.9,4.9,-1.9,62,75,46
1991-01-31,-0.9,1.6,-3.7,55,71,38
1991-02-01,-4.1,-1.9,-6.3,47,51,41
1991-02-02,-3.8,-0.9,-6.2,43,51,37
1991-02-03,-2.7,1.8,-5.7,46,63,35
1991-02-04,-1.8,3.7,-5.8,52,69,32
1991-02-05,-1.2,0.8,-4.1,76,98,52
1991-02-06,1.0,2.6,-0.5,89,96,80
1991-02-07,2.1,7.1,-2.1,86,94,70
1991-02-08,3.8,6.4,1.8,92,94,88
1991-02-09,4.7,8.2,3.0,95,99,90
1991-02-10,4.9,9.7,0.9,91,100,73
1991-02-11,6.8,12.0,2.9,90,98,75
1991-02-12,7.5,13.1,2.8,92,100,72
1991-02-13,10.4,12.9,7.6,71,98,41
1991-02-14,8.4,11.4,5.9,73,96,49
1991-02-15,7.0,12.4,-0.3,90,98,68
1991-02-16,1.4,6.9,-3.5,66,80,54
1991-02-17,4.2,8.1,0.5,77,89,64
1991-02-18,6.1,9.9,3.5,86,92,77
1991-02-19,7.4,13.1,2.4,84,99,62
1991-02-20,8.7,10.9,5.8,87,97,78
1991-02-21,8.0,11.7,4.5,83,99,60
1991-02-22,8.5,11.2,6.2,88,94,80
1991-02-23,9.0,11.4,7.3,82,96,67
1991-02-24,8.3,12.2,5.6,74,89,55
1991-02-25,7.7,12.5,4.2,74,91,49
1991-02-26,7.8,13.5,2.2,74,91,53
1991-02-27,9.0,14.3,4.0,66,86,46
1991-02-28,9.3,14.7,3.0,77,91,62
1991-03-01,8.9,11.4,6.4,90,98,78
1991-03-02,9.5,11.6,8.1,82,93,71
1991-03-03,8.4,9.6,7.2,82,88,75
1991-03-04,5.5,7.5,4.0,82,90,70
1991-03-05,5.1,10.1,-0.2,80,100,52
1991-03-06,7.4,14.1,0.6,77,98,50
1991-03-07,10.0,16.2,4.6,78,94,56
1991-03-08,10.1,12.6,8.1,87,95,76
1991-03-09,9.2,11.7,7.1,82,92,68
1991-03-10,9.1,12.2,5.4,81,99,63
1991-03-11,9.9,12.5,7.6,88,97,74
1991-03-12,8.5,9.4,7.8,87,94,78
1991-03-13,9.7,12.8,7.2,81,95,64
1991-03-14,9.0,14.3,4.1,85,100,59
1991-03-15,9.2,14.0,4.8,85,100,61
1991-03-16,8.6,10.0,6.5,89,94,84
1991-03-17,10.0,12.4,8.2,87,94,77
1991-03-18,11.8,16.0,7.0,78,97,57
1991-03-19,10.4,13.2,7.8,89,98,75
1991-03-20,10.6,13.6,7.9,87,99,71
1991-03-21,12.7,18.7,6.7,79,100,43
1991-03-22,12.0,17.9,6.9,86,100,62
1991-03-23,12.5,17.9,6.8,85,100,65
1991-03-24,13.0,18.4,8.5,86,100,65
1991-03-25,12.9,17.2,9.1,86,99,66
1991-03-26,13.4,20.1,7.8,83,100,56
1991-03-27,12.6,17.2,8.4,86,99,66
1991-03-28,12.3,16.0,9.2,85,100,66
1991-03-29,11.4,12.9,9.3,84,94,71
1991-03-30,10.9,12.4,9.7,81,86,72
1991-03-31,9.3,9.9,8.6,85,92,79
1991-04-01,9.6,12.3,8.1,82,93,64
1991-04-02,9.9,12.1,8.1,79,90,67
1991-04-03,10.2,12.0,8.5,80,89,70
1991-04-04,11.1,15.0,7.0,77,99,54
1991-04-05,11.9,16.3,8.0,79,97,59
1991-04-06,12.1,16.1,9.0,88,97,71
1991-04-07,11.8,14.4,10.1,88,95,77
1991-04-08,12.5,17.8,7.8,83,100,64
1991-04-09,13.3,16.9,9.5,60,75,43
1991-04-10,14.2,18.2,10.3,50,63,37
1991-04-11,12.5,16.7,8.1,58,83,41
1991-04-12,12.8,16.2,9.7,76,93,58
1991-04-13,11.9,15.0,9.2,85,95,74
1991-04-14,12.9,16.8,9.8,83,98,58
1991-04-15,13.5,18.4,7.9,77,100,51
1991-04-16,13.3,18.6,7.3,72,91,48
1991-04-17,13.2,18.4,8.0,80,99,56
1991-04-18,14.0,18.2,9.1,85,98,65
1991-04-19,16.0,20.1,12.0,75,98,52
1991-04-20,14.1,18.7,9.0,60,79,39
1991-04-21,15.1,18.7,11.7,68,83,53
1991-04-22,13.6,17.5,8.1,66,93,40
1991-04-23,12.2,13.8,10.8,81,92,65
1991-04-24,12.2,15.3,10.0,82,93,60
1991-04-25,11.7,16.3,6.6,75,98,49
1991-04-26,11.9,15.7,7.3,84,100,72
1991-04-27,13.0,16.7,8.6,80,95,61
1991-04-28,15.0,19.6,10.8,84,96,64
1991-04-29,15.3,18.5,12.7,84,98,61
1991-04-30,14.2,17.0,12.4,82,95,70
1991-05-01,15.7,21.0,9.5,69,93,42
1991-05-02,16.5,21.0,11.6,70,89,54
1991-05-03,16.1,20.8,10.1,76,99,55
1991-05-04,16.6,21.7,11.6,79,97,57
1991-05-05,17.8,22.7,13.7,82,95,62
1991-05-06,17.8,22.7,12.3,70,100,37
1991-05-07,17.1,20.9,13.0,75,85,65
1991-05-08,16.4,20.8,11.0,51,71,37
1991-05-09,16.3,21.8,10.1,63,85,40
1991-05-10,17.0,21.5,11.8,76,92,58
1991-05-11,17.1,20.0,13.4,79,93,64
1991-05-12,18.5,23.6,14.3,77,99,45
1991-05-13,18.3,23.6,11.8,60,90,33
1991-05-14,17.6,21.4,12.1,69,85,52
1991-05-15,16.0,18.8,13.7,83,96,64
1991-05-16,16.3,21.0,11.2,73,92,52
1991-05-17,16.7,20.0,12.3,77,97,59
1991-05-18,16.1,19.8,12.2,68,92,44
1991-05-19,15.6,19.6,10.4,64,90,40
1991-05-20,14.7,19.7,9.7,66,91,41
1991-05-21,16.6,21.4,11.6,59,75,43
1991-05-22,19.0,24.2,13.6,58,75,40
1991-05-23,18.9,24.5,12.8,66,88,43
1991-05-24,17.2,19.5,13.1,76,90,67
1991-05-25,11.4,12.9,10.1,76,88,66
1991-05-26,13.7,18.7,9.4,55,77,32
1991-05-27,14.9,19.9,9.3,56,73,37
1991-05-28,13.6,16.4,10.6,62,81,47
1991-05-29,14.2,19.0,9.4,58,76,42
1991-05-30,16.0,20.8,11.3,61,77,43
1991-05-31,17.2,22.5,11.4,63,83,40
1991-06-01,18.6,23.9,12.6,62,84,40
1991-06-02,19.2,24.3,13.5,70,89,48
1991-06-03,20.2,24.8,15.3,70,96,46
1991-06-04,20.3,25.1,15.6,74,95,52
1991-06-05,21.0,26.4,14.2,70,97,42
1991-06-06,21.4,25.9,16.9,66,89,43
1991-06-07,21.5,25.8,17.1,75,96,55
1991-06-08,21.5,24.8,18.5,72,91,53
1991-06-09,21.3,26.3,15.8,66,95,40
1991-06-10,23.0,28.3,17.6,53,71,35
1991-06-11,23.7,29.4,16.9,57,84,36
1991-06-12,24.3,29.6,19.8,66,89,43
1991-06-13,22.8,26.4,18.9,73,89,58
1991-06-14,23.7,27.9,19.7,68,94,46
1991-06-15,25.1,29.5,20.9,64,84,48
1991-06-16,26.1,30.5,21.7,65,84,47
1991-06-17,26.1,31.0,22.1,64,87,41
1991-06-18,26.8,31.8,22.0,60,85,34
1991-06-19,28.5,34.0,23.5,55,78,32
1991-06-20,28.1,33.2,22.7,55,83,29
1991-06-21,25.5,29.1,21.5,69,89,49
1991-06-22,25.6,30.4,20.7,50,79,25
1991-06-23,24.8,30.1,19.4,51,78,32
1991-06-24,26.3,32.1,21.0,56,85,27
1991-06-25,27.8,33.1,20.3,49,77,31
1991-06-26,28.3,33.4,23.1,43,61,26
1991-06-27,25.4,29.0,21.3,65,88,49
1991-06-28,26.6,32.0,21.8,61,83,40
1991-06-29,27.5,32.3,22.5,62,86,41
1991-06-30,20.0,24.1,17.6,60,70,52
1991-07-01,20.0,24.3,15.6,59,79,43
1991-07-02,20.2,24.7,15.9,59,77,42
1991-07-03,21.4,25.6,16.2,61,89,41
1991-07-04,22.3,27.0,17.4,62,84,41
1991-07-05,22.8,28.4,16.6,66,87,45
1991-07-06,24.8,31.0,18.9,67,89,42
1991-07-07,22.2,25.2,20.2,81,96,55
1991-07-08,24.3,29.0,19.7,66,85,47
1991-07-09,25.7,30.3,20.7,66,82,46
1991-07-10,25.3,29.3,21.9,74,94,53
1991-07-11,26.6,31.4,21.4,67,92,42
1991-07-12,27.6,32.6,22.2,60,85,36
1991-07-13,27.9,32.9,23.5,61,82,39
1991-07-14,26.8,29.9,24.1,66,80,50
1991-07-15,26.0,29.5,22.3,70,85,55
1991-07-16,25.0,29.6,20.1,74,94,55
1991-07-17,27.2,31.6,21.0,66,91,46
1991-07-18,26.6,30.4,23.2,64,82,45
1991-07-19,25.5,30.1,21.1,62,79,40
1991-07-20,25.9,30.4,20.6,61,80,44
1991-07-21,26.9,30.7,23.0,66,82,49
1991-07-22,27.8,32.5,23.2,67,87,46
1991-07-23,27.3,31.9,23.6,61,80,34
1991-07-24,24.8,26.9,22.6,74,89,61
1991-07-25,25.5,29.4,21.5,68,88,52
1991-07-26,26.8,31.2,22.2,64,85,45
1991-07-27,27.0,31.3,23.1,66,87,47
1991-07-28,23.6,27.2,19.6,59,77,40
1991-07-29,23.7,28.0,18.6,60,86,38
1991-07-30,24.7,28.6,19.9,59,82,39
1991-07-31,25.7,31.9,19.6,57,81,32
1991-08-01,27.1,32.6,21.8,62,84,38
1991-08-02,26.8,31.2,21.7,52,80,30
1991-08-03,26.1,30.9,20.7,54,75,35
1991-08-04,25.6,30.1,21.4,57,75,36
1991-08-05,26.9,31.7,21.1,54,77,36
1991-08-06,26.3,30.4,22.6,58,81,43
1991-08-07,24.9,28.8,20.7,72,92,54
1991-08-08,25.8,30.9,21.0,64,89,39
1991-08-09,26.5,30.8,22.2,65,88,42
1991-08-10,28.1,33.7,22.2,58,87,30
1991-08-11,28.5,34.3,22.6,53,77,30
1991-08-12,27.3,31.6,22.8,59,86,41
1991-08-13,28.1,33.7,23.4,65,87,39
1991-08-14,25.7,29.1,22.4,75,90,59
1991-08-15,24.4,27.4,21.7,80,95,66
1991-08-16,24.1,28.4,21.1,74,90,52
1991-08-17,23.4,27.7,19.4,72,95,51
1991-08-18,24.8,28.0,21.7,65,79,52
1991-08-19,25.0,29.3,20.7,68,87,47
1991-08-20,24.6,28.4,20.6,73,95,51
1991-08-21,22.1,25.4,19.0,80,94,61
1991-08-22,22.9,26.1,20.1,74,91,55
1991-08-23,23.4,27.4,19.1,70,92,45
1991-08-24,23.0,25.3,20.3,74,89,59
1991-08-25,23.2,27.1,19.9,69,88,48
1991-08-26,23.5,27.5,19.9,70,91,47
1991-08-27,24.0,27.7,20.2,69,84,49
1991-08-28,23.1,26.8,20.4,53,88,31
1991-08-29,21.1,25.7,16.5,54,70,33
1991-08-30,21.7,26.1,16.2,59,80,36
1991-08-31,21.0,25.9,16.1,63,83,40
1991-09-01,20.8,25.2,15.7,63,88,40
1991-09-02,22.1,26.7,16.4,60,90,33
1991-09-03,21.9,25.8,18.4,66,88,44
1991-09-04,20.9,23.3,19.0,70,82,59
1991-09-05,20.7,24.5,17.4,73,94,48
1991-09-06,22.7,28.7,15.9,65,98,33
1991-09-07,23.2,29.2,17.4,57,76,33
1991-09-08,21.3,24.9,18.3,59,82,32
1991-09-09,18.8,21.3,17.3,66,80,49
1991-09-10,18.6,21.4,15.9,69,82,54
1991-09-11,19.5,24.2,14.8,75,98,51
1991-09-12,20.1,25.5,14.4,78,100,54
1991-09-13,21.7,27.7,16.1,79,100,50
1991-09-14,21.9,26.0,18.4,75,94,53
1991-09-15,22.6,27.0,19.5,71,90,45
1991-09-16,21.8,24.9,19.5,72,87,56
1991-09-17,21.4,25.9,16.8,78,100,53
1991-09-18,23.2,28.4,18.4,70,91,43
1991-09-19,21.3,24.7,17.6,45,57,31
1991-09-20,20.2,25.6,15.4,52,76,34
1991-09-21,21.9,27.6,16.9,61,85,36
1991-09-22,21.6,26.5,17.2,68,85,48
1991-09-23,21.8,26.3,17.4,74,95,50
1991-09-24,20.9,25.8,17.3,80,100,50
1991-09-25,20.1,24.4,16.9,82,95,64
1991-09-26,21.0,25.2,16.7,82,100,61
1991-09-27,22.1,27.4,16.9,81,99,56
1991-09-28,24.3,30.1,19.8,72,92,41
1991-09-29,24.0,29.5,19.2,71,90,46
1991-09-30,24.4,30.0,20.2,71,89,46
1991-10-01,25.9,33.0,21.4,64,78,34
1991-10-02,25.3,30.8,21.7,64,80,37
1991-10-03,18.3,21.3,14.6,49,81,33
1991-10-04,15.0,19.3,12.5,50,67,38
1991-10-05,17.5,22.9,13.7,57,66,44
1991-10-06,18.4,22.1,14.5,65,80,48
1991-10-07,18.0,22.5,13.7,73,88,53
1991-10-08,18.3,22.1,14.5,79,96,60
1991-10-09,18.4,22.0,15.2,85,100,66
1991-10-10,18.5,23.2,15.0,85,100,60
1991-10-11,17.9,21.7,14.6,86,99,67
1991-10-12,18.1,20.5,15.9,85,98,69
1991-10-13,17.6,20.9,14.9,84,100,62
1991-10-14,18.1,23.1,13.8,85,100,61
1991-10-15,19.1,24.3,15.0,84,100,59
1991-10-16,19.3,24.5,14.8,82,99,59
1991-10-17,19.2,24.2,15.2,82,99,57
1991-10-18,19.6,24.8,15.5,73,90,46
1991-10-19,20.2,25.3,15.3,71,87,46
1991-10-20,19.6,26.0,14.7,80,97,53
1991-10-21,19.8,23.6,16.6,86,97,68
1991-10-22,17.9,21.4,14.8,69,95,38
1991-10-23,15.2,18.9,11.9,60,78,43
1991-10-24,12.6,15.2,10.5,50,66,37
1991-10-25,11.1,15.2,6.3,52,73,35
1991-10-26,8.9,11.7,5.7,55,72,40
1991-10-27,9.2,11.6,7.5,70,82,52
1991-10-28,8.8,10.6,6.8,74,89,63
1991-10-29,9.5,10.5,8.7,82,93,70
1991-10-30,8.2,9.5,7.3,80,91,66
1991-10-31,7.6,10.0,6.2,72,89,51
1991-11-01,8.6,12.2,5.9,67,88,45
1991-11-02,7.5,11.4,2.8,68,97,42
1991-11-03,6.9,10.7,1.2,74,99,51
1991-11-04,7.9,12.7,3.5,79,90,61
1991-11-05,10.9,16.0,7.3,83,91,66
1991-11-06,13.2,19.0,8.6,86,95,70
1991-11-07,12.3,14.0,10.8,94,98,89
1991-11-08,11.2,13.4,9.8,90,93,85
1991-11-09,12.8,15.9,10.6,83,91,70
1991-11-10,13.2,16.8,9.5,86,99,68
1991-11-11,12.0,16.7,8.4,84,100,64
1991-11-12,11.2,13.2,9.3,90,98,85
1991-11-13,9.8,13.4,7.7,88,100,69
1991-11-14,9.7,14.3,5.9,89,99,72
1991-11-15,12.4,17.5,8.2,89,98,69
1991-11-16,13.1,16.6,9.9,91,99,76
1991-11-17,15.1,17.9,12.8,88,96,76
1991-11-18,11.4,14.9,7.7,77,100,52
1991-11-19,9.8,14.1,5.4,68,81,53
1991-11-20,9.7,14.9,4.8,84,99,67
1991-11-21,11.2,15.8,8.1,90,98,72
1991-11-22,12.4,17.1,9.1,93,99,78
1991-11-23,13.4,16.8,11.0,93,100,80
1991-11-24,14.5,17.7,11.4,90,99,76
1991-11-25,13.9,16.8,10.4,87,99,63
1991-11-26,10.8,13.8,8.1,91,98,78
1991-11-27,10.4,13.6,7.9,85,98,62
1991-11-28,9.9,14.3,6.8,76,92,53
1991-11-29,8.5,12.2,4.3,76,94,57
1991-11-30,6.7,10.3,3.0,80,93,58
1991-12-01,6.1,9.6,2.5,79,98,60
1991-12-02,6.2,9.8,1.3,76,99,54
1991-12-03,5.7,9.9,1.3,71,88,48
1991-12-04,4.2,8.8,0.2,81,97,55
1991-12-05,3.9,9.9,-0.4,80,98,55
1991-12-06,3.5,6.9,0.6,82,90,68
1991-12-07,2.0,3.0,1.1,78,93,62
1991-12-08,0.8,2.3,-1.0,51,60,42
1991-12-09,-0.7,2.3,-2.4,52,58,44
1991-12-10,-1.3,1.3,-3.8,55,61,47
1991-12-11,-1.8,1.7,-4.4,54,60,45
1991-12-12,-0.2,3.4,-2.3,55,64,46
1991-12-13,0.6,5.0,-1.8,64,74,50
1991-12-14,1.7,7.8,-1.6,66,79,47
1991-12-15,2.6,9.7,-0.6,61,81,38
1991-12-16,2.1,7.8,-1.3,87,96,71
1991-12-17,2.4,7.7,-0.6,92,97,76
1991-12-18,2.4,8.5,-1.1,84,96,59
1991-12-19,4.1,9.0,0.5,85,96,67
1991-12-20,4.7,7.9,0.9,81,90,66
1991-12-21,6.3,8.8,3.5,92,96,78
1991-12-22,3.4,7.4,0.5,73,82,60
1991-12-23,4.4,7.7,2.3,64,70,54
1991-12-24,5.0,9.1,0.7,70,84,57
1991-12-25,3.6,5.9,1.2,68,84,56
1991-12-26,1.4,4.1,-0.7,58,68,45
1991-12-27,-0.7,2.6,-3.1,57,75,38
1991-12-28,0.7,3.6,-1.1,71,86,61
1991-12-29,1.7,4.3,0.1,65,83,48
1991-12-30,1.1,5.0,-1.5,62,69,51
1991-12-31,3.4,6.8,1.8,59,72,40
1992-01-01,1.5,4.5,-0.5,54,62,42
1992-01-02,2.1,8.8,-2.4,54,69,35
1992-01-03,5.7,12.7,2.4,52,71,42
1992-01-04,4.7,11.8,0.8,66,83,46
1992-01-05,5.5,12.5,1.1,69,87,48
1992-01-06,5.9,12.1,1.3,70,83,55
1992-01-07,5.2,12.0,0.9,76,86,57
1992-01-08,4.3,10.8,0.4,83,93,63
1992-01-09,4.2,10.2,0.7,80,93,60
1992-01-10,5.4,11.7,1.1,80,92,64
1992-01-11,6.3,12.2,1.4,81,94,64
1992-01-12,5.4,9.8,1.1,92,100,78
1992-01-13,5.9,10.0,2.5,70,92,50
1992-01-14,3.7,7.3,0.3,69,86,49
1992-01-15,3.3,8.5,-0.6,65,80,46
1992-01-16,5.4,11.2,2.1,71,84,54
1992-01-17,6.0,11.9,1.7,66,79,52
1992-01-18,5.0,8.0,2.5,49,55,37
1992-01-19,3.0,7.2,-0.6,62,79,47
1992-01-20,2.9,8.1,-1.7,74,94,57
1992-01-21,2.9,5.2,-0.3,89,93,84
1992-01-22,3.3,5.9,1.7,86,95,72
1992-01-23,3.6,8.5,-0.8,84,98,69
1992-01-24,3.8,8.3,-0.6,86,98,68
1992-01-25,4.3,6.7,2.2,86,93,77
1992-01-26,3.7,6.6,1.5,85,96,69
1992-01-27,3.3,6.6,0.5,82,96,60
1992-01-28,2.9,6.9,-0.1,76,96,51
1992-01-29,2.0,6.7,-1.2,65,80,48
1992-01-30,4.2,9.2,0.8,59,70,48
1992-01-31,3.0,6.2,0.3,53,69,37
1992-02-01,1.0,3.5,-2.0,73,93,58
1992-02-02,0.1,4.9,-4.3,67,93,40
1992-02-03,3.2,8.5,-0.8,51,75,32
1992-02-04,3.6,7.9,0.3,71,89,44
1992-02-05,3.2,8.8,-0.4,67,86,40
1992-02-06,4.4,10.2,-0.8,59,76,41
1992-02-07,6.1,12.2,1.0,70,85,51
1992-02-08,5.1,8.3,1.5,84,94,74
1992-02-09,4.2,7.1,2.5,85,94,70
1992-02-10,3.8,9.5,-0.8,86,99,66
1992-02-11,6.4,13.1,1.2,75,94,54
1992-02-12,8.6,13.6,3.9,67,78,51
1992-02-13,8.0,14.1,3.3,75,89,53
1992-02-14,7.7,14.0,1.8,86,100,64
1992-02-15,8.8,12.0,6.1,93,97,86
1992-02-16,9.8,14.1,5.3,89,100,71
1992-02-17,9.2,14.7,4.1,84,100,62
1992-02-18,5.4,8.0,2.0,60,93,39
1992-02-19,1.8,5.0,-0.7,43,53,31
1992-02-20,1.3,4.6,-1.5,51,63,38
1992-02-21,1.1,5.4,-2.8,62,80,36
1992-02-22,1.8,5.9,-1.2,56,77,33
1992-02-23,1.9,6.9,-1.3,49,61,31
1992-02-24,5.0,10.9,-0.3,54,65,37
1992-02-25,7.2,11.6,3.3,55,71,36
1992-02-26,5.5,10.6,0.8,75,92,56
1992-02-27,6.6,12.6,1.3,76,92,52
1992-02-28,7.9,14.3,2.5,70,88,43
1992-02-29,7.4,14.4,2.0,70,96,45
1992-03-01,7.7,14.6,2.2,86,100,58
1992-03-02,8.7,15.5,1.4,84,100,59
1992-03-03,9.3,16.8,2.6,74,100,40
1992-03-04,10.8,17.5,5.0,53,70,34
1992-03-05,11.7,19.1,5.0,50,67,27
1992-03-06,9.6,14.8,4.6,71,90,53
1992-03-07,7.4,8.6,6.3,83,91,73
1992-03-08,6.5,9.5,4.0,64,82,40
1992-03-09,6.0,9.4,2.6,72,89,54
1992-03-10,6.4,9.2,4.0,65,93,42
1992-03-11,6.2,8.8,3.4,65,87,49
1992-03-12,6.7,12.1,2.3,67,88,40
1992-03-13,8.0,13.3,3.1,67,90,41
1992-03-14,9.5,15.3,4.8,66,85,43
1992-03-15,11.5,17.5,6.7,67,81,43
1992-03-16,8.3,10.8,6.3,86,97,72
1992-03-17,7.1,11.2,4.3,67,94,38
1992-03-18,6.0,9.6,2.7,46,60,28
1992-03-19,5.1,8.1,1.8,53,67,41
1992-03-20,5.5,10.0,1.1,64,86,42
1992-03-21,6.5,11.0,1.6,71,90,50
1992-03-22,7.8,13.4,0.5,74,100,48
1992-03-23,9.6,15.5,3.6,78,94,56
1992-03-24,12.1,16.6,7.8,79,97,55
1992-03-25,13.0,18.6,8.2,80,98,55
1992-03-26,12.9,18.8,7.0,79,100,56
1992-03-27,13.6,17.7,10.8,79,93,60
1992-03-28,11.9,16.8,7.8,79,100,47
1992-03-29,12.2,15.8,8.8,73,96,52
1992-03-30,10.2,14.9,4.8,53,76,37
1992-03-31,11.6,16.9,6.5,71,88,49
1992-04-01,12.3,18.6,6.3,72,99,39
1992-04-02,13.7,17.9,10.6,62,90,27
1992-04-03,14.0,19.5,9.4,57,76,41
1992-04-04,16.0,21.3,11.2,58,76,38
1992-04-05,15.8,21.2,10.1,65,88,45
1992-04-06,14.7,20.8,9.5,75,95,51
1992-04-07,14.1,19.7,9.4,78,98,51
1992-04-08,14.5,19.5,8.0,71,100,42
1992-04-09,14.7,19.2,10.7,71,90,50
1992-04-10,13.7,16.8,10.6,82,96,65
1992-04-11,11.7,12.5,10.4,89,94,85
1992-04-12,9.6,10.9,8.0,80,89,67
1992-04-13,9.7,11.9,8.1,82,92,71
1992-04-14,10.9,15.8,5.3,81,100,59
1992-04-15,12.9,18.6,6.5,80,100,54
1992-04-16,13.9,18.6,7.6,78,100,53
1992-04-17,14.6,20.1,9.5,74,96,53
1992-04-18,12.9,15.9,9.2,85,95,68
1992-04-19,11.3,12.4,9.7,85,95,76
1992-04-20,12.4,16.3,8.8,71,95,51
1992-04-21,12.0,15.7,8.1,41,54,28
1992-04-22,11.3,16.1,6.7,55,78,39
1992-04-23,14.1,19.5,8.4,70,84,54
1992-04-24,16.2,21.2,11.0,64,87,42
1992-04-25,15.3,20.9,10.1,69,89,43
1992-04-26,15.1,20.9,9.3,80,100,60
1992-04-27,17.6,23.3,11.4,76,98,57
1992-04-28,19.4,24.9,14.3,73,92,51
1992-04-29,19.9,24.9,14.8,72,92,46
1992-04-30,18.4,21.7,15.9,69,83,53
1992-05-01,16.7,19.6,14.5,64,81,49
1992-05-02,16.9,21.7,12.7,59,80,36
1992-05-03,17.2,22.3,11.3,60,86,30
1992-05-04,18.9,23.9,13.3,53,82,27
1992-05-05,18.8,24.0,13.7,56,78,29
1992-05-06,18.2,22.8,14.3,61,80,38
1992-05-07,19.7,25.0,13.4,56,84,30
1992-05-08,20.1,25.0,15.8,54,75,29
1992-05-09,20.5,25.9,15.1,59,81,36
1992-05-10,21.0,26.0,16.1,64,82,45
1992-05-11,22.2,27.2,17.4,62,86,42
1992-05-12,22.8,28.2,18.6,60,81,39
1992-05-13,18.5,22.4,15.1,57,89,38
1992-05-14,16.1,19.5,12.5,77,95,57
1992-05-15,17.2,21.4,14.1,74,89,48
1992-05-16,16.4,19.9,13.6,69,89,48
1992-05-17,17.2,21.5,14.1,61,79,39
1992-05-18,17.5,22.5,12.9,66,92,37
1992-05-19,13.7,16.1,11.5,77,92,62
1992-05-20,16.0,19.8,13.2,79,94,59
1992-05-21,17.9,22.6,13.7,72,91,50
1992-05-22,19.3,23.7,15.3,69,87,47
1992-05-23,20.5,24.9,15.1,66,93,43
1992-05-24,16.9,19.2,14.5,84,95,75
1992-05-25,15.8,17.7,14.0,74,87,62
1992-05-26,15.0,17.0,13.1,78,90,60
1992-05-27,15.3,19.0,12.1,77,94,58
1992-05-28,17.6,22.4,12.9,76,98,54
1992-05-29,19.8,24.4,14.8,72,94,50
1992-05-30,20.9,25.0,16.7,73,92,54
1992-05-31,21.7,26.3,16.6,67,85,47
1992-06-01,22.7,27.1,17.1,65,87,44
1992-06-02,22.4,26.9,17.7,72,91,52
1992-06-03,22.8,27.6,18.6,70,89,49
1992-06-04,24.0,30.5,17.3,67,90,40
1992-06-05,22.0,25.0,18.8,73,89,59
1992-06-06,21.0,23.4,18.7,73,88,57
1992-06-07,22.2,27.5,17.7,61,85,33
1992-06-08,22.1,26.7,17.9,66,85,44
1992-06-09,22.9,28.6,16.5,58,93,32
1992-06-10,22.6,28.4,16.1,49,76,28
1992-06-11,23.7,28.7,19.6,56,79,32
1992-06-12,22.9,27.7,17.8,65,91,40
1992-06-13,22.7,27.7,16.5,55,81,31
1992-06-14,23.0,27.6,18.3,48,65,33
1992-06-15,23.0,28.3,18.3,55,71,37
1992-06-16,24.1,29.5,18.7,57,79,35
1992-06-17,22.5,26.6,18.2,70,90,52
1992-06-18,22.4,26.8,19.5,73,88,51
1992-06-19,20.9,24.1,17.9,81,97,66
1992-06-20,23.2,27.5,19.0,73,94,53
1992-06-21,25.2,30.1,19.4,60,86,39
1992-06-22,26.8,32.2,21.0,57,77,35
1992-06-23,27.0,32.6,21.4,63,87,39
1992-06-24,28.0,32.6,24.2,61,83,42
1992-06-25,27.7,32.1,23.6,61,85,39
1992-06-26,23.1,26.2,20.5,71,86,60
1992-06-27,20.8,24.2,18.4,76,91,56
1992-06-28,19.1,21.6,16.7,72,89,55
1992-06-29,20.8,24.3,17.0,64,82,46
1992-06-30,20.3,23.6,16.9,66,85,45
1992-07-01,21.6,25.5,17.7,61,81,44
1992-07-02,22.0,26.0,17.7,69,92,47
1992-07-03,20.5,21.8,17.9,81,93,74
1992-07-04,21.5,27.3,15.1,73,97,45
1992-07-05,24.5,29.5,20.0,60,84,34
1992-07-06,25.0,29.3,20.2,59,80,42
1992-07-07,26.8,32.1,21.5,60,82,40
1992-07-08,28.2,33.6,21.9,63,90,40
1992-07-09,25.3,28.1,23.3,73,82,61
1992-07-10,22.2,24.5,19.8,61,74,49
1992-07-11,22.7,26.7,18.6,65,83,47
1992-07-12,23.7,27.3,19.9,68,86,52
1992-07-13,24.0,28.9,19.3,67,92,39
1992-07-14,22.7,26.2,18.5,72,95,54
1992-07-15,24.4,29.6,19.5,61,80,39
1992-07-16,25.5,30.2,20.8,49,70,31
1992-07-17,23.8,28.5,18.8,54,87,33
1992-07-18,24.5,29.6,18.8,64,98,35
1992-07-19,25.8,31.9,19.0,54,82,31
1992-07-20,24.5,28.5,20.3,51,70,35
1992-07-21,25.4,30.5,19.8,59,88,31
1992-07-22,26.0,30.7,21.3,59,81,37
1992-07-23,25.9,30.8,22.3,65,86,41
1992-07-24,25.5,30.1,20.7,68,88,45
1992-07-25,26.7,31.5,21.4,63,84,39
1992-07-26,26.5,31.2,22.3,64,90,32
1992-07-27,26.7,31.5,21.4,61,94,30
1992-07-28,27.0,32.3,23.0,59,80,31
1992-07-29,27.2,32.5,22.0,56,87,31
1992-07-30,25.3,28.7,22.4,64,79,47
1992-07-31,24.5,28.7,19.9,61,82,42
1992-08-01,25.4,29.8,22.1,58,79,38
1992-08-02,25.8,30.4,21.9,62,80,42
1992-08-03,26.6,31.6,22.2,62,85,40
1992-08-04,27.2,31.8,22.5,56,80,33
1992-08-05,27.5,32.6,22.1,54,76,35
1992-08-06,27.9,32.0,23.3,60,82,42
1992-08-07,27.8,31.1,24.8,60,79,44
1992-08-08,28.7,34.8,22.6,52,85,21
1992-08-09,29.4,34.6,23.9,45,72,25
1992-08-10,29.1,34.4,24.4,47,71,25
1992-08-11,29.4,35.3,24.0,43,68,21
1992-08-12,27.9,32.3,22.7,52,72,37
1992-08-13,27.6,32.4,23.8,55,73,36
1992-08-14,27.8,34.0,23.0,55,78,29
1992-08-15,27.8,32.7,23.9,57,78,35
1992-08-16,28.9,34.6,23.6,54,81,27
1992-08-17,29.0,34.7,23.0,54,83,27
1992-08-18,27.8,32.8,21.9,53,76,32
1992-08-19,27.8,33.4,22.9,58,86,31
1992-08-20,28.8,33.9,23.3,48,74,26
1992-08-21,29.8,35.2,25.2,43,68,20
1992-08-22,29.2,34.6,24.4,47,72,26
1992-08-23,28.2,33.4,23.8,59,76,37
1992-08-24,27.6,32.5,23.0,62,89,36
1992-08-25,27.6,33.1,22.5,53,80,28
1992-08-26,27.4,32.9,22.4,57,82,32
1992-08-27,28.1,33.5,23.6,56,77,31
1992-08-28,28.2,33.3,23.5,61,85,38
1992-08-29,28.0,33.3,23.5,58,83,33
1992-08-30,27.7,33.9,22.6,57,79,31
1992-08-31,27.5,32.1,23.3,66,84,42
1992-09-01,27.7,32.5,23.5,66,92,39
1992-09-02,26.7,31.4,21.9,48,88,27
1992-09-03,25.7,29.6,21.7,46,69,35
1992-09-04,25.2,29.1,21.1,65,84,48
1992-09-05,24.4,30.4,17.2,58,90,24
1992-09-06,19.4,24.6,15.1,33,51,17
1992-09-07,19.6,24.4,14.5,32,49,18
1992-09-08,20.9,27.9,13.1,37,60,16
1992-09-09,22.3,28.9,15.0,45,75,23
1992-09-10,22.8,28.7,17.4,59,86,33
1992-09-11,22.6,26.8,19.8,64,80,42
1992-09-12,21.5,25.4,17.3,72,94,50
1992-09-13,21.2,24.2,18.2,74,94,57
1992-09-14,21.3,25.1,17.4,74,96,52
1992-09-15,22.5,28.0,16.3,69,100,41
1992-09-16,23.1,28.7,18.3,56,84,27
1992-09-17,22.3,28.4,16.3,65,98,27
1992-09-18,23.3,29.5,16.7,59,95,25
1992-09-19,21.5,25.9,16.8,65,89,39
1992-09-20,20.8,25.7,16.0,73,100,36
1992-09-21,20.2,23.6,16.0,75,100,53
1992-09-22,20.2,24.0,16.5,73,96,49
1992-09-23,19.6,23.5,16.0,78,98,57
1992-09-24,18.5,19.6,16.9,78,93,68
1992-09-25,17.8,19.5,16.6,68,83,50
1992-09-26,17.1,20.1,13.6,68,89,48
1992-09-27,17.0,21.7,11.0,69,100,42
1992-09-28,17.8,22.8,11.9,74,99,51
1992-09-29,19.3,24.3,14.1,76,100,51
1992-09-30,20.8,26.3,14.8,73,99,48
1992-10-01,20.7,24.9,16.8,55,85,33
1992-10-02,16.7,18.9,13.8,81,95,70
1992-10-03,17.4,20.5,14.9,80,94,62
1992-10-04,18.8,22.3,16.0,86,93,76
1992-10-05,21.5,26.2,18.4,81,97,56
1992-10-06,21.2,26.0,18.2,83,96,59
1992-10-07,21.3,27.2,15.7,75,98,46
1992-10-08,21.1,26.2,16.1,54,76,33
1992-10-09,18.2,22.2,13.5,54,76,32
1992-10-10,19.6,25.1,13.2,71,93,51
1992-10-11,21.3,27.0,16.5,70,91,46
1992-10-12,21.9,26.8,18.5,68,87,43
1992-10-13,16.8,18.3,14.9,75,88,63
1992-10-14,13.7,14.9,12.3,69,82,57
1992-10-15,13.7,15.8,11.5,81,90,75
1992-10-16,15.7,20.1,11.1,80,100,56
1992-10-17,17.1,23.2,11.8,80,99,54
1992-10-18,19.4,25.3,14.6,77,97,46
1992-10-19,19.4,24.7,14.7,69,97,37
1992-10-20,17.0,21.0,13.5,70,86,47
1992-10-21,17.3,22.5,12.4,77,95,56
1992-10-22,18.7,24.3,13.7,80,98,54
1992-10-23,16.3,19.3,13.8,75,91,55
1992-10-24,14.9,19.5,8.7,72,100,50
1992-10-25,15.4,19.6,10.4,65,94,36
1992-10-26,15.7,19.9,11.3,63,86,49
1992-10-27,16.9,20.8,13.8,77,96,50
1992-10-28,15.9,21.4,10.6,81,100,54
1992-10-29,16.5,22.3,11.8,81,100,54
1992-10-30,18.1,24.3,12.5,77,99,50
1992-10-31,19.9,26.5,15.1,64,84,34
1992-11-01,19.9,25.6,15.0,58,78,37
1992-11-02,16.7,20.1,14.2,80,93,60
1992-11-03,16.0,19.8,12.9,84,100,59
1992-11-04,15.7,20.9,10.6,80,100,56
1992-11-05,16.7,23.2,10.9,68,97,40
1992-11-06,14.5,17.5,11.4,48,63,40
1992-11-07,14.4,19.5,9.6,64,84,46
1992-11-08,14.7,20.3,8.2,69,98,40
1992-11-09,13.1,16.4,10.0,59,80,39
1992-11-10,10.0,12.3,6.7,71,88,61
1992-11-11,11.6,13.4,10.4,73,83,66
1992-11-12,13.2,16.3,11.1,81,93,69
1992-11-13,11.8,13.7,9.4,70,100,39
1992-11-14,9.5,12.1,6.6,72,92,57
1992-11-15,7.4,12.1,3.6,62,78,36
1992-11-16,8.1,13.9,3.6,74,91,54
1992-11-17,10.3,16.7,4.5,84,96,60
1992-11-18,14.4,17.1,11.5,91,96,89
1992-11-19,13.6,16.3,10.6,89,99,75
1992-11-20,10.6,12.8,8.8,69,90,48
1992-11-21,7.5,10.4,4.7,51,69,37
1992-11-22,7.4,12.5,3.9,59,74,36
1992-11-23,9.8,15.6,4.8,70,85,55
1992-11-24,10.6,13.5,8.5,79,90,61
1992-11-25,10.3,13.6,7.8,88,95,75
1992-11-26,10.6,14.8,7.5,83,98,61
1992-11-27,10.4,16.7,5.9,76,99,55
1992-11-28,9.4,12.9,6.7,55,66,36
1992-11-29,8.0,13.7,2.4,67,94,41
1992-11-30,8.2,12.2,6.1,71,84,50
1992-12-01,5.6,9.2,1.0,66,87,45
1992-12-02,3.9,7.9,0.3,84,99,64
1992-12-03,4.6,8.4,2.2,85,93,70
1992-12-04,5.3,11.4,1.8,88,97,70
1992-12-05,7.0,13.2,3.2,88,99,63
1992-12-06,11.0,16.0,7.1,88,97,78
1992-12-07,7.6,12.1,3.8,79,95,60
1992-12-08,6.8,11.8,1.7,78,91,62
1992-12-09,11.9,14.3,9.1,89,94,84
1992-12-10,10.8,13.8,6.6,88,98,75
1992-12-11,9.3,11.4,7.9,94,97,89
1992-12-12,9.2,11.9,7.5,90,97,75
1992-12-13,7.6,9.6,5.4,78,99,55
1992-12-14,5.4,8.4,3.8,54,67,38
1992-12-15,4.9,9.4,1.9,68,83,56
1992-12-16,5.1,8.9,1.9,79,93,60
1992-12-17,3.8,8.7,-0.1,83,98,56
1992-12-18,4.2,9.7,-0.7,81,97,58
1992-12-19,4.7,9.2,1.0,81,97,58
1992-12-20,2.7,7.3,-0.6,88,100,64
1992-12-21,2.0,6.8,-1.2,88,99,68
1992-12-22,5.1,11.8,1.0,72,92,48
1992-12-23,3.6,4.9,1.4,87,94,79
1992-12-24,1.5,3.0,0.4,83,95,69
1992-12-25,1.7,4.0,-1.1,74,88,58
1992-12-26,1.8,3.9,-0.3,76,91,60
1992-12-27,0.8,4.1,-2.2,73,93,46
1992-12-28,-0.4,1.8,-2.5,72,83,55
1992-12-29,1.0,3.8,-1.1,63,85,44
1992-12-30,1.1,5.7,-2.2,60,77,39
1992-12-31,0.5,5.2,-2.3,74,87,44
1993-01-01,1.4,3.3,0.3,89,95,80
1993-01-02,0.2,1.5,-0.9,84,90,77
1993-01-03,-0.4,0.1,-1.1,90,95,87
1993-01-04,-0.7,2.6,-3.3,85,96,66
1993-01-05,-5.6,-0.3,-11.2,82,97,62
1993-01-06,-6.8,-1.1,-11.4,74,89,56
1993-01-07,-6.0,1.5,-12.3,64,79,47
1993-01-08,2.3,7.1,-5.3,72,81,62
1993-01-09,0.9,7.4,-4.3,75,85,59
1993-01-10,2.2,6.9,-2.4,67,81,46
1993-01-11,1.4,7.2,-2.0,71,80,51
1993-01-12,3.0,9.0,-1.0,72,83,55
1993-01-13,5.3,12.5,0.2,73,85,53
1993-01-14,6.3,11.7,1.2,77,94,62
1993-01-15,6.4,13.8,1.8,75,85,57
1993-01-16,4.0,8.8,-0.0,87,98,76
1993-01-17,5.0,12.9,0.6,68,84,48
1993-01-18,5.4,13.1,0.9,71,83,47
1993-01-19,5.1,12.7,1.1,71,85,47
1993-01-20,4.3,11.4,-0.9,80,97,56
1993-01-21,4.9,11.8,-0.2,73,88,51
1993-01-22,6.2,13.5,1.4,67,76,48
1993-01-23,7.8,15.1,2.8,66,81,44
1993-01-24,8.1,14.4,3.1,66,80,49
1993-01-25,7.6,13.4,3.5,70,84,51
1993-01-26,7.4,9.5,4.6,63,89,47
1993-01-27,3.9,8.2,-0.6,60,78,41
1993-01-28,4.1,10.2,-0.1,61,74,39
1993-01-29,4.2,10.5,-0.2,74,85,56
1993-01-30,3.3,7.9,1.2,87,94,77
1993-01-31,1.5,4.5,-0.7,77,96,49
1993-02-01,1.1,6.2,-2.9,59,77,37
1993-02-02,2.1,7.1,-0.8,53,70,44
1993-02-03,4.7,10.7,1.2,59,73,45
1993-02-04,5.8,13.5,0.1,64,81,43
1993-02-05,7.9,15.9,2.1,60,76,42
1993-02-06,8.5,17.0,2.2,56,70,39
1993-02-07,7.7,15.2,2.1,60,72,40
1993-02-08,4.6,7.4,1.9,72,86,54
1993-02-09,3.3,7.5,-0.3,78,91,60
1993-02-10,4.2,9.3,-0.1,76,93,55
1993-02-11,4.8,9.8,-1.0,72,97,45
1993-02-12,3.0,4.3,1.2,78,86,68
1993-02-13,3.4,7.3,0.2,65,81,45
1993-02-14,5.5,11.7,1.2,56,82,33
1993-02-15,2.6,4.4,1.2,85,96,67
1993-02-16,2.0,4.9,-0.9,73,92,51
1993-02-17,1.3,3.7,-0.5,67,77,54
1993-02-18,2.6,7.3,-1.5,69,85,47
1993-02-19,2.6,7.2,-1.4,71,85,47
1993-02-20,3.3,7.6,-0.7,77,93,57
1993-02-21,3.4,6.8,0.1,81,90,68
1993-02-22,4.7,8.5,1.7,93,97,89
1993-02-23,3.0,6.6,0.1,63,92,44
1993-02-24,2.0,6.2,-1.8,61,78,46
1993-02-25,3.9,7.8,1.1,74,96,53
1993-02-26,3.5,7.1,0.5,74,98,50
1993-02-27,3.1,8.0,-1.2,64,76,48
1993-02-28,4.6,8.9,0.8,79,89,63
1993-03-01,5.8,11.6,0.7,79,96,50
1993-03-02,6.5,10.8,3.4,83,96,65
1993-03-03,7.3,10.8,3.6,88,95,76
1993-03-04,7.2,11.8,2.9,75,98,49
1993-03-05,3.6,5.4,1.9,79,96,60
1993-03-06,1.8,2.8,0.7,93,98,85
1993-03-07,1.1,4.2,-2.1,68,82,54
1993-03-08,2.2,5.3,-0.8,67,77,54
1993-03-09,3.0,7.3,-1.4,65,80,47
1993-03-10,4.5,9.2,-1.5,63,88,40
1993-03-11,6.2,12.9,0.7,65,88,41
1993-03-12,5.5,10.6,0.5,75,85,63
1993-03-13,6.6,12.4,0.6,81,100,54
1993-03-14,7.1,12.5,1.3,81,96,59
1993-03-15,7.8,12.3,3.9,84,98,61
1993-03-16,7.8,13.8,2.7,85,100,55
1993-03-17,8.6,15.1,2.2,78,100,46
1993-03-18,9.5,15.0,3.7,81,100,58
1993-03-19,13.5,20.5,6.8,71,91,51
1993-03-20,14.4,19.7,8.7,54,71,35
1993-03-21,14.5,21.1,8.6,58,76,37
1993-03-22,14.4,21.2,8.5,66,83,42
1993-03-23,15.5,21.7,10.4,63,78,44
1993-03-24,16.0,21.3,10.5,67,86,51
1993-03-25,14.2,19.5,9.6,80,96,60
1993-03-26,14.0,19.5,9.6,73,95,42
1993-03-27,13.6,17.3,11.1,77,88,62
1993-03-28,11.4,14.9,7.8,69,92,40
1993-03-29,9.6,14.2,5.5,51,79,28
1993-03-30,9.4,14.0,6.0,73,83,59
1993-03-31,8.1,12.6,2.3,65,89,38
1993-04-01,7.7,12.1,2.4,57,83,35
1993-04-02,10.4,15.4,6.2,59,78,43
1993-04-03,11.5,16.7,5.6,70,93,46
1993-04-04,12.5,16.3,9.0,74,97,48
1993-04-05,11.3,16.0,5.8,77,99,51
1993-04-06,12.3,17.2,7.8,76,96,55
1993-04-07,11.9,17.0,7.1,81,100,53
1993-04-08,13.1,18.0,8.5,61,90,34
1993-04-09,12.0,17.0,6.6,55,79,33
1993-04-10,12.3,18.0,7.2,55,80,34
1993-04-11,13.7,18.0,9.4,64,82,42
1993-04-12,14.3,19.2,9.8,72,95,48
1993-04-13,17.4,22.9,12.5,57,81,34
1993-04-14,18.1,24.2,12.2,61,80,39
1993-04-15,16.7,20.8,13.2,75,90,60
1993-04-16,17.6,21.9,13.7,65,89,37
1993-04-17,14.8,19.0,11.4,59,84,32
1993-04-18,11.8,14.6,9.9,80,93,64
1993-04-19,14.2,20.5,9.3,62,93,28
1993-04-20,16.8,23.0,9.4,57,83,34
1993-04-21,15.9,21.8,11.0,66,83,43
1993-04-22,14.9,18.6,11.0,68,88,49
1993-04-23,15.5,19.7,12.2,61,79,45
1993-04-24,15.7,19.4,12.9,62,78,46
1993-04-25,14.6,18.4,11.7,68,85,53
1993-04-26,15.7,21.1,10.4,60,88,38
1993-04-27,17.9,23.1,13.1,52,76,30
1993-04-28,16.3,21.1,11.8,60,79,41
1993-04-29,15.8,18.3,12.3,59,81,43
1993-04-30,15.8,20.5,11.9,65,84,43
1993-05-01,17.1,21.9,11.9,65,97,38
1993-05-02,17.8,22.3,13.7,59,81,37
1993-05-03,17.3,21.1,14.1,66,85,46
1993-05-04,17.0,21.7,11.7,70,90,50
1993-05-05,14.8,16.3,13.2,88,96,79
1993-05-06,15.7,20.5,10.4,74,100,48
1993-05-07,16.5,19.1,12.8,74,92,61
1993-05-08,16.9,21.2,12.8,75,92,55
1993-05-09,16.2,18.7,13.4,84,95,73
1993-05-10,16.1,19.1,13.5,81,94,61
1993-05-11,17.3,22.4,11.6,71,98,40
1993-05-12,18.1,23.0,13.7,61,82,37
1993-05-13,16.3,20.9,12.5,73,90,47
1993-05-14,15.7,18.8,13.7,81,92,66
1993-05-15,17.6,22.5,11.9,76,100,49
1993-05-16,20.0,25.1,13.4,67,92,44
1993-05-17,19.8,24.7,15.7,68,83,48
1993-05-18,19.8,23.5,16.2,74,93,55
1993-05-19,20.1,24.4,15.4,75,99,54
1993-05-20,22.0,27.4,16.8,65,91,36
1993-05-21,23.1,28.7,18.2,59,81,36
1993-05-22,23.0,28.0,19.0,66,84,48
1993-05-23,22.7,27.4,19.2,67,83,49
1993-05-24,22.0,25.7,18.9,70,91,51
1993-05-25,20.2,23.7,16.9,76,94,59
1993-05-26,20.9,26.2,16.1,71,99,39
1993-05-27,22.2,28.0,16.7,69,92,43
1993-05-28,24.9,30.3,19.8,62,83,41
1993-05-29,24.7,30.0,19.1,63,84,44
1993-05-30,24.4,29.5,18.8,63,78,42
1993-05-31,24.6,29.1,20.7,65,84,45
1993-06-01,25.0,29.6,18.9,53,88,29
1993-06-02,23.7,28.8,18.6,54,76,35
1993-06-03,23.6,27.8,19.4,64,87,41
1993-06-04,23.2,27.0,18.6,59,84,39
1993-06-05,22.6,25.4,20.0,59,78,43
1993-06-06,24.3,29.2,17.7,50,78,29
1993-06-07,24.6,29.8,19.5,58,80,36
1993-06-08,26.4,32.2,20.8,56,84,30
1993-06-09,26.3,31.5,22.1,50,68,28
1993-06-10,23.0,25.3,20.7,69,85,59
1993-06-11,23.7,27.6,20.2,62,82,47
1993-06-12,26.3,33.2,19.3,55,84,27
1993-06-13,29.0,34.2,23.9,44,71,23
1993-06-14,26.4,31.0,21.0,37,57,20
1993-06-15,22.8,26.9,18.1,55,81,36
1993-06-16,23.4,28.5,17.9,58,88,31
1993-06-17,23.2,28.1,18.7,40,62,22
1993-06-18,22.9,26.7,18.7,55,87,32
1993-06-19,23.0,28.5,17.3,43,63,26
1993-06-20,23.4,28.6,17.9,57,86,34
1993-06-21,25.4,30.7,20.7,50,76,27
1993-06-22,26.2,31.8,21.2,51,76,28
1993-06-23,27.7,33.6,22.1,50,73,28
1993-06-24,29.0,35.6,22.8,50,77,25
1993-06-25,27.9,31.8,25.1,35,66,19
1993-06-26,25.1,30.0,19.4,34,63,18
1993-06-27,23.7,27.7,20.1,37,70,18
1993-06-28,22.8,27.6,16.9,45,72,29
1993-06-29,24.4,29.8,17.9,50,85,28
1993-06-30,23.7,28.0,18.6,57,75,44
1993-07-01,25.6,30.7,20.0,59,88,36
1993-07-02,25.4,31.0,20.7,39,70,18
1993-07-03,25.0,30.7,19.6,59,87,36
1993-07-04,28.6,34.8,21.8,47,75,22
1993-07-05,29.6,36.2,21.8,41,66,21
1993-07-06,29.3,35.0,23.1,46,76,26
1993-07-07,28.5,34.4,22.3,45,80,26
1993-07-08,22.9,29.0,17.4,40,56,25
1993-07-09,22.9,26.6,20.0,53,73,36
1993-07-10,23.7,28.6,18.6,59,88,37
1993-07-11,24.7,29.7,19.8,62,87,39
1993-07-12,27.2,33.7,21.0,56,86,26
1993-07-13,24.7,28.4,20.6,36,52,24
1993-07-14,21.7,26.7,16.8,38,59,21
1993-07-15,22.3,27.3,16.0,36,61,21
1993-07-16,24.0,30.5,17.5,51,83,25
1993-07-17,26.4,33.1,19.6,49,80,26
1993-07-18,28.2,35.3,21.5,47,73,23
1993-07-19,28.1,33.1,23.7,49,68,33
1993-07-20,27.9,32.4,23.9,52,72,34
1993-07-21,28.2,33.1,23.4,53,76,34
1993-07-22,28.4,33.2,24.1,54,79,34
1993-07-23,25.6,29.1,21.4,41,62,23
1993-07-24,24.6,30.1,18.9,33,50,19
1993-07-25,25.7,31.3,18.9,38,65,23
1993-07-26,26.4,32.5,20.2,50,80,26
1993-07-27,27.3,33.0,21.6,50,79,28
1993-07-28,26.6,31.4,21.8,51,69,34
1993-07-29,28.3,35.6,21.9,53,86,23
1993-07-30,28.6,34.7,22.7,49,81,27
1993-07-31,27.0,31.3,21.9,54,76,39
1993-08-01,28.3,34.4,22.9,53,82,30
1993-08-02,29.3,33.7,25.3,50,70,33
1993-08-03,28.6,32.6,24.7,54,74,38
1993-08-04,28.3,33.5,23.4,57,79,35
1993-08-05,28.2,33.5,23.7,52,77,28
1993-08-06,26.7,30.9,22.3,55,77,37
1993-08-07,26.9,32.4,21.8,55,80,34
1993-08-08,27.6,33.6,21.8,52,85,26
1993-08-09,27.1,32.2,22.7,54,76,32
1993-08-10,26.3,31.3,22.3,60,81,36
1993-08-11,25.2,30.7,19.6,55,86,32
1993-08-12,24.8,30.3,19.2,38,55,20
1993-08-13,24.9,30.4,18.6,52,81,28
1993-08-14,25.7,31.2,19.6,58,90,33
1993-08-15,27.0,32.3,22.4,50,75,28
1993-08-16,27.2,32.4,23.2,50,73,29
1993-08-17,26.6,31.0,22.8,58,81,36
1993-08-18,27.5,33.3,21.5,53,90,21
1993-08-19,27.8,33.4,21.6,49,76,26
1993-08-20,27.1,33.1,20.5,49,90,15
1993-08-21,24.5,28.8,20.6,65,85,42
1993-08-22,25.3,30.8,19.4,62,94,34
1993-08-23,27.0,33.2,20.9,52,82,24
1993-08-24,28.6,35.6,22.5,51,74,24
1993-08-25,29.8,37.4,23.3,49,74,20
1993-08-26,31.9,40.0,22.9,37,67,13
1993-08-27,28.9,33.2,24.8,52,77,35
1993-08-28,26.8,31.0,22.7,69,91,49
1993-08-29,28.7,35.0,22.7,58,89,30
1993-08-30,21.6,26.7,19.0,62,80,50
1993-08-31,20.5,23.1,17.9,77,92,64
1993-09-01,22.2,27.2,17.0,59,94,27
1993-09-02,20.3,24.8,17.0,59,92,27
1993-09-03,19.1,23.7,13.8,52,77,33
1993-09-04,20.9,25.6,15.3,66,95,40
1993-09-05,21.7,26.1,16.9,76,93,56
1993-09-06,19.7,23.7,16.1,55,93,25
1993-09-07,18.3,22.7,12.9,56,76,38
1993-09-08,20.0,25.4,13.5,71,99,44
1993-09-09,22.0,27.3,15.9,71,98,47
1993-09-10,23.7,29.8,17.3,65,94,41
1993-09-11,26.4,32.7,21.0,56,78,34
1993-09-12,26.1,31.2,20.7,54,88,24
1993-09-13,24.1,29.8,18.1,47,71,25
1993-09-14,23.4,28.9,17.9,66,91,39
1993-09-15,23.7,28.5,19.0,68,92,40
1993-09-16,24.8,30.5,18.9,58,90,28
1993-09-17,24.6,30.5,18.2,55,90,28
1993-09-18,25.0,30.8,19.1,57,84,32
1993-09-19,24.5,31.2,18.9,56,75,30
1993-09-20,21.3,22.6,19.9,66,80,53
1993-09-21,18.8,20.3,17.6,65,72,57
1993-09-22,18.3,22.3,14.8,61,84,38
1993-09-23,18.7,23.5,13.6,63,87,39
1993-09-24,19.4,26.0,12.4,62,95,26
1993-09-25,19.9,26.6,12.0,60,96,27
1993-09-26,21.0,27.6,13.9,66,97,38
1993-09-27,22.8,29.2,15.8,56,86,26
1993-09-28,22.3,28.2,16.6,51,81,28
1993-09-29,20.8,24.8,16.6,74,98,50
1993-09-30,20.5,25.2,15.7,50,85,23
1993-10-01,17.8,19.9,16.3,67,78,53
1993-10-02,18.0,20.2,15.4,72,83,62
1993-10-03,18.5,21.5,16.1,66,79,49
1993-10-04,18.0,21.3,16.0,84,94,68
1993-10-05,17.9,22.8,12.9,68,93,44
1993-10-06,18.3,23.7,12.6,62,83,40
1993-10-07,19.7,25.1,14.4,65,86,41
1993-10-08,19.2,25.0,14.2,74,94,47
1993-10-09,20.1,25.5,15.1,75,97,46
1993-10-10,20.3,25.9,14.2,73,98,46
1993-10-11,20.9,27.0,15.3,71,96,40
1993-10-12,20.1,26.6,14.3,75,97,43
1993-10-13,20.3,26.4,13.9,75,100,44
1993-10-14,20.4,26.1,13.5,76,99,52
1993-10-15,21.8,28.5,16.6,70,89,42
1993-10-16,22.6,29.5,16.3,67,94,39
1993-10-17,22.4,28.0,17.8,65,89,37
1993-10-18,23.0,30.2,17.4,62,81,34
1993-10-19,20.4,23.9,18.1,74,86,60
1993-10-20,18.4,22.1,16.0,75,90,53
1993-10-21,17.8,21.6,13.8,81,100,57
1993-10-22,17.7,21.5,14.3,84,100,61
1993-10-23,18.2,23.0,14.3,84,100,55
1993-10-24,20.2,24.0,17.1,84,98,62
1993-10-25,19.8,24.7,16.5,77,100,43
1993-10-26,17.4,21.5,14.5,75,94,55
1993-10-27,15.5,16.0,14.4,89,96,81
1993-10-28,14.1,14.8,12.6,78,92,61
1993-10-29,13.8,16.9,11.7,74,90,52
1993-10-30,13.1,16.4,9.0,75,96,52
1993-10-31,11.3,14.0,9.1,71,86,54
1993-11-01,10.6,14.4,6.8,76,95,55
1993-11-02,9.7,14.3,5.3,79,100,49
1993-11-03,10.9,15.0,7.0,76,92,53
1993-11-04,11.9,14.2,9.5,86,93,79
1993-11-05,14.5,16.8,12.6,89,94,83
1993-11-06,17.1,20.6,15.0,92,96,79
1993-11-07,17.3,20.1,15.5,90,99,75
1993-11-08,16.1,19.8,13.4,90,100,72
1993-11-09,15.9,20.9,12.9,82,100,54
1993-11-10,14.5,17.8,11.6,64,75,44
1993-11-11,10.1,12.2,8.0,74,92,60
1993-11-12,5.9,7.4,4.9,72,77,67
1993-11-13,5.2,5.9,4.4,84,96,68
1993-11-14,5.6,8.3,3.3,71,95,43
1993-11-15,5.6,8.8,2.4,75,83,63
1993-11-16,8.8,11.0,7.0,86,95,75
1993-11-17,6.0,7.9,4.4,70,84,61
1993-11-18,4.5,5.6,3.0,75,87,66
1993-11-19,4.3,6.3,2.3,70,82,57
1993-11-20,3.2,4.0,1.9,88,97,72
1993-11-21,6.6,10.9,3.7,86,94,73
1993-11-22,8.6,10.2,7.3,92,95,87
1993-11-23,9.7,11.7,8.7,90,96,78
1993-11-24,9.3,10.0,8.4,84,93,76
1993-11-25,6.5,8.0,4.9,71,77,62
1993-11-26,4.6,7.1,2.7,73,87,56
1993-11-27,3.6,6.3,0.9,76,89,57
1993-11-28,3.8,7.1,1.2,79,91,59
1993-11-29,3.6,5.0,2.4,93,98,87
1993-11-30,4.9,7.7,3.1,90,98,74
1993-12-01,5.4,8.5,2.6,87,97,69
1993-12-02,7.0,8.7,5.9,85,91,76
1993-12-03,8.1,11.5,5.9,83,92,70
1993-12-04,6.2,11.3,2.2,85,100,64
1993-12-05,6.3,12.0,1.2,82,99,59
1993-12-06,6.6,11.1,3.3,82,95,61
1993-12-07,6.5,10.3,3.0,85,96,69
1993-12-08,8.9,12.9,6.4,86,94,74
1993-12-09,7.3,12.2,4.2,86,97,66
1993-12-10,9.5,15.8,4.5,80,92,64
1993-12-11,8.1,13.1,3.9,94,100,84
1993-12-12,7.8,12.7,5.4,81,99,59
1993-12-13,5.2,9.3,1.9,62,77,42
1993-12-14,4.2,9.5,0.2,78,91,61
1993-12-15,8.2,14.1,3.9,87,96,76
1993-12-16,11.8,16.3,8.0,92,97,81
1993-12-17,11.7,16.4,7.7,80,97,57
1993-12-18,9.0,13.8,3.4,69,93,54
1993-12-19,7.5,13.5,3.4,77,90,55
1993-12-20,6.4,12.0,2.4,88,100,65
1993-12-21,9.0,13.9,4.9,74,89,59
1993-12-22,8.7,14.8,4.5,84,93,67
1993-12-23,7.1,11.4,2.5,67,86,46
1993-12-24,5.3,10.7,1.8,90,99,78
1993-12-25,8.3,14.0,2.8,90,100,78
1993-12-26,8.4,12.4,3.7,87,100,66
1993-12-27,11.3,13.0,7.9,81,95,60
1993-12-28,8.9,12.3,6.1,69,85,52
1993-12-29,6.8,11.4,2.1,71,91,51
1993-12-30,6.8,11.6,3.2,77,90,55
1993-12-31,6.2,11.5,1.8,85,100,63
1994-01-01,4.7,9.6,0.9,89,100,71
1994-01-02,6.4,10.0,4.0,82,97,64
1994-01-03,5.0,10.3,1.0,74,90,54
1994-01-04,5.5,11.4,1.7,72,83,49
1994-01-05,6.2,12.8,1.3,85,94,69
1994-01-06,7.8,14.0,2.7,90,100,72
1994-01-07,8.3,13.4,5.1,93,100,78
1994-01-08,9.8,12.7,7.8,93,99,78
1994-01-09,11.5,13.0,9.3,94,97,90
1994-01-10,10.1,12.3,7.9,95,99,91
1994-01-11,8.3,12.6,5.2,86,96,68
1994-01-12,8.2,11.9,5.1,94,97,85
1994-01-13,10.2,14.9,7.7,88,97,70
1994-01-14,8.5,13.6,3.1,84,99,65
1994-01-15,7.4,11.9,2.7,89,100,76
1994-01-16,7.3,11.4,3.1,84,100,59
1994-01-17,8.6,12.6,5.4,91,100,73
1994-01-18,9.2,14.3,5.9,87,95,70
1994-01-19,9.0,12.6,6.5,86,96,69
1994-01-20,8.8,11.3,6.6,88,97,75
1994-01-21,8.0,9.4,6.5,86,92,77
1994-01-22,6.0,7.8,4.5,81,93,66
1994-01-23,4.8,9.5,-0.1,76,95,53
1994-01-24,7.1,12.9,2.3,68,87,47
1994-01-25,7.1,12.7,3.1,70,84,51
1994-01-26,7.8,13.5,4.2,69,88,54
1994-01-27,6.6,9.4,3.3,78,95,64
1994-01-28,6.2,9.6,1.9,69,84,57
1994-01-29,4.0,5.4,1.7,75,89,55
1994-01-30,4.8,8.2,2.7,51,60,36
1994-01-31,3.5,8.6,-0.9,64,78,52
1994-02-01,5.8,10.4,2.5,58,79,40
1994-02-02,5.6,11.1,2.0,63,76,46
1994-02-03,5.7,11.8,0.1,80,95,61
1994-02-04,6.7,12.8,1.6,83,98,58
1994-02-05,7.9,14.3,2.8,79,89,59
1994-02-06,8.0,13.3,3.3,89,98,72
1994-02-07,9.6,10.2,8.6,89,94,86
1994-02-08,9.0,12.3,6.4,83,95,69
1994-02-09,7.2,8.0,6.6,78,81,71
1994-02-10,6.0,7.6,4.6,83,94,70
1994-02-11,6.3,8.2,3.7,81,93,69
1994-02-12,5.5,8.8,2.4,78,97,53
1994-02-13,3.0,5.0,0.1,61,71,53
1994-02-14,0.1,2.0,-1.2,67,80,59
1994-02-15,1.0,3.1,-0.5,74,88,61
1994-02-16,0.1,1.4,-1.1,73,85,68
1994-02-17,0.7,3.7,-2.0,83,87,75
1994-02-18,3.4,8.7,-0.3,85,93,69
1994-02-19,7.5,10.5,3.9,91,97,86
1994-02-20,8.5,11.4,6.1,90,97,78
1994-02-21,8.1,11.9,4.1,82,94,68
1994-02-22,7.9,11.7,5.6,82,96,63
1994-02-23,7.5,12.3,3.1,77,91,59
1994-02-24,8.5,12.9,5.1,85,96,64
1994-02-25,9.9,15.4,5.9,81,98,59
1994-02-26,10.3,14.7,5.9,63,76,48
1994-02-27,9.9,15.2,4.0,68,86,51
1994-02-28,9.9,16.0,4.7,78,88,61
1994-03-01,10.3,17.5,3.6,83,99,56
1994-03-02,10.6,17.0,4.9,79,94,58
1994-03-03,12.6,18.8,6.1,72,91,47
1994-03-04,11.3,14.2,7.4,75,94,63
1994-03-05,9.7,13.7,6.6,69,94,43
1994-03-06,8.3,13.1,4.3,63,86,46
1994-03-07,9.2,14.9,4.5,77,97,51
1994-03-08,10.0,15.8,4.9,78,99,53
1994-03-09,9.5,14.2,5.8,76,94,56
1994-03-10,8.6,13.6,4.4,83,100,49
1994-03-11,9.7,16.5,3.2,77,100,50
1994-03-12,8.7,10.5,7.0,78,91,66
1994-03-13,8.2,12.5,3.5,83,100,65
1994-03-14,10.8,18.1,4.7,80,100,58
1994-03-15,12.9,19.1,8.0,70,84,50
1994-03-16,13.8,20.2,8.1,74,91,48
1994-03-17,13.3,19.2,8.0,69,84,47
1994-03-18,12.0,15.9,7.9,72,95,49
1994-03-19,11.3,13.9,7.9,80,100,64
1994-03-20,11.8,17.2,5.5,76,100,53
1994-03-21,13.9,20.0,6.8,67,86,41
1994-03-22,13.8,18.7,9.2,76,92,57
1994-03-23,11.5,13.8,9.1,76,86,66
1994-03-24,11.6,15.9,8.5,76,88,59
1994-03-25,14.1,20.5,9.1,79,96,55
1994-03-26,13.9,19.2,9.2,84,100,64
1994-03-27,14.0,18.4,10.3,87,100,68
1994-03-28,9.9,13.0,7.3,75,89,59
1994-03-29,9.3,13.1,4.4,70,92,53
1994-03-30,10.4,15.1,6.0,73,99,44
1994-03-31,10.9,15.0,7.7,75,90,56
1994-04-01,11.4,16.8,5.5,80,100,58
1994-04-02,12.7,18.6,6.8,78,100,52
1994-04-03,14.9,18.7,8.9,63,93,36
1994-04-04,14.3,18.3,10.6,79,94,64
1994-04-05,14.1,17.5,10.9,86,98,67
1994-04-06,13.4,16.4,11.4,85,97,67
1994-04-07,11.2,14.0,8.4,70,85,52
1994-04-08,11.0,15.6,6.2,69,93,40
1994-04-09,11.6,15.6,6.8,78,97,54
1994-04-10,13.2,17.0,9.3,73,93,50
1994-04-11,14.1,18.8,9.7,77,91,57
1994-04-12,16.0,21.3,11.7,80,96,59
1994-04-13,16.0,21.0,11.4,67,97,39
1994-04-14,14.8,20.0,9.7,57,75,35
1994-04-15,16.5,21.7,12.1,64,82,42
1994-04-16,15.6,17.7,12.7,72,85,59
1994-04-17,16.2,21.4,10.1,71,90,49
1994-04-18,17.1,21.4,10.9,61,87,38
1994-04-19,17.6,23.4,11.7,68,90,45
1994-04-20,17.3,22.4,12.6,76,96,51
1994-04-21,17.2,19.9,15.1,77,87,67
1994-04-22,15.1,17.0,12.7,85,94,77
1994-04-23,14.3,17.9,11.8,85,95,68
1994-04-24,15.1,18.1,12.8,83,94,70
1994-04-25,16.1,20.9,10.1,80,100,56
1994-04-26,17.2,22.3,11.0,79,100,55
1994-04-27,18.5,23.8,13.6,75,94,49
1994-04-28,16.3,20.3,13.1,81,92,61
1994-04-29,16.6,20.7,11.4,76,98,54
1994-04-30,17.0,21.5,12.6,72,96,48
1994-05-01,17.3,22.2,12.9,71,91,45
1994-05-02,19.1,23.6,14.9,63,80,44
1994-05-03,13.3,16.0,11.4,79,86,66
1994-05-04,14.8,18.1,12.5,76,92,57
1994-05-05,15.6,21.3,9.9,80,100,54
1994-05-06,14.7,17.4,12.2,87,97,74
1994-05-07,14.6,17.9,12.4,83,94,65
1994-05-08,15.3,20.0,11.2,71,91,46
1994-05-09,15.6,19.1,11.5,76,96,51
1994-05-10,14.4,16.7,10.6,83,96,72
1994-05-11,15.3,21.3,9.7,79,100,48
1994-05-12,17.0,20.8,12.5,78,97,56
1994-05-13,17.8,21.7,12.9,78,99,60
1994-05-14,18.7,23.9,12.9,80,100,56
1994-05-15,19.7,23.5,15.3,76,95,59
1994-05-16,20.6,26.2,15.0,76,99,54
1994-05-17,21.1,26.1,15.4,79,100,56
1994-05-18,20.7,25.4,15.2,75,98,50
1994-05-19,20.2,25.0,15.9,76,90,60
1994-05-20,19.9,25.5,14.7,62,83,40
1994-05-21,22.2,27.3,16.1,60,84,37
1994-05-22,23.4,29.3,16.2,57,81,32
1994-05-23,23.6,29.0,18.5,63,88,41
1994-05-24,25.2,30.8,19.1,63,87,43
1994-05-25,26.6,32.4,21.2,62,82,36
1994-05-26,26.3,32.5,19.2,54,80,27
1994-05-27,26.6,32.0,21.9,56,80,32
1994-05-28,25.0,29.2,21.4,46,75,23
1994-05-29,21.8,24.6,18.7,70,86,55
1994-05-30,23.0,28.0,18.0,68,92,47
1994-05-31,23.1,28.7,19.9,60,85,40
1994-06-01,21.0,26.1,16.1,43,59,27
1994-06-02,22.5,28.7,16.0,52,78,29
1994-06-03,22.8,28.2,17.7,60,82,38
1994-06-04,24.3,29.5,19.5,60,78,43
1994-06-05,26.0,30.7,21.7,50,74,28
1994-06-06,21.0,24.3,17.3,43,57,29
1994-06-07,16.1,18.1,14.1,49,60,43
1994-06-08,19.0,23.9,14.1,51,70,33
1994-06-09,21.1,26.8,15.7,58,86,31
1994-06-10,21.8,27.1,16.7,61,85,37
1994-06-11,22.6,27.3,17.2,58,88,35
1994-06-12,22.3,26.0,17.5,65,87,49
1994-06-13,23.2,27.4,19.5,61,84,39
1994-06-14,23.1,27.5,18.0,64,91,39
1994-06-15,21.5,24.5,17.7,52,69,38
1994-06-16,22.1,27.4,16.9,53,75,30
1994-06-17,23.9,28.9,19.1,54,79,31
1994-06-18,24.7,30.1,18.1,54,80,28
1994-06-19,25.4,31.2,20.3,59,88,31
1994-06-20,26.8,33.3,20.8,54,78,28
1994-06-21,27.7,33.4,21.9,47,82,21
1994-06-22,23.6,26.1,21.2,69,85,53
1994-06-23,24.5,30.1,18.6,65,89,39
1994-06-24,26.7,32.5,21.1,51,73,26
1994-06-25,25.6,30.7,20.7,58,77,40
1994-06-26,24.4,26.9,22.1,67,87,50
1994-06-27,24.8,29.0,21.5,58,81,44
1994-06-28,26.0,30.8,21.2,64,84,45
1994-06-29,28.3,34.1,22.9,55,83,29
1994-06-30,28.1,32.2,22.9,57,78,42
1994-07-01,28.8,33.6,24.5,57,83,36
1994-07-02,28.4,33.7,25.2,55,73,33
1994-07-03,26.1,29.6,21.9,68,87,51
1994-07-04,26.2,30.6,22.4,70,90,51
1994-07-05,27.7,33.3,22.3,62,86,35
1994-07-06,29.2,34.5,23.8,58,84,30
1994-07-07,28.2,32.1,24.2,60,82,42
1994-07-08,27.9,32.0,24.5,63,82,43
1994-07-09,27.8,31.8,24.5,61,83,39
1994-07-10,24.7,27.6,21.9,57,69,39
1994-07-11,23.0,27.7,19.2,62,90,38
1994-07-12,23.4,28.3,18.3,60,82,39
1994-07-13,24.8,29.5,20.2,57,74,36
1994-07-14,25.9,30.8,20.8,56,79,36
1994-07-15,26.3,31.4,21.6,56,77,33
1994-07-16,26.3,31.5,20.4,57,89,28
1994-07-17,26.9,31.9,21.5,53,77,29
1994-07-18,28.3,33.3,23.1,50,73,28
1994-07-19,28.6,34.2,23.8,54,79,32
1994-07-20,28.6,33.7,24.1,53,79,31
1994-07-21,28.9,33.3,24.2,51,75,33
1994-07-22,27.3,30.6,24.0,65,77,53
1994-07-23,26.1,31.7,20.9,68,94,42
1994-07-24,27.3,31.1,23.6,59,85,36
1994-07-25,26.8,30.2,23.7,55,77,38
1994-07-26,26.9,30.5,24.2,53,66,37
1994-07-27,26.9,30.9,23.6,53,74,33
1994-07-28,27.0,30.4,23.1,49,73,28
1994-07-29,27.6,31.8,23.0,46,67,25
1994-07-30,27.0,32.0,21.2,51,75,29
1994-07-31,26.5,30.3,22.5,57,79,38
1994-08-01,26.3,29.9,22.9,61,81,43
1994-08-02,26.7,31.8,21.8,58,84,34
1994-08-03,27.8,33.6,22.7,53,77,28
1994-08-04,28.9,34.3,23.3,52,77,28
1994-08-05,28.0,32.5,24.1,57,77,38
1994-08-06,24.3,27.6,21.7,77,96,55
1994-08-07,25.0,29.0,21.1,67,88,45
1994-08-08,26.0,29.8,22.9,64,82,45
1994-08-09,26.3,31.5,21.4,63,84,39
1994-08-10,28.6,35.1,23.2,59,81,33
1994-08-11,30.1,36.9,24.6,59,82,32
1994-08-12,31.8,38.9,24.4,48,80,22
1994-08-13,30.7,35.7,25.4,39,55,24
1994-08-14,28.5,33.3,23.6,58,78,38
1994-08-15,29.9,36.7,24.8,55,80,24
1994-08-16,27.3,30.6,24.8,60,81,40
1994-08-17,26.0,30.7,21.8,63,89,31
1994-08-18,25.3,29.3,21.6,65,89,44
1994-08-19,25.7,29.8,21.3,54,86,28
1994-08-20,25.5,31.6,19.2,40,72,20
1994-08-21,26.8,33.8,20.9,52,79,23
1994-08-22,27.5,34.3,21.4,52,76,24
1994-08-23,27.1,32.3,22.0,60,83,36
1994-08-24,26.5,31.7,21.5,61,81,36
1994-08-25,26.6,31.4,22.2,65,88,43
1994-08-26,25.9,30.3,21.8,67,89,44
1994-08-27,24.8,29.0,20.8,49,80,33
1994-08-28,25.1,30.0,20.0,46,65,31
1994-08-29,24.7,30.5,19.1,53,79,30
1994-08-30,25.0,30.4,19.5,69,97,39
1994-08-31,25.7,30.8,21.0,72,94,46
1994-09-01,25.7,30.1,22.2,74,91,53
1994-09-02,26.4,30.8,22.9,68,89,45
1994-09-03,26.0,30.6,22.7,60,81,38
1994-09-04,24.1,27.7,20.4,67,85,48
1994-09-05,24.2,28.0,21.0,72,89,53
1994-09-06,25.6,31.6,20.8,65,95,30
1994-09-07,25.5,31.3,19.7,59,82,32
1994-09-08,25.5,31.0,21.1,64,88,37
1994-09-09,25.4,30.6,21.4,61,86,33
1994-09-10,27.0,33.6,21.7,56,81,27
1994-09-11,27.0,32.6,22.6,61,83,32
1994-09-12,26.8,32.0,22.5,65,88,38
1994-09-13,26.6,31.6,22.8,61,84,36
1994-09-14,26.4,32.0,22.4,61,83,33
1994-09-15,26.4,32.2,19.7,63,98,34
1994-09-16,27.1,32.2,23.0,51,78,20
1994-09-17,25.2,29.9,21.0,54,82,39
1994-09-18,25.9,32.4,19.5,57,93,21
1994-09-19,26.0,31.2,20.8,53,78,27
1994-09-20,23.3,27.1,20.5,66,88,30
1994-09-21,21.9,26.9,16.1,50,76,25
1994-09-22,23.7,29.6,17.6,51,73,25
1994-09-23,24.1,30.1,18.3,55,79,27
1994-09-24,24.2,29.2,20.7,62,81,38
1994-09-25,23.7,28.6,20.0,69,86,45
1994-09-26,24.4,30.4,19.9,67,90,38
1994-09-27,25.2,31.2,20.4,65,86,35
1994-09-28,25.7,32.2,21.4,65,86,32
1994-09-29,25.9,32.0,21.4,62,87,28
1994-09-30,25.6,30.3,22.0,63,81,36
1994-10-01,24.4,27.6,22.2,75,88,58
1994-10-02,24.5,29.4,20.3,76,99,50
1994-10-03,24.6,28.9,20.3,74,99,49
1994-10-04,24.6,29.3,20.3,72,95,46
1994-10-05,24.0,29.1,18.9,63,93,32
1994-10-06,18.2,22.0,14.4,71,82,64
1994-10-07,15.0,19.1,11.4,74,85,62
1994-10-08,16.9,19.3,15.3,87,94,81
1994-10-09,18.9,23.6,15.3,79,97,55
1994-10-10,17.7,21.0,14.7,70,81,59
1994-10-11,19.0,21.8,17.5,71,86,54
1994-10-12,18.0,21.5,15.2,76,97,49
1994-10-13,16.3,20.6,12.3,70,96,42
1994-10-14,15.9,20.9,11.6,58,72,37
1994-10-15,16.1,20.2,11.7,67,92,44
1994-10-16,16.4,20.2,12.5,72,89,53
1994-10-17,16.7,21.3,12.6,76,97,48
1994-10-18,15.7,19.7,12.1,62,87,42
1994-10-19,13.3,14.6,11.8,72,79,64
1994-10-20,13.8,16.5,11.3,74,86,59
1994-10-21,13.2,14.2,12.3,90,93,84
1994-10-22,13.4,13.7,13.0,87,93,83
1994-10-23,14.1,15.4,13.1,91,95,86
1994-10-24,16.5,19.3,14.4,84,93,73
1994-10-25,17.6,21.2,15.0,84,97,61
1994-10-26,16.3,20.9,12.5,72,90,48
1994-10-27,15.6,20.0,11.8,85,99,66
1994-10-28,15.7,20.9,11.5,87,100,66
1994-10-29,16.1,20.1,13.3,90,100,72
1994-10-30,15.8,19.4,13.2,87,100,65
1994-10-31,15.4,20.8,11.0,84,99,60
1994-11-01,15.1,20.7,10.6,85,100,62
1994-11-02,15.3,21.0,11.0,85,100,61
1994-11-03,15.3,20.5,12.2,89,100,66
1994-11-04,14.8,17.4,12.5,92,100,79
1994-11-05,13.1,15.1,11.6,75,93,63
1994-11-06,10.7,12.1,9.6,68,73,63
1994-11-07,9.8,10.8,9.0,75,83,67
1994-11-08,10.8,11.5,10.1,87,95,80
1994-11-09,13.0,15.2,11.6,91,96,81
1994-11-10,12.3,16.5,9.0,90,100,76
1994-11-11,14.3,18.9,11.2,91,97,76
1994-11-12,13.1,15.0,11.6,96,99,94
1994-11-13,12.4,13.7,10.6,77,94,58
1994-11-14,9.4,10.5,7.6,75,90,64
1994-11-15,7.7,11.5,3.5,79,99,54
1994-11-16,9.8,15.2,4.9,75,94,52
1994-11-17,10.1,14.9,5.1,82,99,61
1994-11-18,10.1,13.2,7.9,89,96,74
1994-11-19,9.4,12.7,6.7,80,98,59
1994-11-20,7.8,11.3,4.9,59,73,41
1994-11-21,6.7,11.5,2.9,64,79,45
1994-11-22,9.8,15.6,5.8,70,84,52
1994-11-23,8.4,12.4,4.7,73,89,53
1994-11-24,7.6,12.7,2.6,79,99,58
1994-11-25,9.6,15.1,4.6,67,82,53
1994-11-26,8.4,10.5,5.7,56,73,39
1994-11-27,4.8,7.8,1.9,55,67,42
1994-11-28,3.7,8.1,-0.1,63,79,39
1994-11-29,5.1,11.3,0.5,70,81,56
1994-11-30,7.5,12.4,3.6,63,76,48
1994-12-01,5.2,8.2,2.7,56,71,38
1994-12-02,3.1,6.8,0.5,55,65,38
1994-12-03,2.4,8.4,-1.4,60,75,37
1994-12-04,3.8,10.0,-0.7,63,78,38
1994-12-05,4.8,11.2,1.1,70,95,47
1994-12-06,5.6,11.4,1.5,88,99,70
1994-12-07,6.4,12.4,1.6,85,99,65
1994-12-08,6.4,11.0,1.5,88,96,75
1994-12-09,7.8,11.5,5.8,91,98,75
1994-12-10,7.2,11.3,3.9,91,99,76
1994-12-11,8.8,12.6,5.7,83,96,63
1994-12-12,8.4,15.2,3.3,71,86,52
1994-12-13,10.2,16.9,5.3,65,79,47
1994-12-14,8.4,14.7,4.2,72,86,52
1994-12-15,5.5,6.8,3.4,60,85,46
1994-12-16,2.7,6.3,-0.3,61,73,41
1994-12-17,1.9,6.0,-0.8,59,78,39
1994-12-18,3.2,7.8,0.4,60,75,39
1994-12-19,1.9,6.2,-0.6,70,88,49
1994-12-20,2.0,4.2,-0.4,88,94,81
1994-12-21,4.0,5.5,3.0,91,95,85
1994-12-22,4.7,7.4,2.7,91,97,84
1994-12-23,5.2,7.6,2.6,96,99,94
1994-12-24,8.6,10.2,7.3,96,97,94
1994-12-25,8.2,11.4,5.6,92,100,75
1994-12-26,8.7,10.9,7.3,94,97,91
1994-12-27,4.9,7.0,4.1,82,89,74
1994-12-28,5.4,10.0,1.7,70,80,56
1994-12-29,5.9,12.1,1.4,71,84,50
1994-12-30,6.3,12.4,1.7,79,92,65
1994-12-31,7.2,12.6,2.8,90,96,77
1995-01-01,10.1,15.7,5.3,92,99,80
1995-01-02,12.0,16.4,8.6,90,96,80
1995-01-03,6.6,9.2,4.4,86,94,77
1995-01-04,4.1,5.7,2.7,93,98,84
1995-01-05,3.3,4.6,1.7,86,93,76
1995-01-06,3.0,3.7,2.4,95,99,89
1995-01-07,4.6,8.6,2.0,88,96,73
1995-01-08,2.6,5.7,-0.5,84,92,71
1995-01-09,5.3,7.9,3.8,87,96,68
1995-01-10,3.4,7.0,0.2,86,97,66
1995-01-11,4.2,8.7,0.5,82,94,61
1995-01-12,3.5,6.9,0.6,80,96,64
1995-01-13,1.9,2.7,0.7,67,77,62
1995-01-14,0.1,1.4,-0.6,85,90,76
1995-01-15,-0.9,0.2,-2.3,79,90,65
1995-01-16,-1.5,1.9,-5.6,64,72,53
1995-01-17,0.4,4.8,-2.5,61,72,44
1995-01-18,0.4,3.0,-2.2,80,91,72
1995-01-19,1.5,3.3,-0.1,91,94,85
1995-01-20,2.2,4.2,1.4,96,99,89
1995-01-21,1.8,3.6,-0.0,92,98,83
1995-01-22,3.3,7.1,0.8,88,94,74
1995-01-23,2.9,8.3,-0.9,91,96,76
1995-01-24,3.5,10.0,-0.3,92,99,74
1995-01-25,5.4,10.8,-0.4,66,93,41
1995-01-26,6.1,13.0,1.0,77,88,54
1995-01-27,7.8,14.6,1.5,86,99,68
1995-01-28,5.5,8.8,2.5,60,75,44
1995-01-29,4.3,10.1,-0.1,76,87,59
1995-01-30,6.0,12.0,1.6,78,88,58
1995-01-31,8.1,14.1,2.8,84,92,66
1995-02-01,6.7,9.0,4.1,70,90,55
1995-02-02,6.1,10.8,1.8,75,90,58
1995-02-03,6.4,13.0,1.4,72,89,47
1995-02-04,5.1,6.2,4.1,79,88,73
1995-02-05,4.0,7.4,0.3,81,99,57
1995-02-06,5.7,9.3,3.5,55,65,39
1995-02-07,5.7,12.0,-0.2,70,83,55
1995-02-08,8.2,14.3,3.9,71,82,52
1995-02-09,8.2,14.7,3.2,77,87,54
1995-02-10,10.6,14.8,7.3,83,90,68
1995-02-11,8.1,13.3,2.3,84,96,63
1995-02-12,9.7,13.8,6.3,89,99,71
1995-02-13,9.0,14.7,5.1,86,100,60
1995-02-14,8.7,13.9,2.8,85,99,66
1995-02-15,9.3,11.6,7.3,86,96,69
1995-02-16,7.9,11.4,4.9,85,98,66
1995-02-17,8.9,11.8,6.6,84,95,69
1995-02-18,8.9,14.4,3.2,88,100,67
1995-02-19,8.8,13.8,4.9,87,99,66
1995-02-20,8.5,12.9,5.1,59,68,42
1995-02-21,9.7,17.2,4.3,66,85,49
1995-02-22,10.0,15.8,4.1,80,94,59
1995-02-23,9.7,15.2,4.1,86,100,64
1995-02-24,9.9,15.0,5.9,89,100,67
1995-02-25,10.1,14.9,5.2,86,100,66
1995-02-26,11.3,16.9,4.8,80,100,55
1995-02-27,12.7,19.5,7.0,80,96,55
1995-02-28,11.9,16.5,7.5,77,98,57
1995-03-01,10.5,13.6,6.2,82,100,69
1995-03-02,10.4,15.2,6.2,88,100,67
1995-03-03,11.4,14.6,9.0,87,94,70
1995-03-04,11.9,16.2,8.5,83,100,60
1995-03-05,11.5,16.9,6.4,82,98,53
1995-03-06,11.0,14.2,6.3,83,100,60
1995-03-07,11.3,15.4,6.3,73,97,39
1995-03-08,9.7,14.6,3.5,70,97,38
1995-03-09,10.3,14.4,6.7,65,82,44
1995-03-10,10.4,15.0,5.9,73,93,50
1995-03-11,9.6,12.3,7.4,83,94,66
1995-03-12,9.0,13.5,4.5,83,100,60
1995-03-13,6.9,9.1,4.0,78,91,66
1995-03-14,3.4,5.3,1.7,82,92,67
1995-03-15,5.1,7.6,2.9,84,92,71
1995-03-16,6.3,11.2,0.8,85,100,62
1995-03-17,9.0,14.2,4.2,80,98,56
1995-03-18,10.2,15.4,3.7,83,100,60
1995-03-19,11.2,17.5,4.9,81,100,53
1995-03-20,12.4,18.7,6.6,77,96,55
1995-03-21,10.0,13.6,7.3,58,86,31
1995-03-22,7.5,11.1,4.7,56,73,42
1995-03-23,6.8,11.1,3.1,64,81,42
1995-03-24,6.5,10.4,2.0,61,82,43
1995-03-25,8.6,14.2,4.8,60,82,42
1995-03-26,11.6,18.1,6.0,69,87,44
1995-03-27,13.5,18.3,9.5,65,78,46
1995-03-28,13.5,18.1,7.4,69,93,48
1995-03-29,8.9,13.2,3.5,62,90,35
1995-03-30,9.5,13.6,7.0,78,97,63
1995-03-31,6.6,9.4,3.6,65,98,44
1995-04-01,6.3,10.3,2.6,59,75,46
1995-04-02,8.0,13.7,1.5,55,71,40
1995-04-03,13.2,20.4,6.7,62,82,39
1995-04-04,15.3,22.7,8.9,56,69,35
1995-04-05,17.3,23.9,8.9,52,73,33
1995-04-06,14.5,20.1,8.9,75,93,51
1995-04-07,15.1,21.1,8.7,79,100,52
1995-04-08,14.3,19.4,9.7,84,99,63
1995-04-09,9.4,12.3,6.6,57,93,32
1995-04-10,8.7,12.8,5.3,45,62,26
1995-04-11,10.0,15.1,5.3,53,78,34
1995-04-12,9.5,11.7,6.4,71,88,53
1995-04-13,9.3,13.9,4.9,69,92,41
1995-04-14,10.5,15.3,3.8,70,100,39
1995-04-15,10.9,14.6,7.2,78,95,61
1995-04-16,10.0,11.9,6.9,86,100,69
1995-04-17,12.6,16.8,9.6,73,96,45
1995-04-18,12.8,18.1,7.9,51,70,30
1995-04-19,14.7,20.4,8.3,55,78,34
1995-04-20,15.0,21.2,8.8,69,91,44
1995-04-21,17.1,22.9,11.8,65,86,38
1995-04-22,18.3,24.6,12.6,59,78,36
1995-04-23,18.9,25.0,14.0,57,74,36
1995-04-24,16.4,19.8,13.0,75,94,58
1995-04-25,15.2,18.6,11.4,78,92,60
1995-04-26,15.9,19.1,12.4,70,95,44
1995-04-27,15.4,19.6,11.4,63,83,38
1995-04-28,15.9,21.6,9.4,62,86,37
1995-04-29,18.0,22.7,13.6,61,84,38
1995-04-30,17.2,21.9,13.0,71,89,49
1995-05-01,16.7,20.4,12.9,76,96,55
1995-05-02,16.9,21.3,13.7,72,88,49
1995-05-03,14.2,16.7,11.6,78,88,64
1995-05-04,11.9,14.4,10.1,77,90,60
1995-05-05,13.9,18.6,9.2,67,90,47
1995-05-06,13.8,17.9,9.0,75,90,59
1995-05-07,17.4,23.9,10.6,64,89,38
1995-05-08,20.2,26.9,14.6,56,71,32
1995-05-09,20.2,25.7,15.2,52,74,33
1995-05-10,21.3,26.9,14.9,54,77,31
1995-05-11,19.9,25.2,13.7,68,92,47
1995-05-12,20.3,25.3,16.0,68,92,40
1995-05-13,20.9,26.6,15.2,66,91,43
1995-05-14,18.5,21.3,13.9,53,82,32
1995-05-15,16.8,20.7,12.5,52,70,39
1995-05-16,15.6,19.3,10.5,57,82,40
1995-05-17,16.5,19.9,12.5,73,96,52
1995-05-18,17.1,21.6,12.8,73,94,50
1995-05-19,17.8,21.8,14.1,70,90,49
1995-05-20,19.3,23.8,14.6,71,97,47
1995-05-21,18.1,22.4,15.2,79,96,60
1995-05-22,18.2,22.9,14.1,80,98,56
1995-05-23,18.0,22.8,13.9,64,94,40
1995-05-24,19.4,25.1,13.0,62,84,40
1995-05-25,21.7,27.0,16.8,63,85,39
1995-05-26,22.4,27.3,17.3,63,83,41
1995-05-27,23.2,27.9,18.3,64,87,45
1995-05-28,24.5,29.5,20.1,62,84,41
1995-05-29,23.6,26.9,21.0,67,84,52
1995-05-30,23.6,27.8,19.6,67,85,46
1995-05-31,24.5,28.7,20.4,65,86,43
1995-06-01,24.6,28.7,21.0,64,84,42
1995-06-02,24.0,28.5,17.7,61,93,37
1995-06-03,24.0,29.0,18.5,43,61,25
1995-06-04,23.9,29.4,17.5,51,72,28
1995-06-05,23.8,27.6,19.0,63,81,45
1995-06-06,24.2,28.2,20.6,63,86,41
1995-06-07,24.0,28.8,20.4,62,83,39
1995-06-08,22.3,27.4,15.7,60,92,31
1995-06-09,22.1,25.7,17.6,68,87,53
1995-06-10,22.5,25.8,19.7,70,86,54
1995-06-11,22.7,26.7,19.0,73,94,53
1995-06-12,24.0,28.5,19.7,68,90,46
1995-06-13,25.3,29.7,20.6,60,80,40
1995-06-14,26.1,30.4,20.6,63,87,46
1995-06-15,27.0,30.8,22.5,62,82,49
1995-06-16,26.9,30.2,22.9,61,79,46
1995-06-17,26.3,30.2,22.3,63,82,45
1995-06-18,24.8,30.0,20.4,64,88,38
1995-06-19,25.1,29.6,19.3,60,89,35
1995-06-20,25.4,30.3,18.5,53,88,28
1995-06-21,25.9,31.4,20.2,53,79,30
1995-06-22,25.8,30.7,20.8,63,86,39
1995-06-23,26.7,30.9,22.7,61,81,41
1995-06-24,26.6,30.2,23.0,64,84,42
1995-06-25,27.6,33.0,23.1,60,86,34
1995-06-26,27.3,32.5,22.4,43,78,21
1995-06-27,26.5,31.4,21.0,43,69,26
1995-06-28,25.9,31.8,20.2,42,62,22
1995-06-29,26.7,31.4,22.1,48,65,31
1995-06-30,26.0,30.7,20.7,57,85,35
1995-07-01,26.4,30.4,21.8,57,84,35
1995-07-02,27.4,32.2,21.7,54,83,30
1995-07-03,26.9,30.8,22.3,60,80,44
1995-07-04,27.5,32.4,22.6,60,87,38
1995-07-05,28.8,34.6,23.1,57,86,30
1995-07-06,27.7,31.0,25.0,64,80,49
1995-07-07,24.6,28.8,21.0,70,87,50
1995-07-08,22.1,23.9,19.6,79,94,69
1995-07-09,23.6,29.7,17.6,61,94,33
1995-07-10,24.7,29.5,19.2,56,80,38
1995-07-11,25.7,31.1,19.8,56,77,35
1995-07-12,25.9,29.6,22.5,66,86,48
1995-07-13,26.7,31.0,23.1,65,89,42
1995-07-14,26.9,31.3,22.1,66,85,45
1995-07-15,27.3,31.9,23.2,65,86,43
1995-07-16,26.4,31.4,22.9,70,86,46
1995-07-17,26.0,30.3,22.7,73,90,53
1995-07-18,25.8,29.1,22.5,75,91,58
1995-07-19,24.9,28.9,21.1,72,93,49
1995-07-20,25.8,30.6,20.7,65,86,44
1995-07-21,26.2,30.2,22.6,66,85,48
1995-07-22,25.9,29.9,22.3,67,83,49
1995-07-23,25.9,29.2,23.5,67,85,52
1995-07-24,27.4,32.8,22.3,62,89,35
1995-07-25,27.6,31.9,23.9,62,81,43
1995-07-26,27.8,32.4,23.2,64,87,42
1995-07-27,27.2,30.8,24.4,70,86,50
1995-07-28,26.1,29.0,23.9,72,89,56
1995-07-29,26.0,29.5,22.6,64,85,47
1995-07-30,24.4,26.1,21.8,71,87,62
1995-07-31,24.3,27.5,21.2,70,86,54
1995-08-01,24.7,28.7,20.8,67,86,47
1995-08-02,25.6,29.8,21.4,66,87,46
1995-08-03,24.5,27.7,21.8,73,91,56
1995-08-04,25.2,30.5,19.0,56,83,31
1995-08-05,25.8,31.7,19.1,51,73,27
1995-08-06,26.5,31.3,19.9,53,83,31
1995-08-07,25.7,30.8,20.6,59,81,38
1995-08-08,26.0,30.5,21.8,69,92,43
1995-08-09,27.2,32.1,22.9,68,91,43
1995-08-10,26.8,30.4,24.1,70,90,48
1995-08-11,26.4,31.6,22.4,58,85,31
1995-08-12,25.7,30.4,20.5,55,83,29
1995-08-13,23.5,25.9,21.3,68,87,53
1995-08-14,23.9,27.4,20.8,65,82,49
1995-08-15,23.1,25.5,20.7,75,91,59
1995-08-16,22.4,24.8,20.8,75,86,62
1995-08-17,22.2,25.5,19.2,77,90,60
1995-08-18,23.0,25.9,19.6,75,92,64
1995-08-19,24.0,27.9,20.5,72,87,56
1995-08-20,24.4,28.2,20.9,71,89,51
1995-08-21,23.6,27.4,19.9,72,87,54
1995-08-22,23.8,28.3,19.1,72,95,50
1995-08-23,24.9,28.6,21.6,68,86,52
1995-08-24,24.1,27.4,20.7,74,88,57
1995-08-25,24.7,29.0,19.7,77,100,54
1995-08-26,25.3,30.0,21.0,73,89,50
1995-08-27,25.1,29.5,21.5,57,80,36
1995-08-28,24.2,27.9,20.0,62,83,44
1995-08-29,24.0,28.1,19.9,74,94,51
1995-08-30,20.1,24.5,15.2,49,67,29
1995-08-31,19.4,23.1,16.1,74,91,53
1995-09-01,19.4,23.8,14.8,63,92,38
1995-09-02,19.8,24.5,13.9,56,83,33
1995-09-03,20.8,25.4,15.9,57,80,37
1995-09-04,21.4,26.1,15.2,72,97,52
1995-09-05,22.4,27.0,17.8,76,93,54
1995-09-06,23.4,27.8,19.4,80,97,59
1995-09-07,22.7,27.1,17.4,65,95,40
1995-09-08,22.6,27.0,18.0,69,90,47
1995-09-09,23.4,28.9,18.2,71,98,41
1995-09-10,22.8,27.3,18.5,48,65,32
1995-09-11,21.7,26.6,16.4,53,75,36
1995-09-12,22.7,28.1,17.0,60,83,37
1995-09-13,23.2,27.9,18.2,69,88,48
1995-09-14,22.7,26.7,18.8,79,98,56
1995-09-15,22.8,27.9,18.9,69,96,33
1995-09-16,22.8,28.4,16.9,55,83,32
1995-09-17,23.5,28.5,18.6,55,75,34
1995-09-18,24.0,29.1,18.0,56,81,32
1995-09-19,20.4,21.6,18.8,72,81,62
1995-09-20,19.7,21.5,18.0,77,90,69
1995-09-21,19.7,21.8,18.0,89,98,77
1995-09-22,20.5,25.2,15.5,75,100,43
1995-09-23,19.1,22.3,16.2,59,78,42
1995-09-24,16.9,21.0,13.2,60,85,41
1995-09-25,16.9,19.6,14.1,79,94,62
1995-09-26,17.4,20.8,14.5,79,94,61
1995-09-27,18.9,23.2,14.9,73,90,51
1995-09-28,19.1,23.2,14.2,76,98,54
1995-09-29,17.5,20.0,13.8,76,88,57
1995-09-30,13.8,17.7,10.9,51,64,31
1995-10-01,13.9,18.4,9.9,59,76,42
1995-10-02,14.9,19.9,9.9,50,67,30
1995-10-03,16.0,21.8,10.7,65,83,44
1995-10-04,16.2,21.3,11.0,79,99,57
1995-10-05,16.3,20.2,12.1,84,100,66
1995-10-06,16.8,21.7,12.6,85,100,60
1995-10-07,17.3,20.4,15.2,84,97,66
1995-10-08,16.7,19.7,14.7,76,90,61
1995-10-09,17.0,21.7,12.3,71,100,41
1995-10-10,17.2,23.0,10.4,65,97,36
1995-10-11,17.6,22.3,13.4,69,87,47
1995-10-12,18.0,22.1,14.5,74,94,49
1995-10-13,18.1,23.7,11.1,69,100,39
1995-10-14,19.5,25.6,13.9,59,81,37
1995-10-15,19.5,25.8,14.0,63,84,36
1995-10-16,18.1,21.7,15.3,77,90,60
1995-10-17,17.5,20.6,14.4,76,95,56
1995-10-18,16.4,19.9,14.0,74,88,53
1995-10-19,16.3,21.0,11.0,76,100,46
1995-10-20,16.4,22.1,10.8,71,99,36
1995-10-21,16.9,22.8,11.5,65,82,38
1995-10-22,15.1,18.9,12.0,70,92,53
1995-10-23,12.4,13.7,10.3,88,92,80
1995-10-24,11.0,15.5,6.6,73,100,40
1995-10-25,12.6,16.1,8.7,60,87,38
1995-10-26,11.5,15.5,7.4,64,79,46
1995-10-27,11.7,15.5,8.3,70,88,49
1995-10-28,11.2,14.6,8.5,76,88,59
1995-10-29,12.6,17.6,7.5,75,97,50
1995-10-30,12.9,18.6,6.9,81,100,56
1995-10-31,13.2,18.7,8.6,84,100,60
1995-11-01,13.9,18.9,10.7,84,99,59
1995-11-02,13.1,17.1,9.1,88,100,70
1995-11-03,13.0,15.3,11.2,93,97,86
1995-11-04,11.7,15.2,9.6,68,85,46
1995-11-05,4.7,9.3,1.8,76,94,63
1995-11-06,2.5,6.6,-1.0,62,80,46
1995-11-07,4.1,8.4,0.5,58,69,42
1995-11-08,3.9,6.1,1.8,53,68,36
1995-11-09,2.5,6.3,-0.5,57,71,41
1995-11-10,2.7,8.0,-1.4,64,80,40
1995-11-11,5.3,11.5,0.1,67,85,45
1995-11-12,7.5,13.9,1.7,72,91,50
1995-11-13,10.1,16.6,5.6,74,88,56
1995-11-14,10.9,15.3,7.5,92,98,81
1995-11-15,11.2,14.6,9.0,96,99,90
1995-11-16,11.1,16.5,6.9,85,97,60
1995-11-17,11.8,17.4,6.5,84,93,68
1995-11-18,14.2,19.6,10.2,84,97,67
1995-11-19,5.4,12.3,2.2,51,81,35
1995-11-20,3.4,7.1,-0.5,57,73,43
1995-11-21,3.7,8.3,0.1,64,83,41
1995-11-22,3.6,7.5,0.7,57,73,39
1995-11-23,1.7,6.1,-1.4,62,78,37
1995-11-24,1.4,6.1,-1.5,61,78,33
1995-11-25,1.4,7.4,-2.2,73,87,50
1995-11-26,2.9,8.0,-0.5,78,92,59
1995-11-27,4.5,10.5,-0.2,88,96,73
1995-11-28,7.3,12.4,3.7,92,97,79
1995-11-29,9.6,14.1,6.2,89,98,74
1995-11-30,7.7,12.6,2.8,89,100,73
1995-12-01,9.3,10.0,8.6,94,96,92
1995-12-02,8.3,9.1,7.6,90,96,85
1995-12-03,8.5,9.7,7.7,91,95,84
1995-12-04,7.4,8.1,6.9,91,93,89
1995-12-05,8.1,11.8,4.9,86,94,69
1995-12-06,7.1,9.9,3.9,88,95,77
1995-12-07,7.4,8.2,6.4,88,92,79
1995-12-08,6.5,7.4,5.4,81,90,72
1995-12-09,5.8,6.7,5.0,76,86,68
1995-12-10,5.0,7.0,3.0,81,94,69
1995-12-11,3.2,7.0,-0.7,84,99,60
1995-12-12,3.2,7.5,-0.9,86,96,69
1995-12-13,5.4,8.1,3.0,83,93,67
1995-12-14,6.9,9.3,4.7,84,89,75
1995-12-15,6.8,11.2,2.8,87,98,71
1995-12-16,6.4,10.7,2.5,90,100,75
1995-12-17,6.3,8.2,4.8,81,87,73
1995-12-18,6.1,8.3,4.4,82,87,75
1995-12-19,6.2,8.4,4.1,91,95,85
1995-12-20,5.2,10.1,1.6,85,95,70
1995-12-21,5.8,11.8,0.1,80,97,64
1995-12-22,5.3,7.1,2.3,82,92,75
1995-12-23,7.3,11.1,5.1,85,95,76
1995-12-24,8.4,14.8,3.9,93,99,79
1995-12-25,11.0,17.4,6.4,91,100,74
1995-12-26,13.5,19.5,9.5,87,95,69
1995-12-27,13.8,17.2,11.9,88,96,76
1995-12-28,11.8,16.0,8.4,89,99,68
1995-12-29,9.4,11.2,7.8,93,97,84
1995-12-30,4.8,7.5,2.8,79,95,57
1995-12-31,5.3,6.9,2.8,85,90,82
1996-01-01,8.2,10.2,5.8,95,98,91
1996-01-02,8.8,12.3,5.8,88,97,73
1996-01-03,7.5,10.7,5.5,84,97,67
1996-01-04,4.9,7.5,2.4,66,74,54
1996-01-05,3.1,6.3,0.7,62,71,52
1996-01-06,2.1,6.2,-1.1,68,85,49
1996-01-07,3.0,6.5,0.2,86,94,76
1996-01-08,5.6,7.6,3.9,86,94,76
1996-01-09,5.6,8.7,2.4,84,96,67
1996-01-10,5.4,9.1,1.9,85,97,69
1996-01-11,5.3,9.0,2.1,86,99,68
1996-01-12,5.1,7.7,2.4,81,97,61
1996-01-13,4.2,8.1,0.6,79,94,62
1996-01-14,4.0,7.7,0.7,84,94,67
1996-01-15,3.4,4.2,2.6,90,95,81
1996-01-16,1.2,4.8,-2.1,69,93,43
1996-01-17,1.4,4.8,-0.8,58,68,44
1996-01-18,1.5,5.9,-2.5,61,74,46
1996-01-19,1.8,6.4,-1.2,71,87,47
1996-01-20,2.2,5.6,-1.0,85,92,74
1996-01-21,3.1,5.6,1.2,89,96,75
1996-01-22,2.7,4.0,1.8,92,95,87
1996-01-23,1.9,3.2,1.0,83,96,74
1996-01-24,2.2,4.0,0.6,84,90,79
1996-01-25,5.4,8.8,2.7,89,97,84
1996-01-26,8.0,10.7,6.0,96,99,92
1996-01-27,8.6,9.9,7.1,93,99,85
1996-01-28,7.4,10.3,3.8,94,100,81
1996-01-29,8.4,10.0,7.0,92,95,84
1996-01-30,6.9,8.3,5.0,92,93,91
1996-01-31,5.0,6.5,3.9,84,96,68
1996-02-01,2.6,5.8,-1.6,73,88,53
1996-02-02,2.5,6.7,-0.7,77,89,59
1996-02-03,2.7,8.6,-1.4,84,95,69
1996-02-04,4.4,11.2,-0.9,88,99,68
1996-02-05,6.2,9.9,3.7,93,99,80
1996-02-06,4.5,6.6,2.0,92,98,85
1996-02-07,4.5,6.5,3.1,89,96,77
1996-02-08,4.2,5.0,3.3,95,97,94
1996-02-09,3.2,4.7,1.2,76,95,57
1996-02-10,2.6,6.1,-1.2,63,72,53
1996-02-11,3.1,5.7,0.2,83,93,71
1996-02-12,4.2,6.6,2.3,84,91,75
1996-02-13,5.1,7.9,3.4,93,98,89
1996-02-14,8.1,13.2,5.0,90,98,70
1996-02-15,6.6,11.5,2.4,82,99,59
1996-02-16,5.9,7.7,4.4,87,95,74
1996-02-17,5.5,10.7,1.5,80,94,61
1996-02-18,5.1,6.7,3.7,87,93,72
1996-02-19,5.1,9.8,0.2,88,100,69
1996-02-20,9.1,13.6,4.4,81,96,60
1996-02-21,12.1,15.2,10.6,83,95,73
1996-02-22,9.7,12.2,6.9,90,98,79
1996-02-23,5.6,7.6,2.5,81,96,60
1996-02-24,4.4,9.1,0.1,64,81,52
1996-02-25,5.3,9.3,2.3,70,98,41
1996-02-26,5.1,9.8,0.2,61,88,40
1996-02-27,5.4,8.9,1.6,75,91,57
1996-02-28,4.8,7.0,2.6,74,89,59
1996-02-29,4.6,7.0,2.8,71,86,53
1996-03-01,4.8,9.2,-0.2,66,89,40
1996-03-02,4.2,9.8,-0.4,74,91,59
1996-03-03,1.8,5.9,-1.2,51,65,29
1996-03-04,2.4,6.1,-0.7,54,73,35
1996-03-05,3.2,7.0,-0.0,62,87,37
1996-03-06,3.1,8.5,-0.9,50,63,36
1996-03-07,3.7,7.1,0.6,67,81,53
1996-03-08,3.7,6.1,1.3,75,89,61
1996-03-09,4.5,7.1,2.6,71,82,59
1996-03-10,3.7,5.2,2.1,79,91,71
1996-03-11,3.2,6.1,0.9,70,83,57
1996-03-12,2.8,4.6,1.4,82,92,76
1996-03-13,6.3,10.6,3.1,85,93,70
1996-03-14,7.5,11.6,3.7,84,96,65
1996-03-15,8.0,9.9,6.4,83,93,68
1996-03-16,6.8,8.0,5.8,87,95,80
1996-03-17,7.4,10.4,5.2,84,96,67
1996-03-18,6.9,8.0,5.8,86,92,78
1996-03-19,6.1,7.5,4.8,80,87,73
1996-03-20,5.9,8.4,3.5,82,95,68
1996-03-21,6.4,9.1,4.0,86,97,74
1996-03-22,6.9,9.3,4.6,82,95,66
1996-03-23,6.6,10.5,2.9,81,96,63
1996-03-24,7.7,12.5,3.7,76,94,43
1996-03-25,8.3,13.7,3.9,82,96,61
1996-03-26,9.4,13.3,4.8,84,99,66
1996-03-27,7.9,8.6,6.7,86,94,78
1996-03-28,8.6,12.0,6.5,88,97,80
1996-03-29,9.8,15.1,4.8,84,100,58
1996-03-30,10.5,15.3,4.0,78,100,54
1996-03-31,9.2,11.6,6.8,93,99,83
1996-04-01,9.1,14.6,4.4,72,96,46
1996-04-02,9.7,14.5,4.3,77,95,56
1996-04-03,10.9,15.2,6.5,79,92,63
1996-04-04,10.8,14.7,6.2,86,93,75
1996-04-05,11.1,13.9,9.0,87,97,75
1996-04-06,12.3,17.4,7.5,77,96,47
1996-04-07,13.1,18.1,7.3,75,96,45
1996-04-08,11.9,15.1,9.8,81,93,64
1996-04-09,11.6,15.4,8.1,78,93,63
1996-04-10,11.8,15.1,9.2,80,94,60
1996-04-11,11.5,15.8,7.4,83,100,62
1996-04-12,11.4,15.2,7.2,84,99,68
1996-04-13,11.9,16.4,7.6,81,100,59
1996-04-14,12.2,16.6,7.0,81,99,62
1996-04-15,9.4,13.0,5.0,63,93,39
1996-04-16,8.2,12.4,2.3,55,78,37
1996-04-17,9.3,13.8,3.4,63,82,46
1996-04-18,10.0,14.7,4.4,69,87,47
1996-04-19,11.2,15.1,7.4,77,93,62
1996-04-20,13.1,19.0,5.9,70,89,48
1996-04-21,11.3,14.1,8.5,83,94,71
1996-04-22,12.7,18.1,7.2,77,100,50
1996-04-23,14.2,20.2,9.0,71,90,49
1996-04-24,14.5,18.7,10.4,69,90,46
1996-04-25,14.8,19.3,10.8,78,95,57
1996-04-26,15.5,20.6,9.7,75,100,52
1996-04-27,15.0,18.6,10.3,75,99,53
1996-04-28,15.4,19.6,10.9,73,96,51
1996-04-29,17.5,22.7,12.7,62,80,39
1996-04-30,17.3,21.4,12.1,68,88,47
1996-05-01,17.2,21.3,13.8,73,88,55
1996-05-02,18.6,23.1,14.1,71,91,49
1996-05-03,18.5,23.9,12.2,65,86,41
1996-05-04,20.2,24.2,16.2,63,77,45
1996-05-05,20.7,25.4,16.3,68,85,47
1996-05-06,20.1,24.1,15.7,71,87,50
1996-05-07,21.4,25.6,17.3,69,86,53
1996-05-08,21.7,26.0,16.5,72,93,54
1996-05-09,21.6,25.4,17.9,73,87,56
1996-05-10,21.5,25.6,18.1,73,91,53
1996-05-11,20.1,23.3,16.9,80,94,66
1996-05-12,19.9,24.3,15.0,76,97,52
1996-05-13,19.9,25.6,14.4,65,86,37
1996-05-14,17.9,21.2,13.9,74,94,57
1996-05-15,18.0,21.2,13.7,74,90,56
1996-05-16,20.4,25.1,14.6,70,92,48
1996-05-17,21.7,27.3,15.8,69,89,45
1996-05-18,21.7,27.0,16.1,79,100,57
1996-05-19,23.7,29.4,17.2,74,100,50
1996-05-20,24.4,29.4,20.4,70,92,44
1996-05-21,25.0,30.1,18.3,58,88,31
1996-05-22,22.8,26.3,17.9,68,83,55
1996-05-23,22.4,26.5,18.4,66,91,44
1996-05-24,21.4,26.3,17.1,59,85,32
1996-05-25,20.0,22.8,17.4,67,84,52
1996-05-26,20.0,24.3,15.2,70,88,57
1996-05-27,22.0,26.3,18.5,73,92,52
1996-05-28,21.2,24.8,16.7,75,96,51
1996-05-29,15.3,17.1,13.8,80,90,68
1996-05-30,18.3,24.3,12.5,64,78,48
1996-05-31,21.6,27.3,15.9,64,81,44
1996-06-01,22.5,27.0,17.9,69,88,49
1996-06-02,21.2,23.7,18.2,74,92,60
1996-06-03,20.9,24.6,17.7,70,88,54
1996-06-04,22.5,27.4,17.3,67,87,51
1996-06-05,23.8,29.0,19.2,71,86,53
1996-06-06,23.8,28.1,18.4,73,97,52
1996-06-07,24.1,27.7,19.8,71,88,56
1996-06-08,24.7,29.2,19.5,67,89,48
1996-06-09,26.5,31.6,20.9,58,84,37
1996-06-10,26.7,31.1,21.5,57,76,40
1996-06-11,26.3,29.9,21.0,63,82,50
1996-06-12,26.7,31.3,22.7,65,84,46
1996-06-13,26.6,31.3,21.9,65,85,46
1996-06-14,25.5,29.1,22.3,55,76,35
1996-06-15,20.3,23.0,18.2,51,68,44
1996-06-16,20.1,22.8,17.5,66,78,55
1996-06-17,20.7,24.6,17.8,68,82,52
1996-06-18,20.6,24.0,16.8,69,89,53
1996-06-19,22.3,26.3,17.7,62,85,41
1996-06-20,24.0,29.1,19.7,62,84,35
1996-06-21,24.9,30.1,20.5,63,84,39
1996-06-22,25.5,30.4,20.9,66,90,43
1996-06-23,26.2,31.8,20.8,62,84,36
1996-06-24,26.6,32.3,20.7,47,78,23
1996-06-25,27.0,31.0,22.1,55,80,40
1996-06-26,26.6,31.4,21.5,61,79,40
1996-06-27,25.0,28.7,20.8,46,71,29
1996-06-28,23.5,28.0,18.9,43,59,28
1996-06-29,23.9,30.0,17.4,47,71,24
1996-06-30,24.0,29.0,18.3,63,89,39
1996-07-01,25.8,31.4,20.2,56,81,31
1996-07-02,26.3,31.8,21.1,61,85,36
1996-07-03,27.6,33.0,22.1,55,87,28
1996-07-04,29.7,36.6,23.8,44,70,20
1996-07-05,28.0,31.8,24.4,63,78,47
1996-07-06,28.7,33.2,24.7,59,80,36
1996-07-07,29.0,34.1,24.3,59,81,35
1996-07-08,29.5,34.6,25.1,58,83,35
1996-07-09,30.2,35.8,24.2,48,81,21
1996-07-10,23.3,27.7,18.5,41,58,26
1996-07-11,23.0,28.0,17.6,35,48,20
1996-07-12,23.3,28.1,17.0,47,69,29
1996-07-13,25.5,30.8,19.2,48,79,24
1996-07-14,26.2,31.4,21.0,52,79,32
1996-07-15,26.7,32.8,21.8,58,80,33
1996-07-16,27.8,32.4,24.0,53,76,34
1996-07-17,26.9,31.6,22.7,48,70,22
1996-07-18,23.1,26.4,19.4,67,90,51
1996-07-19,23.9,28.5,19.6,65,86,41
1996-07-20,23.2,26.6,19.7,69,93,50
1996-07-21,22.4,25.4,19.9,69,83,55
1996-07-22,21.1,23.0,18.8,76,90,65
1996-07-23,22.9,27.1,19.0,63,81,41
1996-07-24,23.1,26.6,19.1,66,83,50
1996-07-25,24.2,29.2,18.9,66,89,47
1996-07-26,26.0,32.1,20.2,61,89,33
1996-07-27,26.5,31.8,20.4,54,83,30
1996-07-28,25.4,29.8,20.8,66,90,45
1996-07-29,26.6,31.3,22.3,59,81,41
1996-07-30,25.7,29.4,22.5,65,82,45
1996-07-31,25.6,29.4,22.7,65,79,49
1996-08-01,26.1,31.2,21.9,65,85,42
1996-08-02,27.7,33.3,21.2,57,86,32
1996-08-03,29.2,33.9,24.4,50,71,33
1996-08-04,28.9,33.3,25.0,52,76,32
1996-08-05,28.2,33.4,22.7,57,82,32
1996-08-06,27.9,33.3,22.8,57,82,34
1996-08-07,28.9,34.2,22.8,53,79,28
1996-08-08,28.7,33.1,24.9,58,76,36
1996-08-09,27.0,31.9,22.6,60,87,30
1996-08-10,22.6,25.5,19.6,69,91,53
1996-08-11,23.0,26.0,20.1,66,85,51
1996-08-12,23.6,27.2,19.7,66,88,47
1996-08-13,24.0,26.9,20.7,71,85,57
1996-08-14,24.6,28.6,20.4,74,96,54
1996-08-15,25.6,30.4,21.1,71,93,49
1996-08-16,26.3,30.6,21.7,68,93,46
1996-08-17,26.6,30.7,22.3,46,84,26
1996-08-18,25.7,30.4,20.7,44,63,26
1996-08-19,23.1,25.2,20.2,69,87,56
1996-08-20,23.8,28.1,18.4,59,86,35
1996-08-21,24.8,29.7,19.3,54,82,31
1996-08-22,24.5,30.1,18.7,54,76,31
1996-08-23,25.1,29.6,21.0,61,83,37
1996-08-24,25.6,30.4,19.3,55,84,33
1996-08-25,25.5,31.2,19.5,54,78,31
1996-08-26,25.9,31.6,20.9,65,94,36
1996-08-27,25.8,30.7,21.8,70,92,43
1996-08-28,25.0,28.0,22.5,74,87,61
1996-08-29,24.5,27.3,22.6,75,87,61
1996-08-30,23.5,26.2,21.3,78,93,62
1996-08-31,23.3,27.6,19.4,76,95,53
1996-09-01,22.3,25.9,19.4,82,95,65
1996-09-02,22.3,27.5,16.5,72,96,42
1996-09-03,22.8,25.1,20.3,75,87,64
1996-09-04,22.7,27.1,18.8,74,93,49
1996-09-05,21.4,25.2,17.8,70,95,44
1996-09-06,21.2,25.0,17.0,61,80,45
1996-09-07,17.6,21.4,13.8,52,65,33
1996-09-08,17.6,21.5,13.2,54,80,34
1996-09-09,18.3,23.4,14.2,54,70,35
1996-09-10,18.8,23.9,13.3,55,77,33
1996-09-11,19.6,24.7,13.5,55,77,31
1996-09-12,19.6,23.6,14.5,76,93,62
1996-09-13,22.4,28.0,17.7,77,94,56
1996-09-14,22.5,26.7,18.0,58,84,38
1996-09-15,18.7,22.8,15.0,51,67,34
1996-09-16,17.9,22.8,12.8,54,75,32
1996-09-17,18.3,23.0,12.5,54,77,33
1996-09-18,17.9,22.4,11.8,69,95,46
1996-09-19,18.0,19.5,16.8,83,91,75
1996-09-20,18.5,21.1,15.8,77,90,68
1996-09-21,19.1,23.8,14.0,82,100,58
1996-09-22,20.7,25.2,17.2,82,97,59
1996-09-23,20.8,24.9,17.2,84,96,66
1996-09-24,19.7,25.0,15.3,76,100,40
1996-09-25,19.5,24.4,14.9,64,82,41
1996-09-26,20.4,24.3,17.2,67,82,42
1996-09-27,17.1,19.3,14.1,80,94,67
1996-09-28,15.9,19.9,13.0,61,72,49
1996-09-29,15.1,18.1,13.0,66,76,53
1996-09-30,16.1,20.1,11.5,67,89,43
1996-10-01,16.2,19.8,12.9,68,86,47
1996-10-02,16.2,20.4,12.1,76,94,56
1996-10-03,17.3,22.5,11.9,78,98,55
1996-10-04,18.7,24.1,13.1,75,98,52
1996-10-05,17.8,19.8,16.3,76,92,59
1996-10-06,16.6,18.8,13.8,80,92,66
1996-10-07,17.4,20.2,15.2,83,93,66
1996-10-08,17.4,19.5,15.5,81,96,67
1996-10-09,16.2,17.9,14.4,76,90,60
1996-10-10,16.2,19.9,12.0,73,93,52
1996-10-11,16.1,18.5,13.6,74,89,60
1996-10-12,14.8,17.5,12.5,82,96,65
1996-10-13,14.9,18.9,11.2,82,99,56
1996-10-14,14.3,18.5,10.7,88,100,62
1996-10-15,15.2,19.1,11.5,85,100,63
1996-10-16,16.5,19.7,13.5,82,96,65
1996-10-17,17.1,20.8,14.6,86,94,72
1996-10-18,16.8,19.5,14.6,90,96,82
1996-10-19,15.3,19.7,11.3,79,100,49
1996-10-20,15.0,19.3,10.6,72,89,48
1996-10-21,14.2,17.9,10.6,66,80,48
1996-10-22,13.1,16.1,10.9,59,79,41
1996-10-23,11.4,16.1,6.5,65,82,45
1996-10-24,11.0,14.9,7.9,69,88,48
1996-10-25,10.6,14.9,7.4,63,78,42
1996-10-26,10.2,13.7,7.1,66,78,51
1996-10-27,9.2,14.2,3.9,74,92,47
1996-10-28,9.7,14.0,5.4,66,83,45
1996-10-29,11.9,16.7,7.6,67,83,49
1996-10-30,12.7,18.4,7.8,78,90,60
1996-10-31,11.9,15.1,9.3,70,89,51
1996-11-01,10.5,15.0,6.2,66,88,44
1996-11-02,10.9,17.3,5.7,70,96,42
1996-11-03,11.3,17.0,5.5,70,90,49
1996-11-04,13.1,19.2,8.1,72,87,53
1996-11-05,13.6,19.4,8.9,77,89,56
1996-11-06,13.1,20.1,7.9,82,100,56
1996-11-07,14.1,20.3,9.9,78,91,55
1996-11-08,13.0,19.4,7.5,80,100,55
1996-11-09,12.9,18.1,8.4,69,85,50
1996-11-10,12.2,15.3,9.3,78,93,62
1996-11-11,11.2,14.7,7.7,83,97,65
1996-11-12,10.9,15.7,6.9,88,100,70
1996-11-13,11.2,15.2,8.2,90,100,74
1996-11-14,10.9,15.2,7.9,88,100,70
1996-11-15,11.0,16.1,7.6,84,99,61
1996-11-16,11.0,16.2,6.9,82,99,58
1996-11-17,11.3,15.1,8.8,89,98,73
1996-11-18,11.9,14.4,9.5,88,99,76
1996-11-19,12.9,17.0,9.8,86,97,68
1996-11-20,13.0,16.6,9.8,78,96,57
1996-11-21,14.0,17.3,11.6,72,86,50
1996-11-22,11.0,15.0,7.1,66,83,47
1996-11-23,12.1,16.9,8.9,89,96,77
1996-11-24,13.2,17.8,9.3,89,100,71
1996-11-25,8.6,13.3,5.1,68,96,44
1996-11-26,7.0,11.1,3.0,70,86,54
1996-11-27,11.1,13.6,9.2,85,96,70
1996-11-28,8.2,12.1,3.9,72,84,57
1996-11-29,10.6,13.7,7.6,88,96,81
1996-11-30,11.2,12.7,9.9,97,98,94
1996-12-01,10.6,13.3,7.0,92,100,76
1996-12-02,10.4,13.6,7.5,90,97,79
1996-12-03,7.6,9.6,5.9,84,95,72
1996-12-04,7.1,10.6,5.0,73,80,62
1996-12-05,7.8,13.0,3.1,77,90,60
1996-12-06,7.1,12.2,3.1,85,99,64
1996-12-07,7.4,11.9,3.6,85,100,66
1996-12-08,6.9,11.4,3.6,89,100,70
1996-12-09,6.4,11.0,3.1,91,100,72
1996-12-10,6.6,8.9,4.4,93,99,80
1996-12-11,7.5,9.6,5.5,89,96,78
1996-12-12,8.6,12.1,5.1,81,96,63
1996-12-13,5.9,10.3,2.4,88,100,72
1996-12-14,7.3,12.4,3.6,92,99,78
1996-12-15,9.8,14.5,6.5,91,100,74
1996-12-16,8.6,13.9,5.6,79,94,54
1996-12-17,8.5,12.6,5.1,83,91,71
1996-12-18,8.9,11.9,7.0,93,99,83
1996-12-19,9.5,13.1,6.9,89,97,73
1996-12-20,7.8,11.6,4.7,93,100,79
1996-12-21,8.8,14.1,4.9,92,100,75
1996-12-22,9.3,14.6,5.4,86,99,65
1996-12-23,8.7,13.2,5.7,95,100,82
1996-12-24,10.6,17.1,5.7,90,100,70
1996-12-25,9.2,12.0,6.6,94,99,86
1996-12-26,4.8,8.9,-0.5,78,96,55
1996-12-27,-1.7,-0.7,-2.7,71,74,67
1996-12-28,-2.2,-0.3,-4.4,65,70,60
1996-12-29,0.9,3.3,-1.5,78,95,68
1996-12-30,4.1,6.8,2.4,96,97,92
1996-12-31,6.3,11.3,3.0,94,100,82
1997-01-01,6.3,10.7,4.0,94,100,79
1997-01-02,6.1,10.4,3.4,93,100,76
1997-01-03,6.9,10.8,4.5,93,98,84
1997-01-04,8.2,12.8,5.3,92,99,75
1997-01-05,9.5,14.4,5.4,90,99,73
1997-01-06,7.9,12.7,2.9,82,96,61
1997-01-07,6.8,10.2,4.1,86,96,69
1997-01-08,6.8,8.4,5.3,87,94,78
1997-01-09,4.9,8.9,0.1,82,94,65
1997-01-10,8.1,11.0,6.4,91,95,82
1997-01-11,9.3,12.9,6.6,93,98,83
1997-01-12,11.0,12.9,9.4,88,97,80
1997-01-13,8.0,9.8,6.2,84,94,68
1997-01-14,6.5,10.0,3.6,77,94,58
1997-01-15,5.3,10.8,0.3,73,87,55
1997-01-16,5.2,10.9,-0.5,78,97,54
1997-01-17,6.2,12.2,2.2,73,88,52
1997-01-18,4.2,9.8,-0.0,89,100,71
1997-01-19,4.4,10.9,-0.3,80,99,53
1997-01-20,5.6,12.1,0.0,78,95,58
1997-01-21,8.2,15.3,3.4,70,82,53
1997-01-22,6.9,8.1,5.7,89,96,83
1997-01-23,5.3,10.1,2.2,87,100,66
1997-01-24,5.9,12.9,-0.2,79,99,55
1997-01-25,7.8,14.5,3.5,70,92,49
1997-01-26,4.4,5.5,3.6,86,95,75
1997-01-27,3.6,5.6,2.1,75,84,66
1997-01-28,3.0,7.6,-1.2,83,99,65
1997-01-29,3.9,8.2,-0.2,63,83,47
1997-01-30,3.3,8.3,-0.1,64,75,47
1997-01-31,4.1,9.1,0.2,65,82,46
1997-02-01,5.2,10.1,0.7,60,79,45
1997-02-02,2.9,6.1,0.4,42,49,31
1997-02-03,1.5,5.1,-1.6,49,59,39
1997-02-04,1.5,5.8,-1.8,71,88,51
1997-02-05,2.2,7.5,-1.7,78,90,58
1997-02-06,4.0,10.4,-1.8,80,97,58
1997-02-07,4.9,9.3,1.9,70,93,42
1997-02-08,3.5,9.2,-0.8,77,99,49
1997-02-09,5.1,11.6,-1.1,67,91,43
1997-02-10,5.6,11.8,1.3,69,84,47
1997-02-11,6.2,12.3,1.7,73,86,53
1997-02-12,7.1,13.6,1.8,76,85,57
1997-02-13,8.8,14.9,4.8,73,87,52
1997-02-14,9.5,15.9,4.6,78,94,59
1997-02-15,8.3,14.6,3.0,72,88,51
1997-02-16,9.6,15.8,4.5,88,100,69
1997-02-17,5.8,8.7,4.1,67,83,56
1997-02-18,5.0,6.2,3.9,81,90,70
1997-02-19,4.7,7.0,2.4,85,95,73
1997-02-20,5.3,9.5,1.8,67,93,42
1997-02-21,6.4,11.8,2.2,53,68,33
1997-02-22,8.1,16.2,1.6,59,75,40
1997-02-23,10.3,16.9,4.6,68,84,45
1997-02-24,8.1,10.9,5.5,83,96,68
1997-02-25,8.8,13.1,4.7,79,95,60
1997-02-26,9.2,15.0,3.4,86,100,66
1997-02-27,10.9,17.6,5.7,82,95,61
1997-02-28,8.0,10.5,6.3,86,95,76
1997-03-01,7.0,11.6,1.1,71,96,42
1997-03-02,8.4,13.2,3.1,63,88,44
1997-03-03,9.8,16.7,3.8,67,86,45
1997-03-04,12.0,19.6,5.0,67,86,47
1997-03-05,11.5,16.1,6.5,67,92,41
1997-03-06,9.0,14.5,4.3,69,91,42
1997-03-07,9.0,14.0,3.7,80,100,50
1997-03-08,8.6,12.9,4.7,74,94,45
1997-03-09,6.8,11.9,1.7,77,100,43
1997-03-10,7.5,12.2,3.4,69,95,42
1997-03-11,6.0,12.6,1.2,78,100,46
1997-03-12,8.0,12.4,3.4,76,99,51
1997-03-13,9.3,15.0,3.4,75,98,48
1997-03-14,10.8,17.2,5.4,71,90,42
1997-03-15,11.7,17.2,5.5,70,90,42
1997-03-16,11.4,17.4,5.4,61,78,37
1997-03-17,12.4,17.8,7.5,65,81,49
1997-03-18,9.1,11.7,6.2,50,76,27
1997-03-19,7.2,10.7,3.6,74,88,62
1997-03-20,9.9,14.2,6.6,83,90,72
1997-03-21,7.4,11.2,4.1,65,79,45
1997-03-22,6.2,9.8,2.8,51,80,29
1997-03-23,5.3,9.5,0.6,51,73,33
1997-03-24,4.6,8.7,-0.4,53,76,36
1997-03-25,6.2,10.8,1.0,71,90,53
1997-03-26,8.2,14.2,2.3,72,100,38
1997-03-27,6.4,8.9,4.6,79,91,65
1997-03-28,10.5,17.8,4.1,69,94,43
1997-03-29,11.5,17.6,5.4,74,96,45
1997-03-30,8.2,10.6,6.1,82,95,61
1997-03-31,7.3,10.9,2.8,71,90,55
1997-04-01,8.1,12.5,4.8,75,88,56
1997-04-02,9.7,14.1,4.2,71,96,45
1997-04-03,9.3,12.9,5.2,77,93,61
1997-04-04,8.9,13.1,3.3,80,99,58
1997-04-05,8.7,11.6,5.0,52,76,30
1997-04-06,7.6,12.0,2.8,55,77,41
1997-04-07,6.9,9.3,4.6,43,77,25
1997-04-08,6.3,11.4,2.5,45,53,33
1997-04-09,7.2,12.8,2.3,43,62,26
1997-04-10,7.3,12.2,2.5,70,94,44
1997-04-11,10.2,16.3,3.6,73,96,50
1997-04-12,13.1,17.6,9.1,59,81,43
1997-04-13,5.9,8.8,3.8,83,95,64
1997-04-14,7.3,12.5,2.4,48,58,36
1997-04-15,8.7,14.9,1.9,58,75,38
1997-04-16,9.5,12.2,6.0,61,80,44
1997-04-17,7.0,11.6,1.6,58,75,41
1997-04-18,8.7,15.5,1.7,59,84,37
1997-04-19,10.5,14.4,5.5,72,94,52
1997-04-20,12.0,17.7,6.7,79,98,49
1997-04-21,12.6,17.5,6.9,83,98,64
1997-04-22,14.7,18.5,11.3,84,97,66
1997-04-23,15.3,20.2,11.2,69,96,36
1997-04-24,11.1,14.4,7.8,66,88,58
1997-04-25,10.4,13.2,7.7,81,95,63
1997-04-26,11.9,16.2,7.3,75,95,54
1997-04-27,13.6,18.7,9.1,73,94,51
1997-04-28,13.6,17.1,9.8,74,93,52
1997-04-29,11.9,13.2,10.4,83,91,72
1997-04-30,12.5,15.6,9.6,81,95,61
1997-05-01,12.6,15.0,10.3,89,98,75
1997-05-02,14.0,17.9,10.1,80,97,60
1997-05-03,16.2,22.3,8.9,67,92,38
1997-05-04,18.5,26.1,11.5,63,79,42
1997-05-05,20.1,26.1,14.3,64,78,43
1997-05-06,18.9,24.2,13.1,67,96,40
1997-05-07,19.1,23.7,14.5,63,82,43
1997-05-08,19.8,25.0,13.9,62,87,40
1997-05-09,19.0,23.3,14.0,54,79,30
1997-05-10,19.5,24.8,13.3,56,76,35
1997-05-11,20.7,25.5,15.9,63,85,40
1997-05-12,21.6,26.7,17.3,59,78,38
1997-05-13,22.6,27.6,17.8,59,77,36
1997-05-14,22.3,25.4,19.0,62,80,48
1997-05-15,22.4,26.7,18.8,62,79,43
1997-05-16,22.4,26.7,19.0,62,78,43
1997-05-17,22.4,26.9,17.9,63,84,42
1997-05-18,22.7,26.6,18.9,66,82,48
1997-05-19,23.3,27.6,19.0,62,84,42
1997-05-20,24.3,29.4,19.7,59,79,37
1997-05-21,25.7,31.5,20.8,57,77,33
1997-05-22,25.8,30.5,20.6,58,77,37
1997-05-23,23.0,27.2,19.6,51,81,26
1997-05-24,22.0,27.2,17.3,51,78,25
1997-05-25,21.8,26.2,17.4,57,80,38
1997-05-26,20.0,22.1,17.6,65,81,55
1997-05-27,17.9,23.1,13.7,59,80,31
1997-05-28,17.7,21.5,13.7,71,91,53
1997-05-29,17.3,21.8,12.3,51,82,29
1997-05-30,17.3,21.9,12.9,49,66,32
1997-05-31,16.6,20.6,13.1,46,77,28
1997-06-01,16.6,22.0,11.2,48,73,29
1997-06-02,18.5,23.8,13.7,63,85,40
1997-06-03,18.9,22.3,14.8,73,91,58
1997-06-04,21.2,26.5,15.6,70,98,43
1997-06-05,21.8,26.0,17.8,68,92,45
1997-06-06,19.3,20.9,17.0,81,92,70
1997-06-07,20.2,24.6,16.2,74,97,50
1997-06-08,21.6,26.3,16.6,65,88,44
1997-06-09,22.5,27.6,17.7,65,90,38
1997-06-10,24.3,29.4,17.5,57,85,33
1997-06-11,24.6,29.4,18.9,56,80,34
1997-06-12,25.3,31.2,19.2,51,82,22
1997-06-13,24.5,29.8,19.0,58,79,36
1997-06-14,25.4,30.6,20.1,59,83,37
1997-06-15,27.3,32.7,22.0,59,85,37
1997-06-16,26.8,31.3,22.3,52,76,36
1997-06-17,26.4,30.8,22.5,56,78,37
1997-06-18,27.9,34.0,22.5,56,76,36
1997-06-19,29.5,36.7,23.1,57,83,30
1997-06-20,28.2,32.9,23.5,61,83,39
1997-06-21,28.5,33.5,22.7,40,63,22
1997-06-22,27.7,33.0,22.2,52,74,30
1997-06-23,28.1,33.7,23.0,53,78,33
1997-06-24,29.0,34.9,22.7,47,75,24
1997-06-25,26.7,29.0,23.8,41,52,28
1997-06-26,24.6,28.8,20.6,48,75,30
1997-06-27,24.8,29.0,20.5,64,89,43
1997-06-28,26.7,32.3,21.2,55,84,29
1997-06-29,26.9,32.0,22.3,59,81,39
1997-06-30,27.6,32.4,22.5,58,84,37
1997-07-01,28.9,34.2,22.7,49,80,24
1997-07-02,28.2,33.3,22.3,42,64,22
1997-07-03,27.7,32.5,23.2,53,77,33
1997-07-04,28.9,34.6,22.7,50,80,28
1997-07-05,30.9,38.1,24.1,47,75,23
1997-07-06,32.0,38.3,24.5,42,79,19
1997-07-07,27.2,30.9,22.6,33,47,22
1997-07-08,25.7,30.1,20.4,41,68,21
1997-07-09,26.0,30.2,21.7,42,66,30
1997-07-10,27.2,31.8,21.6,42,63,26
1997-07-11,27.1,32.7,20.9,46,66,25
1997-07-12,25.7,29.7,21.5,62,85,43
1997-07-13,26.4,31.3,21.5,46,78,23
1997-07-14,26.7,32.0,20.3,38,61,23
1997-07-15,25.7,30.6,19.9,44,74,28
1997-07-16,22.8,26.9,19.4,64,89,38
1997-07-17,24.6,30.1,18.1,56,89,29
1997-07-18,25.0,29.4,19.7,62,90,41
1997-07-19,26.8,32.8,20.4,59,86,36
1997-07-20,27.0,32.1,20.0,44,74,24
1997-07-21,26.6,32.0,20.1,50,78,23
1997-07-22,27.6,33.3,22.0,46,82,19
1997-07-23,27.6,32.5,22.2,39,55,25
1997-07-24,28.2,34.4,21.4,41,62,23
1997-07-25,26.7,30.7,22.1,58,84,40
1997-07-26,25.7,30.3,21.2,60,89,40
1997-07-27,24.7,28.9,20.2,43,55,31
1997-07-28,26.7,32.5,21.2,45,62,30
1997-07-29,27.2,32.6,22.4,53,70,34
1997-07-30,24.9,29.7,20.7,72,93,50
1997-07-31,25.7,30.8,20.2,67,90,43
1997-08-01,25.5,28.4,22.1,72,88,55
1997-08-02,24.0,27.9,20.0,73,92,57
1997-08-03,22.2,27.3,17.5,52,68,36
1997-08-04,24.3,30.7,18.5,58,77,37
1997-08-05,26.1,31.9,20.0,57,77,34
1997-08-06,26.0,30.2,21.6,65,85,45
1997-08-07,26.8,31.1,23.2,65,86,44
1997-08-08,26.6,31.9,22.0,68,89,41
1997-08-09,26.1,30.3,23.1,70,88,48
1997-08-10,24.2,28.9,20.6,73,93,46
1997-08-11,23.5,28.2,19.3,69,95,43
1997-08-12,23.6,28.6,19.3,62,84,40
1997-08-13,23.7,28.7,18.5,66,89,40
1997-08-14,24.3,29.0,18.9,64,89,40
1997-08-15,24.3,27.9,21.6,71,83,52
1997-08-16,25.7,30.3,21.4,64,85,38
1997-08-17,26.4,31.6,20.8,59,81,33
1997-08-18,22.9,25.8,19.7,78,94,62
1997-08-19,22.7,26.1,19.3,75,95,58
1997-08-20,22.8,26.2,19.5,72,92,53
1997-08-21,22.8,24.9,20.1,63,75,53
1997-08-22,22.0,25.2,18.2,66,88,48
1997-08-23,22.6,26.1,19.3,61,82,41
1997-08-24,22.5,26.3,20.1,62,82,37
1997-08-25,22.5,27.0,17.9,65,92,38
1997-08-26,22.5,28.6,16.4,61,83,33
1997-08-27,24.7,30.9,18.7,61,86,31
1997-08-28,25.8,31.1,21.4,60,81,36
1997-08-29,26.5,31.3,22.3,64,83,42
1997-08-30,23.8,27.1,21.1,55,86,34
1997-08-31,21.4,24.5,17.6,49,61,38
1997-09-01,24.4,30.3,19.1,51,71,34
1997-09-02,23.5,27.3,19.8,65,83,50
1997-09-03,20.9,23.1,19.1,81,95,67
1997-09-04,21.0,23.6,19.1,68,85,51
1997-09-05,20.9,24.4,17.8,68,84,51
1997-09-06,20.4,24.2,16.9,71,86,52
1997-09-07,20.9,24.7,17.7,72,87,52
1997-09-08,22.2,27.6,17.3,74,98,50
1997-09-09,24.4,30.5,19.8,70,93,41
1997-09-10,25.4,32.8,19.8,59,91,25
1997-09-11,21.9,26.2,18.4,40,70,24
1997-09-12,19.8,24.4,15.6,72,91,48
1997-09-13,21.0,26.3,15.0,72,100,46
1997-09-14,22.7,28.3,16.7,70,98,43
1997-09-15,23.0,26.8,19.9,67,89,42
1997-09-16,18.0,20.5,16.9,73,77,65
1997-09-17,18.4,20.3,16.8,79,94,63
1997-09-18,19.7,23.8,16.8,69,87,45
1997-09-19,19.8,24.3,15.5,71,97,44
1997-09-20,21.0,27.1,14.6,61,99,24
1997-09-21,18.6,21.0,15.6,66,78,54
1997-09-22,17.8,19.2,16.4,64,78,54
1997-09-23,17.3,21.5,13.6,71,91,46
1997-09-24,17.7,22.2,13.2,72,95,46
1997-09-25,19.4,24.3,14.8,60,93,30
1997-09-26,16.5,20.4,13.3,63,81,42
1997-09-27,17.6,22.8,11.3,60,93,32
1997-09-28,18.8,23.7,13.7,49,72,30
1997-09-29,18.3,23.8,11.1,60,95,32
1997-09-30,18.5,23.9,13.2,72,99,38
1997-10-01,20.0,25.2,14.6,60,88,33
1997-10-02,18.7,23.2,14.5,66,83,48
1997-10-03,18.2,25.2,14.7,66,93,40
1997-10-04,15.2,19.4,10.9,53,73,34
1997-10-05,16.7,21.9,11.4,56,81,30
1997-10-06,18.5,25.2,12.7,60,84,29
1997-10-07,18.2,24.5,11.3,70,99,39
1997-10-08,18.9,25.5,12.7,71,98,43
1997-10-09,19.8,25.9,14.9,73,95,42
1997-10-10,19.4,26.0,13.7,78,100,49
1997-10-11,20.2,26.3,14.2,72,96,46
1997-10-12,20.1,24.2,15.3,72,92,50
1997-10-13,21.9,26.8,17.9,61,91,30
1997-10-14,16.7,19.1,14.5,81,97,55
1997-10-15,13.8,17.5,9.6,84,100,67
1997-10-16,11.1,15.6,7.3,60,75,38
1997-10-17,12.2,17.6,6.3,59,89,31
1997-10-18,12.7,16.7,9.2,66,84,42
1997-10-19,11.5,15.6,7.1,63,93,35
1997-10-20,11.4,15.6,5.6,61,95,34
1997-10-21,12.2,17.0,6.8,69,85,50
1997-10-22,11.3,14.2,7.9,86,97,69
1997-10-23,13.6,17.4,10.4,82,97,64
1997-10-24,13.8,16.3,11.0,91,98,79
1997-10-25,9.9,14.5,7.5,79,95,66
1997-10-26,9.4,13.3,6.1,53,66,36
1997-10-27,9.7,14.4,5.5,64,82,41
1997-10-28,9.2,12.2,5.3,82,87,73
1997-10-29,4.7,5.6,3.9,89,94,84
1997-10-30,5.5,8.0,4.0,85,95,70
1997-10-31,6.8,10.7,3.7,75,93,53
1997-11-01,7.8,12.1,4.1,71,87,51
1997-11-02,8.6,13.0,4.7,72,88,54
1997-11-03,8.5,13.9,3.5,75,98,50
1997-11-04,10.6,16.5,5.3,70,83,48
1997-11-05,9.9,11.9,8.0,72,83,59
1997-11-06,9.3,13.2,5.7,80,97,63
1997-11-07,10.2,14.6,6.6,87,98,72
1997-11-08,12.4,17.0,8.8,89,97,76
1997-11-09,15.2,19.0,12.6,90,100,68
1997-11-10,13.3,17.4,9.7,92,100,73
1997-11-11,13.8,18.2,10.7,89,100,71
1997-11-12,13.1,18.5,9.1,90,100,70
1997-11-13,14.3,17.1,11.6,91,98,80
1997-11-14,14.9,18.2,10.9,77,95,49
1997-11-15,11.3,12.7,10.0,89,92,82
1997-11-16,9.4,12.3,7.3,73,90,54
1997-11-17,8.2,11.2,5.8,72,82,57
1997-11-18,7.5,9.8,5.3,71,84,55
1997-11-19,6.8,10.6,2.8,75,99,52
1997-11-20,5.4,6.8,3.1,81,93,68
1997-11-21,8.2,10.7,6.8,88,94,80
1997-11-22,7.9,13.2,2.7,80,99,57
1997-11-23,10.3,12.7,8.4,83,93,71
1997-11-24,10.5,13.0,9.0,87,95,79
1997-11-25,11.5,14.1,8.9,88,94,76
1997-11-26,11.2,13.1,9.3,87,97,73
1997-11-27,11.4,14.2,8.2,84,98,71
1997-11-28,10.5,13.7,7.8,89,99,74
1997-11-29,11.6,13.6,9.7,88,97,75
1997-11-30,11.0,12.4,9.1,89,96,82
1997-12-01,11.1,12.0,10.0,96,99,92
1997-12-02,10.0,13.2,7.5,93,100,79
1997-12-03,9.8,13.6,5.9,91,100,75
1997-12-04,10.7,14.1,7.2,75,91,59
1997-12-05,8.2,12.3,4.7,73,84,58
1997-12-06,7.7,9.2,6.5,90,94,83
1997-12-07,5.4,6.3,5.0,90,93,81
1997-12-08,4.6,6.2,2.8,69,80,58
1997-12-09,4.0,8.3,-0.3,72,86,54
1997-12-10,4.3,8.5,0.5,80,96,59
1997-12-11,4.1,8.8,0.2,82,97,59
1997-12-12,5.0,9.9,0.1,83,97,67
1997-12-13,6.5,10.4,3.2,90,99,83
1997-12-14,5.3,7.6,2.4,87,92,78
1997-12-15,4.2,5.0,3.3,92,95,90
1997-12-16,4.5,7.1,3.3,91,97,81
1997-12-17,1.5,3.3,0.5,77,79,76
1997-12-18,1.0,2.2,-0.0,77,81,74
1997-12-19,1.4,3.7,-0.6,81,89,73
1997-12-20,3.9,7.5,1.2,88,95,79
1997-12-21,6.2,10.7,2.8,93,98,83
1997-12-22,7.5,11.2,4.8,91,100,72
1997-12-23,8.2,13.2,4.4,77,88,63
1997-12-24,6.5,11.9,1.5,81,93,61
1997-12-25,6.0,11.0,1.4,80,95,58
1997-12-26,6.3,12.0,0.5,82,98,67
1997-12-27,5.1,10.2,1.4,94,99,79
1997-12-28,8.2,11.5,5.6,95,100,88
1997-12-29,6.8,11.4,3.9,85,100,62
1997-12-30,5.5,10.4,0.3,70,87,50
1997-12-31,5.2,9.5,1.4,71,84,54
1998-01-01,5.3,11.0,1.1,76,88,57
1998-01-02,5.3,10.3,-0.1,83,98,69
1998-01-03,6.2,10.9,2.6,88,99,72
1998-01-04,5.4,10.2,1.2,91,100,76
1998-01-05,6.6,12.1,1.8,84,97,67
1998-01-06,6.4,12.2,2.0,92,100,76
1998-01-07,7.5,13.7,3.2,79,100,48
1998-01-08,6.7,12.4,1.3,71,86,50
1998-01-09,7.4,13.9,1.9,74,87,57
1998-01-10,8.1,13.9,3.2,68,80,54
1998-01-11,6.4,9.0,3.6,80,91,72
1998-01-12,5.7,12.2,0.7,86,100,63
1998-01-13,7.6,13.9,3.2,80,90,62
1998-01-14,6.1,12.9,0.8,85,100,61
1998-01-15,6.3,10.3,3.0,87,100,70
1998-01-16,6.5,10.7,2.8,83,99,66
1998-01-17,6.4,11.3,2.4,90,99,74
1998-01-18,7.3,10.6,4.4,91,99,78
1998-01-19,8.0,10.5,5.6,89,97,78
1998-01-20,8.9,10.7,7.4,92,95,89
1998-01-21,6.9,10.7,3.0,95,100,84
1998-01-22,6.2,9.1,3.2,93,99,87
1998-01-23,4.9,5.6,3.9,90,92,87
1998-01-24,4.1,5.6,3.0,79,91,72
1998-01-25,4.2,5.7,3.1,83,92,73
1998-01-26,3.5,4.5,2.4,81,92,71
1998-01-27,2.5,5.2,0.4,74,89,54
1998-01-28,3.2,6.1,0.5,73,84,61
1998-01-29,3.6,7.6,-0.4,74,91,53
1998-01-30,2.6,6.2,0.0,64,82,44
1998-01-31,2.2,6.7,-1.3,83,96,63
1998-02-01,3.2,6.7,-0.7,90,97,77
1998-02-02,4.3,5.8,3.3,91,97,81
1998-02-03,5.6,9.2,2.8,90,98,80
1998-02-04,5.0,6.9,2.0,96,99,93
1998-02-05,6.9,8.3,5.7,90,96,77
1998-02-06,3.5,5.0,2.0,77,93,71
1998-02-07,4.4,9.3,-1.2,74,95,50
1998-02-08,3.8,9.0,-1.5,71,94,49
1998-02-09,3.7,8.7,-0.9,70,94,49
1998-02-10,4.1,9.7,-0.9,71,89,52
1998-02-11,6.7,13.9,1.3,64,76,48
1998-02-12,9.0,17.2,3.6,61,73,46
1998-02-13,11.8,18.8,6.5,57,69,42
1998-02-14,11.7,15.6,7.9,67,78,58
1998-02-15,11.0,17.1,6.5,72,88,50
1998-02-16,11.9,18.8,6.0,73,87,51
1998-02-17,11.5,18.0,5.1,75,98,51
1998-02-18,8.7,12.0,4.9,63,86,51
1998-02-19,6.4,11.1,2.0,70,92,44
1998-02-20,9.3,16.0,4.5,71,87,48
1998-02-21,10.4,16.4,5.6,75,89,52
1998-02-22,11.2,17.4,6.3,76,89,53
1998-02-23,11.3,16.8,6.9,78,90,57
1998-02-24,11.0,16.6,4.9,83,100,59
1998-02-25,11.2,16.9,5.2,77,96,51
1998-02-26,9.2,11.4,7.4,87,96,78
1998-02-27,10.1,13.5,7.1,79,97,60
1998-02-28,10.5,15.3,6.6,80,91,59
1998-03-01,11.2,17.0,6.6,78,92,54
1998-03-02,11.2,16.1,6.1,67,88,43
1998-03-03,9.9,13.7,6.6,80,94,61
1998-03-04,11.3,17.3,6.0,80,98,50
1998-03-05,12.8,18.4,8.6,72,88,50
1998-03-06,11.4,14.3,7.4,57,84,34
1998-03-07,9.4,14.6,5.1,54,74,35
1998-03-08,11.0,16.9,6.2,68,83,50
1998-03-09,11.3,16.6,6.6,81,95,58
1998-03-10,7.2,9.4,3.3,68,98,49
1998-03-11,3.2,6.3,0.8,62,75,47
1998-03-12,4.2,8.8,-0.1,53,66,36
1998-03-13,6.6,11.1,2.3,70,87,53
1998-03-14,7.7,12.4,1.9,81,100,60
1998-03-15,8.3,12.6,2.4,61,93,33
1998-03-16,5.7,9.4,2.0,47,61,31
1998-03-17,4.9,9.1,0.7,45,63,27
1998-03-18,5.1,9.1,0.5,53,76,34
1998-03-19,7.2,14.1,1.4,56,73,36
1998-03-20,7.8,10.9,5.0,60,80,38
1998-03-21,5.1,9.8,0.7,57,75,40
1998-03-22,4.0,7.8,1.2,50,72,27
1998-03-23,5.1,9.1,1.7,49,62,34
1998-03-24,5.1,10.0,-0.6,59,80,36
1998-03-25,5.1,8.3,1.6,77,90,57
1998-03-26,4.1,5.2,3.1,83,94,66
1998-03-27,5.1,9.5,2.6,70,92,51
1998-03-28,6.9,11.9,2.6,59,80,44
1998-03-29,8.7,15.2,3.2,63,86,31
1998-03-30,7.6,12.8,2.2,78,100,49
1998-03-31,8.2,12.9,2.6,80,100,56
1998-04-01,10.1,15.6,4.9,75,96,49
1998-04-02,11.3,16.8,5.9,74,89,56
1998-04-03,14.3,20.5,9.8,66,84,40
1998-04-04,15.4,21.3,10.9,65,80,45
1998-04-05,15.4,22.7,8.3,74,97,50
1998-04-06,15.3,21.7,9.5,80,98,57
1998-04-07,14.8,19.8,10.4,83,97,63
1998-04-08,15.7,21.7,9.7,76,100,51
1998-04-09,17.2,23.1,11.1,72,93,50
1998-04-10,20.0,26.7,13.9,63,83,38
1998-04-11,18.3,22.1,15.1,77,92,60
1998-04-12,16.9,22.8,11.1,77,99,51
1998-04-13,16.2,20.2,12.2,53,84,27
1998-04-14,15.1,18.7,11.2,52,71,36
1998-04-15,15.4,20.9,9.5,55,80,30
1998-04-16,14.7,19.2,10.3,63,81,43
1998-04-17,16.3,20.6,12.4,59,77,40
1998-04-18,17.0,21.5,12.4,64,81,45
1998-04-19,15.3,19.9,10.1,50,79,24
1998-04-20,14.2,19.8,7.7,53,79,32
1998-04-21,15.0,21.4,8.8,52,78,24
1998-04-22,15.7,20.9,10.7,51,77,29
1998-04-23,14.8,19.4,10.6,68,91,42
1998-04-24,12.9,14.8,10.9,77,92,62
1998-04-25,13.6,18.5,10.4,74,91,48
1998-04-26,13.8,18.9,9.2,78,97,49
1998-04-27,15.3,20.8,8.9,67,97,35
1998-04-28,15.6,20.7,11.0,62,85,40
1998-04-29,14.8,18.5,12.0,79,92,55
1998-04-30,15.0,20.2,10.6,73,99,38
1998-05-01,16.7,21.7,12.1,65,86,43
1998-05-02,18.0,23.0,13.5,66,90,40
1998-05-03,19.1,24.4,15.0,65,83,43
1998-05-04,18.9,24.4,14.0,69,92,47
1998-05-05,18.8,23.0,15.1,61,82,39
1998-05-06,17.8,22.4,12.8,66,91,43
1998-05-07,16.7,19.4,13.4,77,89,68
1998-05-08,18.5,22.6,13.3,71,93,50
1998-05-09,18.7,23.8,13.4,64,88,38
1998-05-10,15.9,17.7,14.6,86,91,71
1998-05-11,17.1,19.7,14.9,83,92,70
1998-05-12,18.9,23.5,14.7,70,89,46
1998-05-13,20.7,26.7,16.0,60,86,28
1998-05-14,20.3,25.4,16.0,62,82,41
1998-05-15,16.5,18.4,14.3,77,86,69
1998-05-16,16.4,19.2,14.4,78,89,63
1998-05-17,17.5,21.9,14.4,70,93,42
1998-05-18,15.9,19.7,12.5,78,96,57
1998-05-19,15.0,17.5,13.0,84,93,75
1998-05-20,17.6,22.6,12.9,65,82,42
1998-05-21,18.8,23.9,13.6,63,78,46
1998-05-22,19.7,25.1,14.1,67,86,44
1998-05-23,19.3,23.9,15.2,63,83,40
1998-05-24,18.1,21.4,15.5,79,94,61
1998-05-25,18.2,21.2,15.0,81,98,63
1998-05-26,19.0,24.0,15.0,81,95,62
1998-05-27,19.9,25.1,14.0,75,99,49
1998-05-28,21.3,25.6,16.8,69,92,45
1998-05-29,20.7,23.9,17.7,78,91,59
1998-05-30,20.7,25.0,16.2,71,96,46
1998-05-31,22.2,26.7,18.4,66,84,50
1998-06-01,23.1,27.9,17.8,68,92,42
1998-06-02,24.2,28.8,19.5,64,87,36
1998-06-03,24.4,29.7,20.1,64,89,32
1998-06-04,23.7,27.9,20.0,67,89,45
1998-06-05,24.7,29.3,20.4,63,83,43
1998-06-06,25.1,28.9,21.5,64,81,45
1998-06-07,25.3,30.1,21.7,65,82,43
1998-06-08,25.0,29.3,21.2,72,95,52
1998-06-09,24.5,28.3,21.2,73,90,57
1998-06-10,23.8,27.5,20.6,75,94,56
1998-06-11,24.1,28.1,19.4,74,99,56
1998-06-12,25.4,29.6,20.3,68,98,43
1998-06-13,24.3,27.6,20.2,58,93,31
1998-06-14,22.0,25.5,17.8,45,64,31
1998-06-15,21.9,27.3,15.1,47,78,25
1998-06-16,24.6,29.6,19.2,48,71,31
1998-06-17,26.0,31.3,20.9,51,73,31
1998-06-18,25.0,28.5,21.2,49,80,28
1998-06-19,22.6,27.0,18.0,37,54,23
1998-06-20,22.0,26.5,17.0,37,54,25
1998-06-21,23.4,28.5,17.7,43,58,31
1998-06-22,25.4,32.3,18.1,50,78,27
1998-06-23,27.9,34.5,20.5,49,78,27
1998-06-24,26.7,31.6,20.7,57,84,38
1998-06-25,26.4,32.1,20.5,61,91,34
1998-06-26,26.8,31.6,21.5,59,86,35
1998-06-27,25.3,29.0,21.5,70,91,50
1998-06-28,26.1,30.9,21.3,64,91,42
1998-06-29,28.4,33.9,23.2,56,77,37
1998-06-30,28.9,34.6,24.5,60,83,32
1998-07-01,29.0,34.4,23.3,60,86,39
1998-07-02,30.1,36.4,23.9,60,88,34
1998-07-03,31.8,40.2,25.0,49,75,16
1998-07-04,29.6,36.0,24.3,48,78,21
1998-07-05,24.8,29.3,20.6,40,56,25
1998-07-06,24.9,29.7,20.0,36,52,23
1998-07-07,25.4,31.1,19.2,45,68,27
1998-07-08,27.1,33.8,19.8,53,89,24
1998-07-09,22.4,26.8,18.4,40,58,21
1998-07-10,22.0,28.6,16.1,37,53,21
1998-07-11,25.0,30.9,18.6,43,64,24
1998-07-12,26.1,32.2,19.8,52,80,26
1998-07-13,27.7,34.1,21.2,49,78,28
1998-07-14,28.2,33.4,22.9,50,75,28
1998-07-15,28.5,33.9,23.2,54,81,32
1998-07-16,26.2,28.9,23.3,53,79,35
1998-07-17,26.0,31.5,20.2,36,56,21
1998-07-18,26.9,32.9,20.5,37,60,21
1998-07-19,26.5,31.3,20.9,57,89,35
1998-07-20,27.4,33.1,22.7,55,82,31
1998-07-21,27.6,32.5,23.1,51,76,32
1998-07-22,29.1,35.0,23.2,44,73,22
1998-07-23,30.3,35.9,24.0,40,69,19
1998-07-24,30.9,36.6,25.7,40,63,21
1998-07-25,30.7,35.9,26.1,43,63,24
1998-07-26,30.7,36.5,25.2,46,73,24
1998-07-27,30.9,36.4,25.2,46,76,25
1998-07-28,29.9,34.5,25.1,49,70,34
1998-07-29,29.6,33.8,25.9,52,73,34
1998-07-30,28.8,33.4,24.7,54,68,37
1998-07-31,29.2,33.5,25.9,61,79,43
1998-08-01,30.1,34.8,25.5,56,80,37
1998-08-02,31.4,37.0,26.1,50,77,28
1998-08-03,32.6,38.9,25.8,42,72,20
1998-08-04,33.2,39.4,26.6,38,64,20
1998-08-05,32.3,38.7,27.2,41,62,21
1998-08-06,31.8,38.5,24.8,44,72,18
1998-08-07,29.5,32.0,26.8,57,70,49
1998-08-08,28.2,31.7,24.4,60,79,45
1998-08-09,27.4,30.9,23.9,65,82,50
1998-08-10,29.9,35.9,24.5,54,83,25
1998-08-11,28.1,31.1,24.5,60,80,48
1998-08-12,27.6,31.5,24.6,60,78,44
1998-08-13,26.2,30.1,22.5,59,78,42
1998-08-14,25.7,29.3,21.5,60,80,45
1998-08-15,26.8,32.6,20.8,62,91,36
1998-08-16,28.8,36.0,21.9,56,88,26
1998-08-17,26.7,30.3,22.9,63,83,44
1998-08-18,25.0,28.6,22.4,69,86,51
1998-08-19,25.5,29.4,22.0,69,87,49
1998-08-20,25.9,31.0,22.1,70,87,43
1998-08-21,26.0,29.8,23.4,68,85,46
1998-08-22,26.7,32.6,20.1,61,92,32
1998-08-23,28.0,33.2,22.9,58,82,33
1998-08-24,26.1,29.8,22.3,68,87,49
1998-08-25,27.7,33.6,21.7,63,91,37
1998-08-26,25.9,29.1,23.4,51,71,41
1998-08-27,25.2,28.2,21.8,67,84,55
1998-08-28,25.8,29.8,22.0,67,90,47
1998-08-29,25.6,30.4,21.2,66,90,45
1998-08-30,23.3,27.9,18.2,48,67,28
1998-08-31,22.1,24.8,18.3,68,86,55
1998-09-01,23.3,29.2,17.4,59,97,21
1998-09-02,23.0,28.2,17.7,55,77,29
1998-09-03,22.6,27.2,18.0,66,89,45
1998-09-04,23.1,27.4,18.8,67,91,46
1998-09-05,23.0,26.1,20.1,70,89,52
1998-09-06,22.1,24.9,20.1,64,75,49
1998-09-07,22.3,25.4,19.9,71,87,54
1998-09-08,22.1,25.0,18.7,73,92,56
1998-09-09,22.4,26.4,19.0,73,91,49
1998-09-10,22.9,27.4,18.8,73,97,50
1998-09-11,23.9,28.3,20.9,68,84,47
1998-09-12,23.4,27.4,20.5,69,84,49
1998-09-13,22.2,26.5,19.4,70,87,39
1998-09-14,22.9,26.8,18.2,69,89,49
1998-09-15,21.7,25.0,19.1,66,87,38
1998-09-16,19.7,24.5,14.5,54,78,32
1998-09-17,20.5,24.3,15.5,63,88,44
1998-09-18,20.2,24.8,15.6,72,91,49
1998-09-19,16.9,19.2,14.7,74,91,56
1998-09-20,17.8,22.3,14.2,63,77,45
1998-09-21,16.9,20.0,13.8,69,81,54
1998-09-22,18.4,23.3,14.5,65,86,41
1998-09-23,18.6,23.6,14.5,60,76,40
1998-09-24,18.7,23.8,13.8,67,87,45
1998-09-25,19.0,23.2,14.6,75,97,52
1998-09-26,19.0,22.0,15.5,78,99,60
1998-09-27,20.1,25.3,14.4,76,98,55
1998-09-28,20.6,25.2,16.5,81,98,56
1998-09-29,20.0,24.2,17.3,77,95,55
1998-09-30,20.0,25.5,14.4,64,90,37
1998-10-01,20.8,25.4,16.2,62,81,40
1998-10-02,20.4,25.7,15.9,76,91,53
1998-10-03,20.5,24.7,17.7,84,96,63
1998-10-04,19.4,23.4,15.6,70,97,41
1998-10-05,19.1,23.4,14.6,69,85,50
1998-10-06,19.3,24.3,14.2,80,99,56
1998-10-07,19.5,24.0,15.6,84,100,58
1998-10-08,19.2,22.3,16.0,78,94,57
1998-10-09,19.5,23.2,16.9,76,88,57
1998-10-10,20.7,26.5,14.4,74,99,50
1998-10-11,22.3,28.0,18.5,68,87,43
1998-10-12,21.1,25.1,18.1,82,97,59
1998-10-13,18.2,22.1,12.4,82,97,62
1998-10-14,12.7,15.4,11.0,70,83,57
1998-10-15,12.2,15.6,9.5,77,88,65
1998-10-16,14.4,20.9,8.7,69,84,46
1998-10-17,15.1,20.4,9.6,78,99,55
1998-10-18,15.3,19.2,10.9,86,100,70
1998-10-19,16.0,21.3,11.3,85,100,62
1998-10-20,16.6,21.5,12.5,86,100,63
1998-10-21,16.7,19.7,14.0,78,99,52
1998-10-22,16.4,18.4,14.7,73,86,63
1998-10-23,15.0,18.9,11.3,82,100,61
1998-10-24,15.2,18.4,11.6,80,100,57
1998-10-25,14.9,18.3,11.2,82,97,63
1998-10-26,16.0,19.0,13.9,90,95,77
1998-10-27,12.4,14.7,10.4,67,90,45
1998-10-28,11.7,16.7,7.4,56,76,35
1998-10-29,13.4,19.3,9.2,66,82,40
1998-10-30,14.2,20.9,9.5,70,87,45
1998-10-31,13.3,16.6,10.2,78,93,56
1998-11-01,12.6,16.5,8.8,82,94,66
1998-11-02,14.8,19.9,10.4,80,99,54
1998-11-03,14.6,20.1,10.4,84,95,65
1998-11-04,15.6,20.3,12.4,88,100,67
1998-11-05,16.9,22.0,11.2,76,97,50
1998-11-06,17.0,21.1,13.3,76,91,61
1998-11-07,14.8,18.0,11.2,87,97,72
1998-11-08,9.8,11.5,8.4,81,88,71
1998-11-09,10.5,13.8,6.9,71,90,48
1998-11-10,10.3,14.6,5.6,70,94,44
1998-11-11,11.4,14.5,8.7,81,93,65
1998-11-12,11.7,13.5,9.5,91,99,85
1998-11-13,10.4,14.6,7.4,87,99,65
1998-11-14,11.2,14.3,8.7,83,94,64
1998-11-15,12.1,15.1,9.7,87,96,73
1998-11-16,10.0,14.0,5.9,73,100,45
1998-11-17,8.0,10.4,5.1,79,95,66
1998-11-18,5.1,8.7,2.2,61,75,42
1998-11-19,4.4,9.1,-0.0,68,89,47
1998-11-20,4.0,5.9,2.8,94,98,90
1998-11-21,4.1,6.6,2.3,72,92,59
1998-11-22,6.0,8.3,3.9,77,95,67
1998-11-23,8.5,9.9,7.0,88,95,84
1998-11-24,8.6,10.4,7.1,91,97,83
1998-11-25,8.8,11.9,6.1,91,98,80
1998-11-26,9.5,12.3,7.5,92,97,81
1998-11-27,9.0,12.0,6.2,90,98,76
1998-11-28,8.9,9.5,7.8,90,97,86
1998-11-29,7.0,7.8,6.2,91,94,87
1998-11-30,8.6,10.5,7.3,87,97,74
1998-12-01,7.8,8.8,6.8,83,87,76
1998-12-02,7.3,9.1,5.6,82,90,71
1998-12-03,6.7,7.6,5.9,79,81,77
1998-12-04,7.5,8.5,6.3,88,97,81
1998-12-05,10.4,15.2,7.3,90,99,73
1998-12-06,9.5,14.0,6.7,86,96,68
1998-12-07,6.3,9.1,4.1,70,86,50
1998-12-08,3.4,5.0,2.1,77,95,59
1998-12-09,0.8,3.1,-0.7,52,63,38
1998-12-10,0.9,5.2,-1.8,57,72,44
1998-12-11,2.6,7.2,-0.2,74,88,58
1998-12-12,3.9,8.1,-0.0,85,93,73
1998-12-13,5.3,10.2,1.9,83,97,61
1998-12-14,4.2,6.8,0.8,85,90,76
1998-12-15,5.2,8.9,2.4,71,83,55
1998-12-16,4.6,8.2,2.4,70,78,59
1998-12-17,5.0,9.1,1.4,68,80,52
1998-12-18,3.7,7.7,0.3,76,86,59
1998-12-19,3.2,8.1,-0.2,75,88,56
1998-12-20,3.4,8.9,0.1,73,84,52
1998-12-21,4.2,10.2,-0.4,84,92,66
1998-12-22,5.1,7.7,2.6,87,94,78
1998-12-23,1.2,2.2,0.5,85,90,83
1998-12-24,-0.9,1.3,-4.9,75,89,61
1998-12-25,-1.3,2.7,-4.4,69,74,62
1998-12-26,-0.8,2.7,-4.4,77,84,68
1998-12-27,-1.1,3.1,-5.0,80,92,65
1998-12-28,-2.0,4.4,-7.7,81,96,56
1998-12-29,0.1,7.1,-4.5,72,88,47
1998-12-30,0.1,7.3,-4.0,76,89,49
1998-12-31,1.0,6.6,-2.2,81,93,58
1999-01-01,1.4,5.5,-0.9,89,97,70
1999-01-02,2.9,7.4,-0.6,84,92,70
1999-01-03,5.5,7.9,2.9,93,95,91
1999-01-04,6.9,9.6,5.2,87,94,78
1999-01-05,6.0,9.8,3.7,75,85,65
1999-01-06,4.9,10.8,-0.5,80,92,61
1999-01-07,5.4,12.2,1.4,78,88,60
1999-01-08,6.0,12.9,1.9,79,87,57
1999-01-09,5.2,11.1,0.8,82,94,62
1999-01-10,7.2,13.3,2.2,80,95,63
1999-01-11,7.9,11.7,3.4,94,98,90
1999-01-12,9.7,12.9,7.6,94,99,81
1999-01-13,7.1,11.4,4.1,90,100,68
1999-01-14,7.7,11.4,5.6,86,98,71
1999-01-15,6.0,11.2,2.1,74,90,56
1999-01-16,4.9,10.5,-0.2,67,84,47
1999-01-17,5.2,11.1,1.4,68,83,46
1999-01-18,4.9,9.9,0.7,83,94,69
1999-01-19,5.1,9.4,2.0,88,99,69
1999-01-20,3.9,8.5,-0.2,85,96,66
1999-01-21,3.6,7.2,0.3,87,99,69
1999-01-22,4.0,8.1,0.7,84,95,66
1999-01-23,4.4,9.8,-0.9,81,99,57
1999-01-24,3.9,8.6,0.2,85,95,67
1999-01-25,4.5,8.7,1.7,87,98,70
1999-01-26,3.0,9.3,-1.7,81,98,56
1999-01-27,3.2,9.8,-1.7,85,97,65
1999-01-28,5.6,11.2,2.0,89,95,73
1999-01-29,5.0,8.0,2.3,74,94,54
1999-01-30,0.1,3.2,-3.1,78,85,72
1999-01-31,-3.1,-0.6,-4.7,72,79,67
1999-02-01,-2.8,-1.4,-5.9,76,81,71
1999-02-02,-1.2,1.9,-2.9,74,81,66
1999-02-03,-1.2,4.1,-5.8,68,76,61
1999-02-04,2.9,7.9,-1.0,70,80,58
1999-02-05,4.3,10.9,-1.1,71,82,57
1999-02-06,5.3,10.5,1.6,80,87,70
1999-02-07,4.5,8.5,-0.2,68,92,41
1999-02-08,5.1,8.9,-0.2,71,90,45
1999-02-09,4.8,9.1,0.7,71,99,48
1999-02-10,6.6,12.6,0.3,79,86,65
1999-02-11,10.8,14.1,7.3,84,97,71
1999-02-12,5.2,7.0,2.5,76,96,55
1999-02-13,3.3,8.2,-0.8,68,79,51
1999-02-14,4.4,8.6,0.4,74,91,54
1999-02-15,4.4,9.7,-0.5,75,97,46
1999-02-16,4.0,9.2,-0.6,66,80,45
1999-02-17,4.6,10.0,-1.0,71,94,42
1999-02-18,4.0,6.2,1.4,71,93,53
1999-02-19,3.5,7.2,0.5,46,60,32
1999-02-20,5.6,10.7,1.0,53,74,39
1999-02-21,6.8,11.2,3.3,70,83,58
1999-02-22,8.3,14.5,1.5,81,94,65
1999-02-23,10.3,13.6,4.5,63,88,29
1999-02-24,5.5,10.7,0.8,63,78,35
1999-02-25,6.8,10.1,3.4,67,79,54
1999-02-26,6.5,11.2,2.6,78,94,57
1999-02-27,6.4,12.4,-0.8,66,94,37
1999-02-28,8.8,15.3,3.3,67,81,48
1999-03-01,9.6,16.2,4.1,75,90,57
1999-03-02,10.6,17.0,3.7,72,98,43
1999-03-03,11.3,18.1,5.6,65,82,44
1999-03-04,10.5,15.7,5.4,81,94,63
1999-03-05,12.5,16.0,9.7,83,91,72
1999-03-06,12.3,16.8,7.0,75,95,50
1999-03-07,12.8,16.6,9.2,68,85,51
1999-03-08,12.0,15.1,9.2,65,82,43
1999-03-09,9.6,14.6,4.5,61,80,38
1999-03-10,10.9,16.3,6.4,64,79,42
1999-03-11,11.2,16.1,6.9,74,90,54
1999-03-12,12.7,18.9,7.7,78,92,51
1999-03-13,13.4,18.2,9.8,79,95,56
1999-03-14,11.9,16.8,7.3,72,100,35
1999-03-15,9.2,10.5,7.9,78,89,72
1999-03-16,10.0,13.7,6.9,75,95,48
1999-03-17,5.1,9.3,3.1,88,97,76
1999-03-18,2.2,3.1,1.7,96,99,93
1999-03-19,3.3,5.5,1.7,92,97,84
1999-03-20,4.5,7.0,2.4,81,90,67
1999-03-21,6.1,10.6,0.8,70,90,46
1999-03-22,6.6,12.4,0.6,68,86,45
1999-03-23,8.7,14.2,3.2,74,91,50
1999-03-24,10.8,16.4,7.4,74,92,47
1999-03-25,10.3,16.3,4.3,67,87,45
1999-03-26,10.4,15.2,5.2,78,97,57
1999-03-27,10.4,14.8,5.8,76,97,51
1999-03-28,10.9,15.0,6.7,77,90,61
1999-03-29,11.5,14.8,8.8,85,96,72
1999-03-30,11.6,15.6,8.8,86,97,62
1999-03-31,12.1,16.6,6.9,80,100,53
1999-04-01,12.7,17.6,7.4,78,95,52
1999-04-02,12.0,17.1,7.4,84,100,59
1999-04-03,10.9,14.3,8.0,80,91,60
1999-04-04,11.3,15.8,7.0,82,97,62
1999-04-05,12.8,18.2,6.7,78,100,49
1999-04-06,14.1,19.3,9.1,73,90,48
1999-04-07,14.8,20.4,10.2,74,90,50
1999-04-08,15.2,20.5,10.0,74,92,49
1999-04-09,15.7,21.7,9.6,73,99,47
1999-04-10,15.0,19.3,10.7,76,93,57
1999-04-11,13.5,18.1,9.4,76,99,49
1999-04-12,14.1,19.1,7.5,70,93,46
1999-04-13,15.2,19.0,12.2,67,85,44
1999-04-14,14.8,20.2,10.9,70,94,35
1999-04-15,15.8,20.6,10.6,66,82,42
1999-04-16,16.1,21.0,11.0,73,89,56
1999-04-17,16.3,21.4,11.0,79,94,60
1999-04-18,16.6,21.8,11.3,67,99,39
1999-04-19,14.1,17.8,9.3,55,77,38
1999-04-20,14.5,18.9,9.2,56,81,35
1999-04-21,13.2,17.6,8.1,62,83,44
1999-04-22,15.4,19.7,11.2,72,89,57
1999-04-23,15.3,18.1,11.4,82,95,66
1999-04-24,15.9,19.9,11.8,82,100,59
1999-04-25,15.4,18.7,12.1,86,97,68
1999-04-26,14.7,19.0,10.3,76,100,51
1999-04-27,16.6,21.6,11.5,71,89,47
1999-04-28,18.9,23.6,13.9,63,82,42
1999-04-29,19.1,23.9,13.7,66,82,46
1999-04-30,20.5,26.3,14.4,68,90,43
1999-05-01,22.1,28.6,17.0,65,83,38
1999-05-02,22.1,27.5,16.4,71,93,48
1999-05-03,22.7,27.9,17.4,67,88,36
1999-05-04,21.5,26.0,17.3,79,94,57
1999-05-05,20.9,26.0,16.5,76,97,49
1999-05-06,15.3,19.2,13.1,82,93,71
1999-05-07,12.0,13.6,10.7,67,79,56
1999-05-08,13.5,17.1,10.2,70,84,60
1999-05-09,16.0,20.6,10.4,79,99,62
1999-05-10,18.3,23.0,14.3,77,93,60
1999-05-11,18.6,23.1,13.5,81,100,58
1999-05-12,20.6,26.0,15.7,74,94,49
1999-05-13,21.6,25.6,17.7,74,89,58
1999-05-14,21.4,24.8,18.0,75,93,59
1999-05-15,22.2,27.8,15.9,75,99,53
1999-05-16,24.2,28.7,20.2,66,86,42
1999-05-17,19.8,24.4,14.8,56,79,35
1999-05-18,18.5,22.3,14.8,74,90,54
1999-05-19,18.3,21.0,15.3,74,92,63
1999-05-20,18.2,21.8,15.0,69,83,56
1999-05-21,19.6,24.2,14.8,64,88,44
1999-05-22,21.3,25.7,17.2,62,85,39
1999-05-23,19.7,23.5,15.8,66,83,49
1999-05-24,18.0,23.3,13.7,75,90,50
1999-05-25,18.8,23.7,14.2,70,93,45
1999-05-26,20.9,25.9,15.6,64,89,37
1999-05-27,20.9,26.1,15.2,67,89,43
1999-05-28,22.1,27.2,16.6,69,96,44
1999-05-29,21.4,25.1,17.9,71,91,54
1999-05-30,22.2,26.0,18.5,70,91,48
1999-05-31,23.2,28.4,18.4,65,85,41
1999-06-01,25.7,30.9,19.4,61,85,38
1999-06-02,25.0,29.9,20.5,60,82,39
1999-06-03,23.1,26.8,19.1,73,89,59
1999-06-04,25.3,31.8,20.0,70,91,43
1999-06-05,24.2,28.6,19.2,76,98,52
1999-06-06,22.4,24.9,19.3,81,95,68
1999-06-07,23.7,27.7,19.0,71,96,50
1999-06-08,24.6,28.0,21.1,69,88,54
1999-06-09,25.4,30.0,20.4,66,93,46
1999-06-10,26.0,31.7,19.0,61,91,32
1999-06-11,26.8,32.5,20.6,57,80,33
1999-06-12,26.9,32.0,22.8,58,79,36
1999-06-13,25.1,31.2,20.8,66,85,38
1999-06-14,25.5,30.1,20.2,65,88,44
1999-06-15,26.6,30.0,22.2,58,78,40
1999-06-16,26.0,30.5,22.2,64,79,41
1999-06-17,24.7,28.9,20.8,68,89,44
1999-06-18,22.7,27.8,18.0,73,95,48
1999-06-19,24.1,29.0,18.8,64,89,41
1999-06-20,24.8,29.5,20.2,59,81,40
1999-06-21,24.8,28.9,20.8,69,87,49
1999-06-22,24.2,28.4,21.0,64,89,39
1999-06-23,19.5,23.6,15.3,48,59,38
1999-06-24,20.4,25.8,15.6,52,63,42
1999-06-25,21.1,26.4,16.0,55,72,40
1999-06-26,22.7,28.7,16.8,53,71,33
1999-06-27,23.9,29.2,18.7,63,85,39
1999-06-28,25.2,30.6,19.3,60,90,36
1999-06-29,27.3,32.8,20.6,53,79,31
1999-06-30,26.0,30.5,21.1,61,84,41
1999-07-01,25.0,29.6,19.9,64,87,42
1999-07-02,26.0,30.7,20.9,61,85,41
1999-07-03,26.0,30.9,20.6,63,84,43
1999-07-04,26.5,30.2,23.0,66,85,49
1999-07-05,26.2,30.5,20.9,71,93,50
1999-07-06,27.2,31.7,23.8,68,85,45
1999-07-07,27.5,31.2,23.8,69,90,48
1999-07-08,27.8,31.5,23.5,64,85,46
1999-07-09,27.9,31.9,23.5,61,81,43
1999-07-10,27.8,30.9,24.4,60,80,48
1999-07-11,28.0,32.6,22.1,59,82,42
1999-07-12,28.8,32.4,25.5,60,79,48
1999-07-13,27.0,30.0,23.4,70,90,57
1999-07-14,26.8,30.7,23.3,71,87,54
1999-07-15,27.1,31.9,22.1,59,93,32
1999-07-16,26.3,31.2,21.2,41,57,26
1999-07-17,25.5,30.0,20.6,52,73,33
1999-07-18,25.6,29.3,22.2,56,73,36
1999-07-19,25.2,29.2,21.0,62,85,39
1999-07-20,26.1,31.2,20.6,60,89,33
1999-07-21,27.5,33.3,20.5,58,97,28
1999-07-22,27.9,33.4,22.1,55,83,26
1999-07-23,27.4,32.9,21.7,58,85,32
1999-07-24,28.2,33.1,23.8,57,80,35
1999-07-25,28.0,32.6,23.6,54,77,31
1999-07-26,26.8,29.4,24.1,63,77,52
1999-07-27,25.6,29.7,20.9,63,81,48
1999-07-28,27.1,32.9,21.7,57,79,32
1999-07-29,27.6,31.7,22.6,59,79,43
1999-07-30,25.5,30.0,21.6,68,90,46
1999-07-31,25.3,29.5,21.6,58,72,40
1999-08-01,24.8,28.0,21.6,74,90,57
1999-08-02,24.2,27.7,20.9,74,89,57
1999-08-03,25.1,30.3,19.4,67,92,42
1999-08-04,26.0,30.1,22.4,65,87,41
1999-08-05,26.2,31.5,22.0,66,91,36
1999-08-06,26.2,30.8,22.2,71,91,47
1999-08-07,27.1,31.7,22.3,67,92,44
1999-08-08,27.8,32.4,22.7,70,97,47
1999-08-09,29.5,35.4,23.6,65,92,39
1999-08-10,30.3,36.9,25.5,65,88,35
1999-08-11,30.5,36.7,25.1,63,89,36
1999-08-12,29.6,33.9,25.7,66,88,46
1999-08-13,29.9,34.4,26.1,57,85,32
1999-08-14,28.3,31.9,23.9,40,56,29
1999-08-15,26.2,29.6,22.5,60,84,46
1999-08-16,26.7,31.2,22.6,69,92,45
1999-08-17,27.9,33.0,22.9,64,88,40
1999-08-18,29.2,34.3,24.6,63,88,38
1999-08-19,30.3,35.3,25.6,58,81,35
1999-08-20,31.7,38.2,25.5,57,82,30
1999-08-21,31.1,36.9,25.7,62,90,33
1999-08-22,28.5,31.8,25.8,62,87,46
1999-08-23,26.7,31.1,22.8,46,66,26
1999-08-24,22.8,25.4,20.2,75,94,61
1999-08-25,23.0,26.1,19.3,69,89,54
1999-08-26,22.3,26.3,18.2,74,94,53
1999-08-27,22.6,26.7,18.3,69,94,38
1999-08-28,22.8,26.0,20.1,68,85,50
1999-08-29,22.9,26.5,19.2,72,93,50
1999-08-30,23.8,27.9,19.3,69,90,46
1999-08-31,23.4,26.6,20.7,76,93,57
1999-09-01,22.0,25.1,20.1,75,91,58
1999-09-02,22.3,26.8,18.0,58,77,37
1999-09-03,20.2,23.1,17.8,82,95,70
1999-09-04,20.9,25.6,16.3,70,94,45
1999-09-05,21.5,26.2,17.0,64,82,41
1999-09-06,20.8,23.6,18.4,82,94,69
1999-09-07,21.8,26.3,17.5,78,100,51
1999-09-08,23.5,28.2,19.2,70,98,40
1999-09-09,22.8,27.5,17.8,65,93,38
1999-09-10,21.7,25.6,17.9,67,82,51
1999-09-11,21.7,25.6,17.2,71,92,51
1999-09-12,21.4,24.6,18.4,73,88,55
1999-09-13,21.1,24.2,17.9,72,91,53
1999-09-14,20.8,24.3,17.4,73,91,56
1999-09-15,21.9,27.1,17.0,74,96,46
1999-09-16,21.8,26.5,17.2,76,94,54
1999-09-17,22.0,25.7,18.0,76,97,52
1999-09-18,21.6,24.9,18.1,68,83,47
1999-09-19,21.9,25.3,19.1,67,82,51
1999-09-20,21.6,25.1,18.6,77,91,57
1999-09-21,20.6,23.2,18.3,79,96,60
1999-09-22,21.0,24.9,17.0,77,97,56
1999-09-23,21.9,26.6,16.9,80,100,56
1999-09-24,23.3,28.5,17.6,76,99,53
1999-09-25,22.9,27.3,18.6,79,100,56
1999-09-26,23.0,28.2,18.1,79,100,55
1999-09-27,24.1,30.4,17.5,74,100,43
1999-09-28,25.1,30.8,21.2,69,88,39
1999-09-29,24.7,29.5,20.8,65,90,39
1999-09-30,22.0,25.9,17.9,69,85,54
1999-10-01,22.7,27.0,19.1,73,88,52
1999-10-02,22.0,26.6,17.9,82,99,57
1999-10-03,23.0,27.6,19.6,77,97,49
1999-10-04,22.7,28.3,17.5,76,97,46
1999-10-05,22.3,25.7,18.2,82,100,59
1999-10-06,21.5,25.6,17.6,79,99,50
1999-10-07,20.2,24.5,16.7,68,98,35
1999-10-08,16.3,20.7,12.5,50,65,31
1999-10-09,15.7,20.1,11.5,54,71,34
1999-10-10,16.9,22.1,10.9,53,77,34
1999-10-11,18.9,25.1,13.8,55,72,34
1999-10-12,18.3,23.7,13.2,69,91,44
1999-10-13,18.6,24.4,12.9,75,99,46
1999-10-14,19.4,24.7,14.4,71,98,42
1999-10-15,18.3,22.4,14.6,57,85,35
1999-10-16,16.1,18.4,14.4,56,82,44
1999-10-17,15.3,18.4,13.0,62,87,33
1999-10-18,13.3,14.6,12.2,62,71,54
1999-10-19,14.0,17.2,12.1,86,95,73
1999-10-20,16.1,21.6,11.0,81,97,55
1999-10-21,17.0,19.0,15.2,83,95,72
1999-10-22,16.3,18.0,15.0,85,92,76
1999-10-23,16.1,18.4,14.6,85,97,73
1999-10-24,15.6,17.4,14.3,79,85,75
1999-10-25,17.0,19.5,15.2,82,87,74
1999-10-26,16.9,21.5,13.5,88,99,70
1999-10-27,18.7,25.6,13.1,75,99,50
1999-10-28,16.5,20.0,13.3,56,64,44
1999-10-29,15.2,19.9,10.8,66,83,47
1999-10-30,14.9,19.9,10.3,79,97,57
1999-10-31,15.5,18.0,12.3,80,97,64
1999-11-01,15.4,22.3,9.9,76,100,46
1999-11-02,14.5,17.8,11.6,82,92,70
1999-11-03,13.6,17.4,10.7,86,100,62
1999-11-04,13.3,19.0,8.7,80,99,50
1999-11-05,13.8,17.2,9.8,79,99,58
1999-11-06,12.0,15.6,7.7,83,100,61
1999-11-07,12.6,16.0,10.0,79,93,60
1999-11-08,13.1,13.8,12.4,86,89,77
1999-11-09,13.1,14.9,11.9,85,91,73
1999-11-10,11.4,12.6,10.5,71,77,64
1999-11-11,10.2,11.7,9.2,76,88,70
1999-11-12,11.3,14.1,8.9,77,90,61
1999-11-13,10.1,13.4,6.1,78,99,56
1999-11-14,9.1,12.8,6.0,86,98,74
1999-11-15,11.2,15.7,8.2,89,99,74
1999-11-16,11.5,14.6,9.3,93,97,86
1999-11-17,13.2,16.2,11.2,90,95,80
1999-11-18,13.6,17.1,10.8,82,100,54
1999-11-19,12.2,15.6,8.5,66,87,56
1999-11-20,13.3,16.1,10.7,90,97,80
1999-11-21,12.4,16.0,9.2,93,100,80
1999-11-22,15.0,18.6,12.7,90,96,77
1999-11-23,11.1,14.1,6.8,81,98,57
1999-11-24,6.1,9.1,3.4,54,65,45
1999-11-25,5.8,9.1,3.6,59,75,45
1999-11-26,4.9,8.3,0.8,67,86,51
1999-11-27,4.2,8.5,-0.2,78,99,53
1999-11-28,3.9,9.4,-0.5,82,98,55
1999-11-29,5.6,11.2,1.6,80,98,57
1999-11-30,4.7,10.8,0.9,82,100,55
1999-12-01,5.6,12.2,0.4,73,93,46
1999-12-02,6.3,12.8,1.7,76,94,51
1999-12-03,7.0,14.2,2.4,76,94,53
1999-12-04,6.7,13.0,1.5,82,96,63
1999-12-05,7.9,14.0,3.3,92,99,77
1999-12-06,7.8,9.6,5.1,82,98,65
1999-12-07,5.4,7.8,3.8,84,93,77
1999-12-08,5.3,9.6,1.9,89,100,72
1999-12-09,5.6,11.2,1.0,86,99,64
1999-12-10,8.8,13.7,5.7,91,97,77
1999-12-11,10.4,14.6,7.6,93,98,82
1999-12-12,10.3,13.1,7.5,93,99,81
1999-12-13,7.9,12.2,4.3,91,100,72
1999-12-14,7.4,11.4,4.9,75,95,52
1999-12-15,7.9,12.4,3.6,83,92,73
1999-12-16,11.9,17.5,6.9,89,98,72
1999-12-17,10.8,16.0,6.6,91,100,73
1999-12-18,9.4,14.3,6.7,92,100,72
1999-12-19,8.3,13.5,4.9,91,99,78
1999-12-20,10.0,12.8,6.4,96,99,90
1999-12-21,6.1,10.0,3.0,76,98,57
1999-12-22,1.2,3.9,0.3,87,89,85
1999-12-23,0.1,1.8,-2.1,76,88,64
1999-12-24,-2.3,2.2,-6.1,72,78,61
1999-12-25,0.7,4.8,-2.5,67,73,50
1999-12-26,1.9,7.0,-1.3,80,94,69
1999-12-27,7.4,14.4,1.9,90,97,78
1999-12-28,9.9,15.2,3.7,85,95,70
1999-12-29,10.6,13.8,7.4,62,72,49
1999-12-30,8.6,12.1,4.0,68,91,50
1999-12-31,4.5,7.1,1.8,94,99,89
2000-01-01,2.7,5.4,0.0,71,86,57
2000-01-02,1.2,3.8,-1.1,66,73,54
2000-01-03,-0.0,2.7,-1.9,63,75,52
2000-01-04,1.5,6.7,-2.3,66,78,53
2000-01-05,2.4,7.2,-2.0,77,94,57
2000-01-06,4.2,9.4,0.9,71,86,49
2000-01-07,2.2,7.0,-1.1,70,81,54
2000-01-08,2.0,6.9,-1.6,73,84,53
2000-01-09,0.9,6.5,-3.1,77,95,53
2000-01-10,0.9,6.7,-2.5,81,95,56
2000-01-11,0.8,6.3,-2.4,80,96,54
2000-01-12,1.7,5.9,-1.5,77,86,59
2000-01-13,1.8,6.2,-1.2,80,93,56
2000-01-14,1.9,6.3,-1.1,80,92,58
2000-01-15,2.1,6.9,-1.8,74,91,49
2000-01-16,2.0,6.4,-1.2,71,84,54
2000-01-17,1.0,5.5,-1.8,68,84,48
2000-01-18,3.8,10.0,-1.3,64,77,48
2000-01-19,3.4,6.6,0.8,61,88,40
2000-01-20,1.5,4.7,-0.7,49,63,32
2000-01-21,1.1,5.2,-1.9,62,80,44
2000-01-22,1.8,3.6,-1.1,51,79,31
2000-01-23,0.7,3.9,-2.4,78,98,55
2000-01-24,3.2,7.4,-0.3,82,98,57
2000-01-25,-1.7,1.0,-3.9,48,56,40
2000-01-26,-2.5,0.5,-4.9,42,48,36
2000-01-27,0.8,5.9,-2.3,49,73,42
2000-01-28,2.9,8.6,-1.0,67,78,52
2000-01-29,3.9,10.6,-0.8,70,82,48
2000-01-30,4.1,9.5,-1.1,79,90,64
2000-01-31,6.1,13.7,-0.1,78,89,58
2000-02-01,8.5,16.0,2.9,72,85,49
2000-02-02,7.6,14.2,2.2,79,92,62
2000-02-03,7.4,14.0,1.8,81,94,61
2000-02-04,7.6,10.8,4.8,60,80,39
2000-02-05,4.1,8.8,-0.2,62,78,42
2000-02-06,8.6,15.4,4.0,64,90,54
2000-02-07,8.0,13.9,2.2,83,96,64
2000-02-08,7.6,13.7,3.1,85,94,67
2000-02-09,7.3,12.8,2.3,89,100,69
2000-02-10,8.0,11.5,4.4,89,96,75
2000-02-11,8.5,11.0,6.3,93,97,87
2000-02-12,9.1,12.6,6.4,91,98,79
2000-02-13,8.1,8.9,7.0,87,95,76
2000-02-14,7.8,11.7,4.1,83,98,62
2000-02-15,5.6,8.9,2.1,61,89,33
2000-02-16,4.0,9.0,0.4,64,81,43
2000-02-17,6.6,12.2,1.5,85,93,70
2000-02-18,6.6,8.4,4.2,72,95,49
2000-02-19,5.7,10.4,1.3,54,68,39
2000-02-20,6.8,11.8,2.2,85,94,72
2000-02-21,6.2,8.8,3.2,77,92,63
2000-02-22,4.0,7.4,1.6,74,92,44
2000-02-23,2.4,6.0,-1.3,84,97,68
2000-02-24,2.6,6.1,-0.3,83,94,66
2000-02-25,3.1,7.9,-2.2,73,93,46
2000-02-26,7.0,13.4,1.0,60,84,42
2000-02-27,6.3,10.9,2.1,64,82,41
2000-02-28,4.8,10.0,0.5,84,96,62
2000-02-29,4.5,9.2,-1.4,75,99,43
2000-03-01,5.4,10.6,0.1,71,95,49
2000-03-02,7.5,13.9,0.8,79,89,63
2000-03-03,8.1,11.7,5.1,71,95,46
2000-03-04,7.5,13.0,2.6,69,85,52
2000-03-05,7.5,14.2,3.7,72,89,50
2000-03-06,5.0,8.4,1.7,43,53,30
2000-03-07,4.2,9.3,-0.7,59,78,40
2000-03-08,8.1,14.6,2.4,66,81,43
2000-03-09,10.6,16.8,5.3,66,79,45
2000-03-10,12.0,19.3,5.4,66,85,46
2000-03-11,10.2,14.6,6.6,59,80,36
2000-03-12,10.4,17.1,3.3,73,98,47
2000-03-13,9.5,13.9,5.8,72,91,53
2000-03-14,8.8,11.4,5.4,83,97,69
2000-03-15,9.6,14.1,5.4,84,100,63
2000-03-16,6.4,8.2,4.2,81,94,67
2000-03-17,5.7,9.3,0.7,63,99,32
2000-03-18,5.1,9.1,1.5,52,72,33
2000-03-19,4.9,9.0,1.0,49,67,28
2000-03-20,5.5,10.0,0.4,55,78,37
2000-03-21,4.7,7.7,0.6,70,84,49
2000-03-22,5.6,12.3,-1.0,65,90,34
2000-03-23,7.3,12.9,2.7,70,88,49
2000-03-24,9.7,16.5,3.8,73,88,50
2000-03-25,11.6,18.4,5.7,73,91,49
2000-03-26,11.0,16.7,5.5,82,100,59
2000-03-27,11.7,16.5,6.8,84,97,67
2000-03-28,13.3,19.3,8.2,76,97,46
2000-03-29,13.8,19.4,9.3,77,91,53
2000-03-30,13.6,19.3,9.6,84,99,61
2000-03-31,14.7,21.2,8.1,77,99,48
2000-04-01,13.5,17.7,9.0,86,100,68
2000-04-02,14.9,20.1,11.1,80,100,49
2000-04-03,15.2,20.3,10.0,75,92,49
2000-04-04,15.6,21.2,9.6,80,98,59
2000-04-05,17.8,21.7,14.3,64,89,40
2000-04-06,15.7,20.3,11.9,62,81,40
2000-04-07,12.7,16.2,9.6,54,77,35
2000-04-08,10.5,15.1,6.2,43,53,30
2000-04-09,11.0,15.8,6.4,53,73,30
2000-04-10,10.9,15.1,5.9,70,90,49
2000-04-11,11.3,14.8,8.2,72,87,55
2000-04-12,13.0,17.4,7.9,78,96,60
2000-04-13,16.0,23.0,9.7,73,93,44
2000-04-14,17.5,23.8,11.8,65,84,38
2000-04-15,17.4,23.2,12.3,72,89,49
2000-04-16,17.4,23.2,12.7,74,95,45
2000-04-17,17.0,22.2,11.0,79,100,53
2000-04-18,18.3,23.7,12.9,70,92,46
2000-04-19,17.1,22.4,13.5,77,92,54
2000-04-20,17.6,23.0,13.5,77,93,55
2000-04-21,18.1,24.1,13.0,74,93,45
2000-04-22,19.7,25.8,14.6,65,95,32
2000-04-23,19.6,25.7,13.5,60,84,38
2000-04-24,18.0,22.1,13.9,79,96,59
2000-04-25,16.2,19.8,13.7,82,96,66
2000-04-26,16.1,20.7,12.5,77,90,56
2000-04-27,17.0,21.3,13.2,81,95,65
2000-04-28,17.4,22.3,12.1,81,100,58
2000-04-29,19.3,24.2,13.6,75,98,50
2000-04-30,18.9,23.1,15.3,78,93,59
2000-05-01,17.5,20.9,14.3,85,97,71
2000-05-02,17.6,21.1,14.0,85,100,70
2000-05-03,14.4,15.8,12.9,79,95,64
2000-05-04,14.8,18.6,11.5,68,82,51
2000-05-05,14.6,18.3,10.8,69,81,56
2000-05-06,16.0,20.4,11.2,69,91,52
2000-05-07,17.3,22.5,13.2,74,89,56
2000-05-08,19.4,25.6,13.7,71,90,47
2000-05-09,19.6,23.4,15.4,71,88,55
2000-05-10,20.4,25.0,15.4,72,95,54
2000-05-11,21.8,26.9,17.8,70,85,51
2000-05-12,23.7,29.5,18.0,65,85,40
2000-05-13,23.1,28.7,18.5,70,94,44
2000-05-14,18.3,19.5,17.1,77,92,68
2000-05-15,18.2,20.2,15.7,77,89,69
2000-05-16,19.3,23.4,14.6,74,97,54
2000-05-17,21.7,26.9,15.5,58,84,35
2000-05-18,21.5,25.1,17.7,63,79,49
2000-05-19,21.5,25.6,17.3,68,91,48
2000-05-20,22.1,26.2,17.9,66,82,46
2000-05-21,22.7,27.4,18.3,65,92,39
2000-05-22,21.9,25.7,17.4,71,89,54
2000-05-23,22.7,27.5,17.5,65,95,39
2000-05-24,20.8,25.2,16.0,47,66,31
2000-05-25,21.1,26.4,14.9,54,81,32
2000-05-26,21.8,27.2,16.5,62,87,37
2000-05-27,22.7,27.4,18.4,61,81,39
2000-05-28,22.7,26.8,18.5,64,86,45
2000-05-29,23.0,26.7,19.5,61,81,41
2000-05-30,24.0,28.2,17.5,59,88,38
2000-05-31,22.4,25.4,18.0,64,83,53
2000-06-01,23.0,27.1,18.5,61,95,35
2000-06-02,21.8,27.1,17.0,47,70,28
2000-06-03,22.2,26.8,18.5,55,81,29
2000-06-04,23.0,27.9,17.2,56,87,32
2000-06-05,24.3,30.0,18.7,55,78,31
2000-06-06,25.9,31.9,20.4,54,78,30
2000-06-07,26.8,32.8,21.7,57,82,31
2000-06-08,26.6,31.9,22.1,60,79,36
2000-06-09,24.8,28.1,21.7,71,86,57
2000-06-10,23.9,26.4,20.0,74,91,60
2000-06-11,24.2,27.4,21.2,60,83,43
2000-06-12,24.0,28.1,20.4,58,78,44
2000-06-13,25.4,29.9,21.3,62,81,46
2000-06-14,27.2,32.9,21.3,61,87,39
2000-06-15,28.3,34.5,22.7,57,81,33
2000-06-16,28.8,33.1,24.5,52,78,29
2000-06-17,24.0,27.2,21.2,47,69,27
2000-06-18,21.3,26.0,16.5,35,60,21
2000-06-19,20.6,25.3,16.6,47,65,28
2000-06-20,21.0,26.4,15.7,59,86,33
2000-06-21,22.7,28.1,17.5,61,87,39
2000-06-22,26.1,33.4,19.2,55,83,27
2000-06-23,28.0,35.1,21.2,49,74,23
2000-06-24,28.3,34.0,22.7,48,71,25
2000-06-25,28.9,34.6,23.2,43,68,22
2000-06-26,28.8,34.2,22.1,44,67,26
2000-06-27,25.1,29.5,20.8,38,54,22
2000-06-28,24.2,29.4,18.8,33,57,18
2000-06-29,23.2,27.9,18.0,60,88,39
2000-06-30,23.4,27.7,19.3,62,85,41
2000-07-01,24.1,28.7,19.6,67,91,42
2000-07-02,25.4,30.4,19.8,65,95,40
2000-07-03,28.4,35.3,22.2,54,81,29
2000-07-04,30.5,38.2,23.4,50,78,25
2000-07-05,33.0,40.9,25.3,39,62,17
2000-07-06,33.5,40.6,25.0,30,52,12
2000-07-07,31.9,37.3,26.6,34,55,14
2000-07-08,28.9,33.8,23.2,50,75,30
2000-07-09,30.7,37.7,23.1,42,76,21
2000-07-10,26.8,32.3,21.0,36,55,18
2000-07-11,26.6,31.3,21.6,54,81,34
2000-07-12,28.2,34.3,21.6,53,83,31
2000-07-13,27.0,31.0,22.1,44,82,20
2000-07-14,24.0,28.8,19.4,34,50,20
2000-07-15,23.6,28.1,18.8,60,91,35
2000-07-16,23.1,28.4,17.3,70,98,39
2000-07-17,26.0,31.0,20.3,47,80,26
2000-07-18,25.0,30.2,18.9,53,81,30
2000-07-19,23.8,26.7,20.3,67,93,50
2000-07-20,23.8,29.3,18.3,54,82,27
2000-07-21,22.5,25.8,19.1,65,86,47
2000-07-22,23.5,28.3,18.2,57,82,37
2000-07-23,25.7,31.7,18.9,53,79,26
2000-07-24,26.6,32.7,20.4,58,87,30
2000-07-25,28.7,34.5,22.5,52,78,31
2000-07-26,30.2,37.1,23.9,51,73,28
2000-07-27,32.6,40.1,24.7,42,73,16
2000-07-28,30.4,34.8,25.3,45,67,32
2000-07-29,29.7,34.8,25.0,55,72,35
2000-07-30,28.6,31.3,25.2,51,81,41
2000-07-31,26.6,30.5,23.0,48,65,30
2000-08-01,26.3,31.2,21.5,40,61,22
2000-08-02,25.7,30.9,20.8,41,72,22
2000-08-03,25.1,30.4,19.7,62,93,33
2000-08-04,26.1,31.4,21.0,61,85,37
2000-08-05,26.5,31.7,21.8,63,89,40
2000-08-06,27.3,33.2,22.3,54,79,29
2000-08-07,27.5,33.0,22.5,56,77,34
2000-08-08,28.2,34.0,21.7,51,81,25
2000-08-09,27.7,31.8,24.0,51,71,38
2000-08-10,26.4,30.9,23.3,66,87,45
2000-08-11,27.1,32.0,23.2,57,82,30
2000-08-12,26.7,31.5,21.9,61,83,34
2000-08-13,27.0,32.9,21.2,63,94,31
2000-08-14,28.2,33.4,23.7,55,82,29
2000-08-15,29.1,34.5,24.0,49,75,25
2000-08-16,29.5,34.5,24.1,45,72,25
2000-08-17,27.4,31.7,23.2,57,74,42
2000-08-18,27.6,31.5,23.5,62,80,44
2000-08-19,27.8,32.8,23.7,60,82,37
2000-08-20,28.6,34.8,23.4,53,81,26
2000-08-21,29.3,35.6,24.1,52,76,26
2000-08-22,29.2,35.1,24.5,54,78,31
2000-08-23,29.9,37.0,23.8,53,82,23
2000-08-24,30.7,38.2,24.0,43,79,16
2000-08-25,27.3,30.5,23.5,60,84,42
2000-08-26,26.4,30.6,22.1,40,82,17
2000-08-27,24.2,28.9,19.2,31,45,19
2000-08-28,24.1,29.6,18.0,46,64,28
2000-08-29,24.1,28.6,19.7,60,85,36
2000-08-30,22.9,27.7,18.4,72,94,44
2000-08-31,24.6,29.7,19.9,69,95,41
2000-09-01,25.4,32.1,19.2,64,91,29
2000-09-02,25.2,31.3,19.4,56,79,30
2000-09-03,26.2,31.5,20.6,56,83,29
2000-09-04,26.4,31.5,21.7,59,79,31
2000-09-05,24.8,30.3,19.9,55,83,29
2000-09-06,19.5,22.9,16.3,43,56,28
2000-09-07,19.3,24.4,14.6,41,63,23
2000-09-08,20.1,24.6,15.1,61,85,39
2000-09-09,21.2,26.6,16.3,60,85,33
2000-09-10,21.2,25.9,16.7,60,84,37
2000-09-11,21.2,25.7,17.4,62,80,45
2000-09-12,21.7,26.9,17.5,70,93,47
2000-09-13,22.6,26.8,17.8,68,93,45
2000-09-14,22.7,28.2,17.8,66,86,39
2000-09-15,24.1,30.8,16.6,59,94,26
2000-09-16,23.3,29.5,17.7,58,83,31
2000-09-17,22.9,26.8,19.0,76,94,56
2000-09-18,24.0,30.0,18.3,71,99,40
2000-09-19,24.8,31.4,18.8,65,95,32
2000-09-20,26.2,33.1,20.8,54,77,25
2000-09-21,26.4,33.7,20.5,54,77,28
2000-09-22,26.2,32.5,21.0,49,82,17
2000-09-23,21.8,25.8,17.9,55,76,34
2000-09-24,19.3,21.9,16.6,65,83,44
2000-09-25,17.2,18.8,15.9,80,91,68
2000-09-26,16.4,18.0,15.1,77,90,63
2000-09-27,16.8,20.9,13.9,69,90,41
2000-09-28,16.9,21.3,12.8,67,84,45
2000-09-29,17.2,21.8,12.9,71,92,46
2000-09-30,17.9,22.1,13.4,71,94,45
2000-10-01,18.6,23.4,13.7,77,98,51
2000-10-02,19.3,22.4,16.4,77,89,61
2000-10-03,19.9,23.9,16.4,74,96,50
2000-10-04,19.7,22.0,17.4,73,83,60
2000-10-05,19.3,23.0,16.3,70,87,49
2000-10-06,18.4,21.2,15.7,76,89,64
2000-10-07,17.9,20.2,16.5,88,95,73
2000-10-08,16.7,17.3,16.0,90,96,85
2000-10-09,16.0,17.2,14.7,91,95,86
2000-10-10,16.4,20.0,13.4,86,100,67
2000-10-11,17.7,21.5,15.1,84,96,64
2000-10-12,18.2,22.8,14.6,86,100,65
2000-10-13,18.6,23.3,15.3,89,100,67
2000-10-14,18.3,21.1,16.0,91,100,76
2000-10-15,18.2,21.4,16.1,84,96,64
2000-10-16,16.8,20.3,13.8,87,100,65
2000-10-17,16.8,20.7,13.2,86,100,65
2000-10-18,17.0,19.7,14.6,88,100,70
2000-10-19,15.3,16.3,14.0,81,90,70
2000-10-20,13.5,14.0,12.4,80,91,69
2000-10-21,13.0,16.2,10.2,72,93,48
2000-10-22,12.8,15.6,9.8,66,91,43
2000-10-23,12.0,16.4,6.7,68,93,44
2000-10-24,12.1,17.5,6.1,72,99,43
2000-10-25,12.3,18.2,6.8,76,99,46
2000-10-26,12.5,18.5,7.0,77,98,47
2000-10-27,13.0,18.1,8.7,85,98,65
2000-10-28,13.4,18.3,9.0,71,95,45
2000-10-29,12.8,15.0,10.2,84,92,73
2000-10-30,13.9,16.8,11.5,85,95,70
2000-10-31,13.7,17.4,10.5,89,99,74
2000-11-01,15.7,19.5,12.6,87,98,72
2000-11-02,15.1,18.8,12.7,91,99,76
2000-11-03,14.3,19.2,11.3,87,100,62
2000-11-04,14.1,18.5,11.2,90,100,70
2000-11-05,15.3,18.9,12.9,88,98,69
2000-11-06,15.5,18.6,13.4,85,97,62
2000-11-07,15.2,20.0,11.7,88,97,68
2000-11-08,16.3,21.9,12.2,85,99,63
2000-11-09,17.2,22.8,12.7,77,94,51
2000-11-10,17.0,21.8,13.3,76,87,58
2000-11-11,16.8,21.9,13.7,74,89,52
2000-11-12,14.1,17.9,9.9,74,94,55
2000-11-13,13.2,16.4,10.4,83,94,67
2000-11-14,12.3,16.6,9.3,88,100,70
2000-11-15,12.4,18.8,8.5,82,100,53
2000-11-16,12.9,19.5,7.2,77,99,48
2000-11-17,12.1,17.9,8.2,80,98,50
2000-11-18,11.8,16.8,8.6,86,100,60
2000-11-19,12.6,17.0,9.4,88,98,70
2000-11-20,13.1,16.6,9.5,90,99,72
2000-11-21,11.2,15.3,9.2,89,100,70
2000-11-22,11.1,16.0,8.2,89,99,70
2000-11-23,11.3,14.8,8.0,91,100,76
2000-11-24,13.2,14.8,12.0,85,95,73
2000-11-25,13.6,14.8,12.6,85,95,76
2000-11-26,13.6,16.4,10.5,92,98,76
2000-11-27,10.3,11.5,8.1,95,100,86
2000-11-28,10.1,12.3,9.0,69,84,57
2000-11-29,9.4,13.1,6.9,68,81,56
2000-11-30,9.0,14.0,3.9,77,98,54
2000-12-01,7.9,13.1,4.3,84,99,61
2000-12-02,7.5,12.5,4.3,88,100,67
2000-12-03,7.6,12.8,4.3,87,99,68
2000-12-04,8.6,12.9,5.4,90,99,73
2000-12-05,8.8,12.1,6.8,90,98,73
2000-12-06,7.5,11.9,4.7,90,100,69
2000-12-07,7.7,11.6,5.1,87,99,68
2000-12-08,7.3,10.5,5.1,90,99,74
2000-12-09,7.3,11.3,4.7,91,99,75
2000-12-10,7.9,12.2,5.0,92,98,79
2000-12-11,9.9,15.5,6.0,74,91,58
2000-12-12,10.0,14.1,6.6,70,80,54
2000-12-13,8.8,14.4,4.7,78,94,55
2000-12-14,9.5,14.6,5.1,78,88,58
2000-12-15,8.2,13.7,4.3,89,99,71
2000-12-16,8.3,14.4,4.6,91,100,73
2000-12-17,6.1,11.9,1.8,83,96,60
2000-12-18,6.8,11.6,3.8,87,98,69
2000-12-19,6.3,10.5,2.9,72,87,49
2000-12-20,4.8,8.0,2.3,76,89,59
2000-12-21,2.7,4.0,1.4,84,92,77
2000-12-22,2.5,4.9,1.0,79,92,56
2000-12-23,1.3,5.2,-1.4,77,96,50
2000-12-24,0.6,5.5,-2.2,67,80,42
2000-12-25,0.9,6.5,-2.7,82,92,62
2000-12-26,4.7,10.5,0.9,89,100,78
2000-12-27,6.0,10.2,2.2,97,100,93
2000-12-28,13.0,16.1,10.9,82,92,73
2000-12-29,10.3,15.0,5.7,86,99,68
2000-12-30,9.7,13.8,6.8,89,99,71
2000-12-31,7.0,12.3,2.2,87,99,68
2001-01-01,6.5,9.2,5.4,84,92,69
2001-01-02,6.2,10.5,3.2,73,90,62
2001-01-03,6.3,10.9,3.2,90,97,78
2001-01-04,6.7,12.5,2.7,85,100,63
2001-01-05,6.5,11.1,3.0,91,97,80
2001-01-06,5.8,10.9,1.8,92,100,75
2001-01-07,7.0,12.2,3.2,90,99,74
2001-01-08,8.5,13.2,5.3,93,99,77
2001-01-09,10.3,14.6,7.7,87,98,66
2001-01-10,8.3,13.2,3.0,70,83,54
2001-01-11,6.8,11.6,2.4,78,97,60
2001-01-12,7.9,13.1,3.7,74,87,56
2001-01-13,6.8,11.4,2.8,87,98,74
2001-01-14,3.4,6.1,1.7,95,99,92
2001-01-15,1.6,2.6,0.6,90,98,82
2001-01-16,2.9,5.6,1.2,87,93,74
2001-01-17,5.2,8.0,3.1,78,90,59
2001-01-18,4.6,8.0,0.3,82,97,62
2001-01-19,4.9,8.1,1.8,83,94,65
2001-01-20,5.6,6.8,4.7,78,84,71
2001-01-21,5.3,7.2,3.6,75,84,63
2001-01-22,4.5,6.6,2.3,80,92,67
2001-01-23,4.7,6.3,3.4,86,92,80
2001-01-24,5.0,7.1,3.5,88,96,78
2001-01-25,6.1,7.7,5.0,83,87,76
2001-01-26,7.0,9.0,5.4,83,87,77
2001-01-27,9.7,13.5,7.7,86,95,74
2001-01-28,9.4,13.4,5.8,90,99,73
2001-01-29,10.2,15.5,6.1,89,99,67
2001-01-30,11.9,14.9,9.9,90,97,74
2001-01-31,9.6,13.0,6.6,90,100,70
2001-02-01,8.3,12.1,5.6,78,97,57
2001-02-02,3.1,6.7,1.1,87,94,73
2001-02-03,1.4,5.1,-1.9,63,75,46
2001-02-04,3.2,8.5,-1.2,69,80,49
2001-02-05,5.4,12.3,0.2,84,95,69
2001-02-06,8.5,16.1,2.1,80,96,56
2001-02-07,9.7,16.1,4.4,78,90,57
2001-02-08,8.7,14.8,3.2,87,99,67
2001-02-09,9.7,15.0,5.9,88,99,65
2001-02-10,9.7,14.2,6.6,85,98,59
2001-02-11,10.0,16.5,4.9,76,95,47
2001-02-12,8.5,13.0,3.9,78,96,53
2001-02-13,7.5,10.3,5.2,85,95,68
2001-02-14,7.0,12.6,2.7,77,100,48
2001-02-15,5.8,7.9,3.1,75,86,65
2001-02-16,5.4,10.6,0.5,77,100,46
2001-02-17,6.9,12.2,0.5,73,97,52
2001-02-18,7.4,13.0,2.9,73,90,49
2001-02-19,6.1,8.2,3.8,50,84,31
2001-02-20,5.2,9.9,1.4,50,64,39
2001-02-21,5.5,10.3,1.0,61,78,39
2001-02-22,6.9,13.3,1.7,62,80,37
2001-02-23,8.2,12.5,2.8,69,85,51
2001-02-24,9.4,15.8,3.8,81,93,61
2001-02-25,11.4,16.3,6.1,79,96,56
2001-02-26,12.0,17.1,7.6,79,93,56
2001-02-27,9.1,12.9,6.1,57,84,33
2001-02-28,7.2,12.3,2.2,76,88,58
2001-03-01,9.9,13.0,7.3,85,90,79
2001-03-02,8.9,14.2,4.1,73,90,48
2001-03-03,12.5,18.6,6.3,78,95,59
2001-03-04,13.0,17.2,8.8,80,93,62
2001-03-05,13.5,19.6,6.3,77,98,56
2001-03-06,13.8,18.7,9.5,74,85,60
2001-03-07,8.3,9.2,7.5,81,92,70
2001-03-08,8.5,13.6,3.5,75,100,46
2001-03-09,10.2,14.4,7.2,69,85,51
2001-03-10,10.6,15.8,4.8,77,98,53
2001-03-11,11.7,14.8,9.0,85,95,73
2001-03-12,12.3,18.6,7.5,87,100,62
2001-03-13,12.9,18.5,6.7,82,100,60
2001-03-14,13.2,19.0,9.2,78,99,53
2001-03-15,12.9,18.2,6.4,68,90,43
2001-03-16,14.0,19.7,7.9,69,89,43
2001-03-17,14.0,19.3,9.0,76,89,57
2001-03-18,14.5,20.8,9.0,75,95,49
2001-03-19,15.7,20.0,11.8,77,90,60
2001-03-20,15.9,21.0,10.4,73,98,42
2001-03-21,15.7,20.6,11.0,71,90,46
2001-03-22,16.9,22.2,12.6,69,87,50
2001-03-23,17.6,21.9,13.4,54,67,38
2001-03-24,15.4,20.7,9.5,74,96,55
2001-03-25,17.0,23.8,10.3,71,93,48
2001-03-26,18.9,26.6,11.4,64,88,35
2001-03-27,19.1,24.9,13.4,66,88,42
2001-03-28,17.0,20.6,14.3,59,86,37
2001-03-29,13.1,15.3,11.7,77,91,61
2001-03-30,12.0,14.3,10.1,71,84,55
2001-03-31,11.3,13.9,9.1,68,81,51
2001-04-01,7.9,10.4,5.4,73,86,63
2001-04-02,9.2,12.8,6.7,64,82,49
2001-04-03,10.4,15.9,5.4,69,94,40
2001-04-04,11.7,17.3,6.1,70,98,40
2001-04-05,12.6,18.3,7.0,69,89,45
2001-04-06,13.6,19.2,8.8,75,95,52
2001-04-07,14.2,18.5,8.4,76,97,53
2001-04-08,14.2,19.4,9.6,77,97,50
2001-04-09,13.6,15.0,11.5,92,95,89
2001-04-10,11.1,13.0,9.5,87,95,74
2001-04-11,12.6,16.7,9.1,75,89,58
2001-04-12,13.8,17.6,9.8,83,96,69
2001-04-13,13.3,17.6,10.5,74,97,51
2001-04-14,10.8,15.1,7.0,47,67,34
2001-04-15,9.7,11.8,7.5,77,92,62
2001-04-16,10.0,15.2,4.9,62,82,45
2001-04-17,12.3,17.2,6.5,76,94,56
2001-04-18,13.8,18.9,9.1,76,98,50
2001-04-19,14.3,18.5,9.2,72,89,56
2001-04-20,14.1,20.0,7.9,82,100,59
2001-04-21,15.4,21.5,10.0,82,98,57
2001-04-22,14.9,18.3,12.5,80,98,59
2001-04-23,12.9,17.1,8.3,61,81,43
2001-04-24,15.2,21.4,9.4,54,78,30
2001-04-25,15.8,22.3,8.6,60,81,37
2001-04-26,18.7,25.0,12.2,61,78,42
2001-04-27,18.4,24.1,12.4,70,93,47
2001-04-28,18.8,23.7,14.0,67,88,44
2001-04-29,19.5,23.9,14.5,72,92,54
2001-04-30,20.0,23.7,17.2,73,87,57
2001-05-01,18.9,21.3,15.8,69,87,58
2001-05-02,19.0,22.1,16.0,65,89,45
2001-05-03,18.6,23.4,13.5,62,81,44
2001-05-04,19.2,23.8,14.7,58,81,34
2001-05-05,19.2,24.3,14.1,60,82,37
2001-05-06,16.9,20.4,14.6,78,90,63
2001-05-07,16.4,18.6,14.4,81,93,71
2001-05-08,16.0,20.6,12.7,78,89,61
2001-05-09,18.1,23.3,13.7,76,93,54
2001-05-10,14.3,16.0,11.9,80,93,67
2001-05-11,15.4,20.1,10.6,74,88,55
2001-05-12,17.6,22.8,13.3,72,93,46
2001-05-13,15.1,17.9,12.8,68,87,55
2001-05-14,14.3,16.2,12.3,80,92,69
2001-05-15,15.4,20.5,10.4,77,99,53
2001-05-16,17.6,22.6,13.2,77,93,58
2001-05-17,18.9,23.9,13.0,80,100,60
2001-05-18,20.1,24.7,14.6,77,100,56
2001-05-19,21.7,26.3,16.8,71,92,51
2001-05-20,20.1,24.4,16.4,65,81,47
2001-05-21,19.1,21.4,16.6,73,89,60
2001-05-22,20.5,25.2,16.0,68,84,53
2001-05-23,20.8,26.7,15.6,76,95,53
2001-05-24,18.0,20.2,15.9,70,83,57
2001-05-25,18.1,20.8,15.1,72,89,57
2001-05-26,19.6,25.3,14.2,75,97,52
2001-05-27,19.5,22.6,16.8,82,95,64
2001-05-28,22.2,27.7,16.8,63,88,35
2001-05-29,24.1,29.6,18.6,56,73,40
2001-05-30,25.3,31.4,18.8,58,78,36
2001-05-31,25.1,30.0,20.7,64,81,44
2001-06-01,25.8,31.0,21.0,58,87,34
2001-06-02,21.4,25.1,18.2,60,82,43
2001-06-03,21.3,24.9,18.3,74,89,58
2001-06-04,20.9,25.8,16.0,61,95,27
2001-06-05,18.4,22.9,14.4,41,56,28
2001-06-06,19.6,25.2,14.3,46,69,28
2001-06-07,20.5,25.4,15.3,61,83,39
2001-06-08,21.0,26.2,15.5,61,83,39
2001-06-09,22.7,28.0,17.2,61,87,36
2001-06-10,23.8,29.3,18.0,59,83,37
2001-06-11,26.0,32.2,19.1,58,83,36
2001-06-12,28.1,33.8,21.4,55,81,35
2001-06-13,24.9,27.8,21.8,68,82,57
2001-06-14,24.3,28.1,21.8,68,83,51
2001-06-15,23.3,27.7,19.7,53,86,28
2001-06-16,24.0,29.6,18.2,45,64,27
2001-06-17,23.5,28.1,18.2,60,83,38
2001-06-18,24.3,29.0,20.2,64,84,41
2001-06-19,22.3,26.9,16.4,57,89,32
2001-06-20,21.8,25.7,17.9,53,68,38
2001-06-21,21.7,25.6,16.9,58,82,39
2001-06-22,23.6,28.9,17.4,58,83,35
2001-06-23,25.7,31.4,20.3,53,82,26
2001-06-24,26.0,31.2,19.9,49,74,28
2001-06-25,25.9,31.7,20.3,38,56,23
2001-06-26,25.9,31.0,20.2,37,57,21
2001-06-27,25.7,31.5,19.0,45,74,23
2001-06-28,26.6,33.3,19.3,46,74,19
2001-06-29,26.3,32.0,20.8,55,84,28
2001-06-30,25.8,30.1,20.3,58,80,39
2001-07-01,25.9,29.4,21.5,58,78,41
2001-07-02,22.9,25.8,20.0,76,91,60
2001-07-03,23.2,27.6,19.1,71,93,45
2001-07-04,24.0,28.1,19.1,63,83,44
2001-07-05,25.6,30.7,19.9,64,86,40
2001-07-06,27.4,32.2,21.0,53,81,33
2001-07-07,26.2,30.8,21.9,57,80,37
2001-07-08,26.9,32.3,21.4,59,88,31
2001-07-09,29.2,35.4,23.1,51,77,27
2001-07-10,29.1,34.3,22.8,54,79,29
2001-07-11,27.8,31.4,24.0,59,79,40
2001-07-12,27.0,31.1,23.2,66,84,46
2001-07-13,27.9,32.3,23.4,63,89,40
2001-07-14,28.8,33.4,24.2,57,80,37
2001-07-15,29.7,34.5,25.6,51,69,32
2001-07-16,29.4,34.3,25.1,57,78,33
2001-07-17,29.3,34.3,24.1,59,86,33
2001-07-18,29.5,34.6,24.9,44,75,22
2001-07-19,28.3,33.3,23.4,51,76,33
2001-07-20,28.3,33.2,22.9,58,85,37
2001-07-21,27.9,31.8,23.8,47,77,25
2001-07-22,25.4,29.7,20.5,40,57,27
2001-07-23,25.7,30.1,20.9,45,66,30
2001-07-24,26.4,31.4,20.3,50,74,31
2001-07-25,28.4,33.6,21.7,46,70,28
2001-07-26,28.7,33.9,23.0,49,72,30
2001-07-27,29.2,35.1,21.7,49,83,22
2001-07-28,29.9,35.3,24.4,41,63,24
2001-07-29,29.9,34.9,24.3,36,50,25
2001-07-30,29.9,34.4,24.6,42,60,26
2001-07-31,27.5,32.9,22.7,60,84,37
2001-08-01,28.6,33.6,22.7,54,82,29
2001-08-02,29.1,34.5,23.4,50,73,27
2001-08-03,27.9,31.4,24.7,62,80,48
2001-08-04,27.6,31.9,23.8,64,84,46
2001-08-05,27.5,32.4,22.6,66,87,44
2001-08-06,28.9,35.1,23.5,61,87,34
2001-08-07,28.7,33.8,24.0,65,88,42
2001-08-08,29.6,35.0,24.3,58,84,36
2001-08-09,30.9,36.6,24.9,51,77,29
2001-08-10,31.7,37.9,25.7,47,75,24
2001-08-11,30.2,35.2,25.5,50,70,29
2001-08-12,26.3,29.7,20.3,61,84,45
2001-08-13,23.5,28.7,19.4,60,80,42
2001-08-14,24.9,29.6,20.7,58,73,41
2001-08-15,26.4,30.3,22.3,61,82,45
2001-08-16,26.7,31.1,22.2,57,78,36
2001-08-17,26.8,31.2,23.2,58,75,36
2001-08-18,26.2,29.8,22.7,63,85,43
2001-08-19,26.4,30.5,22.1,60,83,37
2001-08-20,27.8,33.2,22.8,54,76,29
2001-08-21,27.7,33.0,22.1,55,82,30
2001-08-22,27.8,33.4,22.5,56,80,28
2001-08-23,26.1,31.8,21.1,64,87,36
2001-08-24,26.3,30.2,22.8,64,82,45
2001-08-25,26.7,31.3,21.3,62,87,38
2001-08-26,27.2,31.7,23.3,61,80,39
2001-08-27,26.3,30.0,23.3,67,85,47
2001-08-28,27.0,32.6,22.2,63,87,30
2001-08-29,27.2,32.4,22.0,59,79,34
2001-08-30,26.0,30.4,22.6,48,77,25
2001-08-31,23.7,26.7,20.2,68,89,49
2001-09-01,24.3,28.2,19.9,68,87,50
2001-09-02,26.0,31.3,21.6,67,91,37
2001-09-03,24.8,28.2,21.5,50,82,29
2001-09-04,23.1,28.4,17.7,48,70,26
2001-09-05,23.7,28.5,18.9,67,88,41
2001-09-06,22.2,26.9,17.2,63,95,33
2001-09-07,21.8,25.9,17.1,52,75,35
2001-09-08,22.0,26.3,17.5,46,64,30
2001-09-09,23.2,28.2,17.0,55,86,30
2001-09-10,24.6,28.8,20.8,59,78,38
2001-09-11,23.7,28.0,19.1,54,87,25
2001-09-12,20.3,25.0,15.8,40,54,25
2001-09-13,21.2,26.6,15.1,48,82,22
2001-09-14,20.9,25.5,15.3,62,91,39
2001-09-15,21.2,26.3,15.3,67,98,37
2001-09-16,22.0,27.5,16.4,67,94,36
2001-09-17,22.7,28.2,17.7,66,97,31
2001-09-18,23.0,28.6,17.4,65,94,38
2001-09-19,23.8,30.0,18.1,65,93,35
2001-09-20,25.4,31.3,18.9,49,82,20
2001-09-21,22.4,25.9,18.9,73,87,49
2001-09-22,22.2,25.4,18.7,81,97,66
2001-09-23,22.5,26.2,18.8,79,97,56
2001-09-24,23.4,28.9,17.8,77,100,50
2001-09-25,26.0,32.8,20.5,60,91,30
2001-09-26,24.4,29.9,18.9,52,77,29
2001-09-27,19.3,23.2,15.4,65,94,43
2001-09-28,18.5,23.1,14.3,59,79,37
2001-09-29,19.9,25.3,14.6,62,92,31
2001-09-30,19.7,25.1,13.2,71,99,44
2001-10-01,20.3,24.2,16.3,75,95,51
2001-10-02,21.1,26.9,15.2,71,98,42
2001-10-03,21.7,27.7,15.2,68,95,39
2001-10-04,22.0,28.6,14.9,68,97,34
2001-10-05,22.6,29.4,15.8,67,95,35
2001-10-06,22.3,27.3,17.1,72,97,44
2001-10-07,21.6,26.2,17.3,79,97,54
2001-10-08,20.8,23.8,18.1,83,96,63
2001-10-09,20.7,25.4,16.6,79,100,52
2001-10-10,21.6,27.3,15.5,75,99,44
2001-10-11,22.7,29.5,15.7,67,97,33
2001-10-12,22.0,26.4,17.8,51,70,29
2001-10-13,19.9,23.4,17.4,68,84,47
2001-10-14,19.3,23.1,15.6,69,94,45
2001-10-15,18.8,23.4,14.6,70,94,41
2001-10-16,18.7,24.3,12.5,70,100,38
2001-10-17,19.0,23.6,14.9,69,89,44
2001-10-18,17.7,20.3,15.7,78,92,63
2001-10-19,16.9,21.5,13.2,83,100,55
2001-10-20,16.9,22.6,12.7,84,100,53
2001-10-21,17.3,22.5,12.9,81,100,52
2001-10-22,19.6,25.9,13.8,74,98,44
2001-10-23,19.6,23.7,15.4,49,66,31
2001-10-24,17.5,22.4,12.4,58,80,31
2001-10-25,13.4,15.9,11.7,80,84,74
2001-10-26,11.7,14.2,9.9,56,72,36
2001-10-27,11.5,15.9,7.3,60,85,34
2001-10-28,12.1,17.5,7.2,60,82,34
2001-10-29,12.0,17.8,6.1,65,96,35
2001-10-30,15.2,22.0,9.7,58,77,34
2001-10-31,16.5,23.3,11.4,62,78,39
2001-11-01,15.7,20.9,9.7,75,99,49
2001-11-02,12.3,15.0,9.9,53,91,33
2001-11-03,10.0,12.7,7.0,41,57,27
2001-11-04,8.2,10.5,4.9,46,60,36
2001-11-05,11.8,16.0,9.5,45,57,37
2001-11-06,12.0,18.0,6.2,56,79,28
2001-11-07,14.4,19.1,11.4,75,90,54
2001-11-08,13.5,19.0,9.1,78,92,53
2001-11-09,13.9,19.9,9.0,82,100,53
2001-11-10,14.7,20.7,9.4,81,96,55
2001-11-11,13.9,17.7,9.1,86,96,71
2001-11-12,16.2,19.4,14.1,85,95,67
2001-11-13,15.5,18.8,13.3,87,96,74
2001-11-14,16.4,20.1,13.2,80,92,63
2001-11-15,12.2,14.6,9.2,66,91,47
2001-11-16,11.2,15.4,8.1,52,61,43
2001-11-17,9.3,12.3,6.6,49,69,35
2001-11-18,7.1,10.7,4.1,75,88,60
2001-11-19,7.6,12.9,3.1,81,97,60
2001-11-20,9.1,12.8,6.8,64,85,43
2001-11-21,6.2,9.9,3.0,52,67,36
2001-11-22,5.0,10.0,1.1,64,81,39
2001-11-23,3.4,5.3,0.7,89,94,76
2001-11-24,3.6,4.5,2.2,73,94,51
2001-11-25,4.0,8.0,0.5,49,63,29
2001-11-26,4.3,9.2,-0.7,57,79,41
2001-11-27,6.1,12.4,-0.2,63,88,44
2001-11-28,6.4,12.7,1.5,81,93,64
2001-11-29,7.6,11.6,4.8,79,97,59
2001-11-30,6.3,9.5,4.2,59,70,44
2001-12-01,4.8,6.9,3.5,77,94,62
2001-12-02,5.1,8.3,2.5,58,65,49
2001-12-03,6.0,9.2,3.5,59,68,49
2001-12-04,5.9,9.5,2.2,61,76,48
2001-12-05,4.8,9.3,0.9,74,92,54
2001-12-06,4.3,7.1,2.1,77,92,55
2001-12-07,3.7,6.5,1.1,74,91,52
2001-12-08,2.8,4.1,1.5,53,77,40
2001-12-09,1.6,3.2,0.1,52,81,45
2001-12-10,1.4,5.1,-1.5,67,83,44
2001-12-11,0.6,4.2,-2.1,68,82,43
2001-12-12,0.6,3.2,-0.7,65,78,43
2001-12-13,0.8,2.9,-1.4,78,92,64
2001-12-14,1.3,4.1,-0.8,83,93,63
2001-12-15,-1.0,0.9,-3.3,91,96,84
2001-12-16,0.1,1.1,-2.4,93,96,87
2001-12-17,-3.6,-2.8,-5.0,82,87,77
2001-12-18,-4.0,-2.5,-5.9,70,84,57
2001-12-19,-6.2,-1.7,-10.5,65,76,58
2001-12-20,-2.0,2.3,-5.2,60,73,45
2001-12-21,-2.5,1.0,-5.7,67,82,43
2001-12-22,-2.2,4.7,-4.9,66,82,38
2001-12-23,-0.1,8.3,-5.4,79,96,62
2001-12-24,1.4,3.8,-0.1,93,97,88
2001-12-25,0.1,2.8,-2.9,82,95,63
2001-12-26,-2.8,2.7,-8.0,77,85,68
2001-12-27,1.2,4.5,-0.5,90,98,83
2001-12-28,1.0,4.0,-3.6,79,96,61
2001-12-29,-0.7,6.4,-5.1,66,79,46
2001-12-30,-0.2,4.1,-3.7,87,100,77
2001-12-31,4.1,11.6,-0.9,89,98,70
2002-01-01,1.2,4.8,-2.4,63,92,47
2002-01-02,-2.8,1.4,-5.8,53,60,42
2002-01-03,-2.5,1.9,-7.2,50,59,45
2002-01-04,-4.2,-2.0,-6.2,54,58,50
2002-01-05,-4.8,-1.7,-7.2,54,62,48
2002-01-06,-4.5,1.4,-9.9,59,72,50
2002-01-07,-0.7,5.5,-4.8,62,71,46
2002-01-08,1.0,6.6,-2.7,70,82,60
2002-01-09,0.9,6.3,-3.0,74,84,58
2002-01-10,2.7,7.9,-1.3,66,80,46
2002-01-11,1.8,8.1,-2.8,68,84,45
2002-01-12,1.6,9.3,-3.5,63,82,35
2002-01-13,2.1,8.7,-3.2,64,82,38
2002-01-14,1.9,5.5,-0.3,87,95,74
2002-01-15,2.9,6.4,0.4,85,95,68
2002-01-16,3.2,6.2,0.8,87,92,76
2002-01-17,5.1,7.7,3.2,90,95,80
2002-01-18,6.0,7.7,4.8,95,97,94
2002-01-19,5.4,6.9,2.7,90,97,81
2002-01-20,3.9,9.9,-1.9,76,90,56
2002-01-21,4.7,10.7,0.3,70,82,49
2002-01-22,7.2,14.6,1.8,68,78,52
2002-01-23,7.5,13.7,2.4,76,91,58
2002-01-24,6.3,12.1,1.8,86,98,68
2002-01-25,7.8,12.0,4.6,92,98,76
2002-01-26,7.7,13.5,2.0,86,99,65
2002-01-27,6.8,12.8,1.6,83,99,59
2002-01-28,9.1,16.9,3.0,71,89,48
2002-01-29,10.2,18.3,4.2,74,88,51
2002-01-30,10.1,17.6,3.0,68,91,44
2002-01-31,10.4,17.6,4.9,68,85,45
2002-02-01,9.5,16.1,5.4,71,85,48
2002-02-02,8.5,14.8,3.5,81,98,58
2002-02-03,9.6,15.9,3.1,74,92,51
2002-02-04,8.9,14.9,3.0,69,88,46
2002-02-05,7.8,13.2,3.1,76,87,56
2002-02-06,7.9,13.8,2.8,81,98,57
2002-02-07,9.1,15.6,2.6,82,97,57
2002-02-08,10.5,15.8,6.2,77,92,55
2002-02-09,10.4,17.0,3.7,72,92,46
2002-02-10,9.6,15.5,5.2,73,87,48
2002-02-11,9.4,13.9,5.7,62,89,36
2002-02-12,9.5,16.4,2.6,57,81,38
2002-02-13,11.8,19.1,6.1,55,70,33
2002-02-14,12.1,18.8,6.8,57,76,36
2002-02-15,9.8,15.0,4.6,77,90,65
2002-02-16,8.0,9.4,6.4,73,87,59
2002-02-17,7.7,11.6,3.7,79,94,63
2002-02-18,8.5,12.9,4.5,78,97,54
2002-02-19,9.3,14.8,5.0,80,91,61
2002-02-20,11.2,16.1,8.4,75,95,40
2002-02-21,10.4,14.0,7.7,81,97,57
2002-02-22,10.4,16.6,5.2,75,99,45
2002-02-23,10.1,15.1,5.5,76,91,55
2002-02-24,11.0,16.9,4.1,74,99,44
2002-02-25,8.0,11.7,4.5,47,75,25
2002-02-26,8.7,13.8,3.4,51,75,31
2002-02-27,9.9,16.5,4.6,65,79,43
2002-02-28,11.4,18.0,6.3,72,87,49
2002-03-01,12.6,20.2,7.0,69,89,38
2002-03-02,13.5,20.5,7.6,69,93,40
2002-03-03,14.6,21.8,9.3,60,82,29
2002-03-04,15.4,22.0,10.3,58,80,33
2002-03-05,12.9,17.6,8.4,77,98,50
2002-03-06,13.8,19.8,9.4,68,87,40
2002-03-07,15.3,22.8,9.1,65,84,34
2002-03-08,16.3,22.7,11.6,58,82,30
2002-03-09,13.5,16.7,11.0,57,77,32
2002-03-10,9.9,11.6,8.1,82,93,62
2002-03-11,10.0,11.7,7.3,90,93,85
2002-03-12,7.8,9.8,6.1,85,90,78
2002-03-13,10.8,15.2,6.4,73,88,52
2002-03-14,11.9,16.6,7.3,77,93,57
2002-03-15,11.7,17.3,5.5,85,100,63
2002-03-16,12.7,19.3,7.5,83,100,57
2002-03-17,10.7,11.8,9.4,78,89,70
2002-03-18,9.5,11.5,7.3,74,90,67
2002-03-19,9.8,15.1,4.6,83,100,63
2002-03-20,13.7,20.0,8.6,71,93,45
2002-03-21,15.8,21.9,9.5,61,82,39
2002-03-22,13.9,19.4,8.6,81,95,58
2002-03-23,10.6,13.4,8.9,63,88,35
2002-03-24,7.5,9.9,5.6,63,82,48
2002-03-25,8.5,12.3,5.9,54,64,41
2002-03-26,9.1,14.3,4.8,58,75,44
2002-03-27,8.8,13.2,4.8,63,87,45
2002-03-28,8.6,13.0,4.9,77,96,54
2002-03-29,9.7,15.0,3.1,67,96,36
2002-03-30,8.3,11.0,5.3,79,93,66
2002-03-31,8.5,13.9,2.5,77,100,46
2002-04-01,11.2,17.3,4.1,63,89,36
2002-04-02,13.0,19.5,6.8,60,81,33
2002-04-03,12.6,18.3,7.3,66,86,38
2002-04-04,11.9,14.6,10.1,77,90,57
2002-04-05,9.5,12.2,7.7,83,93,70
2002-04-06,11.6,15.2,8.3,82,96,66
2002-04-07,11.8,17.0,6.5,67,93,45
2002-04-08,8.8,12.5,4.3,55,81,34
2002-04-09,10.5,13.6,7.1,72,91,59
2002-04-10,11.3,15.8,6.4,64,87,43
2002-04-11,12.3,15.5,8.7,71,85,56
2002-04-12,10.2,11.8,8.1,85,93,76
2002-04-13,12.6,16.4,9.3,85,97,70
2002-04-14,14.7,20.6,9.5,85,100,62
2002-04-15,15.4,19.9,11.4,87,99,69
2002-04-16,16.0,20.5,12.4,84,97,62
2002-04-17,13.5,14.3,12.8,93,96,87
2002-04-18,12.7,14.0,11.3,88,97,74
2002-04-19,14.1,19.5,7.7,74,96,45
2002-04-20,15.6,20.7,8.8,66,89,43
2002-04-21,14.7,18.5,11.3,75,93,52
2002-04-22,14.5,18.5,10.3,74,88,53
2002-04-23,15.2,19.8,11.2,77,95,57
2002-04-24,13.9,18.5,8.4,77,99,49
2002-04-25,14.1,17.3,11.7,75,87,58
2002-04-26,14.4,18.6,9.3,79,100,56
2002-04-27,15.3,19.3,10.3,78,100,56
2002-04-28,16.2,19.7,13.0,71,89,51
2002-04-29,16.8,21.1,11.7,73,97,54
2002-04-30,18.3,23.3,13.0,72,97,45
2002-05-01,18.2,23.7,13.9,73,94,42
2002-05-02,18.2,22.9,13.7,72,92,48
2002-05-03,18.9,23.2,15.3,66,88,45
2002-05-04,19.0,23.0,15.8,68,85,49
2002-05-05,18.1,21.2,15.3,64,83,50
2002-05-06,17.5,20.7,14.6,67,86,53
2002-05-07,17.9,21.7,14.1,65,87,47
2002-05-08,17.1,20.6,14.3,69,86,53
2002-05-09,18.2,23.3,13.1,67,93,41
2002-05-10,17.7,21.1,13.9,66,87,49
2002-05-11,18.1,21.9,14.7,62,84,45
2002-05-12,18.9,23.3,15.4,65,87,44
2002-05-13,18.7,21.6,15.8,67,87,50
2002-05-14,19.8,24.7,15.1,63,84,42
2002-05-15,20.5,25.1,15.7,66,86,46
2002-05-16,20.7,25.6,15.1,67,85,47
2002-05-17,21.1,24.9,17.4,67,87,48
2002-05-18,22.2,27.0,18.4,62,82,42
2002-05-19,23.2,28.4,18.8,64,84,39
2002-05-20,22.2,26.3,19.2,68,86,45
2002-05-21,20.3,23.3,17.8,72,85,58
2002-05-22,18.2,20.7,15.5,75,90,60
2002-05-23,19.4,23.4,15.4,69,85,54
2002-05-24,20.0,24.7,15.2,72,97,51
2002-05-25,21.6,25.1,18.8,64,78,49
2002-05-26,19.7,22.1,16.8,67,83,51
2002-05-27,19.5,23.3,14.9,67,86,48
2002-05-28,21.6,25.6,17.9,64,82,44
2002-05-29,20.4,24.5,17.4,58,82,32
2002-05-30,19.5,22.8,16.1,64,77,49
2002-05-31,21.3,26.4,17.3,55,78,31
2002-06-01,21.5,26.8,14.9,56,88,32
2002-06-02,21.6,27.2,15.1,53,75,32
2002-06-03,20.9,24.7,16.8,55,78,35
2002-06-04,21.2,26.5,15.1,57,81,33
2002-06-05,23.2,28.1,18.6,58,82,33
2002-06-06,24.3,29.3,19.9,60,83,39
2002-06-07,24.7,30.4,17.8,61,91,34
2002-06-08,25.9,31.3,19.9,56,87,32
2002-06-09,25.6,31.1,19.5,61,86,39
2002-06-10,23.6,28.0,19.3,54,85,29
2002-06-11,22.2,26.6,17.9,49,63,37
2002-06-12,23.9,29.5,18.2,50,69,32
2002-06-13,24.3,29.0,19.5,60,80,41
2002-06-14,25.1,29.7,21.1,61,80,43
2002-06-15,27.2,33.0,20.9,54,79,31
2002-06-16,26.9,31.4,22.2,58,76,40
2002-06-17,28.7,34.3,22.8,55,83,33
2002-06-18,27.3,30.8,23.9,54,76,39
2002-06-19,25.0,28.0,22.1,61,83,44
2002-06-20,26.4,30.5,23.2,52,76,34
2002-06-21,27.1,32.6,22.9,52,75,30
2002-06-22,28.1,33.9,22.4,51,76,29
2002-06-23,30.3,37.2,22.9,46,76,19
2002-06-24,30.7,36.0,24.5,44,64,26
2002-06-25,29.4,34.0,24.8,53,78,29
2002-06-26,26.5,29.7,23.4,59,74,46
2002-06-27,23.2,26.2,20.7,78,91,62
2002-06-28,24.1,28.2,20.1,71,97,50
2002-06-29,25.8,31.0,20.8,64,86,42
2002-06-30,25.6,30.1,21.7,66,85,48
2002-07-01,23.1,26.7,19.8,79,91,65
2002-07-02,24.9,28.2,21.7,73,90,57
2002-07-03,26.2,30.6,22.0,66,93,43
2002-07-04,26.7,30.8,23.1,63,85,41
2002-07-05,28.5,33.6,23.9,58,74,39
2002-07-06,28.7,32.6,24.0,56,81,39
2002-07-07,28.1,31.9,23.6,55,75,40
2002-07-08,26.7,31.4,21.3,59,87,39
2002-07-09,28.2,33.3,22.8,52,74,32
2002-07-10,29.2,34.5,24.2,53,77,30
2002-07-11,30.1,36.6,22.7,52,84,25
2002-07-12,31.1,36.4,24.5,45,70,25
2002-07-13,29.7,34.0,26.0,54,74,36
2002-07-14,29.3,33.3,26.0,55,77,38
2002-07-15,30.3,36.1,24.4,55,81,32
2002-07-16,30.5,35.4,25.9,56,78,34
2002-07-17,30.2,35.3,25.1,43,72,20
2002-07-18,29.3,33.5,24.8,41,57,27
2002-07-19,29.1,33.7,24.7,45,71,28
2002-07-20,28.2,31.7,23.9,58,80,41
2002-07-21,28.5,33.9,22.6,46,75,25
2002-07-22,30.0,36.5,23.0,36,56,17
2002-07-23,29.3,33.5,25.1,38,62,25
2002-07-24,27.8,33.2,22.1,42,65,24
2002-07-25,25.3,27.8,22.6,69,84,54
2002-07-26,25.5,30.4,21.2,60,82,37
2002-07-27,21.4,24.3,19.6,86,94,71
2002-07-28,20.9,23.9,19.2,88,96,73
2002-07-29,22.2,26.0,18.9,82,96,67
2002-07-30,23.9,27.5,19.7,76,94,58
2002-07-31,24.3,27.6,20.2,79,95,65
2002-08-01,25.3,29.4,21.1,73,93,49
2002-08-02,27.0,32.2,21.7,64,88,40
2002-08-03,28.1,33.9,21.8,57,74,36
2002-08-04,28.4,34.3,22.2,60,78,38
2002-08-05,29.2,33.9,25.6,62,80,38
2002-08-06,28.6,33.7,23.1,59,84,33
2002-08-07,27.3,31.9,23.2,66,93,42
2002-08-08,25.6,30.5,20.9,53,71,34
2002-08-09,25.7,30.2,21.0,56,72,39
2002-08-10,25.3,29.1,21.4,75,91,58
2002-08-11,26.5,31.2,21.7,71,93,47
2002-08-12,26.8,31.1,22.6,67,88,47
2002-08-13,25.6,31.3,20.1,55,86,30
2002-08-14,26.1,30.4,21.8,44,59,30
2002-08-15,25.1,29.5,20.6,49,65,36
2002-08-16,25.3,29.8,20.9,51,69,35
2002-08-17,25.1,29.1,21.0,55,74,39
2002-08-18,23.7,28.0,20.9,71,86,47
2002-08-19,24.4,29.1,19.7,67,90,42
2002-08-20,23.9,27.8,20.5,69,88,47
2002-08-21,23.0,26.8,19.6,74,90,56
2002-08-22,23.8,27.9,19.7,73,93,53
2002-08-23,24.7,29.3,19.8,72,96,47
2002-08-24,25.1,29.5,21.3,72,91,51
2002-08-25,25.3,29.7,20.7,69,90,48
2002-08-26,25.6,28.6,23.3,63,81,43
2002-08-27,24.1,27.3,20.7,64,82,47
2002-08-28,23.6,27.1,20.1,65,87,45
2002-08-29,22.2,25.0,19.8,72,84,60
2002-08-30,21.4,25.2,18.2,76,94,56
2002-08-31,22.0,26.2,19.1,72,89,50
2002-09-01,21.7,26.3,17.7,76,94,52
2002-09-02,22.4,26.0,18.6,72,94,50
2002-09-03,22.9,26.8,18.6,67,86,48
2002-09-04,23.2,27.3,19.4,67,84,47
2002-09-05,22.6,25.3,20.2,76,88,59
2002-09-06,22.6,26.7,18.0,74,98,49
2002-09-07,22.6,26.8,18.3,74,95,52
2002-09-08,21.9,26.1,18.4,76,93,53
2002-09-09,22.4,27.2,18.0,70,86,48
2002-09-10,22.8,26.3,19.1,71,91,49
2002-09-11,22.8,27.4,18.0,66,89,41
2002-09-12,21.9,26.5,17.2,64,84,38
2002-09-13,20.8,23.7,18.6,64,80,47
2002-09-14,19.2,23.0,17.4,71,83,46
2002-09-15,17.7,20.5,15.6,82,94,66
2002-09-16,18.7,23.4,14.6,69,95,38
2002-09-17,18.6,23.4,13.4,55,73,35
2002-09-18,19.8,24.4,14.6,60,82,35
2002-09-19,20.4,26.1,13.9,64,93,34
2002-09-20,20.4,25.8,14.2,75,98,50
2002-09-21,20.9,25.6,16.2,80,100,56
2002-09-22,21.8,26.1,18.0,82,96,61
2002-09-23,22.0,25.1,19.6,84,98,64
2002-09-24,22.0,26.1,18.8,82,98,60
2002-09-25,22.0,25.3,18.6,81,94,63
2002-09-26,21.3,24.9,18.1,80,97,58
2002-09-27,18.5,22.2,15.4,66,91,43
2002-09-28,16.6,19.0,13.6,76,91,64
2002-09-29,16.3,18.7,14.2,83,90,72
2002-09-30,16.7,21.0,13.2,78,92,56
2002-10-01,14.8,17.3,13.1,77,94,59
2002-10-02,15.2,19.4,11.4,64,80,45
2002-10-03,15.5,20.0,10.5,73,97,48
2002-10-04,16.2,20.8,12.1,75,93,55
2002-10-05,16.5,21.5,11.6,81,99,56
2002-10-06,16.1,18.0,14.3,94,97,87
2002-10-07,17.5,21.8,14.0,79,97,53
2002-10-08,17.3,21.5,13.7,73,86,54
2002-10-09,17.5,22.1,13.2,77,96,51
2002-10-10,17.9,21.7,14.7,85,98,67
2002-10-11,19.3,23.3,16.1,89,97,73
2002-10-12,19.1,20.6,17.7,94,96,88
2002-10-13,17.8,20.4,16.2,92,98,80
2002-10-14,17.6,20.6,15.7,80,97,59
2002-10-15,16.9,20.6,13.4,76,88,57
2002-10-16,17.3,21.1,13.5,86,100,65
2002-10-17,16.8,21.0,13.1,89,100,72
2002-10-18,17.5,22.2,14.0,88,100,69
2002-10-19,17.7,22.2,14.1,84,99,62
2002-10-20,15.7,19.1,12.9,65,95,44
2002-10-21,14.3,19.1,9.8,67,84,43
2002-10-22,14.5,19.2,10.2,85,97,69
2002-10-23,15.2,20.3,11.1,89,100,74
2002-10-24,17.0,23.2,12.5,86,100,61
2002-10-25,16.2,20.2,12.6,71,89,51
2002-10-26,15.7,19.3,11.4,82,99,64
2002-10-27,15.9,21.2,10.7,75,100,49
2002-10-28,15.8,22.0,10.3,65,96,42
2002-10-29,12.9,15.5,10.7,44,51,33
2002-10-30,11.1,15.7,6.5,56,79,34
2002-10-31,11.9,18.5,5.8,67,93,39
2002-11-01,12.4,17.3,7.6,76,96,57
2002-11-02,11.9,17.3,7.0,79,99,55
2002-11-03,12.6,17.0,8.2,84,99,65
2002-11-04,12.8,17.6,8.5,88,100,69
2002-11-05,13.9,16.5,11.7,84,98,66
2002-11-06,8.4,11.3,7.4,84,91,65
2002-11-07,8.6,10.0,7.8,92,95,88
2002-11-08,10.6,14.0,8.6,80,94,64
2002-11-09,9.6,13.6,6.6,74,87,67
2002-11-10,9.5,13.2,5.1,76,98,59
2002-11-11,8.4,11.7,5.2,62,74,43
2002-11-12,9.1,16.2,3.9,70,90,45
2002-11-13,10.1,15.1,5.7,82,92,69
2002-11-14,12.0,17.3,8.3,87,95,71
2002-11-15,12.3,17.9,8.6,92,100,76
2002-11-16,12.5,17.4,9.4,93,100,77
2002-11-17,12.9,17.7,9.6,90,100,72
2002-11-18,11.8,17.2,8.3,86,100,65
2002-11-19,11.8,16.1,8.7,90,100,73
2002-11-20,12.0,16.2,9.4,90,100,70
2002-11-21,10.9,14.9,8.0,88,99,70
2002-11-22,12.8,16.1,10.6,89,95,76
2002-11-23,12.8,17.3,9.4,82,100,56
2002-11-24,11.5,16.7,7.8,70,82,51
2002-11-25,10.7,15.7,6.6,82,94,62
2002-11-26,10.6,15.3,6.9,88,99,71
2002-11-27,11.6,13.7,9.3,84,98,67
2002-11-28,11.6,14.8,8.1,80,97,59
2002-11-29,9.8,14.0,6.0,87,100,68
2002-11-30,10.7,14.2,8.3,89,95,77
2002-12-01,11.9,13.4,10.4,91,95,87
2002-12-02,11.0,11.8,10.4,87,92,81
2002-12-03,11.1,12.1,9.7,93,98,91
2002-12-04,12.5,15.9,8.8,93,98,87
2002-12-05,12.7,14.0,10.2,90,96,82
2002-12-06,11.2,14.3,9.2,91,97,79
2002-12-07,9.4,10.9,7.1,87,95,85
2002-12-08,4.0,6.4,2.9,94,99,88
2002-12-09,3.3,4.9,1.9,72,94,48
2002-12-10,2.0,4.2,-0.2,61,70,54
2002-12-11,3.4,5.7,1.3,73,84,66
2002-12-12,4.8,7.3,3.1,81,87,74
2002-12-13,4.0,4.7,2.9,87,96,77
2002-12-14,5.3,7.0,3.7,94,97,90
2002-12-15,6.5,7.8,5.5,84,91,76
2002-12-16,6.0,7.6,4.6,88,94,77
2002-12-17,5.7,7.7,4.0,87,96,74
2002-12-18,6.8,7.9,5.9,93,95,87
2002-12-19,5.2,6.9,2.9,77,95,54
2002-12-20,1.6,4.1,-0.7,57,72,44
2002-12-21,1.0,4.6,-1.2,67,80,47
2002-12-22,2.5,7.8,-0.7,67,77,47
2002-12-23,2.7,7.0,-0.0,81,91,70
2002-12-24,5.0,10.7,0.5,84,90,67
2002-12-25,5.1,6.7,3.9,87,91,83
2002-12-26,3.1,4.5,1.3,77,86,67
2002-12-27,3.4,7.0,1.2,84,92,73
2002-12-28,3.7,8.4,0.5,92,98,80
2002-12-29,6.5,9.8,4.3,95,99,91
2002-12-30,6.9,13.0,2.5,87,98,67
2002-12-31,6.7,12.2,2.4,89,98,74
2003-01-01,8.5,12.3,6.0,92,98,82
2003-01-02,6.4,9.1,3.7,85,94,74
2003-01-03,6.2,11.2,2.9,88,95,71
2003-01-04,8.6,15.1,4.6,89,98,72
2003-01-05,7.4,11.9,5.1,95,99,85
2003-01-06,8.5,13.8,4.1,85,98,59
2003-01-07,10.2,14.7,6.9,86,95,73
2003-01-08,9.5,13.7,6.6,85,98,60
2003-01-09,8.5,13.1,3.6,89,95,76
2003-01-10,12.1,15.9,9.7,89,98,71
2003-01-11,9.5,12.7,7.6,92,95,86
2003-01-12,1.6,7.2,-0.2,76,93,63
2003-01-13,0.3,1.8,-1.1,80,83,74
2003-01-14,-0.1,4.3,-4.8,70,82,51
2003-01-15,2.3,9.7,-2.4,73,83,59
2003-01-16,4.1,10.5,-0.4,81,94,61
2003-01-17,5.3,10.2,1.0,73,87,58
2003-01-18,6.0,7.6,4.4,84,90,77
2003-01-19,5.3,7.2,3.7,92,96,88
2003-01-20,7.5,10.8,4.3,86,97,68
2003-01-21,7.3,8.9,6.0,91,94,84
2003-01-22,8.3,10.9,6.5,93,98,84
2003-01-23,7.7,12.1,4.1,88,100,68
2003-01-24,7.4,10.7,3.3,90,97,79
2003-01-25,7.4,8.1,6.3,89,93,84
2003-01-26,6.4,8.7,4.2,88,98,70
2003-01-27,4.7,9.1,0.3,76,95,51
2003-01-28,3.7,8.4,-0.6,72,85,53
2003-01-29,5.5,10.3,0.1,78,94,64
2003-01-30,7.7,13.3,1.2,88,100,69
2003-01-31,8.1,11.3,6.2,86,97,68
2003-02-01,6.5,9.5,2.9,86,93,69
2003-02-02,5.0,7.0,3.0,70,90,55
2003-02-03,3.6,5.5,1.8,75,84,66
2003-02-04,5.1,9.0,1.0,81,92,64
2003-02-05,10.7,13.9,8.3,78,89,59
2003-02-06,6.7,9.7,4.1,71,89,50
2003-02-07,3.4,6.8,1.2,48,58,35
2003-02-08,1.5,5.5,-1.1,48,56,34
2003-02-09,1.9,6.2,-0.9,52,59,39
2003-02-10,2.0,5.8,-1.0,64,82,49
2003-02-11,2.0,5.3,-0.6,76,89,54
2003-02-12,1.8,4.5,-0.4,79,90,60
2003-02-13,1.1,2.3,0.4,86,94,76
2003-02-14,1.8,5.0,-1.1,76,92,53
2003-02-15,2.4,6.1,-1.1,71,87,53
2003-02-16,2.2,5.5,-0.8,74,89,61
2003-02-17,1.9,4.9,-0.3,73,85,52
2003-02-18,0.5,1.1,-0.7,83,92,75
2003-02-19,-0.5,3.8,-3.5,71,87,50
2003-02-20,-1.5,4.0,-7.4,64,74,51
2003-02-21,1.6,5.0,-1.6,67,81,55
2003-02-22,2.3,6.1,-1.4,72,91,52
2003-02-23,2.4,6.2,-1.2,72,95,40
2003-02-24,2.2,8.0,-2.1,60,77,40
2003-02-25,2.9,7.4,-1.7,64,86,42
2003-02-26,3.1,7.9,-0.9,70,87,50
2003-02-27,3.3,8.4,-1.2,81,97,61
2003-02-28,3.3,9.0,-1.6,81,98,57
2003-03-01,3.8,9.9,-1.8,82,98,63
2003-03-02,4.8,12.0,-1.1,82,99,54
2003-03-03,5.3,11.0,0.3,84,97,63
2003-03-04,5.7,10.4,1.7,82,99,56
2003-03-05,6.4,11.6,2.2,67,93,42
2003-03-06,5.7,10.7,0.1,76,95,55
2003-03-07,6.3,10.6,1.3,86,96,69
2003-03-08,7.4,10.3,5.1,85,96,71
2003-03-09,6.7,12.1,1.7,74,100,42
2003-03-10,7.8,13.1,2.5,72,93,46
2003-03-11,7.7,13.4,2.6,77,95,49
2003-03-12,8.2,14.1,2.4,85,100,64
2003-03-13,10.5,17.1,5.2,69,89,45
2003-03-14,7.3,10.6,3.0,49,66,31
2003-03-15,5.5,8.0,3.5,76,88,64
2003-03-16,6.2,9.9,2.2,71,96,46
2003-03-17,6.4,12.0,0.2,65,92,34
2003-03-18,7.0,13.3,1.7,57,83,34
2003-03-19,8.2,12.6,3.8,56,75,37
2003-03-20,7.8,13.6,1.8,64,83,40
2003-03-21,8.5,13.4,4.3,57,81,36
2003-03-22,4.4,7.8,0.8,51,67,34
2003-03-23,4.4,8.3,1.7,56,71,36
2003-03-24,4.8,10.9,-1.1,57,81,30
2003-03-25,8.2,15.6,2.4,62,82,34
2003-03-26,9.9,17.3,3.4,64,86,34
2003-03-27,9.5,15.8,3.7,72,89,48
2003-03-28,9.3,14.8,3.4,78,97,58
2003-03-29,9.6,14.4,4.6,80,100,58
2003-03-30,10.3,15.6,4.7,79,100,59
2003-03-31,12.0,17.9,5.5,80,100,58
2003-04-01,12.4,16.1,8.6,72,92,39
2003-04-02,10.2,14.1,6.1,69,86,52
2003-04-03,11.4,16.0,6.9,71,96,47
2003-04-04,12.9,17.8,7.9,73,97,49
2003-04-05,10.3,12.5,8.3,86,92,75
2003-04-06,9.1,14.6,3.2,56,86,33
2003-04-07,3.2,7.3,1.3,75,94,43
2003-04-08,1.5,6.1,-4.7,60,80,39
2003-04-09,6.0,10.4,2.6,51,73,38
2003-04-10,8.3,13.4,2.2,71,86,55
2003-04-11,11.5,16.6,7.3,78,90,63
2003-04-12,12.8,17.5,8.6,86,100,68
2003-04-13,11.7,15.8,7.9,82,100,62
2003-04-14,11.8,15.3,8.0,67,81,51
2003-04-15,13.4,20.1,6.5,67,85,44
2003-04-16,13.8,17.1,10.0,74,91,59
2003-04-17,13.1,15.7,11.1,76,90,60
2003-04-18,11.7,14.5,9.8,80,95,63
2003-04-19,12.4,16.2,8.4,69,96,44
2003-04-20,11.7,15.0,8.0,71,92,49
2003-04-21,11.7,15.6,8.0,68,92,46
2003-04-22,12.3,15.0,9.8,64,82,47
2003-04-23,12.6,17.6,7.6,66,89,42
2003-04-24,13.8,18.0,9.4,67,87,48
2003-04-25,13.6,19.0,8.4,68,90,40
2003-04-26,15.3,21.2,8.9,59,80,39
2003-04-27,14.3,18.3,9.7,67,89,48
2003-04-28,16.8,23.2,10.2,62,84,39
2003-04-29,17.0,22.6,10.5,71,91,52
2003-04-30,19.2,25.4,13.0,70,88,49
2003-05-01,20.7,26.9,14.6,70,86,49
2003-05-02,22.1,28.4,16.0,68,89,43
2003-05-03,23.4,29.4,17.9,63,81,40
2003-05-04,23.9,30.6,17.6,58,79,34
2003-05-05,22.8,26.5,19.1,68,83,52
2003-05-06,21.7,25.6,18.4,60,80,42
2003-05-07,20.5,23.9,17.0,62,81,50
2003-05-08,20.7,25.0,16.8,64,81,49
2003-05-09,22.0,28.1,16.9,62,82,39
2003-05-10,23.7,29.4,18.4,62,85,38
2003-05-11,23.8,29.3,17.9,62,90,33
2003-05-12,22.2,25.0,19.3,65,79,48
2003-05-13,22.5,27.5,17.6,62,83,40
2003-05-14,23.2,28.5,18.2,61,81,38
2003-05-15,23.8,29.0,19.3,63,80,39
2003-05-16,21.9,25.8,18.6,67,85,51
2003-05-17,20.5,24.9,16.3,77,94,57
2003-05-18,20.6,23.3,17.8,73,89,58
2003-05-19,20.2,24.3,17.1,75,90,57
2003-05-20,21.4,25.6,17.9,72,93,52
2003-05-21,21.6,24.6,18.1,66,88,49
2003-05-22,17.6,20.5,15.1,84,96,68
2003-05-23,16.5,19.8,14.1,85,93,73
2003-05-24,16.1,17.9,14.0,90,95,84
2003-05-25,17.5,21.4,13.7,84,98,65
2003-05-26,19.7,23.7,16.1,79,91,64
2003-05-27,19.7,23.6,15.7,84,100,63
2003-05-28,19.8,24.5,15.4,82,100,59
2003-05-29,20.9,24.4,16.9,79,99,61
2003-05-30,22.5,26.9,15.9,67,95,42
2003-05-31,20.7,23.0,17.3,75,94,62
2003-06-01,20.8,24.4,16.9,73,93,58
2003-06-02,22.0,26.4,17.8,70,85,57
2003-06-03,23.3,27.2,20.0,72,88,56
2003-06-04,23.1,27.2,18.2,75,100,53
2003-06-05,23.3,26.3,20.2,77,91,64
2003-06-06,23.3,26.9,19.4,75,95,60
2003-06-07,25.0,29.7,19.6,71,91,53
2003-06-08,26.2,30.4,20.7,70,92,50
2003-06-09,24.9,28.9,20.2,75,95,56
2003-06-10,25.2,28.5,21.4,70,88,52
2003-06-11,26.6,32.3,20.7,66,86,40
2003-06-12,27.9,31.9,24.2,65,84,47
2003-06-13,28.4,32.7,23.6,66,88,44
2003-06-14,27.6,31.0,23.9,69,88,53
2003-06-15,28.3,32.2,24.1,66,84,50
2003-06-16,26.8,29.0,23.9,71,82,60
2003-06-17,25.7,29.6,20.9,70,91,49
2003-06-18,23.6,26.1,21.3,70,89,54
2003-06-19,23.4,26.2,21.0,65,78,53
2003-06-20,22.4,25.6,19.7,76,87,63
2003-06-21,25.2,31.1,19.4,60,91,30
2003-06-22,24.9,30.0,19.8,47,71,30
2003-06-23,26.4,31.8,20.5,58,83,36
2003-06-24,27.7,33.5,22.5,64,86,41
2003-06-25,28.9,34.2,24.5,62,82,37
2003-06-26,27.9,32.8,22.7,54,74,30
2003-06-27,26.2,30.5,21.4,59,77,42
2003-06-28,26.5,30.1,23.1,62,80,45
2003-06-29,26.1,30.5,21.4,69,94,49
2003-06-30,25.4,30.7,20.3,72,96,45
2003-07-01,26.2,30.0,22.5,71,91,52
2003-07-02,27.1,31.6,22.8,70,92,50
2003-07-03,28.8,33.7,24.4,64,84,43
2003-07-04,29.6,35.2,23.0,57,85,28
2003-07-05,29.6,34.0,25.5,53,77,31
2003-07-06,26.1,30.8,21.4,43,60,26
2003-07-07,26.0,30.5,20.9,40,56,27
2003-07-08,25.7,30.2,21.2,37,54,22
2003-07-09,25.1,30.4,19.6,39,56,23
2003-07-10,25.6,30.7,18.8,42,63,28
2003-07-11,26.3,31.3,19.9,48,73,29
2003-07-12,25.5,30.5,20.1,42,64,25
2003-07-13,25.1,30.1,20.2,58,81,34
2003-07-14,26.2,31.3,20.3,53,88,30
2003-07-15,26.0,30.7,20.8,40,66,27
2003-07-16,27.4,33.4,21.6,49,71,25
2003-07-17,28.8,35.3,22.8,58,83,33
2003-07-18,29.0,33.4,24.1,59,84,37
2003-07-19,25.8,28.7,22.5,71,90,54
2003-07-20,25.2,29.1,20.7,70,92,49
2003-07-21,27.4,32.0,22.5,58,82,35
2003-07-22,27.4,31.4,23.8,64,82,45
2003-07-23,26.7,30.4,22.9,66,87,48
2003-07-24,27.1,31.8,22.4,63,87,42
2003-07-25,26.8,30.1,24.0,68,86,53
2003-07-26,25.4,28.5,22.8,74,89,59
2003-07-27,25.1,29.4,21.0,74,94,54
2003-07-28,27.1,30.2,23.9,62,79,47
2003-07-29,27.6,32.5,22.8,64,87,42
2003-07-30,26.9,30.1,23.0,67,87,51
2003-07-31,24.8,27.9,22.2,72,87,57
2003-08-01,24.2,26.7,20.1,79,94,65
2003-08-02,25.3,29.3,21.2,74,94,55
2003-08-03,26.6,30.6,23.0,66,83,48
2003-08-04,28.3,32.9,23.6,58,79,36
2003-08-05,27.9,32.0,24.7,62,78,42
2003-08-06,27.6,31.5,23.8,63,84,44
2003-08-07,27.7,30.1,24.5,61,82,48
2003-08-08,26.1,29.6,22.9,64,80,50
2003-08-09,25.1,29.6,20.7,71,91,49
2003-08-10,26.0,30.4,22.6,59,82,32
2003-08-11,26.7,32.7,21.4,54,77,28
2003-08-12,25.4,29.4,21.9,47,82,27
2003-08-13,25.1,31.8,18.2,63,98,29
2003-08-14,26.8,33.2,21.2,61,85,30
2003-08-15,28.0,34.0,22.8,61,82,36
2003-08-16,29.3,35.1,24.2,59,80,34
2003-08-17,29.3,33.9,25.3,60,83,38
2003-08-18,28.0,32.6,23.6,67,88,45
2003-08-19,27.7,32.3,23.6,69,92,48
2003-08-20,27.5,32.0,23.3,69,87,51
2003-08-21,26.8,31.7,21.9,66,86,42
2003-08-22,27.2,30.6,23.9,69,88,50
2003-08-23,27.3,31.4,23.9,69,90,47
2003-08-24,27.7,32.5,23.3,63,84,38
2003-08-25,29.1,34.9,23.3,57,83,27
2003-08-26,28.4,32.9,24.7,61,81,38
2003-08-27,27.2,31.7,22.6,61,85,38
2003-08-28,27.7,33.4,22.4,56,76,32
2003-08-29,28.0,33.1,22.8,61,87,34
2003-08-30,28.7,34.6,22.9,59,82,36
2003-08-31,30.0,37.4,23.3,55,83,26
2003-09-01,28.2,32.3,23.9,43,67,31
2003-09-02,25.8,29.0,22.3,55,79,40
2003-09-03,24.1,27.9,21.1,55,85,33
2003-09-04,21.4,24.8,18.2,33,44,18
2003-09-05,20.1,25.7,15.1,39,56,23
2003-09-06,20.8,26.2,15.3,44,62,25
2003-09-07,20.4,24.0,16.2,66,88,48
2003-09-08,19.6,24.0,16.2,74,91,46
2003-09-09,20.5,24.9,16.8,71,89,50
2003-09-10,21.2,24.9,18.3,82,97,69
2003-09-11,21.8,26.2,18.4,77,97,52
2003-09-12,21.7,26.0,18.8,63,75,45
2003-09-13,18.4,22.2,15.7,66,75,52
2003-09-14,18.0,21.4,14.7,67,87,48
2003-09-15,18.8,23.1,14.4,64,90,40
2003-09-16,18.4,23.5,13.4,64,82,39
2003-09-17,19.9,25.0,15.4,69,94,38
2003-09-18,20.8,26.4,15.2,64,93,33
2003-09-19,20.5,25.6,14.9,71,97,44
2003-09-20,20.1,23.9,15.9,79,96,59
2003-09-21,20.5,26.3,15.7,77,99,47
2003-09-22,22.0,28.6,14.4,63,97,32
2003-09-23,21.4,25.5,17.7,66,83,52
2003-09-24,20.4,26.5,14.8,77,100,46
2003-09-25,21.2,26.7,15.7,73,99,40
2003-09-26,19.8,23.1,17.0,70,91,51
2003-09-27,19.6,22.1,17.8,78,92,63
2003-09-28,18.9,23.5,14.7,82,100,57
2003-09-29,19.3,23.6,15.7,81,100,54
2003-09-30,20.3,24.8,15.5,78,99,53
2003-10-01,20.1,24.5,16.2,73,93,47
2003-10-02,20.1,24.3,16.0,80,98,53
2003-10-03,20.6,26.4,15.7,82,100,54
2003-10-04,21.1,26.2,16.5,81,99,57
2003-10-05,22.7,28.9,17.1,76,99,45
2003-10-06,22.1,26.3,18.6,69,91,41
2003-10-07,18.1,22.3,13.3,57,81,37
2003-10-08,19.7,24.3,14.1,74,95,57
2003-10-09,14.2,19.6,9.0,54,80,30
2003-10-10,15.2,18.9,12.6,53,75,31
2003-10-11,14.8,20.8,9.4,58,75,39
2003-10-12,17.4,23.7,10.4,65,95,38
2003-10-13,17.3,23.4,11.8,71,97,39
2003-10-14,17.0,19.7,14.3,82,92,69
2003-10-15,16.0,18.0,14.4,84,95,67
2003-10-16,13.6,14.5,12.8,89,93,81
2003-10-17,12.2,12.9,11.4,81,94,62
2003-10-18,11.1,13.6,9.1,73,93,57
2003-10-19,12.1,12.9,11.5,92,94,89
2003-10-20,15.4,19.5,11.5,84,96,68
2003-10-21,18.2,23.4,14.2,83,97,63
2003-10-22,19.6,25.2,14.3,80,97,58
2003-10-23,19.3,23.7,16.0,83,94,69
2003-10-24,18.5,22.3,15.2,88,98,72
2003-10-25,16.7,20.3,12.8,79,99,60
2003-10-26,13.9,17.4,11.4,68,81,48
2003-10-27,13.2,17.5,9.6,80,87,68
2003-10-28,10.6,13.1,7.9,63,78,47
2003-10-29,10.1,11.2,8.8,73,82,67
2003-10-30,11.4,13.4,9.9,86,93,74
2003-10-31,14.5,19.7,9.7,81,98,56
2003-11-01,14.8,20.3,9.8,77,97,55
2003-11-02,16.5,22.4,12.2,83,95,64
2003-11-03,17.4,21.2,15.2,89,98,69
2003-11-04,17.6,22.5,13.8,84,98,64
2003-11-05,13.7,15.5,12.1,81,87,75
2003-11-06,12.2,14.8,10.8,73,84,59
2003-11-07,11.5,15.4,7.5,73,91,50
2003-11-08,11.4,16.0,5.8,74,98,52
2003-11-09,10.9,15.2,6.7,73,93,49
2003-11-10,9.4,12.4,7.4,72,88,51
2003-11-11,7.5,9.8,4.9,59,71,41
2003-11-12,7.1,8.8,5.4,79,90,62
2003-11-13,8.4,10.1,7.1,86,91,78
2003-11-14,10.0,12.1,8.3,84,92,71
2003-11-15,10.9,12.6,9.5,83,90,71
2003-11-16,11.0,14.8,7.4,82,98,65
2003-11-17,9.9,14.7,6.0,89,99,74
2003-11-18,11.4,17.8,6.9,82,99,61
2003-11-19,11.9,17.9,7.2,71,89,52
2003-11-20,12.5,19.5,8.2,72,81,50
2003-11-21,12.1,18.2,7.1,78,91,57
2003-11-22,11.8,15.6,8.9,90,99,76
2003-11-23,11.5,15.8,8.9,88,99,70
2003-11-24,10.3,15.7,6.1,84,100,62
2003-11-25,10.2,14.8,7.1,91,100,76
2003-11-26,11.5,14.5,8.9,92,99,80
2003-11-27,13.0,15.6,10.4,90,97,82
2003-11-28,14.0,16.7,12.4,91,96,82
2003-11-29,13.6,15.0,12.3,96,98,91
2003-11-30,12.3,12.9,11.9,97,98,95
2003-12-01,12.4,14.1,11.5,90,96,79
2003-12-02,11.9,13.2,10.8,85,93,76
2003-12-03,11.1,12.2,10.3,85,91,78
2003-12-04,10.1,13.3,7.3,84,98,62
2003-12-05,7.3,12.5,3.5,78,99,52
2003-12-06,9.1,14.6,5.4,67,77,51
2003-12-07,5.3,8.5,2.5,80,94,60
2003-12-08,3.5,5.9,1.8,82,96,61
2003-12-09,3.0,7.2,-1.0,75,95,51
2003-12-10,3.4,7.1,-0.6,80,97,60
2003-12-11,5.6,9.5,2.5,79,91,63
2003-12-12,6.3,9.6,3.9,87,94,73
2003-12-13,8.8,12.1,6.2,90,96,78
2003-12-14,9.9,12.4,7.5,89,97,77
2003-12-15,8.5,10.6,5.8,90,97,83
2003-12-16,4.6,6.2,2.4,55,83,37
2003-12-17,2.9,6.1,0.9,47,57,34
2003-12-18,2.1,5.6,-0.3,57,68,43
2003-12-19,2.6,8.0,-0.8,74,87,56
2003-12-20,2.5,8.7,-1.1,85,97,60
2003-12-21,2.9,9.1,-0.8,84,96,64
2003-12-22,5.1,10.6,0.6,92,99,80
2003-12-23,8.7,10.8,4.7,92,97,78
2003-12-24,3.1,4.5,1.7,85,94,76
2003-12-25,2.0,2.6,1.5,90,92,87
2003-12-26,2.4,5.3,0.2,76,85,65
2003-12-27,3.4,8.1,-0.4,73,82,57
2003-12-28,1.6,7.2,-2.3,89,98,73
2003-12-29,4.8,9.9,1.0,91,97,80
2003-12-30,8.8,12.4,6.5,94,97,88
2003-12-31,8.8,11.7,6.5,94,97,84
2004-01-01,8.4,11.4,6.7,93,97,84
2004-01-02,7.8,10.4,6.1,92,96,80
2004-01-03,7.1,8.3,6.3,93,96,90
2004-01-04,4.5,6.5,2.5,85,94,73
2004-01-05,3.2,5.7,1.3,73,85,56
2004-01-06,0.5,2.6,-1.7,53,71,40
2004-01-07,-1.3,1.8,-3.3,49,61,42
2004-01-08,0.3,5.7,-2.8,61,78,42
2004-01-09,0.2,4.6,-2.7,74,87,48
2004-01-10,1.3,3.2,-0.3,87,95,81
2004-01-11,4.1,7.8,2.1,79,95,57
2004-01-12,2.1,6.5,-2.0,74,88,56
2004-01-13,2.9,8.2,-0.8,83,89,69
2004-01-14,5.5,11.9,0.7,87,95,74
2004-01-15,7.2,12.1,1.9,90,99,80
2004-01-16,5.8,10.2,2.4,68,84,44
2004-01-17,3.9,9.7,-0.5,73,86,57
2004-01-18,5.3,12.2,0.0,83,91,69
2004-01-19,6.9,13.1,2.2,90,97,73
2004-01-20,8.0,14.2,2.8,90,100,71
2004-01-21,7.1,10.3,3.2,85,100,61
2004-01-22,0.7,2.8,-1.6,62,73,47
2004-01-23,-2.7,-0.6,-4.4,47,51,42
2004-01-24,-1.9,1.5,-4.0,50,59,43
2004-01-25,-1.3,3.1,-4.1,56,70,45
2004-01-26,1.2,5.2,-1.7,69,81,52
2004-01-27,1.9,4.8,-0.7,84,96,71
2004-01-28,7.2,13.0,2.3,91,96,81
2004-01-29,10.3,12.4,7.8,83,96,61
2004-01-30,4.2,8.4,0.3,85,92,73
2004-01-31,3.8,8.4,0.4,64,79,47
2004-02-01,3.5,8.3,0.2,62,80,46
2004-02-02,6.0,13.8,0.5,61,70,47
2004-02-03,8.4,13.5,4.6,63,73,51
2004-02-04,7.7,12.8,3.1,74,90,48
2004-02-05,10.5,17.8,5.6,74,86,56
2004-02-06,12.5,20.7,6.3,67,81,47
2004-02-07,11.7,18.2,6.7,66,82,53
2004-02-08,10.4,16.1,3.2,71,93,52
2004-02-09,10.7,15.7,6.4,68,83,51
2004-02-10,5.9,9.1,3.4,49,67,30
2004-02-11,2.7,6.2,-0.5,51,70,29
2004-02-12,1.0,2.9,-1.4,49,77,28
2004-02-13,-2.5,-0.1,-4.9,33,40,25
2004-02-14,-0.8,4.3,-4.1,43,64,35
2004-02-15,2.7,9.6,-2.0,62,75,44
2004-02-16,4.4,9.1,-0.2,62,79,39
2004-02-17,3.4,8.2,-1.0,73,93,48
2004-02-18,2.6,7.5,-1.4,65,81,43
2004-02-19,3.6,10.0,-2.1,69,89,44
2004-02-20,5.4,10.3,1.1,80,89,70
2004-02-21,2.9,4.4,1.9,79,93,69
2004-02-22,2.3,4.1,0.9,76,86,71
2004-02-23,3.7,7.3,0.9,88,95,80
2004-02-24,7.7,13.3,3.2,86,96,66
2004-02-25,9.6,15.5,4.2,86,98,67
2004-02-26,10.1,15.8,4.5,87,96,70
2004-02-27,12.7,18.7,8.4,85,98,67
2004-02-28,11.6,16.4,4.4,77,99,60
2004-02-29,11.3,14.7,6.7,68,92,44
2004-03-01,10.0,14.5,5.8,61,86,45
2004-03-02,9.0,14.2,4.7,77,95,57
2004-03-03,7.2,9.9,4.3,71,81,65
2004-03-04,6.7,10.6,4.0,61,76,41
2004-03-05,4.5,8.0,1.9,51,62,34
2004-03-06,3.8,7.8,-0.6,49,67,32
2004-03-07,3.6,7.2,-0.2,77,90,61
2004-03-08,5.3,9.0,2.9,81,95,62
2004-03-09,6.3,9.9,3.3,91,98,74
2004-03-10,7.1,13.0,2.1,71,97,43
2004-03-11,6.5,10.4,2.0,76,86,63
2004-03-12,7.1,9.5,5.0,80,91,67
2004-03-13,7.2,10.6,3.2,83,99,65
2004-03-14,7.7,11.0,4.5,81,92,67
2004-03-15,8.7,14.1,3.3,83,98,67
2004-03-16,10.5,16.3,5.2,84,96,62
2004-03-17,11.6,19.2,4.4,76,98,44
2004-03-18,13.7,21.0,7.3,71,85,47
2004-03-19,13.0,18.3,8.2,80,92,63
2004-03-20,13.3,20.0,6.7,82,99,60
2004-03-21,15.0,20.6,10.4,71,89,47
2004-03-22,13.5,19.4,7.5,77,98,56
2004-03-23,13.4,17.2,9.1,79,99,58
2004-03-24,13.5,16.3,11.6,67,93,43
2004-03-25,12.2,16.4,7.6,65,84,48
2004-03-26,12.8,15.6,10.0,78,90,64
2004-03-27,13.9,19.6,8.3,82,99,61
2004-03-28,12.4,17.4,7.7,76,91,54
2004-03-29,12.1,15.7,8.3,79,98,54
2004-03-30,11.0,13.0,9.3,77,93,61
2004-03-31,11.0,13.2,8.5,73,91,58
2004-04-01,10.0,12.2,8.0,76,88,63
2004-04-02,11.9,16.2,9.2,69,86,47
2004-04-03,9.5,12.2,5.9,77,90,63
2004-04-04,9.5,12.1,5.5,78,97,64
2004-04-05,11.0,16.0,5.2,81,100,63
2004-04-06,12.6,18.0,6.6,80,100,57
2004-04-07,13.8,19.1,8.2,75,97,49
2004-04-08,15.3,20.6,9.9,73,90,51
2004-04-09,16.5,22.6,11.0,69,94,38
2004-04-10,17.6,23.6,11.4,67,93,37
2004-04-11,17.2,22.8,12.2,69,88,47
2004-04-12,15.5,19.9,11.5,82,94,69
2004-04-13,16.2,21.9,10.1,77,97,54
2004-04-14,15.4,20.4,9.3,58,82,35
2004-04-15,12.7,16.3,9.6,70,84,55
2004-04-16,12.5,15.0,10.3,61,82,43
2004-04-17,12.5,15.7,10.0,60,76,43
2004-04-18,12.2,15.7,9.3,76,89,60
2004-04-19,13.9,16.8,11.6,75,86,60
2004-04-20,13.2,15.1,11.2,77,92,67
2004-04-21,12.5,14.3,11.5,91,94,87
2004-04-22,14.7,20.3,9.5,76,100,44
2004-04-23,15.9,21.4,10.6,70,91,45
2004-04-24,16.8,22.5,12.4,70,85,48
2004-04-25,15.7,19.3,12.2,76,94,56
2004-04-26,15.2,18.5,12.4,75,91,58
2004-04-27,15.2,18.9,12.5,79,93,59
2004-04-28,14.3,17.2,12.3,76,92,59
2004-04-29,15.0,19.7,10.2,75,96,55
2004-04-30,15.3,19.1,10.5,76,99,57
2004-05-01,17.0,21.8,12.4,69,88,47
2004-05-02,17.2,21.0,13.4,71,90,51
2004-05-03,17.6,22.0,11.9,76,100,55
2004-05-04,16.8,19.8,11.8,78,96,61
2004-05-05,15.5,19.1,11.4,88,95,73
2004-05-06,17.1,22.3,11.5,81,100,58
2004-05-07,18.1,22.5,13.6,61,91,36
2004-05-08,17.0,21.4,12.2,61,80,43
2004-05-09,18.1,21.7,14.4,73,90,52
2004-05-10,17.4,21.9,12.4,76,99,53
2004-05-11,17.7,22.6,12.9,53,73,32
2004-05-12,17.9,23.8,11.7,57,77,35
2004-05-13,17.5,22.2,12.1,72,92,52
2004-05-14,18.0,23.2,12.6,65,88,43
2004-05-15,17.7,22.0,13.8,59,79,32
2004-05-16,15.1,17.9,11.5,79,95,63
2004-05-17,14.3,16.7,12.0,82,94,69
2004-05-18,14.5,19.2,10.1,79,96,56
2004-05-19,16.9,22.2,11.3,68,92,39
2004-05-20,19.6,25.5,14.4,62,85,33
2004-05-21,19.7,24.6,15.0,68,88,46
2004-05-22,20.6,24.5,16.5,67,86,50
2004-05-23,21.4,25.6,17.4,67,85,43
2004-05-24,16.9,19.2,13.6,63,83,43
2004-05-25,14.4,18.8,9.8,49,70,38
2004-05-26,16.5,21.0,11.0,58,80,40
2004-05-27,17.7,21.7,12.5,65,87,48
2004-05-28,18.4,22.7,14.3,67,87,50
2004-05-29,18.0,21.2,15.2,69,87,55
2004-05-30,18.0,22.4,14.2,72,90,51
2004-05-31,20.5,26.2,12.9,58,86,37
2004-06-01,21.0,26.0,15.3,62,80,44
2004-06-02,19.7,22.1,17.2,77,91,65
2004-06-03,18.9,22.5,15.1,81,98,66
2004-06-04,19.4,22.3,16.7,76,91,60
2004-06-05,18.2,20.6,14.9,87,99,75
2004-06-06,19.0,23.9,14.0,80,100,56
2004-06-07,20.2,24.1,15.8,72,93,52
2004-06-08,21.0,26.2,14.8,67,90,43
2004-06-09,22.7,27.8,16.6,63,86,40
2004-06-10,23.8,29.2,17.8,61,81,39
2004-06-11,21.9,25.1,17.6,76,94,64
2004-06-12,23.6,29.5,17.1,75,99,52
2004-06-13,25.5,29.5,21.5,67,88,46
2004-06-14,25.8,30.5,20.3,67,91,44
2004-06-15,23.8,27.3,20.0,76,92,59
2004-06-16,25.1,29.4,21.2,73,91,53
2004-06-17,25.1,29.4,20.9,72,90,49
2004-06-18,21.7,23.8,19.9,85,95,73
2004-06-19,23.0,27.9,17.8,72,93,49
2004-06-20,23.1,26.3,19.2,78,92,63
2004-06-21,24.2,28.7,19.0,73,99,48
2004-06-22,24.7,29.4,20.0,63,83,42
2004-06-23,24.1,29.0,18.5,65,89,38
2004-06-24,24.4,28.0,21.0,70,89,51
2004-06-25,25.6,29.6,22.4,65,85,47
2004-06-26,27.0,31.8,20.8,57,89,36
2004-06-27,25.5,30.2,20.8,52,73,31
2004-06-28,25.8,31.3,20.8,57,83,31
2004-06-29,26.1,31.1,20.9,63,87,40
2004-06-30,26.3,31.4,21.2,57,80,31
2004-07-01,24.8,28.4,21.9,69,89,48
2004-07-02,25.4,29.6,21.2,65,86,49
2004-07-03,27.3,32.8,21.6,64,91,44
2004-07-04,26.5,29.0,23.8,69,86,55
2004-07-05,26.3,29.6,23.1,63,85,47
2004-07-06,26.9,30.9,23.5,58,76,45
2004-07-07,27.8,32.2,24.3,59,79,42
2004-07-08,27.8,33.0,23.2,57,78,37
2004-07-09,28.4,32.9,24.0,57,77,40
2004-07-10,28.4,32.5,25.0,61,79,43
2004-07-11,29.6,35.8,24.0,52,80,21
2004-07-12,28.6,34.2,21.8,47,83,23
2004-07-13,26.4,30.5,22.3,51,81,23
2004-07-14,23.7,28.5,19.3,40,55,24
2004-07-15,23.0,27.5,18.5,40,61,23
2004-07-16,22.9,27.3,17.7,41,59,28
2004-07-17,23.4,28.4,17.6,54,79,33
2004-07-18,24.6,30.2,18.7,59,89,33
2004-07-19,26.3,32.2,20.1,55,85,32
2004-07-20,27.7,32.6,23.4,51,73,32
2004-07-21,26.7,31.1,21.6,61,83,44
2004-07-22,27.7,32.6,23.3,62,83,43
2004-07-23,29.6,35.8,23.8,57,85,27
2004-07-24,29.8,35.5,24.4,54,79,25
2004-07-25,26.8,31.3,22.9,68,87,43
2004-07-26,25.2,29.0,21.5,75,96,56
2004-07-27,23.5,26.9,21.1,81,92,62
2004-07-28,24.4,29.0,19.7,68,93,44
2004-07-29,24.9,29.2,20.5,52,77,30
2004-07-30,24.7,29.3,19.6,51,69,33
2004-07-31,24.8,29.2,19.9,54,77,33
2004-08-01,25.1,29.5,19.7,51,68,38
2004-08-02,26.3,31.6,20.1,48,65,31
2004-08-03,27.3,32.8,20.2,44,71,26
2004-08-04,27.7,32.3,21.4,50,78,29
2004-08-05,27.6,32.7,20.7,51,77,28
2004-08-06,26.1,29.8,22.9,67,83,47
2004-08-07,25.7,30.6,20.4,68,97,40
2004-08-08,25.8,29.1,21.8,71,89,56
2004-08-09,26.4,30.8,22.1,72,96,47
2004-08-10,26.1,31.3,20.4,59,92,35
2004-08-11,26.5,32.1,20.7,50,70,28
2004-08-12,26.5,32.2,20.5,61,90,33
2004-08-13,27.1,31.9,22.5,62,86,40
2004-08-14,28.9,34.0,23.4,56,82,35
2004-08-15,25.7,29.7,21.9,52,76,31
2004-08-16,23.5,27.7,18.5,66,93,42
2004-08-17,23.3,27.5,19.5,67,86,45
2004-08-18,24.3,29.5,19.4,70,93,47
2004-08-19,26.1,33.3,19.5,68,98,35
2004-08-20,27.6,34.2,22.0,64,91,35
2004-08-21,27.9,34.0,22.2,64,92,37
2004-08-22,28.1,34.4,22.9,54,87,21
2004-08-23,24.4,29.5,19.6,45,59,30
2004-08-24,24.0,28.9,19.0,56,80,37
2004-08-25,24.1,29.6,18.5,71,97,45
2004-08-26,25.4,30.3,21.0,67,95,40
2004-08-27,24.6,29.2,20.9,59,88,38
2004-08-28,23.2,27.6,18.6,46,63,31
2004-08-29,24.2,29.6,18.5,51,69,32
2004-08-30,25.2,30.6,20.2,59,84,34
2004-08-31,26.1,31.5,21.2,55,82,30
2004-09-01,26.7,32.1,20.3,57,87,32
2004-09-02,26.6,30.9,21.8,65,91,42
2004-09-03,26.7,31.4,22.3,63,87,40
2004-09-04,26.5,31.4,22.8,65,89,34
2004-09-05,22.3,25.0,20.0,79,95,59
2004-09-06,21.7,26.2,17.1,67,96,37
2004-09-07,20.9,24.2,18.1,48,75,30
2004-09-08,21.4,25.6,16.9,48,75,27
2004-09-09,21.3,25.9,16.2,44,69,23
2004-09-10,17.5,20.3,14.4,49,73,35
2004-09-11,16.9,21.2,12.3,67,93,42
2004-09-12,18.2,23.6,12.3,68,95,42
2004-09-13,20.0,26.1,12.9,70,98,42
2004-09-14,21.2,27.4,14.6,73,99,42
2004-09-15,22.0,27.5,16.3,73,98,45
2004-09-16,22.9,29.4,16.1,73,99,44
2004-09-17,22.7,26.6,19.5,78,95,58
2004-09-18,21.1,23.1,19.2,78,94,62
2004-09-19,21.2,23.4,19.4,73,86,61
2004-09-20,21.3,26.3,15.7,74,99,51
2004-09-21,22.4,27.9,16.1,71,97,45
2004-09-22,23.4,29.1,17.0,67,96,40
2004-09-23,21.5,24.5,18.7,72,92,59
2004-09-24,22.1,26.7,17.7,80,99,55
2004-09-25,22.4,26.0,18.6,78,98,55
2004-09-26,20.9,24.1,17.8,81,95,54
2004-09-27,20.4,23.8,17.9,83,97,63
2004-09-28,20.7,26.2,15.8,76,99,46
2004-09-29,20.6,24.2,18.1,73,92,55
2004-09-30,19.4,24.3,14.7,65,84,43
2004-10-01,20.1,25.4,14.8,62,82,38
2004-10-02,20.4,25.5,14.0,69,97,41
2004-10-03,19.7,24.3,15.6,63,85,38
2004-10-04,18.1,21.7,14.3,77,93,57
2004-10-05,18.5,22.1,14.6,72,96,47
2004-10-06,18.5,22.5,14.1,60,84,35
2004-10-07,17.9,22.0,14.0,64,89,39
2004-10-08,17.5,22.8,11.5,72,99,41
2004-10-09,18.1,23.2,12.7,78,99,56
2004-10-10,19.2,24.5,13.7,80,100,57
2004-10-11,20.2,26.4,15.6,81,98,52
2004-10-12,16.1,18.8,13.2,83,90,78
2004-10-13,13.1,15.0,11.8,71,87,54
2004-10-14,12.9,15.8,11.0,76,88,60
2004-10-15,14.4,16.4,12.9,76,83,71
2004-10-16,16.2,18.9,14.5,91,99,83
2004-10-17,18.2,23.2,13.8,86,100,64
2004-10-18,20.1,24.3,17.1,71,85,48
2004-10-19,19.0,24.6,13.8,75,95,50
2004-10-20,20.7,26.0,15.5,67,86,45
2004-10-21,19.3,23.7,15.1,79,93,60
2004-10-22,20.0,25.6,14.6,79,100,52
2004-10-23,18.9,20.9,17.3,85,94,73
2004-10-24,18.3,22.9,15.0,87,100,66
2004-10-25,17.9,21.9,15.5,89,100,67
2004-10-26,17.6,21.7,14.7,86,100,61
2004-10-27,17.2,21.7,13.3,83,100,57
2004-10-28,17.9,21.9,14.4,85,100,62
2004-10-29,17.1,21.3,13.9,88,100,66
2004-10-30,17.3,21.5,14.4,88,100,65
2004-10-31,17.3,21.5,14.2,88,100,68
2004-11-01,18.1,24.1,13.9,81,100,54
2004-11-02,19.0,25.5,14.4,78,93,49
2004-11-03,18.0,20.9,15.1,85,98,70
2004-11-04,15.7,17.9,12.6,72,84,51
2004-11-05,13.3,16.9,9.4,70,94,46
2004-11-06,13.0,17.5,8.2,67,92,40
2004-11-07,12.1,16.3,7.6,76,95,51
2004-11-08,15.1,17.2,12.8,90,95,79
2004-11-09,15.6,17.9,11.9,69,94,40
2004-11-10,12.8,16.5,8.2,72,93,53
2004-11-11,13.9,16.2,12.6,91,96,86
2004-11-12,15.6,17.6,14.1,93,97,86
2004-11-13,16.3,19.1,13.7,89,97,76
2004-11-14,18.0,19.8,16.3,88,96,75
2004-11-15,13.2,18.0,10.7,73,91,59
2004-11-16,10.3,13.0,8.2,65,74,55
2004-11-17,8.2,11.4,6.2,61,71,53
2004-11-18,8.0,12.6,3.6,72,88,50
2004-11-19,8.6,14.3,3.7,83,98,65
2004-11-20,7.5,10.9,3.9,59,89,34
2004-11-21,3.9,7.7,0.9,51,66,36
2004-11-22,4.2,7.6,1.4,49,58,39
2004-11-23,4.9,10.0,0.4,64,84,41
2004-11-24,6.5,10.1,2.5,56,82,39
2004-11-25,3.8,6.8,1.8,47,55,32
2004-11-26,3.5,8.4,0.2,60,75,44
2004-11-27,4.9,10.9,-0.1,67,86,46
2004-11-28,7.0,12.9,2.2,70,87,53
2004-11-29,6.5,12.4,1.5,84,99,65
2004-11-30,7.4,13.2,3.1,90,99,72
2004-12-01,10.0,15.2,5.7,86,95,68
2004-12-02,10.5,14.0,8.0,97,100,88
2004-12-03,9.9,14.8,7.0,92,100,74
2004-12-04,10.9,17.2,5.4,85,99,65
2004-12-05,11.5,13.4,10.3,95,98,90
2004-12-06,12.0,14.6,10.5,93,98,80
2004-12-07,10.3,13.0,7.1,75,99,49
2004-12-08,7.6,10.7,4.5,84,93,72
2004-12-09,7.4,11.2,4.9,84,99,62
2004-12-10,7.8,9.7,6.6,84,93,68
2004-12-11,6.3,9.4,2.8,82,99,60
2004-12-12,4.0,9.2,0.6,80,98,51
2004-12-13,4.1,10.0,1.0,75,88,52
2004-12-14,4.0,8.4,0.7,87,96,74
2004-12-15,4.1,7.2,2.2,87,99,66
2004-12-16,3.9,7.6,1.9,88,96,71
2004-12-17,5.4,9.1,2.5,86,95,75
2004-12-18,10.4,14.2,7.3,91,97,82
2004-12-19,7.8,10.9,5.6,80,98,63
2004-12-20,6.6,11.0,3.5,65,78,49
2004-12-21,4.1,6.0,3.5,91,97,68
2004-12-22,4.5,6.1,3.5,90,95,80
2004-12-23,4.4,6.2,2.6,88,97,74
2004-12-24,3.1,9.5,-1.7,76,90,53
2004-12-25,4.1,10.3,0.0,77,93,55
2004-12-26,5.3,11.1,0.8,89,96,79
2004-12-27,10.9,15.3,7.7,92,97,84
2004-12-28,11.0,14.7,7.4,94,100,86
2004-12-29,9.5,10.6,7.2,92,98,84
2004-12-30,7.0,9.0,5.0,82,87,72
2004-12-31,6.2,8.0,4.8,88,94,78
2005-01-01,6.2,9.5,3.9,85,95,65
2005-01-02,5.4,10.8,0.6,76,88,56
2005-01-03,5.4,10.8,1.7,75,85,57
2005-01-04,5.0,8.9,1.4,65,81,47
2005-01-05,6.5,13.4,2.2,66,78,47
2005-01-06,6.6,12.8,2.4,64,78,47
2005-01-07,8.0,11.3,5.6,58,69,48
2005-01-08,5.5,11.4,1.5,70,82,51
2005-01-09,6.5,13.1,2.4,74,85,55
2005-01-10,6.8,13.8,1.4,72,84,55
2005-01-11,5.9,11.7,1.1,82,96,63
2005-01-12,5.0,10.9,0.9,81,96,59
2005-01-13,4.6,10.5,0.2,83,99,61
2005-01-14,4.8,10.3,0.1,72,97,49
2005-01-15,4.4,7.9,1.7,58,73,41
2005-01-16,3.8,8.0,0.6,62,75,43
2005-01-17,3.4,4.7,2.1,63,77,53
2005-01-18,3.8,8.2,-0.0,73,88,53
2005-01-19,4.7,8.5,1.8,87,94,75
2005-01-20,7.2,10.0,5.1,89,95,79
2005-01-21,7.3,10.2,4.2,90,98,79
2005-01-22,6.3,10.5,2.3,76,100,48
2005-01-23,4.5,8.2,1.4,54,65,34
2005-01-24,1.6,3.0,-0.4,78,95,64
2005-01-25,4.8,8.7,1.7,95,99,86
2005-01-26,10.1,13.3,5.7,79,99,55
2005-01-27,7.5,10.9,4.5,81,88,65
2005-01-28,4.8,9.6,0.7,87,100,65
2005-01-29,5.3,7.4,2.5,92,96,79
2005-01-30,1.1,4.1,-2.0,64,76,53
2005-01-31,0.6,3.3,-1.3,60,73,52
2005-02-01,1.3,5.8,-2.2,69,86,50
2005-02-02,1.1,2.6,-0.3,87,93,81
2005-02-03,0.5,2.7,-1.2,72,87,57
2005-02-04,0.4,1.5,-0.9,64,67,61
2005-02-05,0.0,2.8,-2.0,66,76,61
2005-02-06,-0.9,2.8,-3.7,66,72,57
2005-02-07,-1.2,2.6,-4.7,56,64,48
2005-02-08,1.0,5.0,-2.1,58,66,40
2005-02-09,1.2,5.0,-1.3,62,73,38
2005-02-10,1.2,4.5,-1.4,60,75,42
2005-02-11,1.4,6.1,-2.7,52,69,34
2005-02-12,3.1,9.2,-1.2,61,78,45
2005-02-13,3.9,8.9,-1.0,81,92,66
2005-02-14,8.8,14.2,2.8,84,98,71
2005-02-15,11.5,13.0,10.1,73,89,58
2005-02-16,9.2,12.4,6.1,76,90,58
2005-02-17,5.9,9.4,2.8,88,99,76
2005-02-18,4.5,10.7,-0.3,74,91,48
2005-02-19,4.7,9.7,0.6,69,83,50
2005-02-20,5.5,10.3,-0.2,75,96,57
2005-02-21,6.4,12.0,1.7,83,96,61
2005-02-22,8.0,14.0,2.2,82,98,56
2005-02-23,10.3,14.8,7.0,84,95,64
2005-02-24,8.9,14.6,4.1,81,100,54
2005-02-25,10.0,14.6,6.0,74,89,51
2005-02-26,10.0,12.9,7.0,90,97,78
2005-02-27,10.0,14.2,7.0,70,98,29
2005-02-28,5.8,8.7,2.3,55,74,42
2005-03-01,1.2,3.6,-0.2,66,80,51
2005-03-02,1.0,3.3,-0.9,84,92,75
2005-03-03,3.6,8.1,0.6,82,97,54
2005-03-04,5.7,10.8,0.6,79,89,61
2005-03-05,9.2,12.3,5.8,91,96,82
2005-03-06,9.5,14.5,4.2,73,99,42
2005-03-07,8.0,13.3,3.3,70,81,45
2005-03-08,3.6,7.9,-0.5,55,73,39
2005-03-09,4.2,9.0,0.3,54,73,38
2005-03-10,4.9,9.2,1.1,62,81,37
2005-03-11,1.8,5.4,-2.3,40,56,32
2005-03-12,4.4,10.8,-1.2,63,84,45
2005-03-13,8.5,14.4,3.0,79,92,60
2005-03-14,10.8,16.4,4.4,76,91,49
2005-03-15,9.9,15.8,4.0,84,100,57
2005-03-16,11.6,18.2,4.7,71,99,40
2005-03-17,12.8,20.4,6.2,64,80,40
2005-03-18,15.4,22.9,8.2,57,76,31
2005-03-19,15.6,22.9,8.8,59,78,37
2005-03-20,11.3,13.8,7.2,73,86,61
2005-03-21,7.4,8.6,6.2,83,88,76
2005-03-22,8.7,11.2,7.2,83,93,72
2005-03-23,10.0,15.7,5.2,83,100,59
2005-03-24,10.9,16.3,6.2,84,100,61
2005-03-25,11.5,16.3,6.8,81,100,59
2005-03-26,12.9,18.2,8.7,85,97,66
2005-03-27,14.8,19.7,9.8,82,99,62
2005-03-28,15.9,20.9,11.5,69,88,46
2005-03-29,14.5,20.6,8.3,72,87,49
2005-03-30,11.8,12.8,11.0,88,95,84
2005-03-31,11.3,13.4,10.0,81,94,66
2005-04-01,8.5,10.2,7.5,74,87,66
2005-04-02,7.8,10.3,6.2,70,79,59
2005-04-03,8.8,12.9,5.1,62,85,40
2005-04-04,9.2,14.3,4.3,72,92,51
2005-04-05,9.3,13.3,5.1,78,96,55
2005-04-06,10.3,15.2,4.8,79,100,54
2005-04-07,12.8,16.9,9.9,70,86,51
2005-04-08,13.4,18.7,8.9,67,89,40
2005-04-09,14.4,19.4,9.1,67,87,46
2005-04-10,15.5,21.6,9.9,71,91,47
2005-04-11,15.4,21.4,9.6,73,93,50
2005-04-12,16.6,21.4,11.7,71,86,52
2005-04-13,14.5,17.7,11.6,81,91,65
2005-04-14,14.1,18.6,9.0,73,99,47
2005-04-15,15.7,22.3,9.8,64,82,35
2005-04-16,16.4,21.2,11.1,58,75,36
2005-04-17,16.2,20.8,11.2,74,90,59
2005-04-18,13.4,15.8,9.6,72,95,50
2005-04-19,15.4,21.3,10.7,65,92,32
2005-04-20,17.2,21.7,12.8,61,77,45
2005-04-21,16.2,20.8,12.6,69,87,36
2005-04-22,13.8,17.8,7.6,67,97,45
2005-04-23,13.0,17.3,8.4,45,72,31
2005-04-24,13.3,18.1,8.3,70,90,49
2005-04-25,14.1,18.2,9.1,71,94,51
2005-04-26,16.5,23.1,10.3,71,93,46
2005-04-27,18.6,24.3,13.3,52,69,31
2005-04-28,19.0,25.7,11.6,57,81,31
2005-04-29,17.9,21.5,14.6,47,75,25
2005-04-30,16.8,21.9,11.7,47,64,32
2005-05-01,17.2,22.9,11.9,56,80,32
2005-05-02,18.6,25.7,12.5,63,89,32
2005-05-03,21.3,28.7,14.7,57,86,30
2005-05-04,19.5,23.9,14.1,64,89,46
2005-05-05,19.9,24.7,14.8,66,86,45
2005-05-06,19.7,23.4,17.2,65,79,47
2005-05-07,16.3,18.2,13.8,70,96,46
2005-05-08,17.2,22.8,10.5,53,76,35
2005-05-09,18.1,23.9,12.3,65,88,38
2005-05-10,18.3,23.5,12.9,73,98,48
2005-05-11,20.0,25.2,14.9,69,93,46
2005-05-12,19.1,22.0,15.6,76,91,64
2005-05-13,18.1,20.2,15.8,81,91,69
2005-05-14,17.9,20.7,14.5,81,98,67
2005-05-15,18.9,22.6,16.2,60,78,42
2005-05-16,19.6,24.1,15.8,61,79,42
2005-05-17,20.7,25.7,16.1,63,84,42
2005-05-18,21.6,26.8,16.7,61,78,39
2005-05-19,22.6,27.6,17.5,57,80,37
2005-05-20,19.3,22.9,16.1,61,76,47
2005-05-21,18.9,24.5,14.0,57,77,38
2005-05-22,20.7,26.8,14.8,54,77,29
2005-05-23,22.3,28.9,16.0,59,88,30
2005-05-24,22.3,28.1,17.1,66,89,41
2005-05-25,22.2,28.3,19.1,68,90,40
2005-05-26,22.3,28.1,17.4,69,91,42
2005-05-27,22.9,27.8,17.0,66,88,41
2005-05-28,22.1,25.0,19.7,72,87,57
2005-05-29,21.6,25.1,17.2,76,95,60
2005-05-30,23.0,28.9,17.8,69,95,41
2005-05-31,25.1,30.5,21.1,60,86,37
2005-06-01,24.3,28.8,20.2,57,74,38
2005-06-02,22.0,27.0,17.5,63,87,34
2005-06-03,20.4,22.7,18.0,78,91,66
2005-06-04,21.2,25.3,16.5,69,98,48
2005-06-05,21.9,26.0,18.5,67,87,48
2005-06-06,22.0,25.7,19.3,64,82,47
2005-06-07,22.4,26.4,18.5,65,84,48
2005-06-08,20.4,23.6,17.9,76,87,64
2005-06-09,19.4,23.9,14.7,55,86,30
2005-06-10,19.9,23.9,15.6,47,69,28
2005-06-11,19.8,24.5,15.1,43,59,28
2005-06-12,20.4,24.8,14.9,52,76,35
2005-06-13,21.1,25.1,16.8,66,87,43
2005-06-14,22.0,27.0,16.1,68,97,42
2005-06-15,22.7,26.6,18.7,70,92,48
2005-06-16,24.1,28.8,19.1,59,84,39
2005-06-17,25.8,30.9,19.9,53,82,32
2005-06-18,27.1,32.0,21.7,43,72,26
2005-06-19,26.6,31.0,22.7,43,68,25
2005-06-20,23.9,28.6,19.7,49,72,30
2005-06-21,24.1,29.1,18.6,57,84,30
2005-06-22,24.6,30.8,18.2,52,80,24
2005-06-23,24.9,30.1,20.3,63,90,38
2005-06-24,26.1,31.6,22.1,46,78,20
2005-06-25,23.6,26.7,20.6,68,87,52
2005-06-26,24.9,31.0,18.8,64,95,40
2005-06-27,27.1,32.7,22.0,58,81,36
2005-06-28,27.6,33.0,22.7,55,82,29
2005-06-29,25.2,30.2,20.9,69,90,43
2005-06-30,27.1,33.4,21.8,61,87,36
2005-07-01,28.5,33.3,23.3,60,82,39
2005-07-02,27.0,31.7,22.8,62,84,41
2005-07-03,24.0,28.6,20.0,55,70,34
2005-07-04,24.5,29.8,20.0,54,73,33
2005-07-05,24.2,27.4,20.7,67,87,48
2005-07-06,25.2,29.9,20.8,67,87,46
2005-07-07,26.1,30.6,21.8,66,90,46
2005-07-08,26.3,29.2,23.9,68,83,55
2005-07-09,26.9,31.5,22.4,65,87,45
2005-07-10,27.5,31.4,24.0,62,84,43
2005-07-11,27.6,32.1,23.5,59,83,36
2005-07-12,26.7,31.6,21.4,56,85,32
2005-07-13,26.8,30.6,22.3,51,75,32
2005-07-14,23.3,26.5,20.0,72,90,56
2005-07-15,24.4,29.1,18.4,62,92,38
2005-07-16,25.7,30.7,19.9,56,78,34
2005-07-17,28.0,34.0,22.4,54,73,28
2005-07-18,29.0,34.7,22.4,51,77,26
2005-07-19,28.1,33.8,22.6,59,82,36
2005-07-20,29.5,35.7,22.8,54,82,29
2005-07-21,26.8,29.7,23.4,67,86,55
2005-07-22,25.3,29.0,21.8,72,91,53
2005-07-23,25.9,29.1,22.6,73,89,55
2005-07-24,26.6,31.3,21.3,69,96,43
2005-07-25,26.8,30.6,23.8,68,86,45
2005-07-26,26.4,29.8,22.9,71,92,54
2005-07-27,27.4,32.1,22.6,69,89,49
2005-07-28,28.6,33.2,25.1,66,84,43
2005-07-29,29.4,34.8,23.9,60,92,29
2005-07-30,30.4,35.5,24.0,51,77,29
2005-07-31,30.0,34.4,26.4,55,78,36
2005-08-01,29.9,34.7,25.7,58,79,37
2005-08-02,30.3,36.3,24.9,60,85,31
2005-08-03,30.0,34.3,25.9,64,83,44
2005-08-04,28.5,32.1,25.4,66,89,45
2005-08-05,24.6,27.9,20.6,70,88,54
2005-08-06,21.4,24.5,18.8,81,92,70
2005-08-07,24.1,29.2,20.0,64,82,42
2005-08-08,25.1,30.1,20.3,68,94,43
2005-08-09,22.1,24.7,19.9,59,83,50
2005-08-10,23.1,27.6,18.7,72,94,51
2005-08-11,24.6,29.3,19.6,73,96,52
2005-08-12,25.7,30.4,21.3,73,95,53
2005-08-13,26.9,31.3,23.1,70,91,47
2005-08-14,27.1,31.6,23.8,63,85,43
2005-08-15,25.6,28.7,22.3,70,87,56
2005-08-16,25.4,28.7,22.6,75,91,58
2005-08-17,24.1,28.3,19.7,64,91,42
2005-08-18,24.1,29.3,19.1,49,67,31
2005-08-19,24.7,30.2,18.7,56,77,36
2005-08-20,26.4,30.7,20.2,53,78,34
2005-08-21,24.6,27.8,21.0,74,89,58
2005-08-22,24.7,27.4,22.1,74,90,59
2005-08-23,24.4,28.5,20.1,73,95,46
2005-08-24,24.8,29.4,20.2,61,89,34
2005-08-25,24.5,29.2,19.7,58,80,34
2005-08-26,25.8,30.7,20.3,57,81,34
2005-08-27,25.7,30.3,21.7,65,88,40
2005-08-28,25.9,29.6,22.5,69,88,48
2005-08-29,26.4,30.5,22.5,68,87,49
2005-08-30,27.1,31.7,22.7,61,86,34
2005-08-31,26.8,30.3,23.0,57,75,38
2005-09-01,25.7,28.7,22.8,60,77,46
2005-09-02,24.9,27.9,21.7,67,85,52
2005-09-03,23.1,27.0,19.7,73,91,47
2005-09-04,21.8,24.2,19.7,68,83,54
2005-09-05,21.6,24.8,18.4,63,86,42
2005-09-06,21.2,24.8,18.0,62,80,42
2005-09-07,22.2,26.4,18.3,60,81,42
2005-09-08,22.9,28.3,17.6,68,94,38
2005-09-09,22.6,27.2,17.4,73,98,47
2005-09-10,23.2,27.6,18.3,67,96,41
2005-09-11,23.7,28.0,19.5,64,87,42
2005-09-12,24.6,29.2,20.3,64,87,41
2005-09-13,25.5,29.9,21.2,63,82,41
2005-09-14,23.8,26.7,21.1,73,87,58
2005-09-15,21.7,25.9,18.5,74,91,53
2005-09-16,22.6,27.2,18.9,65,81,43
2005-09-17,23.0,27.6,18.5,71,90,48
2005-09-18,23.8,28.7,19.1,75,94,52
2005-09-19,23.6,27.3,20.4,78,98,55
2005-09-20,22.1,27.0,18.5,69,89,42
2005-09-21,19.5,21.7,18.4,83,95,69
2005-09-22,19.9,24.3,16.8,69,84,49
2005-09-23,20.1,23.5,17.2,73,91,52
2005-09-24,19.6,22.7,16.3,73,90,55
2005-09-25,19.7,22.8,15.6,74,89,59
2005-09-26,20.4,25.0,16.5,75,95,48
2005-09-27,20.6,24.9,16.1,77,99,52
2005-09-28,19.8,23.7,15.8,81,98,61
2005-09-29,19.8,24.2,15.0,77,99,50
2005-09-30,19.3,22.7,16.4,86,98,71
2005-10-01,17.7,20.3,15.8,95,98,82
2005-10-02,17.5,21.8,14.8,76,97,54
2005-10-03,18.3,23.5,13.3,76,92,56
2005-10-04,19.5,23.3,15.3,78,97,59
2005-10-05,19.7,23.3,16.9,75,92,52
2005-10-06,19.2,22.5,16.0,68,84,48
2005-10-07,17.8,21.9,14.1,68,84,45
2005-10-08,16.6,19.2,14.0,64,77,47
2005-10-09,16.2,21.0,12.6,67,83,44
2005-10-10,16.9,21.1,12.8,64,85,39
2005-10-11,16.4,20.0,11.9,66,89,42
2005-10-12,15.9,18.7,13.5,72,90,56
2005-10-13,14.8,18.3,11.5,83,96,63
2005-10-14,15.5,20.0,11.1,84,100,62
2005-10-15,15.2,18.9,11.6,61,80,40
2005-10-16,13.9,17.7,10.2,60,79,44
2005-10-17,12.7,16.0,9.5,51,64,34
2005-10-18,10.9,15.1,7.0,50,65,35
2005-10-19,11.3,15.9,7.2,57,72,42
2005-10-20,11.4,16.6,5.9,65,93,42
2005-10-21,12.5,17.8,7.4,76,93,59
2005-10-22,13.9,18.7,9.5,84,99,66
2005-10-23,15.3,20.6,11.1,86,97,67
2005-10-24,17.4,22.7,13.6,85,98,61
2005-10-25,16.7,21.8,12.3,84,96,63
2005-10-26,15.9,20.8,13.0,88,100,66
2005-10-27,17.1,24.1,12.2,76,93,50
2005-10-28,17.4,23.4,12.2,71,88,46
2005-10-29,13.0,16.1,11.8,76,87,66
2005-10-30,11.9,13.2,11.0,71,82,63
2005-10-31,10.7,12.1,8.8,82,89,75
2005-11-01,11.7,14.2,10.2,80,90,61
2005-11-02,11.4,16.1,7.5,84,100,61
2005-11-03,11.6,14.1,9.9,87,94,73
2005-11-04,10.5,15.3,6.7,79,100,47
2005-11-05,10.2,14.7,6.0,82,98,65
2005-11-06,11.1,15.5,7.6,81,98,56
2005-11-07,10.6,15.6,6.3,83,99,61
2005-11-08,11.4,15.6,8.4,80,96,60
2005-11-09,11.1,15.4,7.5,84,99,64
2005-11-10,11.0,16.3,6.5,80,100,54
2005-11-11,9.9,16.0,4.8,77,98,48
2005-11-12,9.7,14.3,5.3,76,92,52
2005-11-13,9.5,13.5,5.9,80,98,59
2005-11-14,10.4,13.0,8.1,87,96,73
2005-11-15,9.9,12.9,8.1,91,100,74
2005-11-16,10.6,15.4,7.0,90,99,71
2005-11-17,13.6,17.8,10.3,90,98,75
2005-11-18,11.3,14.4,7.9,82,96,69
2005-11-19,8.6,12.5,6.0,77,94,55
2005-11-20,4.1,6.6,2.2,50,60,33
2005-11-21,3.1,6.6,0.4,56,70,39
2005-11-22,3.3,7.1,-0.0,71,92,45
2005-11-23,3.8,4.9,2.5,90,97,83
2005-11-24,5.3,7.2,3.6,91,96,83
2005-11-25,8.4,13.2,5.2,90,98,73
2005-11-26,8.0,13.8,3.1,87,100,67
2005-11-27,10.5,15.4,5.9,92,98,76
2005-11-28,11.6,15.2,8.0,92,99,76
2005-11-29,8.9,14.1,5.9,84,99,56
2005-11-30,9.5,14.5,5.6,85,94,67
2005-12-01,12.0,14.6,9.9,95,98,91
2005-12-02,13.6,17.6,10.3,93,99,80
2005-12-03,8.6,13.8,3.3,79,96,56
2005-12-04,9.8,14.4,5.7,90,100,73
2005-12-05,8.4,13.4,4.3,84,100,62
2005-12-06,9.8,14.5,5.7,89,100,69
2005-12-07,12.6,16.3,8.6,86,97,75
2005-12-08,11.2,14.6,7.3,75,95,48
2005-12-09,7.8,12.0,3.4,78,90,65
2005-12-10,7.3,9.7,4.6,82,98,59
2005-12-11,6.3,7.1,5.2,90,95,82
2005-12-12,6.0,9.5,2.7,89,100,72
2005-12-13,6.4,10.8,3.5,88,99,71
2005-12-14,5.5,8.6,2.8,90,99,73
2005-12-15,5.3,7.2,3.8,86,92,74
2005-12-16,5.6,10.2,2.4,77,89,57
2005-12-17,7.1,13.5,2.3,84,94,68
2005-12-18,3.1,4.9,1.1,84,95,68
2005-12-19,1.1,4.0,-1.5,60,69,47
2005-12-20,1.6,5.5,-1.7,62,79,44
2005-12-21,1.5,5.3,-1.3,69,80,50
2005-12-22,1.8,5.2,-0.2,66,81,46
2005-12-23,2.3,6.7,-0.5,68,78,51
2005-12-24,2.5,6.2,0.3,70,79,54
2005-12-25,3.4,8.1,0.0,64,77,49
2005-12-26,4.5,9.8,1.0,74,91,61
2005-12-27,6.8,12.1,3.4,89,97,72
2005-12-28,10.6,12.4,7.2,92,96,87
2005-12-29,9.6,13.7,6.1,92,100,75
2005-12-30,11.3,13.5,7.6,81,91,54
2005-12-31,7.2,11.0,4.2,67,84,54
2006-01-01,5.7,10.5,2.3,86,97,72
2006-01-02,8.8,12.9,4.7,93,97,81
2006-01-03,8.7,12.3,6.6,89,98,72
2006-01-04,7.9,9.1,6.6,94,97,91
2006-01-05,9.6,11.2,8.2,91,98,85
2006-01-06,8.1,10.6,6.1,87,94,73
2006-01-07,6.1,8.3,4.1,87,95,77
2006-01-08,5.3,6.5,4.1,82,92,68
2006-01-09,3.5,6.7,-0.7,79,98,53
2006-01-10,2.5,6.7,-1.0,71,83,53
2006-01-11,2.7,6.5,-0.5,77,87,58
2006-01-12,1.9,6.2,-2.3,74,92,49
2006-01-13,1.7,5.7,-1.1,67,79,50
2006-01-14,1.4,5.2,-1.5,68,79,50
2006-01-15,2.0,5.6,-0.9,70,86,51
2006-01-16,2.1,6.2,-0.8,70,85,50
2006-01-17,1.5,7.3,-2.8,75,96,47
2006-01-18,2.7,8.1,-1.1,82,94,66
2006-01-19,4.1,8.5,0.7,78,98,51
2006-01-20,3.3,8.2,-0.0,60,74,43
2006-01-21,2.5,8.0,-1.0,80,92,60
2006-01-22,2.8,9.2,-1.6,83,97,58
2006-01-23,2.2,3.1,0.0,85,96,75
2006-01-24,-2.2,-0.3,-3.5,65,77,57
2006-01-25,-3.5,-1.4,-5.7,51,57,47
2006-01-26,-3.3,1.6,-7.2,50,64,40
2006-01-27,-1.8,3.0,-7.4,66,84,49
2006-01-28,-0.6,5.3,-4.5,69,80,47
2006-01-29,2.3,9.1,-2.0,69,80,47
2006-01-30,3.3,9.6,-1.4,75,86,56
2006-01-31,3.3,10.4,-1.8,81,95,58
2006-02-01,3.8,9.8,-1.6,82,94,66
2006-02-02,3.1,9.5,-1.9,79,96,54
2006-02-03,4.1,11.4,-0.5,73,83,51
2006-02-04,4.4,11.0,0.1,76,87,54
2006-02-05,2.3,4.6,0.0,94,97,86
2006-02-06,-0.7,0.6,-1.8,85,89,79
2006-02-07,-2.7,-0.6,-4.9,66,85,53
2006-02-08,-2.4,3.5,-8.1,52,63,39
2006-02-09,1.1,5.6,-3.1,67,91,46
2006-02-10,2.1,7.9,-2.6,87,93,73
2006-02-11,2.3,7.7,-3.1,77,94,50
2006-02-12,0.8,6.7,-5.8,60,77,37
2006-02-13,0.8,6.1,-3.3,58,70,39
2006-02-14,1.0,5.2,-2.5,55,72,35
2006-02-15,0.9,5.7,-2.3,59,78,43
2006-02-16,3.0,8.8,-1.4,75,87,58
2006-02-17,6.5,12.9,1.6,85,96,68
2006-02-18,10.3,16.4,6.3,80,99,52
2006-02-19,9.4,15.3,4.9,87,98,69
2006-02-20,8.5,14.1,3.7,92,100,73
2006-02-21,9.2,13.8,6.4,90,100,69
2006-02-22,9.6,15.2,4.5,86,100,65
2006-02-23,8.7,12.7,4.9,88,97,75
2006-02-24,9.2,10.4,8.3,88,94,79
2006-02-25,9.5,12.2,6.9,87,95,77
2006-02-26,9.2,12.0,7.2,87,94,76
2006-02-27,8.7,13.6,3.9,78,92,53
2006-02-28,9.4,13.0,7.3,92,97,83
2006-03-01,7.8,13.0,1.7,75,92,51
2006-03-02,9.4,12.2,5.1,77,92,61
2006-03-03,7.5,12.7,1.8,74,100,38
2006-03-04,8.5,13.6,3.3,74,86,59
2006-03-05,10.5,15.5,6.1,76,91,53
2006-03-06,11.8,16.5,5.8,79,95,61
2006-03-07,6.9,12.7,2.6,73,90,59
2006-03-08,3.2,5.9,1.3,69,86,51
2006-03-09,3.4,7.4,-2.1,61,77,46
2006-03-10,6.0,11.7,0.4,77,91,59
2006-03-11,10.9,15.6,7.7,77,95,54
2006-03-12,10.1,13.9,7.5,88,96,74
2006-03-13,9.3,11.9,6.0,84,97,72
2006-03-14,7.0,11.9,3.2,63,73,48
2006-03-15,5.9,8.7,2.6,78,93,62
2006-03-16,7.2,11.9,2.4,82,100,53
2006-03-17,7.8,10.1,5.6,86,95,75
2006-03-18,8.2,11.4,5.6,82,95,64
2006-03-19,8.5,11.7,5.7,82,96,63
2006-03-20,8.6,12.6,4.4,85,100,66
2006-03-21,10.2,16.8,3.8,86,100,61
2006-03-22,10.9,16.6,5.3,89,100,69
2006-03-23,13.5,17.3,11.2,86,98,66
2006-03-24,11.8,16.6,8.0,72,90,51
2006-03-25,8.9,10.5,7.2,75,83,69
2006-03-26,10.7,16.0,5.5,79,99,58
2006-03-27,13.3,20.2,7.9,76,94,50
2006-03-28,13.5,19.8,7.1,80,99,59
2006-03-29,14.9,20.4,8.7,79,99,59
2006-03-30,14.8,18.8,11.4,56,78,34
2006-03-31,13.2,18.4,7.6,66,82,47
2006-04-01,15.9,21.6,8.9,63,87,40
2006-04-02,15.3,20.2,10.0,73,89,52
2006-04-03,13.6,15.6,11.2,81,95,65
2006-04-04,12.8,16.2,10.1,82,95,66
2006-04-05,13.1,18.0,7.6,77,95,54
2006-04-06,13.1,16.7,10.1,81,92,62
2006-04-07,13.7,18.2,9.9,83,98,63
2006-04-08,13.0,17.7,8.7,64,89,41
2006-04-09,12.4,15.7,9.7,81,94,64
2006-04-10,12.2,17.0,7.6,81,100,61
2006-04-11,13.2,16.8,10.6,80,92,66
2006-04-12,14.2,18.5,11.6,72,95,38
2006-04-13,12.9,17.2,7.9,68,85,50
2006-04-14,12.0,17.1,8.2,67,81,44
2006-04-15,15.3,22.8,8.6,60,75,40
2006-04-16,16.5,21.2,10.6,68,85,52
2006-04-17,17.7,23.5,12.0,69,86,45
2006-04-18,16.6,20.5,13.7,78,90,61
2006-04-19,17.1,21.2,12.7,74,90,55
2006-04-20,17.0,22.4,11.3,74,90,48
2006-04-21,16.0,18.1,14.2,85,92,75
2006-04-22,15.6,19.3,12.0,85,100,67
2006-04-23,16.8,22.3,11.3,77,96,53
2006-04-24,18.1,23.1,13.7,75,92,52
2006-04-25,16.3,18.4,13.8,81,93,69
2006-04-26,15.7,18.2,13.1,72,89,58
2006-04-27,15.3,17.8,11.9,71,94,58
2006-04-28,15.5,19.0,13.5,62,82,39
2006-04-29,13.7,16.0,10.9,71,88,57
2006-04-30,13.1,14.4,11.6,76,85,67
2006-05-01,14.1,16.6,11.7,77,88,67
2006-05-02,14.7,18.3,10.1,79,99,58
2006-05-03,13.4,14.4,11.5,83,93,73
2006-05-04,13.9,17.5,10.8,67,93,41
2006-05-05,14.2,18.5,10.0,62,84,37
2006-05-06,15.2,20.2,10.8,68,92,41
2006-05-07,15.3,19.9,9.6,72,98,45
2006-05-08,15.2,20.8,9.5,69,90,42
2006-05-09,17.3,21.8,12.6,63,81,42
2006-05-10,17.0,20.4,13.8,71,90,57
2006-05-11,16.0,21.1,9.5,70,100,41
2006-05-12,17.1,21.9,11.2,64,88,40
2006-05-13,17.0,22.4,11.2,73,99,42
2006-05-14,18.5,23.2,13.2,65,91,39
2006-05-15,18.6,24.8,12.3,67,91,39
2006-05-16,18.9,24.3,12.7,67,89,42
2006-05-17,20.8,25.9,15.6,67,87,45
2006-05-18,21.4,25.4,16.8,59,83,39
2006-05-19,21.0,25.6,16.9,67,86,45
2006-05-20,21.9,27.2,16.5,68,89,47
2006-05-21,23.2,28.8,18.2,67,87,47
2006-05-22,25.3,31.1,20.0,61,85,34
2006-05-23,25.4,30.8,20.1,66,92,43
2006-05-24,25.9,30.6,20.9,67,90,48
2006-05-25,26.1,31.5,21.8,64,83,44
2006-05-26,23.6,28.3,18.7,54,77,30
2006-05-27,22.9,27.3,18.5,62,87,39
2006-05-28,23.8,29.6,18.1,59,80,35
2006-05-29,24.7,30.3,19.1,57,82,32
2006-05-30,24.2,29.3,19.2,61,85,38
2006-05-31,24.6,29.5,19.1,58,90,31
2006-06-01,21.7,25.2,18.2,73,86,62
2006-06-02,23.1,27.3,18.4,69,92,42
2006-06-03,22.7,26.6,18.9,55,79,30
2006-06-04,21.2,25.4,16.2,54,77,31
2006-06-05,20.4,24.6,15.8,49,66,34
2006-06-06,19.9,24.0,15.6,58,74,38
2006-06-07,18.5,21.6,14.9,72,88,57
2006-06-08,17.3,21.5,13.4,74,93,51
2006-06-09,19.5,24.4,15.1,61,82,39
2006-06-10,19.0,21.8,16.1,65,81,51
2006-06-11,19.4,23.4,14.3,67,91,50
2006-06-12,19.7,24.4,14.2,66,91,42
2006-06-13,19.6,23.9,16.2,68,84,50
2006-06-14,19.3,23.6,15.6,74,94,53
2006-06-15,21.8,26.3,16.1,60,94,35
2006-06-16,23.8,29.7,17.5,52,75,33
2006-06-17,25.2,30.9,19.7,58,78,37
2006-06-18,26.2,32.0,20.7,63,86,42
2006-06-19,28.7,34.4,22.5,54,81,35
2006-06-20,27.4,33.0,22.9,66,84,45
2006-06-21,28.0,33.0,22.5,57,76,36
2006-06-22,26.7,30.5,22.9,68,84,52
2006-06-23,26.1,30.1,22.6,70,87,52
2006-06-24,26.1,29.9,22.1,70,91,50
2006-06-25,26.5,30.5,21.7,67,87,49
2006-06-26,28.4,32.3,23.8,60,82,42
2006-06-27,29.0,32.6,25.0,59,81,42
2006-06-28,29.3,34.3,24.9,60,80,38
2006-06-29,29.4,34.6,24.8,62,83,40
2006-06-30,29.3,33.3,24.7,61,81,45
2006-07-01,28.7,32.6,24.9,62,80,44
2006-07-02,25.2,28.5,21.9,76,93,57
2006-07-03,21.4,22.2,20.1,89,95,81
2006-07-04,22.0,25.4,19.0,67,90,44
2006-07-05,23.9,28.8,17.3,55,87,32
2006-07-06,25.1,29.4,19.7,54,80,33
2006-07-07,24.7,28.2,21.4,62,82,44
2006-07-08,24.2,26.7,20.8,66,88,50
2006-07-09,24.2,28.4,19.8,67,83,47
2006-07-10,24.6,27.9,21.0,67,87,50
2006-07-11,24.9,28.7,21.9,66,85,44
2006-07-12,25.5,29.9,20.3,59,87,38
2006-07-13,25.9,30.9,19.7,58,82,37
2006-07-14,27.0,31.6,20.9,58,87,37
2006-07-15,27.4,32.1,21.4,56,80,35
2006-07-16,26.8,31.1,22.7,51,74,30
2006-07-17,25.4,29.8,20.2,50,82,31
2006-07-18,23.5,27.4,19.7,58,74,43
2006-07-19,25.2,30.3,21.2,61,85,34
2006-07-20,27.5,32.9,20.0,51,83,29
2006-07-21,27.8,32.6,23.3,52,72,32
2006-07-22,26.8,30.5,23.5,58,74,40
2006-07-23,26.1,30.5,21.2,63,83,44
2006-07-24,27.8,32.1,23.3,60,83,41
2006-07-25,28.6,31.8,25.6,54,70,40
2006-07-26,28.4,32.2,24.1,58,84,40
2006-07-27,28.8,32.3,24.5,57,77,44
2006-07-28,29.3,33.7,24.2,56,80,36
2006-07-29,28.0,31.4,25.0,63,78,48
2006-07-30,27.9,32.9,22.7,60,84,36
2006-07-31,28.2,33.1,22.9,60,86,37
2006-08-01,28.0,31.8,23.3,62,81,42
2006-08-02,27.6,31.6,23.7,68,88,49
2006-08-03,28.0,31.6,24.3,64,90,45
2006-08-04,28.2,32.9,23.2,63,88,41
2006-08-05,29.1,34.0,24.8,62,86,36
2006-08-06,28.1,32.7,23.0,52,76,29
2006-08-07,27.4,31.2,23.6,49,70,29
2006-08-08,26.4,31.5,20.9,47,65,28
2006-08-09,26.4,31.2,22.0,49,75,31
2006-08-10,25.7,28.5,22.3,69,87,51
2006-08-11,25.3,29.9,20.5,60,86,36
2006-08-12,25.9,30.3,20.7,57,78,40
2006-08-13,26.9,31.3,21.8,67,93,44
2006-08-14,27.6,33.1,21.9,56,90,25
2006-08-15,28.9,34.2,22.4,44,77,23
2006-08-16,27.8,32.2,21.4,50,72,36
2006-08-17,29.2,34.9,23.9,49,72,26
2006-08-18,30.3,36.4,24.4,51,81,25
2006-08-19,29.8,35.1,24.5,56,79,36
2006-08-20,30.6,36.7,24.3,59,86,35
2006-08-21,31.3,37.3,25.5,56,82,32
2006-08-22,29.8,34.2,25.3,48,82,27
2006-08-23,27.8,31.9,23.3,44,63,27
2006-08-24,26.9,29.8,23.1,61,81,49
2006-08-25,26.9,31.1,22.4,60,86,36
2006-08-26,26.7,31.0,21.6,63,87,42
2006-08-27,26.8,31.6,21.4,58,91,29
2006-08-28,25.6,29.7,21.2,53,77,35
2006-08-29,24.9,30.0,19.5,50,79,30
2006-08-30,26.9,31.4,22.1,59,84,40
2006-08-31,21.9,27.1,16.6,39,58,22
2006-09-01,21.8,26.6,16.8,41,59,26
2006-09-02,22.1,27.3,16.5,43,64,25
2006-09-03,23.3,29.3,16.0,49,79,29
2006-09-04,26.2,33.9,18.4,50,84,20
2006-09-05,28.5,35.6,20.3,42,69,25
2006-09-06,28.6,33.0,24.3,39,56,24
2006-09-07,24.5,29.3,19.3,61,86,40
2006-09-08,24.2,29.1,19.2,66,95,42
2006-09-09,25.6,30.6,19.8,60,88,37
2006-09-10,23.8,27.0,20.2,54,67,40
2006-09-11,21.9,25.5,19.1,59,76,42
2006-09-12,21.9,26.0,18.0,60,82,39
2006-09-13,21.8,26.4,17.9,60,86,35
2006-09-14,22.1,26.9,17.5,59,84,36
2006-09-15,21.2,25.2,16.6,69,93,47
2006-09-16,21.9,26.1,17.3,71,95,48
2006-09-17,21.7,25.1,17.7,67,89,45
2006-09-18,20.5,24.2,17.3,74,88,54
2006-09-19,21.3,25.8,17.3,81,99,58
2006-09-20,22.0,26.6,17.4,73,97,46
2006-09-21,21.6,26.0,17.9,68,83,47
2006-09-22,21.7,25.7,18.6,70,93,50
2006-09-23,17.6,20.9,14.6,76,91,57
2006-09-24,18.5,24.2,14.0,71,92,45
2006-09-25,20.7,25.2,15.7,68,88,46
2006-09-26,19.8,23.4,16.7,78,95,58
2006-09-27,18.7,19.9,17.9,87,94,77
2006-09-28,18.8,21.2,17.3,91,96,78
2006-09-29,20.2,25.5,15.9,76,96,48
2006-09-30,20.4,25.4,15.5,71,95,44
2006-10-01,20.2,25.9,14.8,75,97,44
2006-10-02,19.8,24.2,16.5,86,100,62
2006-10-03,20.6,24.7,17.7,86,100,64
2006-10-04,20.7,25.2,16.9,86,100,63
2006-10-05,20.9,25.5,17.1,86,100,66
2006-10-06,21.1,24.2,18.2,84,100,66
2006-10-07,18.4,20.0,17.1,83,94,68
2006-10-08,17.2,17.8,16.9,92,94,90
2006-10-09,17.8,20.3,15.9,84,94,67
2006-10-10,16.9,18.2,15.8,86,96,74
2006-10-11,18.1,21.3,16.0,75,89,54
2006-10-12,18.0,20.8,14.7,74,90,58
2006-10-13,17.2,19.1,15.6,81,91,69
2006-10-14,15.9,17.4,14.6,83,94,69
2006-10-15,15.8,18.4,13.6,75,91,54
2006-10-16,14.4,18.9,9.4,68,90,48
2006-10-17,13.0,16.2,9.9,71,89,47
2006-10-18,12.1,15.8,7.0,68,95,44
2006-10-19,13.8,17.3,9.9,63,86,43
2006-10-20,13.3,17.9,8.6,78,91,62
2006-10-21,14.3,17.8,11.1,89,99,72
2006-10-22,16.4,21.0,12.8,85,96,67
2006-10-23,16.6,21.2,13.2,91,99,74
2006-10-24,17.2,20.5,15.3,91,100,75
2006-10-25,17.4,22.2,14.4,91,100,71
2006-10-26,17.6,22.5,14.5,90,100,72
2006-10-27,16.8,19.0,15.1,88,100,73
2006-10-28,16.5,21.7,12.6,86,99,61
2006-10-29,16.3,20.6,13.4,89,100,64
2006-10-30,14.7,17.2,11.1,76,98,52
2006-10-31,10.6,13.4,8.0,54,58,48
2006-11-01,12.0,16.3,7.3,63,81,48
2006-11-02,10.5,15.7,6.9,75,95,52
2006-11-03,4.6,6.7,2.4,44,66,29
2006-11-04,3.5,6.5,1.2,42,53,31
2006-11-05,4.5,9.8,0.4,54,68,40
2006-11-06,8.2,13.8,3.5,66,75,53
2006-11-07,11.7,17.2,7.6,67,77,49
2006-11-08,11.0,17.0,7.0,71,82,50
2006-11-09,10.8,17.2,6.1,72,88,47
2006-11-10,10.9,16.0,6.7,63,80,48
2006-11-11,8.4,11.9,5.6,71,90,49
2006-11-12,7.0,11.7,2.2,76,96,58
2006-11-13,7.1,11.0,4.3,75,93,56
2006-11-14,7.9,13.0,3.1,61,79,43
2006-11-15,10.3,17.3,5.6,65,80,47
2006-11-16,11.1,17.1,6.5,73,86,56
2006-11-17,11.0,17.3,5.9,75,90,51
2006-11-18,10.3,16.8,4.0,75,96,53
2006-11-19,10.1,14.6,5.3,91,100,75
2006-11-20,11.5,14.5,8.5,89,99,70
2006-11-21,11.5,14.1,9.5,90,97,78
2006-11-22,12.5,15.9,9.9,88,96,73
2006-11-23,13.6,14.6,12.1,93,97,90
2006-11-24,12.7,15.4,10.7,92,97,80
2006-11-25,10.9,15.7,8.3,89,100,65
2006-11-26,11.6,17.4,8.0,87,97,67
2006-11-27,10.7,17.0,5.1,82,99,60
2006-11-28,9.9,16.0,4.5,77,97,53
2006-11-29,8.6,12.6,5.1,89,99,73
2006-11-30,8.4,13.0,5.5,83,96,61
2006-12-01,7.5,11.8,3.1,83,99,65
2006-12-02,6.6,10.8,3.4,86,100,65
2006-12-03,6.1,10.5,3.2,84,100,64
2006-12-04,5.8,11.0,1.0,81,98,58
2006-12-05,7.5,13.6,2.3,78,95,58
2006-12-06,7.7,13.7,2.3,83,99,64
2006-12-07,6.4,11.4,2.8,90,100,74
2006-12-08,6.9,11.8,3.6,91,100,74
2006-12-09,8.5,12.4,5.6,90,99,74
2006-12-10,9.2,13.5,6.4,91,98,76
2006-12-11,8.9,11.5,6.2,93,99,87
2006-12-12,9.4,10.5,7.6,89,95,78
2006-12-13,8.4,11.8,5.6,79,91,63
2006-12-14,7.1,12.0,3.1,81,98,57
2006-12-15,5.8,12.1,1.9,83,98,55
2006-12-16,5.6,11.3,1.6,86,99,64
2006-12-17,6.2,10.1,3.4,92,98,79
2006-12-18,6.2,8.7,4.2,88,96,78
2006-12-19,8.9,11.9,6.9,93,97,83
2006-12-20,8.1,9.2,6.9,85,97,70
2006-12-21,6.0,7.2,4.8,78,94,72
2006-12-22,5.7,7.3,4.6,87,95,71
2006-12-23,2.8,7.2,-1.5,79,99,54
2006-12-24,3.1,7.6,-0.3,75,91,56
2006-12-25,2.7,7.5,-1.0,74,86,57
2006-12-26,4.0,7.8,1.9,65,75,47
2006-12-27,2.0,5.1,-0.5,71,88,45
2006-12-28,1.9,7.1,-1.1,66,79,41
2006-12-29,2.4,8.5,-1.7,69,87,48
2006-12-30,4.5,8.4,1.0,68,83,58
2006-12-31,2.3,8.1,-1.9,79,96,53
2007-01-01,3.8,10.3,0.3,71,86,47
2007-01-02,6.0,12.0,0.9,77,91,59
2007-01-03,6.3,9.0,2.3,77,100,52
2007-01-04,5.0,8.6,2.3,65,78,52
2007-01-05,2.9,6.8,-0.2,71,87,51
2007-01-06,4.4,11.1,-0.3,75,87,53
2007-01-07,5.4,11.4,1.7,75,85,55
2007-01-08,6.2,12.1,1.9,74,87,54
2007-01-09,6.4,12.1,1.9,76,87,59
2007-01-10,6.7,13.0,1.1,80,97,61
2007-01-11,5.6,11.6,1.6,84,98,66
2007-01-12,7.4,13.2,1.9,75,92,62
2007-01-13,8.2,11.8,3.9,61,76,51
2007-01-14,7.9,14.2,3.5,69,82,53
2007-01-15,8.1,14.6,3.2,71,81,55
2007-01-16,6.3,12.1,1.8,69,83,45
2007-01-17,5.8,11.6,2.3,64,76,45
2007-01-18,7.6,14.1,3.8,70,87,57
2007-01-19,8.8,13.9,4.1,80,97,64
2007-01-20,11.2,16.0,6.8,66,87,45
2007-01-21,10.6,16.7,6.1,71,89,53
2007-01-22,9.2,16.1,4.4,82,96,59
2007-01-23,8.6,12.6,5.2,91,99,77
2007-01-24,11.5,15.0,7.4,84,96,73
2007-01-25,12.6,15.5,9.9,78,94,69
2007-01-26,10.0,14.6,5.7,91,100,71
2007-01-27,9.7,13.6,5.0,83,100,62
2007-01-28,4.9,7.4,2.9,45,64,32
2007-01-29,4.7,9.2,0.9,63,78,45
2007-01-30,5.7,11.3,0.6,66,84,41
2007-01-31,7.3,12.9,1.5,62,79,47
2007-02-01,6.0,11.4,1.2,78,98,57
2007-02-02,7.0,10.5,3.9,60,76,41
2007-02-03,4.8,8.9,0.5,67,84,49
2007-02-04,5.6,9.4,3.1,56,77,37
2007-02-05,4.6,9.0,1.3,59,74,38
2007-02-06,4.3,9.5,0.9,70,90,52
2007-02-07,4.8,11.4,-0.2,81,94,64
2007-02-08,6.3,11.7,1.2,91,99,77
2007-02-09,7.8,13.4,3.2,90,100,71
2007-02-10,9.0,13.9,5.1,89,100,70
2007-02-11,9.7,14.5,5.8,91,99,78
2007-02-12,10.9,15.6,8.0,88,99,63
2007-02-13,9.3,14.6,5.3,90,99,70
2007-02-14,8.4,11.5,4.6,76,100,52
2007-02-15,9.3,14.1,4.2,69,86,53
2007-02-16,8.6,12.3,5.4,87,96,72
2007-02-17,7.4,11.5,3.9,89,100,71
2007-02-18,6.7,8.7,4.2,82,96,67
2007-02-19,6.7,9.9,3.3,85,94,73
2007-02-20,8.3,12.3,4.3,86,97,71
2007-02-21,9.5,14.5,4.5,84,100,62
2007-02-22,9.2,13.8,4.4,85,99,63
2007-02-23,10.4,16.6,5.9,85,100,58
2007-02-24,6.2,10.5,4.7,74,88,61
2007-02-25,5.0,6.7,3.5,68,78,64
2007-02-26,6.1,9.3,2.8,78,90,65
2007-02-27,6.5,7.5,5.4,90,93,81
2007-02-28,8.1,13.9,3.7,70,86,43
2007-03-01,9.7,16.1,3.3,76,95,50
2007-03-02,11.1,17.7,5.4,78,93,57
2007-03-03,13.2,18.3,7.1,68,87,48
2007-03-04,13.3,18.9,8.2,65,90,38
2007-03-05,11.0,15.5,6.6,58,81,41
2007-03-06,9.3,13.3,4.1,83,100,64
2007-03-07,9.6,13.4,5.7,87,100,66
2007-03-08,9.7,13.5,5.9,82,100,58
2007-03-09,10.3,12.9,8.2,84,95,71
2007-03-10,9.7,11.9,8.5,78,91,64
2007-03-11,10.2,13.4,7.8,80,92,65
2007-03-12,10.9,15.3,7.8,69,91,45
2007-03-13,10.2,15.4,5.1,76,88,53
2007-03-14,10.8,15.2,7.7,68,94,37
2007-03-15,11.7,17.9,4.9,64,79,44
2007-03-16,11.9,17.9,7.4,72,92,39
2007-03-17,11.2,16.4,6.2,81,100,58
2007-03-18,13.6,20.1,6.9,66,86,38
2007-03-19,12.6,18.1,7.1,69,90,46
2007-03-20,12.9,16.6,8.0,71,95,50
2007-03-21,13.3,15.5,10.8,68,89,47
2007-03-22,10.8,14.7,6.4,74,91,49
2007-03-23,9.9,12.4,7.6,81,93,63
2007-03-24,10.8,15.9,5.1,75,98,46
2007-03-25,12.1,16.4,7.4,73,88,52
2007-03-26,10.3,12.2,7.9,82,94,71
2007-03-27,8.8,10.7,7.2,76,92,60
2007-03-28,8.9,11.9,6.6,66,83,47
2007-03-29,9.0,12.2,5.5,72,89,56
2007-03-30,9.8,14.0,6.3,75,90,52
2007-03-31,11.4,15.6,7.3,79,96,58
2007-04-01,11.0,14.0,9.2,77,90,63
2007-04-02,11.3,15.9,7.2,74,93,53
2007-04-03,11.6,16.6,6.0,75,99,54
2007-04-04,11.9,16.5,8.0,76,92,53
2007-04-05,11.5,15.0,8.3,77,92,60
2007-04-06,12.9,17.7,7.7,72,90,46
2007-04-07,15.0,20.7,9.0,65,86,40
2007-04-08,15.4,21.0,8.5,58,82,33
2007-04-09,14.0,19.3,8.1,68,87,42
2007-04-10,15.7,22.0,10.9,67,87,38
2007-04-11,16.3,21.4,10.3,58,78,34
2007-04-12,15.1,20.1,10.6,69,91,39
2007-04-13,15.8,21.6,11.1,70,89,46
2007-04-14,15.5,20.0,11.0,70,88,48
2007-04-15,16.4,22.5,13.0,68,88,43
2007-04-16,11.8,14.5,10.4,69,79,60
2007-04-17,11.0,13.5,8.3,70,87,53
2007-04-18,13.1,19.4,7.5,68,91,38
2007-04-19,16.2,21.6,10.1,57,84,35
2007-04-20,14.4,17.7,10.9,60,77,40
2007-04-21,15.9,21.5,10.6,63,82,46
2007-04-22,18.6,24.8,13.0,64,86,43
2007-04-23,15.4,17.7,12.6,68,84,53
2007-04-24,15.7,20.1,11.6,64,81,49
2007-04-25,14.4,16.9,11.7,80,93,73
2007-04-26,14.2,18.3,10.3,70,93,44
2007-04-27,15.3,17.9,13.1,61,71,50
2007-04-28,16.4,21.4,12.5,60,84,37
2007-04-29,18.6,24.9,13.2,60,83,32
2007-04-30,19.8,25.2,15.2,59,77,35
2007-05-01,18.7,22.6,14.2,63,83,40
2007-05-02,18.1,22.8,13.4,67,90,42
2007-05-03,15.6,17.9,13.6,73,83,60
2007-05-04,16.9,21.2,12.3,75,93,59
2007-05-05,18.6,23.5,14.7,73,93,48
2007-05-06,20.5,26.1,16.2,65,86,41
2007-05-07,20.9,26.1,15.7,63,84,40
2007-05-08,21.1,26.4,16.1,57,80,31
2007-05-09,21.8,28.7,15.1,53,76,28
2007-05-10,22.3,28.5,17.9,59,77,36
2007-05-11,21.9,26.4,18.0,63,82,44
2007-05-12,22.8,28.1,17.9,58,79,39
2007-05-13,24.3,30.6,18.4,60,85,34
2007-05-14,23.9,28.3,20.1,58,79,39
2007-05-15,22.9,27.9,18.2,52,73,34
2007-05-16,23.2,28.0,18.9,55,75,33
2007-05-17,23.2,27.3,19.4,58,78,39
2007-05-18,19.0,21.5,16.3,76,92,61
2007-05-19,17.3,19.5,15.3,80,93,66
2007-05-20,17.6,20.5,15.1,80,90,70
2007-05-21,18.6,21.6,14.8,82,94,72
2007-05-22,19.2,23.2,16.7,85,97,64
2007-05-23,19.5,24.5,15.1,79,99,53
2007-05-24,18.5,21.1,15.8,86,95,75
2007-05-25,20.8,25.8,15.7,78,99,56
2007-05-26,22.2,26.6,18.1,73,94,51
2007-05-27,23.2,27.4,18.5,71,90,52
2007-05-28,21.6,25.7,18.7,81,93,64
2007-05-29,21.3,25.3,16.8,75,98,48
2007-05-30,20.4,24.1,15.2,57,80,38
2007-05-31,20.6,24.6,16.7,58,78,41
2007-06-01,20.2,24.8,14.6,63,81,43
2007-06-02,21.9,26.0,17.5,68,86,50
2007-06-03,23.0,27.4,17.7,70,95,49
2007-06-04,23.2,28.1,18.6,66,83,44
2007-06-05,20.1,21.5,18.2,84,94,74
2007-06-06,19.3,22.1,16.9,86,96,73
2007-06-07,21.8,26.5,16.4,75,98,51
2007-06-08,21.9,25.2,18.4,73,92,51
2007-06-09,21.8,25.8,17.3,71,92,47
2007-06-10,22.7,27.0,18.0,63,83,40
2007-06-11,23.1,27.3,19.2,65,86,44
2007-06-12,24.0,29.0,19.7,65,84,43
2007-06-13,24.6,28.9,19.5,69,96,50
2007-06-14,24.6,27.8,20.1,72,94,57
2007-06-15,25.5,30.4,20.3,67,91,43
2007-06-16,26.2,30.5,21.9,63,83,41
2007-06-17,26.4,31.4,20.4,61,86,36
2007-06-18,27.4,32.7,20.7,57,81,34
2007-06-19,29.2,34.7,23.7,55,78,32
2007-06-20,29.5,34.9,24.3,55,78,29
2007-06-21,27.8,31.7,24.0,64,83,48
2007-06-22,27.8,32.1,23.7,65,85,47
2007-06-23,29.2,34.2,24.0,62,83,44
2007-06-24,30.9,38.1,25.1,56,81,26
2007-06-25,30.0,34.8,25.8,64,84,43
2007-06-26,31.7,40.0,24.6,55,84,23
2007-06-27,33.4,39.2,27.6,39,66,16
2007-06-28,30.4,34.8,25.1,34,56,19
2007-06-29,26.9,29.5,23.3,50,67,40
2007-06-30,24.8,27.9,21.7,66,81,52
2007-07-01,25.1,28.9,21.1,65,82,46
2007-07-02,25.5,28.7,21.2,64,86,47
2007-07-03,26.2,30.7,21.9,62,84,42
2007-07-04,27.1,31.7,23.4,62,84,41
2007-07-05,27.8,33.0,24.1,49,79,25
2007-07-06,25.5,29.9,20.7,34,50,22
2007-07-07,26.0,32.1,19.4,44,72,23
2007-07-08,27.2,33.7,21.0,53,83,25
2007-07-09,27.7,32.3,22.5,55,79,34
2007-07-10,28.3,33.1,23.6,52,75,30
2007-07-11,28.8,33.9,23.7,52,74,30
2007-07-12,26.8,31.0,22.3,36,60,19
2007-07-13,25.6,30.6,20.6,33,52,19
2007-07-14,26.0,31.7,19.6,45,74,21
2007-07-15,27.2,32.6,21.0,48,79,24
2007-07-16,28.3,34.2,21.9,49,77,28
2007-07-17,29.6,35.5,23.6,48,72,28
2007-07-18,30.8,37.5,23.7,45,74,21
2007-07-19,31.4,37.9,24.1,40,71,17
2007-07-20,30.7,36.3,25.1,43,66,24
2007-07-21,30.4,36.0,26.0,49,70,28
2007-07-22,31.2,38.1,24.6,49,77,23
2007-07-23,32.2,38.9,25.2,48,80,24
2007-07-24,34.2,42.2,26.6,42,68,15
2007-07-25,35.3,42.2,28.3,35,59,12
2007-07-26,30.9,35.3,26.1,34,59,25
2007-07-27,29.0,32.9,25.1,52,74,37
2007-07-28,29.0,33.3,25.0,53,79,40
2007-07-29,29.3,34.6,24.5,54,76,33
2007-07-30,28.9,33.4,25.1,59,83,38
2007-07-31,28.3,33.5,24.0,53,82,34
2007-08-01,26.9,30.4,22.9,62,89,35
2007-08-02,24.6,27.5,21.3,55,70,46
2007-08-03,24.9,29.5,19.8,66,92,45
2007-08-04,26.0,31.0,21.1,65,91,43
2007-08-05,20.0,23.7,17.7,82,91,67
2007-08-06,19.6,23.3,16.8,78,91,59
2007-08-07,23.2,28.3,18.4,71,90,52
2007-08-08,25.5,29.9,20.0,67,87,46
2007-08-09,26.6,31.7,21.6,67,87,43
2007-08-10,26.3,30.1,21.9,73,94,54
2007-08-11,26.1,29.8,22.2,71,92,53
2007-08-12,25.8,30.2,21.2,55,78,33
2007-08-13,25.8,31.1,20.0,56,76,35
2007-08-14,26.9,31.6,21.0,56,77,35
2007-08-15,26.6,32.6,20.6,58,83,30
2007-08-16,26.6,31.1,22.8,68,88,47
2007-08-17,26.9,31.9,22.2,67,88,44
2007-08-18,27.6,32.0,23.1,65,83,44
2007-08-19,27.1,31.7,23.4,68,85,47
2007-08-20,27.3,31.5,23.4,70,90,47
2007-08-21,28.1,32.4,24.1,66,88,43
2007-08-22,29.1,34.7,24.0,65,87,39
2007-08-23,30.1,35.2,24.9,64,84,43
2007-08-24,30.8,36.0,25.5,58,85,33
2007-08-25,31.2,37.5,25.4,49,74,19
2007-08-26,30.8,35.5,26.5,45,66,25
2007-08-27,28.1,31.8,23.1,50,81,31
2007-08-28,26.4,30.2,23.2,61,81,42
2007-08-29,27.2,31.3,23.8,61,82,40
2007-08-30,27.7,33.3,22.8,66,89,41
2007-08-31,29.7,35.9,24.6,60,82,33
2007-09-01,28.1,32.3,23.3,67,89,46
2007-09-02,22.2,25.0,20.6,81,91,63
2007-09-03,22.7,26.5,19.3,76,95,56
2007-09-04,23.4,25.7,21.0,79,88,70
2007-09-05,23.7,27.1,18.5,74,93,52
2007-09-06,18.5,22.7,14.5,55,70,35
2007-09-07,16.9,21.8,13.5,67,85,39
2007-09-08,16.4,21.0,12.7,59,83,36
2007-09-09,19.3,24.3,14.9,56,76,37
2007-09-10,20.4,25.2,15.1,59,77,39
2007-09-11,21.0,25.5,15.4,69,89,52
2007-09-12,20.0,23.5,17.0,54,88,32
2007-09-13,19.4,24.7,14.8,49,65,38
2007-09-14,19.5,24.8,14.2,62,80,42
2007-09-15,21.3,27.4,14.9,61,95,31
2007-09-16,22.0,27.3,17.5,49,73,26
2007-09-17,20.1,25.4,14.1,75,98,52
2007-09-18,21.1,26.5,15.2,77,99,51
2007-09-19,22.6,28.1,16.1,72,99,48
2007-09-20,18.8,21.6,16.8,76,84,71
2007-09-21,17.1,18.8,14.8,78,87,69
2007-09-22,17.6,20.3,15.8,79,93,61
2007-09-23,17.8,22.2,12.9,69,99,37
2007-09-24,18.1,23.2,12.3,64,93,36
2007-09-25,17.8,22.5,11.7,70,96,45
2007-09-26,18.3,23.0,13.2,78,97,55
2007-09-27,20.0,24.0,16.2,81,95,65
2007-09-28,20.8,25.8,16.4,84,100,61
2007-09-29,22.4,28.5,16.8,73,96,46
2007-09-30,21.9,25.3,18.6,77,90,62
2007-10-01,20.6,24.2,16.5,83,96,66
2007-10-02,20.0,23.8,16.7,79,99,53
2007-10-03,19.7,24.7,13.6,71,99,39
2007-10-04,19.7,25.3,13.3,71,96,42
2007-10-05,20.4,25.2,16.2,75,92,52
2007-10-06,20.7,25.9,14.9,77,100,50
2007-10-07,20.5,23.3,17.2,78,92,59
2007-10-08,20.2,24.2,17.1,80,93,57
2007-10-09,19.9,23.9,16.7,81,94,63
2007-10-10,19.2,22.5,16.2,83,97,64
2007-10-11,18.9,21.4,16.5,83,93,71
2007-10-12,18.0,19.3,16.5,88,96,81
2007-10-13,17.6,21.8,13.4,74,98,51
2007-10-14,12.9,15.6,10.1,49,59,37
2007-10-15,11.2,14.6,8.2,58,69,45
2007-10-16,12.3,17.1,7.3,62,82,41
2007-10-17,13.5,20.5,6.6,64,94,35
2007-10-18,14.9,21.7,8.7,66,89,41
2007-10-19,15.2,21.5,10.0,72,95,50
2007-10-20,10.8,12.5,8.9,70,89,63
2007-10-21,10.5,14.4,7.9,75,90,61
2007-10-22,15.0,18.4,11.9,86,98,62
2007-10-23,13.4,16.9,8.8,78,98,59
2007-10-24,13.4,17.3,9.4,79,94,60
2007-10-25,14.3,18.7,10.1,79,97,56
2007-10-26,15.0,19.1,11.4,85,98,66
2007-10-27,15.6,18.6,12.7,88,98,72
2007-10-28,15.6,17.5,13.6,87,97,78
2007-10-29,15.5,18.2,13.1,87,93,75
2007-10-30,13.3,16.9,8.2,85,100,70
2007-10-31,15.5,18.2,13.2,85,93,73
2007-11-01,16.0,19.7,12.8,84,96,67
2007-11-02,15.5,18.6,12.4,83,95,69
2007-11-03,14.1,15.8,12.4,75,88,65
2007-11-04,14.5,16.8,12.6,77,87,69
2007-11-05,12.5,14.7,10.1,63,86,42
2007-11-06,10.0,12.5,7.8,66,77,52
2007-11-07,9.2,12.1,6.7,76,88,56
2007-11-08,8.4,12.8,4.7,70,86,49
2007-11-09,10.4,15.1,5.9,68,84,51
2007-11-10,9.4,12.6,5.9,69,93,42
2007-11-11,8.6,13.1,5.1,60,78,46
2007-11-12,11.0,16.0,4.9,76,93,65
2007-11-13,7.4,10.8,4.1,61,76,42
2007-11-14,6.3,8.3,3.8,88,93,81
2007-11-15,10.9,16.3,7.0,91,99,83
2007-11-16,10.4,15.3,7.1,89,100,67
2007-11-17,12.7,15.6,10.8,95,98,86
2007-11-18,11.6,13.6,9.3,83,96,66
2007-11-19,7.7,9.4,6.3,73,77,68
2007-11-20,7.3,11.0,4.4,69,81,55
2007-11-21,7.5,12.8,3.3,74,88,53
2007-11-22,6.6,12.0,2.7,86,99,67
2007-11-23,7.9,12.7,4.3,89,98,74
2007-11-24,9.6,13.7,6.8,90,98,75
2007-11-25,9.6,14.3,7.0,92,99,77
2007-11-26,10.8,15.5,7.1,92,99,78
2007-11-27,8.6,10.6,6.9,57,89,39
2007-11-28,5.8,9.3,3.4,55,75,38
2007-11-29,5.0,7.7,1.9,79,87,69
2007-11-30,7.0,10.0,4.9,85,94,76
2007-12-01,7.4,12.4,4.3,79,97,50
2007-12-02,7.3,13.3,2.9,76,89,53
2007-12-03,7.5,13.4,2.8,88,98,72
2007-12-04,8.3,12.1,6.1,88,95,67
2007-12-05,7.2,9.9,5.8,59,68,46
2007-12-06,6.7,10.1,4.4,65,75,55
2007-12-07,6.8,11.4,2.8,71,85,54
2007-12-08,6.1,11.2,2.0,88,96,74
2007-12-09,8.7,10.3,7.6,93,95,88
2007-12-10,8.0,12.5,4.2,93,100,78
2007-12-11,7.6,12.0,3.9,88,100,69
2007-12-12,6.8,11.3,2.5,88,97,74
2007-12-13,6.9,10.1,4.3,78,96,55
2007-12-14,3.0,5.5,0.6,53,68,39
2007-12-15,0.7,1.9,-0.1,74,86,62
2007-12-16,1.4,5.1,-1.9,80,96,60
2007-12-17,3.1,6.5,0.9,78,87,68
2007-12-18,2.9,5.7,-0.0,86,98,69
2007-12-19,2.6,6.1,-0.1,84,98,60
2007-12-20,1.7,6.9,-1.8,72,82,52
2007-12-21,1.6,7.4,-1.2,73,86,50
2007-12-22,1.4,8.2,-2.6,77,95,45
2007-12-23,1.7,8.5,-2.0,71,85,45
2007-12-24,1.1,6.6,-1.9,80,94,55
2007-12-25,1.5,7.1,-2.4,91,98,79
2007-12-26,3.8,7.6,1.0,91,99,78
2007-12-27,5.4,8.7,3.1,90,96,79
2007-12-28,4.6,8.2,2.0,90,98,76
2007-12-29,3.6,7.1,0.9,89,99,72
2007-12-30,2.1,6.9,-0.5,84,99,64
2007-12-31,2.4,7.4,-1.5,83,95,64
2008-01-01,3.2,6.7,0.8,87,96,70
2008-01-02,0.6,3.1,-2.5,69,97,50
2008-01-03,-0.2,3.5,-2.5,64,77,50
2008-01-04,0.6,4.3,-2.4,78,93,58
2008-01-05,2.2,4.5,0.8,88,93,78
2008-01-06,3.1,5.2,1.5,88,91,84
2008-01-07,6.0,11.4,3.1,88,96,72
2008-01-08,5.2,11.1,1.3,89,99,70
2008-01-09,4.7,9.1,2.1,86,100,63
2008-01-10,4.1,6.8,2.0,93,98,85
2008-01-11,5.2,7.8,3.3,88,95,74
2008-01-12,5.6,8.9,3.4,86,95,73
2008-01-13,6.1,10.1,2.7,88,97,73
2008-01-14,7.4,8.7,6.7,92,96,88
2008-01-15,6.6,10.3,3.0,89,98,71
2008-01-16,6.0,9.6,2.1,93,97,85
2008-01-17,8.4,11.9,5.8,91,97,76
2008-01-18,8.6,12.2,5.6,90,99,75
2008-01-19,7.6,13.0,3.3,87,100,67
2008-01-20,8.1,12.8,3.7,85,100,65
2008-01-21,7.9,14.2,3.8,84,96,66
2008-01-22,6.8,13.1,2.4,90,99,74
2008-01-23,6.0,8.8,4.5,80,99,62
2008-01-24,5.1,7.7,3.3,71,79,60
2008-01-25,3.6,8.1,-0.9,79,98,54
2008-01-26,4.6,10.5,0.5,70,84,53
2008-01-27,5.9,13.4,1.2,61,74,38
2008-01-28,6.3,8.5,4.0,49,69,35
2008-01-29,3.6,7.6,0.4,53,70,39
2008-01-30,3.1,8.5,-0.2,62,76,37
2008-01-31,3.0,8.7,-0.7,78,90,61
2008-02-01,4.6,10.9,-0.2,86,98,69
2008-02-02,6.5,11.9,2.3,91,99,76
2008-02-03,7.6,12.8,3.8,88,100,68
2008-02-04,7.9,12.4,3.6,90,99,75
2008-02-05,9.5,13.0,6.8,90,98,75
2008-02-06,9.6,13.7,6.8,89,96,72
2008-02-07,8.8,11.9,7.0,90,96,79
2008-02-08,7.5,9.7,5.2,88,96,73
2008-02-09,5.1,9.1,1.2,79,99,47
2008-02-10,4.5,7.7,1.5,69,87,49
2008-02-11,5.7,9.3,3.4,69,84,48
2008-02-12,5.1,7.6,2.4,70,89,52
2008-02-13,3.9,8.5,-0.6,66,87,42
2008-02-14,4.0,10.2,-1.0,59,78,37
2008-02-15,5.1,11.3,-0.6,69,90,44
2008-02-16,3.3,5.8,0.5,44,60,29
2008-02-17,0.0,2.7,-1.6,34,41,26
2008-02-18,0.0,5.1,-3.7,43,51,30
2008-02-19,4.9,11.5,-0.0,57,68,43
2008-02-20,6.7,13.3,1.8,67,90,46
2008-02-21,6.6,13.9,1.0,80,95,50
2008-02-22,9.3,15.5,5.0,78,93,59
2008-02-23,9.7,16.5,2.6,79,99,54
2008-02-24,10.9,16.6,7.2,69,91,51
2008-02-25,9.2,15.3,3.2,87,100,66
2008-02-26,10.8,18.9,4.2,79,97,52
2008-02-27,10.3,15.8,4.8,85,100,63
2008-02-28,11.6,18.1,6.2,81,98,54
2008-02-29,11.4,17.8,6.3,78,96,48
2008-03-01,10.4,16.2,5.4,84,100,58
2008-03-02,12.4,16.9,9.4,63,82,37
2008-03-03,13.6,20.6,8.7,67,82,42
2008-03-04,13.1,19.8,6.7,74,94,50
2008-03-05,13.1,18.6,7.8,80,99,55
2008-03-06,12.7,17.2,8.7,86,96,72
2008-03-07,11.6,14.5,9.5,81,94,67
2008-03-08,10.6,15.1,5.1,81,100,54
2008-03-09,11.6,15.3,8.4,74,93,50
2008-03-10,11.5,15.8,8.2,73,87,52
2008-03-11,11.6,15.5,9.1,78,91,54
2008-03-12,12.2,18.2,6.2,76,98,43
2008-03-13,12.7,18.3,8.0,66,91,43
2008-03-14,11.9,17.4,5.9,55,78,32
2008-03-15,12.5,18.6,7.0,69,85,46
2008-03-16,12.4,17.6,7.0,80,96,61
2008-03-17,12.9,17.3,9.4,82,98,62
2008-03-18,14.0,18.4,8.2,71,99,46
2008-03-19,12.8,15.9,8.8,69,83,57
2008-03-20,9.3,11.9,6.8,76,83,70
2008-03-21,11.9,16.0,9.4,74,94,44
2008-03-22,12.7,16.4,9.3,65,88,47
2008-03-23,13.5,17.1,9.6,77,93,58
2008-03-24,13.6,19.2,8.7,73,95,49
2008-03-25,11.1,14.8,7.7,52,83,31
2008-03-26,10.4,15.1,5.4,50,75,30
2008-03-27,9.9,12.6,6.4,71,86,62
2008-03-28,10.7,14.1,7.1,72,87,53
2008-03-29,12.2,16.9,7.3,73,94,52
2008-03-30,12.5,17.6,7.8,69,95,38
2008-03-31,12.6,17.7,7.9,68,90,40
2008-04-01,11.9,18.1,6.2,73,96,39
2008-04-02,12.0,16.9,6.9,78,100,57
2008-04-03,12.3,15.9,8.4,81,96,61
2008-04-04,10.9,12.4,8.7,87,96,80
2008-04-05,10.7,13.9,7.8,87,98,74
2008-04-06,11.3,14.2,9.5,81,94,61
2008-04-07,12.8,19.6,6.0,67,85,44
2008-04-08,15.8,21.6,10.6,62,87,39
2008-04-09,15.2,19.5,11.6,77,92,65
2008-04-10,14.3,18.9,9.3,85,100,65
2008-04-11,16.6,23.1,10.3,80,100,55
2008-04-12,16.8,22.4,11.2,82,100,59
2008-04-13,19.0,26.5,12.8,75,96,41
2008-04-14,17.4,20.2,14.8,83,94,69
2008-04-15,15.6,19.9,11.2,66,93,39
2008-04-16,14.7,19.7,9.6,53,76,36
2008-04-17,14.0,18.7,9.0,59,77,38
2008-04-18,15.2,19.5,11.2,71,86,54
2008-04-19,16.8,22.2,10.6,76,98,55
2008-04-20,18.5,25.1,11.7,75,96,49
2008-04-21,18.6,24.2,13.0,79,96,58
2008-04-22,18.3,23.2,13.1,74,99,45
2008-04-23,17.7,22.1,12.9,56,76,37
2008-04-24,16.9,21.3,12.4,63,81,45
2008-04-25,14.0,15.9,11.5,80,93,68
2008-04-26,13.1,16.4,11.1,80,92,61
2008-04-27,12.7,16.3,9.0,74,93,54
2008-04-28,14.7,20.0,9.4,67,91,40
2008-04-29,15.8,20.5,10.9,61,78,37
2008-04-30,16.8,20.3,12.7,61,81,42
2008-05-01,17.1,22.4,11.0,70,93,47
2008-05-02,19.5,25.5,12.7,64,96,32
2008-05-03,19.0,23.5,14.2,48,66,30
2008-05-04,17.7,22.2,13.1,51,70,33
2008-05-05,16.5,20.3,13.0,70,84,52
2008-05-06,14.0,15.9,11.8,80,90,66
2008-05-07,13.3,16.7,11.2,74,91,52
2008-05-08,15.7,20.7,9.9,65,87,45
2008-05-09,17.3,22.6,10.3,61,88,35
2008-05-10,15.6,18.9,11.6,75,91,62
2008-05-11,15.2,18.2,11.7,74,93,59
2008-05-12,15.6,18.8,11.9,73,92,54
2008-05-13,16.8,21.3,11.3,72,96,50
2008-05-14,16.7,19.4,14.2,69,87,50
2008-05-15,17.6,23.6,11.5,67,88,40
2008-05-16,19.0,23.7,13.5,67,91,48
2008-05-17,20.3,24.8,15.4,64,86,45
2008-05-18,21.5,26.2,17.1,61,83,38
2008-05-19,21.1,26.3,16.6,61,84,36
2008-05-20,21.5,26.5,16.4,68,84,53
2008-05-21,21.5,25.8,16.5,73,95,53
2008-05-22,20.9,26.2,14.8,65,94,36
2008-05-23,21.3,25.8,15.8,58,78,38
2008-05-24,21.5,26.3,15.8,59,82,36
2008-05-25,22.7,28.2,16.7,58,82,33
2008-05-26,25.4,30.8,20.1,54,75,31
2008-05-27,23.7,28.8,18.5,65,81,47
2008-05-28,26.1,33.3,20.1,63,86,37
2008-05-29,25.0,30.1,21.2,61,77,45
2008-05-30,21.0,24.6,17.6,64,76,52
2008-05-31,22.5,27.0,18.8,60,81,43
2008-06-01,25.0,30.3,20.5,59,79,39
2008-06-02,22.7,25.8,20.4,71,82,57
2008-06-03,20.2,22.4,17.8,65,82,50
2008-06-04,20.6,23.6,17.4,67,81,52
2008-06-05,22.5,27.1,18.8,64,82,43
2008-06-06,21.7,24.3,19.4,72,84,60
2008-06-07,21.0,24.1,18.3,74,90,58
2008-06-08,20.4,24.1,17.1,74,93,54
2008-06-09,20.2,21.6,17.6,75,86,68
2008-06-10,22.0,26.5,16.3,68,95,42
2008-06-11,23.8,28.3,19.5,61,83,40
2008-06-12,24.1,27.8,20.5,61,81,44
2008-06-13,23.1,27.2,18.8,68,87,46
2008-06-14,23.6,27.8,17.6,62,91,39
2008-06-15,24.5,27.9,19.8,53,77,32
2008-06-16,23.6,27.5,19.9,65,87,44
2008-06-17,24.6,30.1,18.9,71,99,44
2008-06-18,26.6,31.9,21.1,65,92,39
2008-06-19,28.2,34.2,22.2,55,88,25
2008-06-20,27.0,31.8,22.3,51,74,30
2008-06-21,27.0,31.6,22.8,58,83,35
2008-06-22,27.7,31.8,23.7,57,77,38
2008-06-23,27.9,31.8,24.7,58,79,42
2008-06-24,28.4,34.2,22.6,57,80,34
2008-06-25,29.4,34.6,23.6,56,81,34
2008-06-26,29.4,32.2,26.7,59,73,51
2008-06-27,28.9,33.2,24.8,62,81,45
2008-06-28,28.9,32.4,25.4,63,80,47
2008-06-29,28.6,33.1,23.3,56,78,33
2008-06-30,26.4,29.1,23.7,69,84,55
2008-07-01,26.9,30.8,22.6,62,83,45
2008-07-02,27.3,32.1,21.7,63,87,44
2008-07-03,26.3,28.6,23.1,69,85,57
2008-07-04,26.7,30.5,23.5,68,86,51
2008-07-05,27.3,33.2,20.7,61,88,32
2008-07-06,28.3,33.0,23.8,48,75,24
2008-07-07,26.6,31.0,22.2,62,87,41
2008-07-08,27.9,33.4,22.9,58,80,39
2008-07-09,28.9,33.7,22.6,49,85,26
2008-07-10,26.9,31.8,21.7,39,64,22
2008-07-11,26.6,31.7,22.0,55,80,33
2008-07-12,26.2,31.0,21.7,59,83,39
2008-07-13,26.5,31.0,21.6,57,81,37
2008-07-14,27.2,32.3,22.7,57,79,38
2008-07-15,28.7,35.1,23.2,54,86,32
2008-07-16,25.0,29.3,20.2,37,54,24
2008-07-17,26.0,32.2,20.0,41,60,26
2008-07-18,26.7,32.5,20.3,54,86,28
2008-07-19,28.1,34.1,21.5,51,82,29
2008-07-20,28.4,33.0,23.3,54,75,36
2008-07-21,28.8,33.9,23.7,55,84,32
2008-07-22,28.4,32.8,23.8,58,80,40
2008-07-23,24.5,28.9,19.6,53,78,34
2008-07-24,23.3,27.0,18.9,43,65,29
2008-07-25,23.8,28.1,18.2,46,69,33
2008-07-26,25.8,30.4,19.5,50,79,30
2008-07-27,26.3,31.5,20.9,51,71,35
2008-07-28,25.4,29.5,20.9,64,88,46
2008-07-29,26.0,29.8,22.2,62,84,42
2008-07-30,27.1,31.6,22.4,58,84,35
2008-07-31,27.6,31.0,23.9,57,76,42
2008-08-01,27.1,29.7,23.7,58,77,46
2008-08-02,26.9,30.2,23.8,56,72,43
2008-08-03,26.7,31.0,23.3,57,73,39
2008-08-04,27.7,33.5,22.3,56,87,27
2008-08-05,28.8,34.8,23.0,54,80,28
2008-08-06,30.2,37.2,23.4,51,80,25
2008-08-07,28.2,31.7,24.7,55,75,42
2008-08-08,27.1,30.8,22.8,58,79,44
2008-08-09,27.0,31.0,23.2,62,83,44
2008-08-10,25.4,29.8,22.6,66,84,43
2008-08-11,25.3,30.8,19.2,59,93,30
2008-08-12,26.8,31.7,22.1,59,80,38
2008-08-13,28.1,34.2,21.9,59,84,31
2008-08-14,29.9,35.8,24.4,55,81,31
2008-08-15,30.8,36.3,25.4,48,74,25
2008-08-16,29.7,35.0,24.2,49,71,27
2008-08-17,30.0,36.6,23.0,46,69,22
2008-08-18,30.1,35.9,24.3,44,75,23
2008-08-19,29.5,34.6,24.3,38,55,27
2008-08-20,28.6,32.8,24.6,55,74,38
2008-08-21,28.5,33.9,23.4,57,80,36
2008-08-22,30.1,36.3,24.7,51,79,22
2008-08-23,30.7,36.1,25.2,44,71,25
2008-08-24,29.6,35.8,23.9,53,83,24
2008-08-25,28.1,33.4,23.1,47,68,33
2008-08-26,27.9,31.9,24.4,58,77,42
2008-08-27,27.9,32.2,23.8,54,77,36
2008-08-28,27.4,32.1,24.0,54,70,35
2008-08-29,27.0,31.9,22.5,54,77,31
2008-08-30,27.2,32.3,22.5,47,76,25
2008-08-31,24.3,27.4,21.3,53,74,40
2008-09-01,23.4,26.7,19.0,65,90,46
2008-09-02,23.9,28.2,19.5,64,87,43
2008-09-03,23.9,28.0,19.9,70,89,49
2008-09-04,24.9,30.0,19.5,72,97,44
2008-09-05,26.5,32.6,20.8,67,95,35
2008-09-06,27.4,33.8,21.4,63,91,32
2008-09-07,27.1,32.7,22.1,67,93,41
2008-09-08,27.2,32.1,23.1,61,87,36
2008-09-09,27.4,33.5,21.4,57,85,31
2008-09-10,26.5,31.1,22.4,56,80,34
2008-09-11,25.0,29.1,21.6,67,87,45
2008-09-12,26.2,32.7,20.5,64,89,36
2008-09-13,27.0,32.4,22.9,64,82,37
2008-09-14,26.5,31.7,22.1,67,89,36
2008-09-15,22.8,26.5,19.5,76,93,58
2008-09-16,21.9,26.2,18.0,73,96,47
2008-09-17,20.4,24.1,16.7,61,86,39
2008-09-18,17.0,21.6,13.2,47,63,31
2008-09-19,16.6,21.4,11.7,44,59,31
2008-09-20,15.7,17.7,14.0,51,64,41
2008-09-21,15.8,19.8,12.2,53,68,36
2008-09-22,16.5,21.0,11.5,55,76,36
2008-09-23,17.2,21.7,12.5,60,85,37
2008-09-24,16.6,21.5,12.0,68,92,46
2008-09-25,16.1,17.2,15.3,88,95,78
2008-09-26,17.0,21.7,13.5,79,95,53
2008-09-27,14.9,16.2,13.9,88,95,78
2008-09-28,14.8,17.7,12.7,86,95,68
2008-09-29,14.6,18.5,11.3,77,95,52
2008-09-30,16.1,20.5,11.1,69,91,46
2008-10-01,16.4,21.6,11.4,79,96,56
2008-10-02,17.1,21.8,12.6,82,95,63
2008-10-03,18.7,22.5,15.4,81,93,65
2008-10-04,18.8,23.9,14.1,82,100,61
2008-10-05,17.1,19.1,13.6,68,89,44
2008-10-06,15.2,20.8,9.4,60,82,39
2008-10-07,17.3,23.5,11.9,60,75,39
2008-10-08,17.9,23.3,12.5,64,84,40
2008-10-09,17.0,22.5,12.0,80,98,56
2008-10-10,17.0,21.6,14.0,85,100,60
2008-10-11,17.4,22.2,12.7,74,100,43
2008-10-12,17.7,22.6,13.3,69,90,43
2008-10-13,17.6,21.2,14.9,74,88,56
2008-10-14,16.9,21.9,11.5,77,100,50
2008-10-15,17.8,23.8,11.7,74,97,48
2008-10-16,17.8,23.5,11.8,75,97,46
2008-10-17,17.2,22.2,12.9,85,99,63
2008-10-18,17.5,22.5,13.5,82,99,59
2008-10-19,17.7,20.2,16.1,72,84,60
2008-10-20,17.5,22.8,12.3,79,99,55
2008-10-21,16.5,20.5,12.4,87,100,67
2008-10-22,16.8,19.2,14.6,85,98,68
2008-10-23,16.1,19.7,12.7,85,100,60
2008-10-24,15.2,18.0,11.7,88,100,70
2008-10-25,14.7,16.9,11.8,86,100,69
2008-10-26,14.1,17.6,11.2,83,99,56
2008-10-27,13.8,16.7,10.5,84,100,67
2008-10-28,14.2,17.8,10.9,85,98,63
2008-10-29,14.9,18.8,11.5,86,98,68
2008-10-30,15.7,20.2,11.9,88,98,71
2008-10-31,17.8,23.1,14.0,86,99,65
2008-11-01,18.1,23.0,14.8,85,95,63
2008-11-02,17.9,23.8,13.3,81,99,53
2008-11-03,18.3,24.2,14.3,74,90,49
2008-11-04,17.1,21.3,13.8,86,98,68
2008-11-05,16.3,19.8,13.9,89,100,68
2008-11-06,15.4,19.7,12.7,88,100,65
2008-11-07,14.5,17.2,12.1,86,100,64
2008-11-08,15.1,17.2,13.7,79,89,66
2008-11-09,14.2,15.5,13.1,75,86,65
2008-11-10,13.9,15.5,12.9,76,86,64
2008-11-11,13.1,15.6,10.6,79,94,57
2008-11-12,11.7,15.4,8.5,82,97,61
2008-11-13,11.2,15.6,7.3,86,100,65
2008-11-14,12.1,14.9,9.1,89,99,77
2008-11-15,12.7,15.5,10.0,86,97,67
2008-11-16,12.7,14.4,11.2,87,95,74
2008-11-17,12.5,16.2,9.4,82,100,59
2008-11-18,8.9,11.3,7.8,85,93,69
2008-11-19,8.4,9.4,7.4,91,94,88
2008-11-20,8.0,13.2,3.3,81,94,57
2008-11-21,10.3,14.9,5.5,81,94,66
2008-11-22,10.4,16.6,4.6,80,95,51
2008-11-23,4.8,8.5,1.1,56,74,38
2008-11-24,5.0,6.9,2.0,75,86,60
2008-11-25,10.3,15.4,6.7,86,99,79
2008-11-26,11.2,16.6,8.4,87,100,65
2008-11-27,7.2,11.1,4.1,61,80,43
2008-11-28,5.8,10.7,1.5,77,89,61
2008-11-29,8.0,10.4,6.0,85,93,73
2008-11-30,8.7,13.7,4.8,91,100,75
2008-12-01,10.6,14.5,7.8,90,98,75
2008-12-02,11.4,15.4,8.3,91,99,76
2008-12-03,14.6,17.3,11.4,93,97,88
2008-12-04,16.5,17.9,14.8,86,94,78
2008-12-05,13.9,17.7,10.8,80,91,55
2008-12-06,11.4,14.4,9.0,90,97,81
2008-12-07,11.2,15.1,7.3,80,100,57
2008-12-08,7.8,10.5,5.8,57,66,43
2008-12-09,6.1,9.0,3.1,59,74,43
2008-12-10,3.9,8.2,0.4,74,88,52
2008-12-11,6.0,10.3,2.3,80,91,71
2008-12-12,9.1,9.6,8.3,88,91,85
2008-12-13,9.4,12.9,7.6,91,96,79
2008-12-14,9.1,12.5,6.4,93,99,81
2008-12-15,10.9,12.1,9.8,91,95,84
2008-12-16,10.4,12.1,8.9,82,88,73
2008-12-17,9.9,12.4,7.8,88,93,81
2008-12-18,11.3,14.4,6.9,93,96,84
2008-12-19,9.2,13.9,6.5,91,98,74
2008-12-20,7.7,11.3,5.5,78,100,54
2008-12-21,6.5,8.9,4.4,64,74,54
2008-12-22,6.4,9.7,4.4,61,70,46
2008-12-23,6.1,10.4,2.9,61,71,47
2008-12-24,4.6,6.4,2.2,49,65,33
2008-12-25,1.9,5.6,-1.1,57,75,35
2008-12-26,2.0,5.1,-0.4,73,86,61
2008-12-27,2.3,3.8,1.5,82,91,67
2008-12-28,2.2,5.2,0.2,81,93,62
2008-12-29,1.7,5.9,-1.4,77,92,55
2008-12-30,0.9,4.2,-1.3,65,80,48
2008-12-31,0.5,4.9,-2.5,65,78,44
2009-01-01,-0.1,4.8,-3.5,75,90,52
2009-01-02,2.0,6.6,-0.4,84,92,75
2009-01-03,1.2,3.3,-1.7,95,98,90
2009-01-04,1.8,4.0,0.1,92,97,82
2009-01-05,2.0,4.6,-1.2,81,93,68
2009-01-06,2.6,4.9,0.9,82,92,68
2009-01-07,3.6,5.9,1.3,84,90,74
2009-01-08,4.5,7.8,1.5,86,93,75
2009-01-09,3.2,5.0,1.7,78,93,59
2009-01-10,2.9,6.7,0.5,81,90,67
2009-01-11,1.7,6.6,-2.1,83,96,65
2009-01-12,2.3,6.4,-0.5,77,92,56
2009-01-13,1.8,5.9,-1.2,84,93,66
2009-01-14,5.1,8.0,2.6,95,97,93
2009-01-15,7.6,12.6,4.1,93,99,78
2009-01-16,7.7,12.9,4.6,86,99,67
2009-01-17,5.2,8.9,2.1,64,76,45
2009-01-18,3.0,8.1,-0.7,80,93,64
2009-01-19,5.6,12.3,0.9,82,95,63
2009-01-20,6.9,13.4,1.9,84,94,67
2009-01-21,9.1,12.9,5.4,96,98,92
2009-01-22,13.6,15.7,12.4,92,97,87
2009-01-23,11.7,13.4,7.7,90,95,81
2009-01-24,8.7,13.4,4.2,88,100,70
2009-01-25,10.8,15.1,8.6,90,97,74
2009-01-26,9.3,14.3,3.8,85,100,60
2009-01-27,10.6,15.4,4.1,84,95,68
2009-01-28,8.9,12.0,4.6,83,96,65
2009-01-29,7.5,12.8,3.2,81,99,57
2009-01-30,7.5,11.7,4.2,81,96,58
2009-01-31,5.1,6.8,3.2,88,93,83
2009-02-01,6.0,7.7,4.2,86,95,76
2009-02-02,6.6,8.8,4.3,85,93,76
2009-02-03,8.8,12.0,7.0,88,93,81
2009-02-04,11.9,15.3,9.7,89,98,72
2009-02-05,10.0,15.7,5.6,88,100,63
2009-02-06,10.6,15.5,5.9,80,97,60
2009-02-07,10.1,14.9,5.6,89,99,74
2009-02-08,12.1,16.1,9.5,82,98,53
2009-02-09,9.8,13.7,5.0,70,93,49
2009-02-10,7.6,11.8,3.7,60,77,46
2009-02-11,8.3,13.0,4.8,81,97,70
2009-02-12,7.0,10.5,4.1,78,100,51
2009-02-13,5.2,8.9,1.5,61,75,44
2009-02-14,3.6,7.0,1.1,53,59,44
2009-02-15,3.3,6.5,0.8,59,73,45
2009-02-16,3.1,7.0,0.1,55,72,38
2009-02-17,2.4,6.8,-1.1,61,83,41
2009-02-18,3.5,9.3,-0.6,76,94,58
2009-02-19,3.9,5.9,0.6,78,96,53
2009-02-20,1.9,4.9,0.2,57,63,48
2009-02-21,2.3,7.1,-1.3,56,69,44
2009-02-22,2.1,5.7,-0.6,71,85,55
2009-02-23,2.6,7.3,-2.5,69,90,43
2009-02-24,3.2,7.7,-1.0,69,88,47
2009-02-25,3.7,9.3,-0.5,72,90,42
2009-02-26,3.8,9.3,-0.1,62,85,40
2009-02-27,4.1,10.6,-0.7,65,79,45
2009-02-28,6.4,12.2,2.0,59,77,33
2009-03-01,8.6,15.6,3.6,63,79,44
2009-03-02,10.5,16.6,6.0,69,85,42
2009-03-03,10.2,15.3,5.4,83,97,65
2009-03-04,10.6,13.1,8.7,84,93,71
2009-03-05,12.0,15.6,8.9,85,94,71
2009-03-06,11.9,15.0,7.8,80,95,60
2009-03-07,10.4,13.5,7.7,77,91,58
2009-03-08,9.6,14.8,4.7,68,92,43
2009-03-09,9.4,14.2,4.3,66,85,50
2009-03-10,9.4,12.7,6.3,64,94,38
2009-03-11,7.7,12.3,3.4,60,80,37
2009-03-12,8.0,11.4,4.8,74,95,49
2009-03-13,8.1,12.9,3.2,58,73,37
2009-03-14,8.1,12.8,2.5,57,79,34
2009-03-15,7.7,13.4,1.7,61,79,40
2009-03-16,10.5,15.7,5.6,65,84,43
2009-03-17,9.5,14.1,5.1,64,84,38
2009-03-18,7.5,12.6,1.2,63,91,39
2009-03-19,6.8,10.7,3.4,48,64,28
2009-03-20,5.8,8.4,2.5,78,91,56
2009-03-21,4.7,5.9,3.6,90,97,80
2009-03-22,5.1,7.9,2.7,83,97,67
2009-03-23,6.9,11.7,1.8,64,79,45
2009-03-24,9.0,14.7,3.7,65,82,48
2009-03-25,8.4,14.6,4.8,83,91,67
2009-03-26,6.2,10.7,1.0,60,76,40
2009-03-27,8.2,13.9,0.9,68,97,42
2009-03-28,9.7,15.9,3.3,74,93,49
2009-03-29,10.5,14.8,6.6,83,95,66
2009-03-30,12.6,18.4,7.4,85,98,69
2009-03-31,15.7,22.3,10.1,80,93,61
2009-04-01,15.7,19.7,11.8,85,94,72
2009-04-02,15.1,18.8,11.7,82,96,66
2009-04-03,14.0,16.3,12.1,77,87,63
2009-04-04,14.4,18.5,11.0,73,89,53
2009-04-05,15.2,21.0,10.0,68,89,41
2009-04-06,13.4,15.1,11.3,72,85,62
2009-04-07,14.5,19.7,10.0,67,87,40
2009-04-08,14.7,19.7,9.2,68,91,46
2009-04-09,16.1,21.8,10.7,63,83,35
2009-04-10,16.0,20.0,11.9,61,81,41
2009-04-11,15.2,19.3,11.2,68,85,45
2009-04-12,14.2,17.4,11.8,69,85,50
2009-04-13,12.1,15.0,8.2,72,84,62
2009-04-14,12.3,14.6,10.5,84,94,76
2009-04-15,13.3,18.4,8.9,76,94,50
2009-04-16,14.6,21.1,7.9,76,99,46
2009-04-17,16.5,22.5,11.4,70,84,45
2009-04-18,16.7,21.6,11.6,74,91,54
2009-04-19,17.3,21.8,12.9,79,96,59
2009-04-20,17.4,21.5,12.9,75,99,47
2009-04-21,15.8,18.6,12.3,79,92,64
2009-04-22,13.9,16.0,11.4,86,93,77
2009-04-23,11.5,14.2,9.1,78,93,61
2009-04-24,12.5,16.4,9.1,72,91,54
2009-04-25,15.0,20.7,9.5,70,88,47
2009-04-26,12.4,13.9,10.5,81,92,70
2009-04-27,12.9,16.8,9.4,71,96,49
2009-04-28,13.2,16.8,9.9,70,86,47
2009-04-29,13.5,18.4,9.0,74,94,50
2009-04-30,16.5,20.7,12.6,71,88,49
2009-05-01,14.0,16.0,10.7,74,90,59
2009-05-02,14.7,19.9,9.4,76,91,59
2009-05-03,15.4,19.1,11.3,79,96,61
2009-05-04,15.6,20.1,11.2,78,96,53
2009-05-05,17.6,22.4,13.5,68,86,45
2009-05-06,16.8,22.0,10.9,68,88,44
2009-05-07,18.1,22.6,11.2,60,88,39
2009-05-08,18.0,23.7,11.7,58,81,36
2009-05-09,18.9,24.4,14.2,66,86,45
2009-05-10,19.6,24.5,15.7,68,88,45
2009-05-11,20.5,25.4,15.6,64,84,43
2009-05-12,21.2,25.7,17.5,64,77,50
2009-05-13,22.7,27.7,18.1,65,81,44
2009-05-14,21.8,26.4,16.3,73,93,54
2009-05-15,21.7,25.8,16.8,74,97,52
2009-05-16,23.4,27.9,19.5,66,86,47
2009-05-17,24.2,28.9,20.0,58,80,35
2009-05-18,23.7,29.3,19.5,57,81,37
2009-05-19,23.5,30.1,17.3,66,93,35
2009-05-20,22.4,26.2,18.2,66,81,52
2009-05-21,23.2,28.0,18.5,63,84,38
2009-05-22,24.0,28.4,20.1,60,80,41
2009-05-23,25.2,31.9,19.4,59,82,31
2009-05-24,25.9,31.9,19.2,54,76,31
2009-05-25,25.4,30.6,21.1,58,84,34
2009-05-26,22.9,26.4,19.2,70,87,55
2009-05-27,21.2,23.6,18.9,65,80,50
2009-05-28,21.3,25.1,18.5,60,77,46
2009-05-29,20.4,23.6,18.7,73,85,59
2009-05-30,19.1,22.8,15.6,69,82,57
2009-05-31,18.4,22.6,12.8,72,92,53
2009-06-01,20.4,24.1,16.3,77,95,57
2009-06-02,21.6,25.6,17.2,74,93,57
2009-06-03,21.4,26.0,17.0,67,89,41
2009-06-04,21.8,27.4,16.5,58,82,28
2009-06-05,22.8,27.4,18.8,61,84,38
2009-06-06,23.5,28.5,18.4,66,86,44
2009-06-07,25.2,30.4,19.8,63,90,41
2009-06-08,26.9,33.2,21.2,57,80,34
2009-06-09,26.8,31.6,22.2,58,80,36
2009-06-10,27.3,32.5,22.5,57,78,36
2009-06-11,27.4,32.7,22.8,60,84,36
2009-06-12,27.2,31.4,21.4,51,86,28
2009-06-13,24.3,28.5,20.2,39,70,23
2009-06-14,23.8,29.1,17.6,50,82,20
2009-06-15,24.3,30.1,18.9,54,83,28
2009-06-16,25.4,30.5,20.4,53,74,31
2009-06-17,28.4,35.2,21.7,51,75,28
2009-06-18,24.2,26.7,22.0,72,88,60
2009-06-19,24.0,27.8,20.3,63,87,43
2009-06-20,24.9,28.9,21.5,58,80,43
2009-06-21,24.9,28.7,22.0,66,80,48
2009-06-22,23.2,26.2,20.4,75,83,61
2009-06-23,22.2,26.5,17.5,66,89,42
2009-06-24,20.8,23.9,17.7,73,89,56
2009-06-25,21.2,25.5,16.5,66,90,44
2009-06-26,23.0,26.7,18.7,62,83,42
2009-06-27,23.8,27.6,19.4,62,87,40
2009-06-28,23.3,26.7,19.4,68,87,50
2009-06-29,23.9,27.2,20.2,69,88,53
2009-06-30,24.5,27.8,21.0,70,88,55
2009-07-01,24.7,28.4,20.8,70,88,54
2009-07-02,25.0,29.2,20.4,68,91,48
2009-07-03,26.0,30.0,22.1,64,84,46
2009-07-04,26.8,31.5,21.3,62,85,38
2009-07-05,26.9,31.6,21.7,62,86,37
2009-07-06,26.3,29.5,23.7,69,85,53
2009-07-07,26.2,30.4,21.7,70,94,48
2009-07-08,28.1,33.3,23.2,60,83,32
2009-07-09,29.4,34.5,24.9,55,78,27
2009-07-10,26.6,29.0,24.0,70,81,59
2009-07-11,24.6,27.3,21.9,72,90,60
2009-07-12,23.4,27.4,19.1,50,71,34
2009-07-13,24.5,30.0,19.0,42,56,28
2009-07-14,25.9,32.0,19.4,47,68,30
2009-07-15,27.5,34.2,21.1,56,83,31
2009-07-16,28.3,33.5,23.2,56,76,37
2009-07-17,29.2,34.2,24.1,57,79,37
2009-07-18,29.5,34.0,25.5,56,80,35
2009-07-19,30.0,35.5,24.1,51,80,28
2009-07-20,27.2,32.2,21.9,41,61,27
2009-07-21,26.7,31.6,21.3,54,83,30
2009-07-22,27.3,32.3,22.4,57,84,34
2009-07-23,29.0,34.2,24.5,52,76,31
2009-07-24,29.7,35.4,24.8,56,78,36
2009-07-25,30.8,37.9,24.3,55,85,28
2009-07-26,29.7,33.9,25.4,43,72,24
2009-07-27,26.8,31.2,23.0,45,64,31
2009-07-28,25.9,29.9,21.8,59,82,41
2009-07-29,26.8,31.6,22.1,56,81,37
2009-07-30,27.0,31.0,23.1,56,75,38
2009-07-31,28.8,33.7,24.2,51,73,28
2009-08-01,28.6,32.7,24.5,52,74,32
2009-08-02,28.2,31.2,25.0,57,73,45
2009-08-03,28.3,33.1,23.4,59,83,37
2009-08-04,29.1,33.9,24.5,55,79,34
2009-08-05,28.0,32.6,23.5,57,79,36
2009-08-06,25.4,29.9,20.8,66,89,45
2009-08-07,26.2,30.2,22.6,60,76,42
2009-08-08,25.6,28.9,21.9,66,89,50
2009-08-09,24.2,27.2,20.9,73,94,56
2009-08-10,24.2,26.9,21.5,70,86,56
2009-08-11,23.9,26.7,20.6,69,88,56
2009-08-12,22.9,25.8,20.0,71,90,55
2009-08-13,24.3,29.2,19.3,68,91,44
2009-08-14,25.8,29.6,21.7,64,81,42
2009-08-15,26.2,31.6,21.4,62,82,37
2009-08-16,26.7,31.1,21.4,60,87,40
2009-08-17,27.0,30.4,24.1,60,79,47
2009-08-18,26.9,30.8,23.6,63,83,42
2009-08-19,28.6,33.9,22.1,55,87,28
2009-08-20,29.1,33.5,23.9,51,80,31
2009-08-21,26.4,29.3,22.4,61,81,48
2009-08-22,25.7,28.8,22.7,65,82,50
2009-08-23,26.4,30.1,22.7,65,85,45
2009-08-24,24.9,29.0,20.9,68,86,46
2009-08-25,23.5,27.5,20.0,71,91,49
2009-08-26,25.6,30.3,21.1,61,83,39
2009-08-27,26.4,31.3,22.3,61,79,39
2009-08-28,25.9,30.8,20.9,68,88,45
2009-08-29,26.0,30.8,21.8,69,89,44
2009-08-30,27.3,32.8,21.8,61,85,34
2009-08-31,26.0,30.4,22.3,62,84,40
2009-09-01,24.0,27.3,20.6,75,93,58
2009-09-02,23.9,27.4,20.0,73,95,54
2009-09-03,25.1,29.3,21.5,71,89,51
2009-09-04,26.2,31.4,20.6,69,98,43
2009-09-05,27.5,32.6,22.9,66,89,41
2009-09-06,22.8,26.3,19.8,70,86,60
2009-09-07,20.4,23.2,18.0,63,72,53
2009-09-08,20.0,23.7,16.4,59,74,43
2009-09-09,21.8,25.6,18.4,58,71,43
2009-09-10,22.9,26.8,18.7,61,82,44
2009-09-11,22.6,25.3,19.6,62,79,48
2009-09-12,20.6,24.3,18.4,76,88,56
2009-09-13,21.1,25.7,18.1,68,84,44
2009-09-14,21.1,23.9,18.2,77,89,66
2009-09-15,21.8,26.6,16.8,73,96,48
2009-09-16,22.5,26.3,17.1,72,96,52
2009-09-17,21.6,24.6,18.6,78,99,56
2009-09-18,21.9,28.0,17.4,76,94,48
2009-09-19,20.8,23.5,18.2,82,95,67
2009-09-20,19.7,21.7,18.1,77,89,64
2009-09-21,19.2,20.6,17.7,67,79,58
2009-09-22,19.3,22.7,15.9,71,93,49
2009-09-23,20.0,24.8,14.4,68,97,41
2009-09-24,20.2,25.4,14.5,68,95,43
2009-09-25,21.0,24.9,16.9,66,86,46
2009-09-26,21.5,25.6,17.8,64,88,39
2009-09-27,20.5,22.9,18.5,68,87,56
2009-09-28,19.5,22.1,17.0,70,84,55
2009-09-29,19.6,24.9,13.7,75,99,49
2009-09-30,21.5,27.3,14.2,60,93,31
2009-10-01,21.0,26.4,16.0,65,85,39
2009-10-02,20.9,25.6,16.5,74,93,50
2009-10-03,19.2,22.2,16.0,88,96,78
2009-10-04,18.1,22.0,14.9,69,78,55
2009-10-05,19.3,24.8,14.2,69,87,45
2009-10-06,19.9,25.2,14.9,76,100,46
2009-10-07,20.0,25.5,14.3,74,99,45
2009-10-08,19.8,25.0,14.2,75,96,49
2009-10-09,20.4,26.4,14.2,73,98,45
2009-10-10,20.6,26.5,14.5,77,98,50
2009-10-11,20.7,24.6,16.9,76,91,52
2009-10-12,19.8,23.9,15.3,78,100,53
2009-10-13,18.7,21.9,11.0,61,78,37
2009-10-14,11.6,14.9,8.4,42,58,28
2009-10-15,11.6,15.3,8.1,66,88,40
2009-10-16,12.9,16.2,10.8,83,94,69
2009-10-17,12.9,18.1,8.8,68,83,52
2009-10-18,14.0,18.0,10.5,88,96,73
2009-10-19,16.3,20.6,13.4,83,98,58
2009-10-20,14.8,19.0,10.8,78,100,48
2009-10-21,14.3,19.3,9.5,63,83,39
2009-10-22,14.2,19.4,8.3,75,93,55
2009-10-23,15.8,21.2,11.2,83,96,64
2009-10-24,17.0,20.0,14.0,87,94,76
2009-10-25,17.1,20.2,15.4,87,97,71
2009-10-26,17.1,20.3,14.2,86,96,70
2009-10-27,16.9,19.5,14.6,85,93,74
2009-10-28,15.6,18.7,12.6,71,96,46
2009-10-29,13.7,17.8,9.7,67,85,46
2009-10-30,13.0,16.5,9.6,69,93,50
2009-10-31,10.3,12.9,7.9,64,74,48
2009-11-01,9.2,12.8,6.2,58,68,39
2009-11-02,8.0,11.7,4.6,67,84,44
2009-11-03,8.8,10.2,7.3,87,93,80
2009-11-04,10.3,15.3,7.5,78,93,53
2009-11-05,12.1,18.2,7.1,78,90,61
2009-11-06,15.0,20.2,10.4,87,97,66
2009-11-07,17.7,20.5,15.9,91,98,77
2009-11-08,16.9,17.7,16.1,94,96,92
2009-11-09,15.4,18.0,12.8,91,98,78
2009-11-10,15.3,17.0,13.1,90,93,86
2009-11-11,12.2,16.0,9.1,86,100,64
2009-11-12,11.2,15.0,8.1,72,92,50
2009-11-13,10.8,16.3,6.8,70,82,48
2009-11-14,10.5,15.5,4.9,73,97,48
2009-11-15,10.3,15.2,6.0,79,97,59
2009-11-16,12.3,17.9,8.2,73,83,54
2009-11-17,12.5,18.6,7.9,82,98,58
2009-11-18,11.9,15.8,8.7,90,99,76
2009-11-19,12.6,19.0,7.9,83,100,60
2009-11-20,12.7,18.7,6.8,76,99,52
2009-11-21,12.0,18.5,7.6,66,80,43
2009-11-22,12.0,18.4,7.8,67,87,43
2009-11-23,11.4,17.5,5.4,74,96,55
2009-11-24,10.1,15.4,6.4,84,98,62
2009-11-25,11.4,16.9,6.4,76,97,53
2009-11-26,11.2,16.6,7.3,74,94,53
2009-11-27,9.3,15.2,4.9,85,99,63
2009-11-28,10.0,15.2,6.7,86,99,64
2009-11-29,11.6,17.1,7.4,79,94,58
2009-11-30,9.9,14.0,6.4,92,98,82
2009-12-01,12.3,16.6,8.9,91,98,77
2009-12-02,14.0,15.5,12.9,90,93,86
2009-12-03,12.8,15.8,10.4,84,95,66
2009-12-04,11.0,14.6,8.3,92,99,80
2009-12-05,11.1,13.8,9.1,89,97,76
2009-12-06,10.9,14.1,8.2,81,93,64
2009-12-07,10.7,13.8,7.7,88,99,71
2009-12-08,10.6,12.9,8.4,90,97,81
2009-12-09,11.5,13.6,10.4,86,90,77
2009-12-10,9.3,10.3,8.0,88,93,83
2009-12-11,7.9,9.5,5.4,75,89,62
2009-12-12,6.9,7.7,5.2,86,95,74
2009-12-13,5.6,7.6,2.9,84,95,70
2009-12-14,6.7,8.6,4.9,86,93,77
2009-12-15,8.8,11.2,7.0,95,98,90
2009-12-16,8.8,12.5,6.7,93,99,79
2009-12-17,8.8,12.2,5.5,83,97,61
2009-12-18,7.4,9.7,3.8,87,99,67
2009-12-19,4.5,8.2,0.4,76,94,61
2009-12-20,7.5,11.0,5.3,87,97,67
2009-12-21,3.3,7.3,0.4,63,84,49
2009-12-22,4.9,9.0,1.2,79,87,68
2009-12-23,7.8,13.4,4.3,88,97,78
2009-12-24,9.2,14.1,5.9,95,99,85
2009-12-25,12.1,15.3,10.2,94,98,85
2009-12-26,12.0,16.3,8.6,93,99,79
2009-12-27,14.2,17.7,11.6,91,98,75
2009-12-28,10.5,13.3,6.5,78,100,52
2009-12-29,8.2,12.5,4.7,67,82,50
2009-12-30,7.4,11.8,3.6,83,92,70
2009-12-31,9.0,14.5,5.6,91,99,77
2010-01-01,11.3,16.9,7.3,85,100,57
2010-01-02,11.4,14.7,8.6,66,81,53
2010-01-03,7.5,9.8,3.9,68,91,47
2010-01-04,3.3,5.9,1.1,48,66,38
2010-01-05,4.0,6.0,2.1,83,93,71
2010-01-06,8.9,13.9,5.2,93,98,86
2010-01-07,10.9,16.6,6.5,93,100,78
2010-01-08,10.8,15.6,6.7,94,100,83
2010-01-09,14.0,16.0,13.2,89,96,75
2010-01-10,11.7,14.1,8.0,79,90,59
2010-01-11,7.5,12.1,3.5,76,91,51
2010-01-12,7.6,9.8,3.9,78,93,61
2010-01-13,6.9,10.3,2.9,81,94,58
2010-01-14,7.1,9.8,4.8,79,93,60
2010-01-15,6.5,8.3,4.5,86,94,75
2010-01-16,5.5,7.0,3.8,85,94,68
2010-01-17,4.7,7.8,1.6,85,100,62
2010-01-18,6.4,10.5,3.1,76,92,55
2010-01-19,4.7,7.8,1.8,63,72,49
2010-01-20,4.1,6.8,1.3,64,77,49
2010-01-21,3.3,7.2,-0.8,75,90,53
2010-01-22,3.8,6.1,2.4,81,90,65
2010-01-23,1.8,3.2,0.1,69,88,56
2010-01-24,0.9,4.1,-1.8,64,76,45
2010-01-25,0.2,2.4,-1.4,73,87,57
2010-01-26,0.6,2.6,-1.2,68,71,62
2010-01-27,1.2,3.2,-0.0,71,84,64
2010-01-28,1.7,4.8,-0.2,84,92,72
2010-01-29,4.6,8.9,1.6,82,96,60
2010-01-30,7.3,11.1,4.7,85,92,74
2010-01-31,9.8,13.7,7.4,80,93,59
2010-02-01,8.2,12.2,5.5,79,92,68
2010-02-02,3.3,5.9,1.0,52,68,38
2010-02-03,2.2,6.3,-0.9,51,64,37
2010-02-04,4.0,10.6,-0.8,60,73,43
2010-02-05,4.0,8.3,0.2,83,93,74
2010-02-06,5.5,7.8,4.1,92,94,87
2010-02-07,5.9,9.4,3.1,88,95,77
2010-02-08,3.4,5.9,1.9,76,93,57
2010-02-09,2.9,7.9,-1.7,67,84,49
2010-02-10,4.7,7.1,1.9,91,97,87
2010-02-11,7.7,12.0,4.1,91,99,74
2010-02-12,7.9,13.3,3.1,88,100,63
2010-02-13,8.4,11.4,4.8,75,92,59
2010-02-14,6.2,9.9,2.3,78,95,58
2010-02-15,7.0,11.1,4.4,77,96,49
2010-02-16,6.9,12.1,2.1,75,89,57
2010-02-17,9.4,12.8,7.2,91,95,84
2010-02-18,10.5,16.3,5.6,89,100,70
2010-02-19,11.8,17.0,6.1,78,94,55
2010-02-20,12.3,19.2,5.7,84,99,63
2010-02-21,11.1,15.0,8.0,63,90,38
2010-02-22,7.7,11.5,3.6,62,74,45
2010-02-23,9.5,14.0,5.7,77,90,64
2010-02-24,8.9,13.7,4.1,89,100,73
2010-02-25,10.4,14.8,5.9,80,98,61
2010-02-26,9.9,14.9,4.5,78,95,56
2010-02-27,11.5,16.2,8.7,74,97,44
2010-02-28,9.7,14.0,5.4,62,79,48
2010-03-01,10.3,14.1,6.8,78,90,67
2010-03-02,11.3,18.1,5.1,78,100,49
2010-03-03,10.8,15.0,6.2,75,91,55
2010-03-04,10.5,14.1,7.3,83,95,63
2010-03-05,10.8,16.2,6.6,81,96,64
2010-03-06,5.8,8.4,3.8,55,65,41
2010-03-07,3.8,7.2,-0.3,65,87,42
2010-03-08,2.6,3.7,1.6,92,98,82
2010-03-09,4.2,8.5,1.4,84,98,61
2010-03-10,5.1,7.2,3.3,81,92,71
2010-03-11,5.7,10.4,2.3,85,97,66
2010-03-12,7.8,13.6,3.0,77,97,44
2010-03-13,7.9,13.4,1.8,63,81,40
2010-03-14,8.1,12.6,4.5,55,68,36
2010-03-15,7.5,12.4,2.6,57,76,36
2010-03-16,7.8,12.9,2.4,63,78,43
2010-03-17,8.5,13.4,2.1,60,88,32
2010-03-18,8.3,13.2,3.2,68,83,51
2010-03-19,9.6,15.3,3.7,77,94,54
2010-03-20,10.0,15.5,4.4,82,100,59
2010-03-21,11.8,18.3,5.1,78,98,52
2010-03-22,14.4,21.3,8.8,70,85,49
2010-03-23,13.6,17.2,10.5,83,94,66
2010-03-24,13.3,17.1,10.1,88,95,72
2010-03-25,13.5,18.3,8.4,83,100,60
2010-03-26,13.4,16.5,9.8,70,86,56
2010-03-27,12.2,16.4,7.8,79,98,64
2010-03-28,12.3,15.4,8.0,70,99,44
2010-03-29,14.2,19.6,8.9,53,73,31
2010-03-30,14.5,19.8,8.1,59,79,42
2010-03-31,14.4,19.9,9.0,75,95,50
2010-04-01,16.4,21.0,11.7,63,86,36
2010-04-02,14.2,17.1,11.1,72,86,60
2010-04-03,14.1,19.5,8.1,75,100,43
2010-04-04,13.6,18.8,8.0,80,99,54
2010-04-05,14.1,17.5,10.7,71,87,52
2010-04-06,12.9,17.6,6.8,67,97,40
2010-04-07,13.4,17.6,9.5,56,73,41
2010-04-08,13.6,18.9,8.4,65,82,44
2010-04-09,14.0,17.9,10.1,70,85,53
2010-04-10,13.7,18.0,10.1,74,94,54
2010-04-11,12.9,17.5,8.1,76,93,57
2010-04-12,12.8,15.2,10.0,77,91,63
2010-04-13,13.0,15.8,9.5,73,91,57
2010-04-14,13.0,15.7,10.2,77,90,64
2010-04-15,14.6,18.7,11.3,80,93,64
2010-04-16,15.7,20.9,10.0,84,100,61
2010-04-17,16.9,20.8,12.2,79,99,59
2010-04-18,16.1,17.8,14.3,80,90,68
2010-04-19,14.9,17.6,12.9,77,88,62
2010-04-20,15.5,20.2,11.4,75,99,49
2010-04-21,16.9,21.8,12.9,58,76,36
2010-04-22,17.0,22.7,11.6,61,79,39
2010-04-23,16.8,21.9,10.6,73,95,52
2010-04-24,17.5,21.7,12.5,69,94,44
2010-04-25,18.5,23.5,13.5,64,88,40
2010-04-26,18.9,22.5,16.1,59,80,34
2010-04-27,17.0,20.2,12.9,63,85,46
2010-04-28,15.0,18.9,11.0,65,79,51
2010-04-29,16.4,20.7,12.5,63,80,46
2010-04-30,17.6,21.9,14.0,62,85,41
2010-05-01,18.2,23.3,13.4,62,82,42
2010-05-02,18.7,23.4,14.9,63,81,44
2010-05-03,19.2,23.5,15.9,61,75,44
2010-05-04,20.3,25.4,15.4,60,82,40
2010-05-05,20.3,24.9,15.5,60,80,38
2010-05-06,20.1,24.3,16.5,62,81,43
2010-05-07,20.9,25.9,15.7,54,84,26
2010-05-08,18.8,22.8,14.8,63,76,51
2010-05-09,20.2,26.4,13.2,59,91,27
2010-05-10,20.6,26.1,14.4,52,77,32
2010-05-11,21.9,27.3,16.9,60,80,39
2010-05-12,22.4,27.2,17.7,59,85,35
2010-05-13,23.2,28.6,17.8,55,78,36
2010-05-14,22.9,28.7,15.7,51,79,26
2010-05-15,19.9,21.5,18.6,80,93,56
2010-05-16,19.0,22.1,15.1,50,72,33
2010-05-17,18.0,22.3,14.0,53,75,36
2010-05-18,16.2,19.7,12.9,53,69,39
2010-05-19,17.0,21.7,12.9,48,63,29
2010-05-20,16.6,21.6,12.0,54,72,38
2010-05-21,14.9,17.4,13.1,85,92,74
2010-05-22,17.3,23.1,11.1,70,95,44
2010-05-23,18.4,23.3,12.9,69,86,52
2010-05-24,19.4,24.0,14.4,72,94,50
2010-05-25,20.9,25.9,16.3,66,87,43
2010-05-26,22.5,28.4,17.7,63,85,39
2010-05-27,23.5,29.7,18.0,61,82,37
2010-05-28,23.9,28.6,20.2,57,74,35
2010-05-29,24.0,30.1,17.3,61,84,36
2010-05-30,24.4,29.0,20.7,63,82,42
2010-05-31,25.2,29.2,21.4,56,80,35
2010-06-01,21.8,24.9,18.5,65,76,52
2010-06-02,19.7,24.0,14.3,62,85,40
2010-06-03,20.1,23.5,16.3,74,94,59
2010-06-04,21.3,24.4,17.5,72,92,55
2010-06-05,20.7,23.5,18.0,78,92,67
2010-06-06,21.8,25.9,17.5,71,91,50
2010-06-07,22.8,27.6,18.8,66,91,38
2010-06-08,23.3,28.8,18.0,66,90,39
2010-06-09,24.7,29.9,19.7,60,84,36
2010-06-10,25.0,28.9,21.5,65,86,47
2010-06-11,26.2,32.2,20.4,64,91,38
2010-06-12,27.1,32.4,22.2,60,84,38
2010-06-13,28.1,33.7,22.6,58,79,38
2010-06-14,28.5,34.0,23.2,58,83,35
2010-06-15,29.7,35.2,24.3,56,76,37
2010-06-16,30.0,35.1,25.9,60,80,37
2010-06-17,29.1,33.6,24.4,63,86,42
2010-06-18,25.7,27.9,23.4,75,85,66
2010-06-19,24.7,29.1,20.8,75,96,51
2010-06-20,22.6,25.7,19.5,78,90,63
2010-06-21,24.1,27.9,21.5,69,89,44
2010-06-22,21.6,25.4,17.3,61,91,41
2010-06-23,21.3,24.9,17.9,56,72,43
2010-06-24,21.2,25.1,18.1,52,61,39
2010-06-25,22.2,26.4,18.0,50,73,33
2010-06-26,23.1,27.8,17.5,48,67,33
2010-06-27,23.1,27.3,18.1,54,73,36
2010-06-28,23.5,27.8,19.4,58,77,40
2010-06-29,24.8,30.4,18.9,58,83,38
2010-06-30,25.5,30.2,20.9,58,78,39
2010-07-01,25.7,30.8,20.5,65,86,42
2010-07-02,25.7,29.7,21.2,67,86,52
2010-07-03,24.6,27.4,21.2,72,88,59
2010-07-04,27.0,31.7,22.6,62,82,38
2010-07-05,27.2,32.0,21.7,51,81,26
2010-07-06,26.9,32.4,20.6,58,93,31
2010-07-07,27.3,31.7,22.6,49,65,33
2010-07-08,23.6,27.0,19.1,44,60,31
2010-07-09,24.5,29.9,18.9,49,71,31
2010-07-10,26.3,31.1,21.1,48,63,33
2010-07-11,26.8,31.6,22.3,57,82,32
2010-07-12,27.9,33.1,23.3,55,80,30
2010-07-13,29.1,34.0,24.4,53,74,32
2010-07-14,30.1,35.9,23.1,50,76,25
2010-07-15,30.2,35.6,23.9,53,81,28
2010-07-16,28.7,31.8,25.2,66,83,52
2010-07-17,28.6,31.9,25.7,63,82,48
2010-07-18,28.9,33.6,24.4,56,79,35
2010-07-19,29.8,33.7,26.2,50,70,31
2010-07-20,28.9,33.0,24.2,55,76,37
2010-07-21,29.1,33.5,25.3,60,83,39
2010-07-22,29.8,34.2,25.9,57,78,38
2010-07-23,30.5,35.7,25.5,53,77,31
2010-07-24,29.7,34.3,26.1,61,83,39
2010-07-25,27.5,32.3,22.8,66,90,41
2010-07-26,23.0,24.5,21.3,77,91,67
2010-07-27,23.7,27.3,19.7,66,85,46
2010-07-28,24.4,28.8,19.6,57,88,34
2010-07-29,24.7,30.3,19.0,56,80,32
2010-07-30,25.8,30.2,20.9,61,85,42
2010-07-31,26.2,29.8,22.6,66,83,52
2010-08-01,27.5,32.7,22.3,61,90,36
2010-08-02,28.3,33.8,23.0,55,71,34
2010-08-03,29.6,33.8,25.2,57,76,38
2010-08-04,29.9,34.0,26.2,54,70,37
2010-08-05,27.4,31.9,22.9,64,83,46
2010-08-06,28.0,31.8,25.1,72,87,53
2010-08-07,28.0,31.6,23.6,74,95,54
2010-08-08,28.9,33.8,23.3,61,92,34
2010-08-09,29.1,34.2,23.9,48,66,28
2010-08-10,29.4,34.6,24.0,48,71,30
2010-08-11,30.4,35.2,25.0,49,76,30
2010-08-12,30.8,35.5,25.0,50,75,32
2010-08-13,30.4,35.2,25.1,55,78,38
2010-08-14,31.4,37.1,25.1,53,80,26
2010-08-15,31.3,35.8,28.0,54,74,35
2010-08-16,30.8,35.3,26.1,57,83,36
2010-08-17,30.7,35.8,25.3,53,81,28
2010-08-18,29.8,35.0,24.5,53,77,32
2010-08-19,29.4,33.8,24.8,63,90,40
2010-08-20,29.9,35.0,24.5,54,78,31
2010-08-21,28.1,31.6,25.1,62,80,40
2010-08-22,26.4,30.5,23.0,62,81,40
2010-08-23,26.6,31.3,23.5,56,75,35
2010-08-24,26.6,31.5,21.9,62,87,40
2010-08-25,28.0,34.7,21.7,63,92,33
2010-08-26,30.1,36.9,23.3,55,86,25
2010-08-27,28.3,31.7,24.9,62,80,48
2010-08-28,28.8,34.5,23.3,60,86,35
2010-08-29,29.3,34.4,23.5,49,81,28
2010-08-30,25.2,27.1,23.4,55,74,42
2010-08-31,26.0,31.2,22.0,62,90,34
2010-09-01,21.4,25.9,16.8,38,53,23
2010-09-02,21.8,27.0,16.5,37,56,21
2010-09-03,21.9,26.3,15.9,56,77,36
2010-09-04,20.1,21.4,18.7,77,90,65
2010-09-05,21.9,27.4,16.4,64,91,39
2010-09-06,22.3,26.2,18.1,66,89,44
2010-09-07,22.9,26.7,18.6,71,93,50
2010-09-08,23.6,28.6,18.4,70,98,46
2010-09-09,25.0,30.3,19.3,65,94,40
2010-09-10,25.1,29.0,21.6,62,83,39
2010-09-11,22.3,24.6,20.6,70,81,56
2010-09-12,21.2,24.1,18.1,73,93,52
2010-09-13,21.8,26.0,18.5,66,85,40
2010-09-14,22.1,26.3,17.2,66,95,40
2010-09-15,23.2,28.0,18.2,59,87,33
2010-09-16,23.3,28.2,18.3,61,82,36
2010-09-17,23.9,29.7,18.6,63,85,34
2010-09-18,24.3,30.1,18.0,68,93,39
2010-09-19,24.6,30.3,18.9,71,95,40
2010-09-20,24.3,28.0,20.3,57,92,35
2010-09-21,21.6,25.1,18.6,49,82,38
2010-09-22,21.0,23.7,18.4,72,90,53
2010-09-23,20.9,26.0,15.9,67,98,35
2010-09-24,20.8,24.4,17.9,64,80,43
2010-09-25,20.2,22.9,17.9,82,96,68
2010-09-26,23.0,26.6,20.2,77,95,54
2010-09-27,21.9,26.0,18.1,62,85,40
2010-09-28,22.4,26.6,18.7,67,84,44
2010-09-29,20.6,24.0,18.2,82,95,67
2010-09-30,18.4,22.4,14.5,55,70,34
2010-10-01,17.2,21.5,12.9,63,81,42
2010-10-02,17.8,21.7,14.2,77,94,57
2010-10-03,17.4,20.4,14.2,79,94,65
2010-10-04,16.2,17.0,15.3,79,87,70
2010-10-05,16.9,19.3,15.1,78,91,69
2010-10-06,16.3,19.1,14.6,87,93,77
2010-10-07,14.0,14.4,12.9,87,92,81
2010-10-08,12.7,14.5,9.8,79,93,61
2010-10-09,10.2,15.1,4.9,61,79,39
2010-10-10,12.5,17.1,7.8,57,83,37
2010-10-11,11.6,15.1,7.4,77,95,56
2010-10-12,14.0,16.9,11.7,89,96,78
2010-10-13,16.6,19.9,13.3,89,97,75
2010-10-14,17.0,18.1,15.7,93,97,88
2010-10-15,16.3,17.4,15.3,94,99,90
2010-10-16,15.7,17.6,14.4,90,95,80
2010-10-17,16.3,20.4,13.9,90,97,76
2010-10-18,16.6,18.1,15.8,92,97,83
2010-10-19,18.2,21.4,16.2,80,97,56
2010-10-20,17.1,19.5,14.6,76,88,65
2010-10-21,17.3,21.3,13.5,75,95,56
2010-10-22,13.8,16.0,12.1,64,70,53
2010-10-23,12.7,16.5,8.6,75,91,57
2010-10-24,12.3,16.5,8.4,84,100,66
2010-10-25,12.8,16.3,9.7,90,100,72
2010-10-26,16.5,20.7,13.3,81,95,62
2010-10-27,12.9,15.2,8.9,93,96,87
2010-10-28,8.2,9.5,6.6,83,89,75
2010-10-29,8.8,12.6,5.2,66,78,49
2010-10-30,8.9,14.1,3.6,71,91,47
2010-10-31,9.0,14.9,3.6,76,99,52
2010-11-01,9.7,15.5,4.8,77,98,52
2010-11-02,10.1,15.7,5.3,77,98,51
2010-11-03,11.0,16.3,7.1,83,98,65
2010-11-04,14.3,20.8,9.5,79,93,58
2010-11-05,14.6,21.5,8.4,80,98,59
2010-11-06,14.5,21.4,8.1,78,98,54
2010-11-07,13.8,20.2,9.5,79,92,55
2010-11-08,15.3,19.6,11.9,89,98,76
2010-11-09,18.2,19.2,17.1,76,82,69
2010-11-10,19.1,21.6,16.8,76,84,68
2010-11-11,17.8,21.8,13.6,79,93,61
2010-11-12,15.5,20.5,12.3,85,99,63
2010-11-13,14.7,19.6,10.8,86,99,68
2010-11-14,15.8,21.6,10.4,82,100,60
2010-11-15,16.3,22.5,10.9,77,96,53
2010-11-16,15.2,19.4,12.3,84,94,68
2010-11-17,14.8,17.2,13.2,92,98,82
2010-11-18,13.8,16.7,11.5,88,100,67
2010-11-19,13.6,18.0,8.8,83,100,64
2010-11-20,13.8,16.7,11.0,87,99,70
2010-11-21,12.3,16.2,9.3,89,100,72
2010-11-22,14.5,17.2,11.7,90,96,79
2010-11-23,15.2,17.5,13.2,85,95,64
2010-11-24,12.7,15.8,9.5,75,88,52
2010-11-25,11.3,13.9,6.2,82,99,65
2010-11-26,11.3,13.8,9.4,90,97,79
2010-11-27,13.0,17.3,10.1,90,100,65
2010-11-28,13.0,18.3,9.1,91,100,76
2010-11-29,16.8,20.9,14.1,86,98,70
2010-11-30,14.9,17.0,12.3,81,91,72
2010-12-01,14.9,18.3,10.7,84,94,74
2010-12-02,17.4,22.2,13.6,81,93,66
2010-12-03,16.0,20.6,12.0,84,95,70
2010-12-04,14.5,17.6,9.8,88,94,76
2010-12-05,8.2,11.0,5.7,63,71,50
2010-12-06,7.4,11.4,4.4,81,92,66
2010-12-07,8.3,12.7,5.0,87,95,74
2010-12-08,9.1,14.3,5.9,91,99,73
2010-12-09,10.6,15.5,7.1,93,100,76
2010-12-10,6.3,10.9,2.7,52,99,31
2010-12-11,2.0,4.3,0.1,44,53,32
2010-12-12,1.5,6.3,-1.7,58,81,39
2010-12-13,2.5,4.4,0.8,85,93,76
2010-12-14,1.9,5.1,-1.4,75,86,55
2010-12-15,0.1,3.1,-1.9,61,81,41
2010-12-16,-0.6,0.2,-2.0,75,86,59
2010-12-17,-0.6,2.6,-4.1,71,84,58
2010-12-18,0.3,7.4,-4.8,82,95,67
2010-12-19,4.2,11.1,0.2,85,98,59
2010-12-20,7.5,9.9,4.7,86,95,79
2010-12-21,9.7,14.9,6.6,92,97,79
2010-12-22,11.0,14.6,8.6,93,98,78
2010-12-23,11.3,14.9,9.0,93,97,80
2010-12-24,11.3,14.8,8.6,94,99,81
2010-12-25,12.5,16.1,7.7,87,100,65
2010-12-26,9.9,13.3,6.0,89,100,70
2010-12-27,8.1,10.6,6.0,85,96,73
2010-12-28,4.7,7.1,2.1,64,74,53
2010-12-29,3.6,7.7,1.4,60,81,40
2010-12-30,2.2,6.9,-0.7,70,86,37
2010-12-31,1.6,7.3,-1.9,73,89,42
2011-01-01,1.9,7.8,-1.3,76,93,50
2011-01-02,2.5,7.4,-0.9,84,93,66
2011-01-03,3.6,4.8,2.4,86,91,77
2011-01-04,2.0,3.9,0.2,73,87,63
2011-01-05,2.8,4.7,1.2,86,92,73
2011-01-06,4.1,7.5,1.7,86,95,69
2011-01-07,4.3,8.7,1.9,87,95,73
2011-01-08,4.2,9.9,0.4,87,99,66
2011-01-09,5.4,12.1,1.5,86,98,63
2011-01-10,5.1,10.9,0.8,88,99,69
2011-01-11,6.7,10.9,3.3,92,98,80
2011-01-12,8.9,11.2,7.4,92,96,81
2011-01-13,9.2,12.6,6.4,89,96,74
2011-01-14,8.3,14.2,2.9,83,100,61
2011-01-15,8.9,15.4,4.6,81,91,60
2011-01-16,10.0,13.0,7.8,66,87,49
2011-01-17,7.3,11.8,2.8,71,87,55
2011-01-18,5.9,11.6,0.4,78,99,57
2011-01-19,6.2,11.9,1.5,80,92,61
2011-01-20,7.6,11.0,5.0,91,95,80
2011-01-21,8.6,10.7,7.0,93,98,84
2011-01-22,8.1,8.7,7.1,91,98,80
2011-01-23,7.3,10.6,4.8,83,96,65
2011-01-24,4.6,8.8,0.8,72,87,54
2011-01-25,2.3,4.8,0.5,57,73,41
2011-01-26,0.8,4.6,-2.1,58,77,38
2011-01-27,1.7,7.3,-2.2,70,81,46
2011-01-28,4.3,7.8,2.4,79,90,69
2011-01-29,4.5,7.3,1.3,83,95,68
2011-01-30,4.4,7.1,2.4,80,89,66
2011-01-31,4.0,8.8,-0.9,80,98,54
2011-02-01,3.8,6.7,1.2,79,91,62
2011-02-02,2.1,7.1,-1.2,81,96,54
2011-02-03,3.5,8.3,-0.1,72,90,47
2011-02-04,2.9,6.7,0.5,56,70,43
2011-02-05,3.8,10.6,-1.1,70,81,53
2011-02-06,6.8,14.8,1.8,65,78,47
2011-02-07,8.4,15.5,2.2,64,81,47
2011-02-08,8.2,15.4,2.1,67,87,43
2011-02-09,8.6,15.8,1.6,62,77,43
2011-02-10,6.8,12.5,0.2,61,88,34
2011-02-11,5.0,11.0,0.3,76,94,58
2011-02-12,6.7,13.9,1.5,72,91,52
2011-02-13,7.5,12.0,2.5,77,89,62
2011-02-14,8.5,11.3,6.6,82,89,71
2011-02-15,7.0,9.6,4.5,84,97,71
2011-02-16,6.1,7.9,4.6,77,81,71
2011-02-17,6.4,8.8,4.7,87,92,80
2011-02-18,8.5,12.1,5.4,91,96,86
2011-02-19,10.5,12.1,8.7,82,94,70
2011-02-20,8.5,12.6,5.4,70,85,47
2011-02-21,6.7,7.6,4.9,82,87,76
2011-02-22,5.9,8.8,3.2,86,97,73
2011-02-23,7.1,9.3,5.5,87,96,76
2011-02-24,6.0,7.3,4.9,81,84,77
2011-02-25,5.5,7.7,3.3,68,81,58
2011-02-26,4.6,6.6,3.0,79,90,71
2011-02-27,5.1,6.4,4.1,79,90,72
2011-02-28,5.6,7.6,3.6,80,87,72
2011-03-01,6.2,8.1,4.7,75,83,67
2011-03-02,4.5,6.6,2.9,72,86,60
2011-03-03,4.0,6.4,2.0,85,96,73
2011-03-04,4.9,9.0,0.3,84,99,66
2011-03-05,6.2,9.6,2.7,83,98,69
2011-03-06,8.1,13.5,4.4,76,96,49
2011-03-07,4.2,6.5,2.4,63,90,50
2011-03-08,3.1,7.0,-0.4,49,68,27
2011-03-09,2.2,7.8,-2.1,50,69,26
2011-03-10,3.5,10.1,-1.6,56,74,33
2011-03-11,5.4,12.7,-1.3,68,93,38
2011-03-12,7.6,14.9,1.5,72,85,50
2011-03-13,8.0,14.9,1.3,79,93,55
2011-03-14,9.2,16.3,2.7,82,100,57
2011-03-15,10.7,17.3,4.1,83,100,62
2011-03-16,10.7,17.2,6.1,87,100,63
2011-03-17,11.8,15.8,8.2,90,100,75
2011-03-18,12.5,17.3,9.2,88,99,71
2011-03-19,11.3,13.7,8.8,89,96,79
2011-03-20,10.6,13.3,8.3,86,96,68
2011-03-21,9.4,12.6,6.3,86,94,73
2011-03-22,8.5,11.9,5.0,82,100,59
2011-03-23,9.7,15.0,3.9,70,99,40
2011-03-24,12.0,18.5,5.5,63,81,40
2011-03-25,13.0,19.3,7.0,61,81,38
2011-03-26,13.2,19.2,8.0,70,85,47
2011-03-27,14.3,19.7,7.6,65,86,39
2011-03-28,13.0,18.2,7.8,79,94,59
2011-03-29,12.4,15.4,9.9,90,99,76
2011-03-30,12.6,17.8,6.9,80,100,53
2011-03-31,13.0,16.8,8.8,84,97,71
2011-04-01,13.4,17.2,10.2,84,98,66
2011-04-02,13.7,18.6,8.7,78,100,47
2011-04-03,13.7,19.1,8.5,72,98,35
2011-04-04,13.3,18.3,9.4,76,92,49
2011-04-05,13.1,17.2,8.5,82,100,65
2011-04-06,13.3,17.6,9.5,68,86,45
2011-04-07,13.8,19.4,7.6,70,95,43
2011-04-08,17.8,24.6,11.9,62,84,41
2011-04-09,18.5,24.4,12.4,49,68,33
2011-04-10,15.4,18.3,12.0,38,51,31
2011-04-11,13.4,17.0,9.8,40,57,22
2011-04-12,12.9,18.0,7.1,60,83,39
2011-04-13,15.1,20.0,10.2,66,85,47
2011-04-14,11.5,16.6,6.4,53,84,26
2011-04-15,11.9,16.5,6.7,55,76,35
2011-04-16,11.3,14.8,6.3,73,89,54
2011-04-17,12.2,16.4,8.9,68,90,41
2011-04-18,10.1,11.8,8.6,77,92,61
2011-04-19,12.5,18.4,7.0,70,91,42
2011-04-20,14.2,20.4,6.9,69,97,42
2011-04-21,13.5,17.5,8.9,65,86,52
2011-04-22,13.3,17.1,9.5,66,83,54
2011-04-23,12.9,16.8,9.6,72,88,56
2011-04-24,13.3,17.5,8.7,71,95,54
2011-04-25,13.5,17.5,9.0,75,95,57
2011-04-26,13.3,16.6,10.8,73,89,53
2011-04-27,12.2,13.9,9.9,82,94,74
2011-04-28,14.1,17.1,11.1,79,93,64
2011-04-29,15.2,18.6,12.1,79,93,64
2011-04-30,16.7,21.1,12.6,73,92,50
2011-05-01,16.5,20.7,13.4,79,93,56
2011-05-02,17.2,22.3,11.4,81,100,58
2011-05-03,18.0,21.5,14.4,77,93,56
2011-05-04,18.0,22.7,13.4,80,99,55
2011-05-05,13.0,15.4,11.6,80,89,66
2011-05-06,14.2,19.4,9.7,57,81,37
2011-05-07,14.3,18.9,9.6,75,99,52
2011-05-08,16.4,21.1,12.5,68,82,48
2011-05-09,13.8,16.1,12.0,70,84,55
2011-05-10,15.7,21.1,10.8,65,89,40
2011-05-11,16.1,20.2,11.2,68,85,52
2011-05-12,16.3,21.6,9.9,70,94,42
2011-05-13,17.4,23.5,11.0,67,95,36
2011-05-14,19.7,25.5,14.0,60,80,37
2011-05-15,19.6,24.7,14.5,63,83,43
2011-05-16,19.8,24.2,14.2,65,88,48
2011-05-17,18.9,22.7,15.2,75,91,59
2011-05-18,18.1,22.6,12.7,72,89,52
2011-05-19,17.3,21.0,13.7,78,94,56
2011-05-20,20.7,25.7,15.1,57,84,38
2011-05-21,21.6,26.1,16.5,58,80,40
2011-05-22,22.2,26.8,17.2,64,88,44
2011-05-23,22.0,25.9,17.8,69,84,53
2011-05-24,22.6,27.0,18.1,68,92,44
2011-05-25,23.2,27.1,19.1,62,78,45
2011-05-26,23.4,28.3,18.0,64,90,36
2011-05-27,21.4,24.8,18.1,71,87,54
2011-05-28,21.7,25.5,18.8,69,87,51
2011-05-29,21.3,24.5,18.2,79,93,65
2011-05-30,22.4,27.5,16.9,68,94,42
2011-05-31,21.5,24.9,18.5,73,87,54
2011-06-01,22.3,26.8,18.7,75,95,54
2011-06-02,23.2,27.8,19.1,75,96,52
2011-06-03,23.2,27.2,20.0,74,89,54
2011-06-04,22.5,25.4,18.7,75,91,62
2011-06-05,23.8,28.3,17.5,65,98,42
2011-06-06,24.0,27.1,20.4,66,87,47
2011-06-07,23.5,26.5,20.8,73,87,56
2011-06-08,23.5,27.8,19.1,70,92,51
2011-06-09,24.7,30.1,18.9,69,95,44
2011-06-10,24.7,28.4,20.4,49,68,37
2011-06-11,23.6,27.9,18.9,47,62,33
2011-06-12,22.1,26.0,19.2,63,74,50
2011-06-13,22.6,27.4,18.1,63,85,41
2011-06-14,23.7,28.3,18.5,61,88,35
2011-06-15,22.1,24.1,19.2,77,91,67
2011-06-16,23.1,27.5,18.4,70,91,47
2011-06-17,24.5,28.9,20.9,64,84,44
2011-06-18,25.2,29.6,21.2,66,84,45
2011-06-19,25.5,29.7,21.7,68,86,48
2011-06-20,26.5,31.3,20.5,56,85,32
2011-06-21,24.9,28.3,21.2,58,80,41
2011-06-22,24.5,28.7,20.0,65,88,45
2011-06-23,26.1,31.0,21.5,62,83,42
2011-06-24,27.0,31.9,23.0,60,82,39
2011-06-25,26.5,30.9,22.9,56,83,40
2011-06-26,23.1,27.7,18.8,34,47,22
2011-06-27,23.0,27.7,18.4,34,49,22
2011-06-28,22.7,26.9,17.6,38,52,28
2011-06-29,23.4,27.3,19.6,45,64,34
2011-06-30,24.0,28.9,19.0,56,77,38
2011-07-01,24.4,27.5,20.7,59,83,41
2011-07-02,23.7,28.6,18.9,56,83,37
2011-07-03,24.3,28.4,20.9,67,92,46
2011-07-04,24.5,29.9,18.7,51,75,30
2011-07-05,25.2,30.2,20.3,62,84,37
2011-07-06,26.1,31.0,20.5,57,86,34
2011-07-07,26.9,32.3,21.5,52,78,27
2011-07-08,27.3,33.2,21.6,59,90,32
2011-07-09,28.5,33.7,22.9,56,79,35
2011-07-10,29.8,36.1,23.6,53,82,27
2011-07-11,29.3,33.4,25.3,53,72,35
2011-07-12,29.3,33.8,24.3,54,77,36
2011-07-13,29.0,32.8,25.5,57,78,38
2011-07-14,28.5,32.4,24.1,62,85,44
2011-07-15,28.8,33.7,24.4,59,82,36
2011-07-16,29.0,34.1,24.6,57,83,35
2011-07-17,29.2,33.4,24.9,55,80,33
2011-07-18,29.4,34.5,24.9,58,84,31
2011-07-19,29.5,34.9,24.2,58,86,32
2011-07-20,29.9,34.3,24.9,55,82,36
2011-07-21,28.9,33.4,23.7,36,58,18
2011-07-22,27.9,33.6,21.0,39,63,17
2011-07-23,27.7,32.8,20.8,44,74,22
2011-07-24,27.8,32.4,22.5,54,79,34
2011-07-25,27.6,30.9,23.8,61,82,43
2011-07-26,26.9,31.9,20.6,51,83,22
2011-07-27,28.3,33.7,21.9,48,80,23
2011-07-28,28.2,33.5,23.0,56,84,31
2011-07-29,28.5,33.6,23.6,55,84,29
2011-07-30,28.7,33.3,23.8,43,72,24
2011-07-31,27.1,31.8,22.3,48,74,29
2011-08-01,26.1,29.9,22.1,63,86,39
2011-08-02,26.9,31.6,21.1,56,88,30
2011-08-03,27.5,32.8,21.9,51,80,25
2011-08-04,27.0,30.9,22.8,62,81,42
2011-08-05,26.5,31.2,22.6,66,91,41
2011-08-06,25.0,28.2,21.9,73,90,56
2011-08-07,25.9,29.5,22.6,69,87,52
2011-08-08,26.7,31.2,22.6,72,94,52
2011-08-09,27.7,32.7,21.9,69,98,47
2011-08-10,26.9,32.4,20.1,67,89,42
2011-08-11,23.4,28.5,19.1,47,65,29
2011-08-12,23.9,29.6,18.3,46,69,27
2011-08-13,25.5,31.2,19.3,54,85,28
2011-08-14,26.3,32.1,20.3,60,90,32
2011-08-15,27.0,32.5,21.5,62,92,33
2011-08-16,28.1,34.1,21.7,60,88,30
2011-08-17,28.6,33.8,23.1,59,87,33
2011-08-18,27.8,31.2,24.4,64,81,49
2011-08-19,26.7,29.9,23.6,65,86,46
2011-08-20,27.5,33.5,22.3,61,84,38
2011-08-21,29.1,34.5,22.9,52,82,26
2011-08-22,27.8,31.5,24.4,60,79,45
2011-08-23,28.1,33.1,24.1,61,84,39
2011-08-24,29.1,34.2,24.4,57,80,36
2011-08-25,29.7,35.3,24.6,55,81,32
2011-08-26,27.5,31.9,23.2,65,85,47
2011-08-27,26.3,30.1,23.3,57,72,41
2011-08-28,24.9,29.2,20.5,64,85,44
2011-08-29,25.6,31.0,20.5,59,89,32
2011-08-30,25.7,31.8,19.5,62,93,31
2011-08-31,26.4,32.1,21.2,64,87,37
2011-09-01,27.6,34.0,20.8,59,93,24
2011-09-02,28.2,33.9,22.5,51,76,25
2011-09-03,28.1,34.0,21.6,53,84,21
2011-09-04,26.1,29.3,23.4,64,81,46
2011-09-05,26.0,31.0,20.8,62,92,37
2011-09-06,26.1,30.4,22.0,63,86,42
2011-09-07,23.9,27.2,20.6,76,95,57
2011-09-08,25.6,30.4,21.3,66,87,44
2011-09-09,26.6,32.3,20.3,66,98,36
2011-09-10,24.9,28.3,21.6,65,78,49
2011-09-11,24.7,29.6,20.2,68,90,45
2011-09-12,24.8,29.3,20.2,74,97,52
2011-09-13,26.4,32.7,20.9,66,91,35
2011-09-14,27.1,33.0,21.5,65,93,34
2011-09-15,27.4,33.4,22.4,60,82,30
2011-09-16,27.4,33.3,22.2,61,89,30
2011-09-17,27.6,32.1,23.5,56,74,33
2011-09-18,26.2,30.0,22.9,63,78,43
2011-09-19,24.5,27.8,20.9,65,85,47
2011-09-20,22.8,25.9,20.3,73,87,58
2011-09-21,20.2,22.6,18.2,83,93,69
2011-09-22,21.9,26.2,18.9,68,89,46
2011-09-23,22.2,27.1,17.0,61,85,35
2011-09-24,22.5,27.5,17.8,65,88,40
2011-09-25,22.5,27.3,16.6,69,97,44
2011-09-26,21.5,24.6,18.2,74,87,57
2011-09-27,20.9,24.0,18.4,66,82,49
2011-09-28,20.4,24.8,17.0,67,89,40
2011-09-29,20.8,26.6,14.7,60,88,28
2011-09-30,20.2,25.3,15.9,54,75,35
2011-10-01,20.2,24.0,16.3,70,92,50
2011-10-02,21.2,26.4,15.8,66,91,38
2011-10-03,19.8,23.1,16.6,76,90,59
2011-10-04,19.3,24.7,14.8,80,100,47
2011-10-05,20.0,26.2,14.6,72,100,35
2011-10-06,20.7,26.9,13.7,64,95,31
2011-10-07,19.7,24.8,14.6,74,94,52
2011-10-08,20.8,24.7,16.6,75,98,52
2011-10-09,15.1,18.5,11.6,65,87,43
2011-10-10,10.4,11.8,10.0,83,86,69
2011-10-11,13.3,17.7,10.8,66,78,48
2011-10-12,16.5,22.4,11.4,66,82,47
2011-10-13,17.9,24.0,12.8,72,87,48
2011-10-14,14.2,16.2,12.0,75,89,59
2011-10-15,11.4,12.4,10.2,88,93,80
2011-10-16,10.8,14.2,8.6,63,93,39
2011-10-17,8.6,12.3,5.0,51,67,35
2011-10-18,9.7,14.4,5.1,51,64,38
2011-10-19,11.5,17.3,6.2,59,79,34
2011-10-20,11.9,18.5,5.8,71,93,46
2011-10-21,13.0,19.6,7.0,77,97,51
2011-10-22,13.4,18.8,9.1,82,99,55
2011-10-23,14.2,17.1,11.7,78,91,60
2011-10-24,13.8,16.7,10.9,78,95,56
2011-10-25,13.4,16.9,10.4,77,93,56
2011-10-26,13.1,16.8,9.1,76,96,55
2011-10-27,12.6,15.0,10.8,72,86,57
2011-10-28,11.4,15.6,6.1,77,100,52
2011-10-29,11.2,15.5,6.5,80,100,54
2011-10-30,10.5,14.6,5.9,82,100,57
2011-10-31,9.8,14.1,5.7,82,100,56
2011-11-01,10.2,15.1,6.0,82,100,58
2011-11-02,10.4,15.5,6.4,80,99,53
2011-11-03,10.4,15.0,5.7,81,100,57
2011-11-04,10.8,15.1,6.6,83,99,64
2011-11-05,10.2,15.0,7.0,84,100,59
2011-11-06,9.8,15.0,5.6,80,99,54
2011-11-07,11.0,14.9,6.9,80,98,61
2011-11-08,11.6,14.5,8.2,81,95,67
2011-11-09,11.8,17.1,7.9,85,100,63
2011-11-10,13.0,17.9,8.7,78,88,57
2011-11-11,10.6,13.3,9.1,88,93,84
2011-11-12,7.4,8.5,6.3,68,82,57
2011-11-13,6.4,10.4,3.3,68,92,44
2011-11-14,6.3,10.7,3.2,66,82,46
2011-11-15,5.7,10.3,1.0,67,85,44
2011-11-16,4.8,9.9,-0.2,73,98,46
2011-11-17,4.8,10.7,-0.3,76,97,47
2011-11-18,4.2,9.5,0.1,80,99,50
2011-11-19,3.8,10.0,-0.5,78,97,46
2011-11-20,3.5,10.0,-0.7,79,97,45
2011-11-21,3.5,10.2,-1.1,81,98,50
2011-11-22,3.7,7.8,1.2,94,99,84
2011-11-23,5.3,10.5,1.7,91,99,76
2011-11-24,6.4,9.7,4.2,92,98,78
2011-11-25,7.3,9.3,5.1,87,97,72
2011-11-26,8.2,10.9,5.4,79,90,64
2011-11-27,5.4,10.4,1.3,70,86,48
2011-11-28,5.4,12.2,0.6,73,95,43
2011-11-29,6.3,12.3,2.1,77,91,58
2011-11-30,5.2,11.4,1.0,86,99,61
2011-12-01,4.7,11.7,0.1,79,98,48
2011-12-02,5.3,11.4,0.7,77,91,54
2011-12-03,5.4,11.2,1.7,85,99,58
2011-12-04,5.8,12.2,1.8,90,98,73
2011-12-05,7.8,14.2,3.1,91,100,72
2011-12-06,11.3,17.8,7.0,89,98,66
2011-12-07,8.3,11.5,5.4,86,100,72
2011-12-08,6.4,11.4,1.2,70,93,50
2011-12-09,5.4,10.5,1.0,60,76,36
2011-12-10,4.6,10.5,0.5,76,89,54
2011-12-11,8.2,14.2,4.0,79,90,60
2011-12-12,9.6,15.5,4.5,86,95,68
2011-12-13,10.6,14.3,8.4,92,99,76
2011-12-14,8.7,13.3,6.0,89,100,69
2011-12-15,7.6,13.0,3.9,88,99,70
2011-12-16,8.6,15.0,5.0,81,98,49
2011-12-17,10.7,15.9,6.3,82,91,68
2011-12-18,8.1,12.1,2.8,66,88,41
2011-12-19,6.7,8.5,5.0,89,97,81
2011-12-20,7.2,10.4,4.8,89,98,74
2011-12-21,4.7,9.1,-0.7,72,86,49
2011-12-22,2.3,4.4,1.5,94,98,85
2011-12-23,2.5,4.0,1.7,82,91,72
2011-12-24,1.4,5.0,-2.9,70,82,46
2011-12-25,1.5,4.2,-1.5,74,88,56
2011-12-26,2.3,6.6,-0.7,77,85,62
2011-12-27,2.8,6.0,-0.9,79,90,63
2011-12-28,3.1,8.2,-0.9,76,94,50
2011-12-29,2.4,6.9,-1.0,73,94,48
2011-12-30,2.8,7.4,-0.4,73,90,50
2011-12-31,3.1,5.4,1.3,87,95,69
2012-01-01,2.7,6.6,-0.2,69,76,54
2012-01-02,1.4,6.8,-2.1,75,91,49
2012-01-03,2.2,8.6,-1.6,77,93,50
2012-01-04,3.1,9.3,-1.3,74,90,52
2012-01-05,2.9,9.3,-1.4,82,96,58
2012-01-06,6.1,10.4,2.0,93,96,88
2012-01-07,5.0,7.1,3.4,73,89,58
2012-01-08,3.4,6.6,0.6,60,70,43
2012-01-09,2.9,7.7,-0.3,70,79,55
2012-01-10,3.0,7.9,-0.8,73,88,49
2012-01-11,3.3,7.9,0.2,65,78,46
2012-01-12,3.5,9.0,0.3,71,82,53
2012-01-13,2.9,7.4,-1.6,76,95,59
2012-01-14,3.0,5.8,0.7,74,88,61
2012-01-15,1.6,5.5,-1.1,56,69,37
2012-01-16,0.6,3.7,-1.3,52,60,40
2012-01-17,-0.3,3.3,-2.5,57,69,41
2012-01-18,0.6,6.1,-2.8,60,72,40
2012-01-19,0.9,6.0,-2.1,68,79,48
2012-01-20,2.4,8.0,-1.8,74,90,49
2012-01-21,3.9,8.1,0.4,69,91,43
2012-01-22,3.3,8.5,-1.0,61,76,45
2012-01-23,4.5,11.0,0.2,70,83,51
2012-01-24,4.9,9.6,0.9,88,99,80
2012-01-25,4.7,6.7,3.0,87,100,68
2012-01-26,2.1,4.3,0.6,70,81,60
2012-01-27,2.0,6.0,-1.2,61,73,48
2012-01-28,1.9,5.6,-1.2,77,87,62
2012-01-29,2.3,4.8,0.1,73,89,54
2012-01-30,1.4,2.9,-0.4,67,82,55
2012-01-31,-0.0,2.6,-2.5,57,73,42
2012-02-01,-0.3,2.2,-2.7,61,75,47
2012-02-02,-0.4,1.7,-2.0,73,88,68
2012-02-03,1.2,3.5,-0.7,87,93,79
2012-02-04,6.2,11.0,2.3,89,96,80
2012-02-05,7.7,12.3,3.1,87,99,69
2012-02-06,4.7,7.2,2.8,85,95,79
2012-02-07,1.1,4.2,-0.3,86,94,80
2012-02-08,-0.3,2.7,-3.2,72,83,57
2012-02-09,-0.8,1.9,-4.4,72,86,59
2012-02-10,-0.5,2.4,-3.4,75,85,64
2012-02-11,0.5,2.7,-1.5,81,89,75
2012-02-12,2.0,4.1,0.4,94,97,91
2012-02-13,4.3,7.9,0.8,90,98,74
2012-02-14,1.2,6.2,-3.0,65,72,53
2012-02-15,1.3,5.9,-2.6,64,75,49
2012-02-16,3.4,7.7,-0.9,60,77,42
2012-02-17,2.3,6.0,-0.3,51,62,38
2012-02-18,3.8,10.1,-1.0,59,72,43
2012-02-19,5.1,10.9,0.2,67,80,52
2012-02-20,5.9,11.6,-0.3,79,91,64
2012-02-21,7.5,12.7,3.1,85,97,63
2012-02-22,7.3,12.0,2.8,83,99,59
2012-02-23,7.8,13.3,2.3,75,94,53
2012-02-24,8.4,14.6,0.9,66,85,44
2012-02-25,11.9,19.5,6.0,65,82,44
2012-02-26,9.0,12.1,5.6,72,88,53
2012-02-27,6.2,8.3,4.1,73,93,44
2012-02-28,3.3,6.5,0.0,41,56,26
2012-02-29,4.1,11.0,-0.8,61,74,47
2012-03-01,4.7,8.9,1.0,77,89,60
2012-03-02,6.2,13.7,-1.0,75,98,48
2012-03-03,10.1,18.5,3.0,60,84,35
2012-03-04,8.2,13.5,2.5,55,75,35
2012-03-05,7.8,12.6,2.9,73,88,55
2012-03-06,7.4,9.8,4.4,84,97,69
2012-03-07,7.7,9.7,5.9,84,95,73
2012-03-08,6.4,7.6,5.2,90,96,83
2012-03-09,7.6,9.9,5.8,89,96,76
2012-03-10,8.0,9.5,6.7,86,95,74
2012-03-11,6.4,8.8,4.7,85,98,65
2012-03-12,6.3,9.6,4.6,79,94,59
2012-03-13,6.9,11.1,3.1,63,85,41
2012-03-14,8.7,15.3,1.6,61,82,41
2012-03-15,10.3,15.1,5.6,57,77,40
2012-03-16,9.1,13.9,5.9,71,89,52
2012-03-17,9.3,15.3,3.4,83,100,60
2012-03-18,11.1,17.5,5.5,78,93,55
2012-03-19,11.9,18.7,4.5,79,99,57
2012-03-20,14.4,22.7,6.5,73,95,43
2012-03-21,15.2,22.2,8.7,69,90,42
2012-03-22,14.2,20.8,8.1,66,85,37
2012-03-23,13.8,19.6,8.5,71,90,45
2012-03-24,14.7,20.8,10.1,71,86,48
2012-03-25,14.9,20.4,10.0,70,91,43
2012-03-26,15.0,21.3,7.6,56,87,30
2012-03-27,11.5,14.7,8.2,68,88,40
2012-03-28,13.5,19.5,8.3,53,89,24
2012-03-29,13.7,20.0,8.7,65,88,36
2012-03-30,15.3,21.1,10.5,58,80,39
2012-03-31,13.9,18.8,8.7,64,81,44
2012-04-01,14.7,21.5,9.7,61,83,36
2012-04-02,9.9,13.1,6.8,56,88,42
2012-04-03,12.0,17.4,7.4,78,94,58
2012-04-04,12.8,16.5,8.3,85,99,69
2012-04-05,13.8,19.5,10.6,89,100,61
2012-04-06,15.7,19.5,12.7,85,98,67
2012-04-07,16.4,22.2,9.9,72,98,40
2012-04-08,16.3,20.7,11.9,61,84,37
2012-04-09,10.0,12.3,8.1,67,89,50
2012-04-10,10.1,15.5,6.2,67,87,41
2012-04-11,11.2,16.0,5.8,75,98,50
2012-04-12,13.2,18.6,7.8,76,93,56
2012-04-13,14.0,18.1,8.9,83,98,62
2012-04-14,15.6,18.9,13.6,82,96,61
2012-04-15,15.6,20.3,10.8,70,94,43
2012-04-16,15.7,19.5,12.3,60,79,46
2012-04-17,16.1,20.4,12.4,74,96,51
2012-04-18,13.1,14.5,12.0,85,95,70
2012-04-19,14.3,19.5,8.5,68,86,48
2012-04-20,15.5,19.0,12.4,72,84,58
2012-04-21,16.4,20.8,12.7,64,91,36
2012-04-22,15.1,21.0,8.1,59,78,37
2012-04-23,17.2,22.5,12.8,62,77,43
2012-04-24,18.1,23.4,13.3,70,87,48
2012-04-25,18.4,23.7,11.6,69,95,43
2012-04-26,18.5,24.5,12.5,49,78,30
2012-04-27,18.3,24.4,13.7,64,83,39
2012-04-28,18.7,24.3,13.4,67,88,43
2012-04-29,20.8,28.2,13.0,58,81,28
2012-04-30,22.4,27.9,17.0,54,75,34
2012-05-01,21.7,27.2,16.9,60,78,39
2012-05-02,22.8,29.2,17.3,57,79,33
2012-05-03,23.0,27.9,18.5,55,80,34
2012-05-04,22.6,27.4,18.8,60,79,37
2012-05-05,22.3,27.2,17.4,57,85,29
2012-05-06,22.4,28.0,16.1,53,83,26
2012-05-07,23.4,29.1,18.8,54,76,30
2012-05-08,23.3,28.7,18.3,54,77,26
2012-05-09,21.1,25.1,15.5,69,93,50
2012-05-10,21.1,26.0,17.4,71,88,47
2012-05-11,22.3,28.0,15.8,64,91,39
2012-05-12,23.4,29.5,17.0,59,80,34
2012-05-13,23.6,29.2,18.3,58,83,33
2012-05-14,19.2,21.5,16.9,77,88,65
2012-05-15,17.5,20.6,15.6,76,93,55
2012-05-16,18.1,22.3,12.9,67,85,48
2012-05-17,16.8,20.4,14.0,78,90,57
2012-05-18,14.9,17.7,11.9,68,73,63
2012-05-19,18.6,24.2,13.5,65,88,45
2012-05-20,19.2,23.2,15.3,79,95,60
2012-05-21,18.8,22.5,15.6,82,97,62
2012-05-22,19.0,22.5,14.9,77,96,56
2012-05-23,19.0,23.1,14.5,64,86,43
2012-05-24,18.2,23.2,12.3,66,87,46
2012-05-25,20.3,24.4,16.5,68,85,49
2012-05-26,18.8,21.5,17.0,83,92,70
2012-05-27,18.3,21.9,15.6,83,96,64
2012-05-28,18.8,23.6,14.1,65,95,35
2012-05-29,19.6,24.4,15.7,57,77,37
2012-05-30,19.7,23.8,14.1,61,88,43
2012-05-31,21.4,26.5,15.1,63,90,40
2012-06-01,22.2,26.5,17.6,66,86,46
2012-06-02,22.7,27.7,16.8,70,98,45
2012-06-03,24.0,28.5,19.0,69,94,46
2012-06-04,25.0,29.2,20.8,63,84,43
2012-06-05,23.8,28.9,19.7,62,87,35
2012-06-06,22.7,27.0,18.6,49,72,30
2012-06-07,22.8,28.5,16.6,53,80,33
2012-06-08,24.0,29.1,19.4,66,90,44
2012-06-09,26.1,31.7,21.3,61,79,42
2012-06-10,26.1,30.6,21.6,65,85,47
2012-06-11,26.5,31.3,22.2,62,85,40
2012-06-12,28.0,33.6,23.1,57,82,32
2012-06-13,29.2,35.0,24.2,55,79,30
2012-06-14,28.7,33.9,23.3,42,76,26
2012-06-15,27.2,31.6,21.8,58,87,37
2012-06-16,27.7,32.8,23.2,59,85,33
2012-06-17,27.3,31.3,24.0,59,77,42
2012-06-18,28.4,33.9,24.1,48,72,24
2012-06-19,29.5,35.8,24.1,45,70,22
2012-06-20,30.4,36.0,23.3,43,76,19
2012-06-21,30.3,35.7,24.8,42,70,20
2012-06-22,30.5,36.4,25.2,42,65,22
2012-06-23,30.8,36.9,24.5,44,67,23
2012-06-24,29.7,34.3,26.2,54,72,35
2012-06-25,28.3,31.8,25.5,62,79,45
2012-06-26,29.9,34.7,23.8,51,84,31
2012-06-27,26.9,30.8,23.0,47,70,27
2012-06-28,25.6,29.4,21.0,53,75,36
2012-06-29,26.4,31.8,21.0,58,86,34
2012-06-30,27.0,31.2,22.4,58,80,40
2012-07-01,27.3,31.2,23.2,58,81,40
2012-07-02,26.8,31.3,21.8,56,80,36
2012-07-03,26.8,31.2,23.1,53,74,35
2012-07-04,27.7,34.1,21.2,48,78,25
2012-07-05,30.1,36.8,23.1,41,68,17
2012-07-06,29.3,34.7,23.3,51,72,28
2012-07-07,29.8,35.2,24.0,56,88,32
2012-07-08,31.5,37.6,24.8,49,82,21
2012-07-09,31.1,35.9,25.8,50,72,32
2012-07-10,30.9,36.1,25.4,54,83,31
2012-07-11,31.9,38.3,25.0,47,82,18
2012-07-12,32.2,38.8,25.8,44,74,17
2012-07-13,30.7,35.9,24.5,47,77,25
2012-07-14,30.3,35.1,25.9,55,73,37
2012-07-15,31.3,36.9,25.6,51,80,27
2012-07-16,33.0,39.9,25.6,47,81,21
2012-07-17,28.4,32.2,24.2,37,45,28
2012-07-18,28.6,33.6,23.2,40,67,19
2012-07-19,28.3,33.5,22.2,50,80,27
2012-07-20,29.2,35.1,23.8,52,77,29
2012-07-21,30.1,35.5,24.1,56,84,33
2012-07-22,29.7,34.6,24.4,58,89,33
2012-07-23,30.1,36.5,24.6,49,79,22
2012-07-24,29.1,33.6,24.0,54,80,35
2012-07-25,28.9,33.0,24.2,63,85,47
2012-07-26,30.7,35.7,25.7,56,80,34
2012-07-27,31.3,36.3,26.6,49,69,31
2012-07-28,31.4,35.8,26.4,46,64,28
2012-07-29,32.7,38.7,25.2,42,77,20
2012-07-30,32.0,37.1,25.7,45,73,26
2012-07-31,31.3,36.5,25.6,45,69,23
2012-08-01,28.1,31.5,24.6,62,85,42
2012-08-02,27.6,32.7,22.1,61,93,35
2012-08-03,29.7,34.4,23.5,48,79,27
2012-08-04,29.4,34.3,24.1,55,81,33
2012-08-05,30.0,36.1,24.6,54,79,27
2012-08-06,30.7,37.1,24.5,54,81,27
2012-08-07,32.9,40.3,25.3,47,77,18
2012-08-08,32.8,39.5,25.4,42,74,17
2012-08-09,30.1,33.8,26.8,54,69,43
2012-08-10,27.8,33.5,23.4,64,89,35
2012-08-11,25.7,30.4,22.1,65,88,40
2012-08-12,25.4,30.1,20.4,60,90,32
2012-08-13,25.4,29.6,20.7,61,87,35
2012-08-14,25.6,30.0,21.6,70,92,46
2012-08-15,27.1,32.2,21.8,63,91,35
2012-08-16,28.2,33.4,22.7,60,87,34
2012-08-17,27.3,31.9,23.4,69,90,44
2012-08-18,26.2,29.8,22.6,69,91,48
2012-08-19,25.9,28.9,23.3,69,86,50
2012-08-20,26.8,30.6,23.4,61,83,42
2012-08-21,28.2,33.8,22.7,57,86,32
2012-08-22,30.3,36.4,23.5,47,75,26
2012-08-23,30.2,36.7,24.5,54,76,26
2012-08-24,30.1,35.8,24.5,55,82,32
2012-08-25,31.0,37.4,25.8,50,76,23
2012-08-26,30.5,36.0,25.6,54,78,30
2012-08-27,29.1,33.4,24.2,43,70,24
2012-08-28,26.1,31.6,21.2,36,51,20
2012-08-29,25.2,30.5,19.8,52,80,28
2012-08-30,25.4,30.7,19.9,61,91,34
2012-08-31,25.6,30.8,20.7,62,92,35
2012-09-01,25.5,30.4,20.9,61,84,39
2012-09-02,25.0,29.8,20.7,63,86,41
2012-09-03,24.8,29.4,20.8,66,87,45
2012-09-04,25.0,30.5,19.9,66,95,38
2012-09-05,25.3,30.4,20.2,69,95,42
2012-09-06,25.8,30.3,21.7,66,91,42
2012-09-07,26.8,32.2,22.6,50,76,27
2012-09-08,25.7,30.3,22.6,57,77,27
2012-09-09,26.1,32.5,20.1,56,94,20
2012-09-10,24.9,29.5,21.4,57,81,30
2012-09-11,23.3,26.8,19.1,61,83,42
2012-09-12,22.6,26.0,18.3,68,88,52
2012-09-13,23.3,27.6,18.4,67,97,45
2012-09-14,24.0,28.6,20.3,69,82,50
2012-09-15,21.2,22.1,20.0,93,96,85
2012-09-16,20.3,22.1,18.9,88,97,74
2012-09-17,20.9,25.5,17.3,77,93,55
2012-09-18,22.1,26.3,19.1,75,89,55
2012-09-19,21.8,24.7,18.3,82,99,66
2012-09-20,22.2,25.3,19.2,82,98,65
2012-09-21,17.3,21.0,14.1,50,64,36
2012-09-22,18.0,23.2,12.8,48,68,29
2012-09-23,19.7,26.5,12.6,61,90,32
2012-09-24,20.9,26.8,14.6,70,94,48
2012-09-25,22.8,29.9,16.0,71,95,44
2012-09-26,24.8,31.0,19.1,61,87,33
2012-09-27,25.0,31.0,19.4,57,79,34
2012-09-28,25.1,31.6,19.4,63,82,37
2012-09-29,25.2,31.8,19.9,66,84,37
2012-09-30,25.1,31.1,20.7,69,89,40
2012-10-01,24.9,30.5,21.0,72,90,43
2012-10-02,23.9,27.7,20.9,76,91,55
2012-10-03,23.2,29.2,18.1,72,100,40
2012-10-04,22.8,27.1,19.1,59,83,34
2012-10-05,22.0,28.3,16.4,67,99,28
2012-10-06,22.5,27.1,17.6,66,88,40
2012-10-07,21.8,26.8,15.8,69,96,42
2012-10-08,21.1,24.8,17.4,53,88,24
2012-10-09,17.2,20.1,14.3,53,80,37
2012-10-10,17.9,20.8,15.8,70,82,51
2012-10-11,18.8,23.7,13.2,68,97,39
2012-10-12,19.1,23.6,14.2,78,96,58
2012-10-13,20.4,25.3,16.1,79,95,55
2012-10-14,21.1,25.1,17.6,82,98,61
2012-10-15,21.0,25.5,17.3,81,97,58
2012-10-16,20.8,26.4,16.6,82,97,57
2012-10-17,21.2,26.6,17.0,72,100,36
2012-10-18,20.4,26.0,15.1,66,86,44
2012-10-19,20.5,25.1,16.6,73,91,48
2012-10-20,19.3,24.4,14.7,82,100,51
2012-10-21,19.7,23.6,16.5,73,95,45
2012-10-22,18.8,23.6,12.9,63,94,34
2012-10-23,18.8,23.4,13.8,66,87,41
2012-10-24,18.0,22.0,14.3,76,97,50
2012-10-25,17.6,21.2,13.9,75,92,53
2012-10-26,16.9,22.7,12.5,79,100,40
2012-10-27,16.3,19.3,12.6,87,99,73
2012-10-28,19.2,21.3,17.0,89,98,83
2012-10-29,18.7,22.7,15.0,86,97,70
2012-10-30,15.0,18.9,11.5,65,89,37
2012-10-31,14.3,19.3,10.6,71,86,49
2012-11-01,16.2,18.4,14.1,90,94,85
2012-11-02,17.1,21.3,13.9,84,100,59
2012-11-03,16.7,22.3,11.6,71,90,46
2012-11-04,15.8,20.1,12.3,83,98,61
2012-11-05,15.8,20.9,11.8,86,99,68
2012-11-06,18.3,24.0,13.9,83,97,63
2012-11-07,15.3,19.1,12.0,72,87,54
2012-11-08,11.0,14.4,8.2,62,77,47
2012-11-09,11.1,15.7,7.0,69,87,46
2012-11-10,10.9,15.9,7.0,67,79,46
2012-11-11,11.1,15.8,7.6,78,92,60
2012-11-12,10.9,16.0,6.5,81,97,59
2012-11-13,12.4,18.1,8.1,74,96,46
2012-11-14,12.1,16.3,7.4,80,99,63
2012-11-15,12.9,15.6,10.2,79,96,59
2012-11-16,13.7,16.7,10.9,77,92,58
2012-11-17,13.2,16.8,10.4,77,93,57
2012-11-18,12.5,16.1,9.7,82,95,62
2012-11-19,12.7,16.5,10.1,82,94,61
2012-11-20,13.0,14.1,11.9,90,92,86
2012-11-21,13.5,14.6,12.4,90,93,85
2012-11-22,12.8,14.4,11.0,86,95,76
2012-11-23,12.4,14.6,10.5,86,93,75
2012-11-24,13.0,15.8,10.4,85,96,69
2012-11-25,12.9,15.2,10.4,85,96,71
2012-11-26,12.3,15.1,10.2,87,97,71
2012-11-27,12.2,14.7,10.2,88,97,77
2012-11-28,13.2,17.1,10.4,88,96,72
2012-11-29,15.2,16.9,12.9,91,96,84
2012-11-30,14.0,17.5,10.3,77,88,56
2012-12-01,14.0,17.7,10.7,77,92,52
2012-12-02,12.0,15.1,8.5,86,97,72
2012-12-03,9.6,13.9,4.9,87,98,68
2012-12-04,5.6,9.0,3.5,55,74,38
2012-12-05,4.9,6.9,2.6,82,98,71
2012-12-06,5.1,9.3,2.0,82,99,58
2012-12-07,4.8,8.1,2.9,72,89,50
2012-12-08,5.2,9.8,1.0,81,90,74
2012-12-09,7.5,10.6,1.9,82,96,62
2012-12-10,2.0,5.8,-0.3,55,62,42
2012-12-11,1.7,4.5,-0.5,83,98,69
2012-12-12,1.8,5.5,-1.2,64,88,46
2012-12-13,1.0,5.3,-1.3,62,77,40
2012-12-14,1.0,6.3,-1.8,68,89,41
2012-12-15,1.7,7.0,-1.7,83,94,60
2012-12-16,4.5,9.4,1.7,92,99,84
2012-12-17,6.2,11.8,2.4,92,98,78
2012-12-18,6.8,7.9,5.4,92,98,89
2012-12-19,5.8,7.3,4.9,86,96,67
2012-12-20,4.5,7.9,1.8,63,72,51
2012-12-21,3.0,7.2,-0.5,75,89,53
2012-12-22,4.2,7.1,2.1,82,92,65
2012-12-23,2.3,6.8,-1.7,71,89,49
2012-12-24,2.3,7.8,-1.1,77,92,50
2012-12-25,3.6,10.5,-0.5,80,95,57
2012-12-26,5.5,11.8,2.3,83,93,70
2012-12-27,5.7,12.1,1.5,89,99,68
2012-12-28,6.1,11.5,1.7,90,100,76
2012-12-29,6.8,8.8,5.5,94,97,91
2012-12-30,5.9,9.9,2.0,84,96,63
2012-12-31,5.7,10.9,1.1,77,92,59
2013-01-01,5.6,10.9,0.9,79,92,55
2013-01-02,5.9,10.6,2.6,88,94,75
2013-01-03,5.3,11.6,1.4,82,99,58
2013-01-04,6.1,12.2,0.8,72,87,55
2013-01-05,7.9,11.4,4.7,69,83,56
2013-01-06,5.7,7.9,3.6,59,76,41
2013-01-07,3.6,7.8,1.4,56,76,36
2013-01-08,1.0,3.8,-1.0,50,59,38
2013-01-09,0.4,4.4,-2.3,60,79,38
2013-01-10,1.3,6.7,-1.9,76,87,56
2013-01-11,3.8,9.3,0.3,85,99,72
2013-01-12,3.7,7.6,0.9,82,99,61
2013-01-13,2.8,8.2,-1.2,67,87,41
2013-01-14,6.4,11.7,2.6,86,93,71
2013-01-15,9.2,13.0,5.6,90,96,79
2013-01-16,11.8,13.8,9.0,79,91,62
2013-01-17,9.0,11.7,6.0,81,90,59
2013-01-18,10.5,12.8,7.6,85,94,71
2013-01-19,5.6,10.3,1.8,84,99,59
2013-01-20,8.5,14.1,2.2,79,93,63
2013-01-21,9.7,14.1,5.8,91,98,78
2013-01-22,9.4,13.3,5.8,90,100,70
2013-01-23,9.6,13.7,6.4,79,96,50
2013-01-24,7.1,11.4,3.4,92,98,87
2013-01-25,6.2,9.1,3.6,96,100,89
2013-01-26,5.1,7.9,3.6,88,92,79
2013-01-27,4.1,6.9,1.8,69,79,56
2013-01-28,4.7,8.9,1.2,74,87,58
2013-01-29,4.7,9.9,0.5,77,94,53
2013-01-30,5.4,11.9,1.3,70,85,47
2013-01-31,7.6,13.1,2.5,70,89,56
2013-02-01,7.1,12.6,2.1,61,77,40
2013-02-02,7.5,13.9,1.8,77,89,61
2013-02-03,11.7,16.0,7.9,85,93,73
2013-02-04,9.0,14.0,5.3,86,100,60
2013-02-05,7.4,13.3,2.1,77,90,54
2013-02-06,7.9,12.5,3.8,86,95,72
2013-02-07,9.5,13.3,6.4,89,97,77
2013-02-08,6.3,8.7,3.2,78,98,55
2013-02-09,5.7,10.6,1.8,73,91,56
2013-02-10,7.1,11.3,3.3,75,97,45
2013-02-11,6.3,11.2,1.8,64,84,34
2013-02-12,7.0,12.6,2.1,73,81,56
2013-02-13,9.0,11.3,7.1,89,95,81
2013-02-14,7.6,10.7,5.4,92,97,78
2013-02-15,7.9,10.9,5.8,86,96,66
2013-02-16,7.3,9.0,5.2,88,95,81
2013-02-17,7.0,9.3,4.9,78,93,62
2013-02-18,6.1,8.3,3.1,84,96,73
2013-02-19,5.4,6.6,4.1,91,97,83
2013-02-20,5.4,10.1,0.8,85,100,63
2013-02-21,7.6,10.3,4.6,88,93,77
2013-02-22,8.9,12.0,6.6,84,94,68
2013-02-23,8.9,13.0,3.2,87,100,74
2013-02-24,11.5,14.0,9.2,87,93,79
2013-02-25,13.0,16.1,10.4,91,97,77
2013-02-26,11.3,13.9,8.5,90,99,74
2013-02-27,9.1,12.0,6.6,87,97,73
2013-02-28,8.3,10.2,6.5,83,92,69
2013-03-01,7.7,12.5,2.8,84,99,57
2013-03-02,7.7,11.2,2.8,87,100,68
2013-03-03,8.2,11.6,5.8,81,95,64
2013-03-04,8.8,14.2,2.9,66,86,39
2013-03-05,7.6,11.8,2.9,75,88,64
2013-03-06,8.1,11.2,4.7,77,92,60
2013-03-07,9.0,11.6,5.7,82,95,72
2013-03-08,10.7,14.9,7.1,85,97,67
2013-03-09,11.2,15.5,7.2,88,97,73
2013-03-10,12.1,18.2,7.0,84,100,61
2013-03-11,14.0,19.7,8.8,75,90,50
2013-03-12,14.3,17.8,11.1,63,78,48
2013-03-13,13.2,16.1,9.8,73,86,61
2013-03-14,13.8,15.5,12.1,79,84,72
2013-03-15,11.3,14.9,7.3,76,88,55
2013-03-16,5.5,9.6,2.0,49,74,37
2013-03-17,4.9,9.3,0.7,52,74,41
2013-03-18,6.6,9.7,2.9,83,92,74
2013-03-19,10.5,16.3,4.2,82,99,62
2013-03-20,11.7,18.4,4.6,73,94,44
2013-03-21,12.4,17.0,8.6,88,96,69
2013-03-22,10.7,14.4,8.1,51,98,26
2013-03-23,10.0,14.7,5.5,45,62,33
2013-03-24,10.7,16.5,4.7,70,90,50
2013-03-25,12.8,15.8,10.0,86,94,72
2013-03-26,12.4,16.3,9.5,88,99,69
2013-03-27,11.6,15.0,6.3,88,100,74
2013-03-28,11.3,14.2,8.1,85,97,71
2013-03-29,11.0,12.2,9.7,84,89,82
2013-03-30,13.1,17.3,9.8,84,92,68
2013-03-31,13.8,16.7,10.8,89,97,76
2013-04-01,14.0,18.9,9.7,78,100,48
2013-04-02,14.1,17.5,9.7,75,88,63
2013-04-03,14.4,18.4,11.2,80,96,55
2013-04-04,13.7,19.3,8.3,72,90,45
2013-04-05,14.7,19.4,9.6,75,91,54
2013-04-06,15.6,21.8,9.7,79,98,52
2013-04-07,14.1,17.1,12.1,88,94,74
2013-04-08,11.9,13.6,9.7,80,89,65
2013-04-09,11.3,14.2,9.6,81,92,70
2013-04-10,13.3,17.4,9.7,82,97,63
2013-04-11,15.1,20.7,8.2,75,99,43
2013-04-12,14.7,19.2,9.3,76,96,57
2013-04-13,16.5,21.8,10.7,76,96,57
2013-04-14,16.9,20.5,13.9,65,85,42
2013-04-15,13.6,19.0,8.2,66,86,41
2013-04-16,13.2,18.7,7.1,66,88,41
2013-04-17,14.7,19.9,8.4,63,90,38
2013-04-18,13.8,17.9,10.8,71,83,53
2013-04-19,13.0,17.6,7.7,70,93,41
2013-04-20,14.5,18.4,11.0,72,88,49
2013-04-21,16.2,22.1,10.1,67,91,37
2013-04-22,16.2,20.5,12.4,69,84,50
2013-04-23,16.4,20.0,13.3,72,87,57
2013-04-24,18.8,24.1,14.1,73,88,50
2013-04-25,20.1,25.9,15.0,72,92,47
2013-04-26,20.7,26.9,15.2,68,87,45
2013-04-27,19.8,25.0,14.3,67,92,41
2013-04-28,20.7,26.1,15.6,64,86,41
2013-04-29,22.1,27.7,16.7,66,88,41
2013-04-30,22.9,28.9,17.1,65,88,39
2013-05-01,23.3,29.1,18.9,67,86,41
2013-05-02,22.7,26.4,19.3,68,91,49
2013-05-03,23.0,27.9,17.9,63,83,42
2013-05-04,23.7,28.4,18.4,65,86,43
2013-05-05,23.6,29.3,18.0,67,90,38
2013-05-06,22.7,25.1,20.4,74,86,65
2013-05-07,22.0,25.0,20.1,69,86,51
2013-05-08,20.6,22.8,17.7,71,90,58
2013-05-09,19.1,21.6,16.5,77,91,63
2013-05-10,20.3,24.5,16.5,70,88,49
2013-05-11,21.6,26.2,17.6,65,82,44
2013-05-12,20.0,22.0,16.7,72,88,61
2013-05-13,17.7,21.1,15.2,77,90,62
2013-05-14,18.2,23.6,13.8,60,75,41
2013-05-15,19.3,24.5,13.1,59,79,38
2013-05-16,20.1,24.2,15.1,71,89,55
2013-05-17,21.0,26.4,15.0,72,95,52
2013-05-18,23.0,29.5,17.4,70,94,40
2013-05-19,24.2,29.8,19.4,68,87,43
2013-05-20,23.7,28.8,18.8,67,90,46
2013-05-21,24.6,30.7,18.0,52,85,23
2013-05-22,23.8,28.8,19.9,61,77,39
2013-05-23,23.1,26.1,20.0,62,84,44
2013-05-24,21.8,25.7,18.0,50,80,31
2013-05-25,21.3,25.7,15.4,55,78,34
2013-05-26,21.6,26.3,16.4,54,87,30
2013-05-27,19.2,24.0,13.7,50,76,31
2013-05-28,20.6,25.8,16.0,61,84,36
2013-05-29,22.7,28.8,15.6,56,90,28
2013-05-30,24.5,28.9,19.7,49,76,30
2013-05-31,22.1,25.3,18.9,38,55,26
2013-06-01,20.6,24.5,16.3,45,67,31
2013-06-02,20.0,24.0,16.7,66,85,41
2013-06-03,21.5,26.2,15.2,55,86,30
2013-06-04,21.7,25.5,16.7,55,79,35
2013-06-05,21.0,25.1,17.3,60,80,41
2013-06-06,22.1,26.6,16.8,59,87,36
2013-06-07,22.7,26.4,19.4,61,81,41
2013-06-08,23.5,28.2,19.1,57,84,33
2013-06-09,23.4,28.2,19.2,64,88,40
2013-06-10,24.0,28.9,20.4,65,86,43
2013-06-11,22.9,28.1,18.9,71,92,44
2013-06-12,20.8,24.8,18.4,76,91,54
2013-06-13,21.9,26.8,17.8,69,87,46
2013-06-14,23.6,28.2,18.6,64,84,43
2013-06-15,25.4,30.6,20.0,61,83,37
2013-06-16,27.3,33.1,20.5,54,82,28
2013-06-17,27.7,32.8,22.7,57,79,35
2013-06-18,28.5,33.3,23.6,56,78,38
2013-06-19,28.5,33.2,24.2,58,75,41
2013-06-20,28.2,31.9,23.8,58,82,43
2013-06-21,26.4,30.3,22.0,62,84,44
2013-06-22,27.0,31.0,23.7,61,79,46
2013-06-23,28.4,34.4,24.0,57,81,34
2013-06-24,28.4,33.5,22.4,56,84,33
2013-06-25,28.8,33.4,24.4,57,79,35
2013-06-26,27.1,30.5,22.2,53,82,40
2013-06-27,24.4,27.9,19.9,54,71,44
2013-06-28,25.2,29.9,20.7,50,74,33
2013-06-29,24.3,28.4,19.6,68,87,44
2013-06-30,21.8,26.1,17.5,57,86,38
2013-07-01,23.9,29.0,19.4,44,60,28
2013-07-02,24.3,30.3,18.4,46,70,24
2013-07-03,25.0,30.7,19.8,60,92,28
2013-07-04,24.9,29.1,21.0,64,88,39
2013-07-05,26.0,30.8,20.5,57,90,31
2013-07-06,26.8,31.7,21.2,52,85,30
2013-07-07,27.4,32.4,21.3,50,77,25
2013-07-08,28.2,33.5,21.7,47,81,23
2013-07-09,28.4,33.4,22.4,46,78,26
2013-07-10,27.8,32.2,24.3,49,71,29
2013-07-11,27.0,31.5,22.6,54,77,35
2013-07-12,27.1,32.6,22.3,58,78,34
2013-07-13,27.3,32.8,21.0,54,87,27
2013-07-14,27.7,33.3,21.3,41,63,23
2013-07-15,27.5,32.9,21.6,42,65,22
2013-07-16,27.1,31.4,21.0,45,77,26
2013-07-17,25.3,30.0,20.2,50,71,31
2013-07-18,26.9,31.4,22.5,50,71,30
2013-07-19,26.4,30.0,22.5,56,75,40
2013-07-20,26.9,32.5,21.3,56,86,30
2013-07-21,28.3,33.9,22.8,53,81,25
2013-07-22,23.7,26.9,19.8,74,94,56
2013-07-23,25.0,28.8,20.4,70,90,53
2013-07-24,27.4,33.9,21.2,56,84,24
2013-07-25,28.5,34.9,22.5,54,84,24
2013-07-26,30.1,35.9,24.3,47,73,22
2013-07-27,28.0,31.7,22.7,57,80,42
2013-07-28,27.7,31.8,23.2,60,84,41
2013-07-29,28.7,33.8,23.3,59,87,36
2013-07-30,30.1,36.8,23.9,55,82,30
2013-07-31,29.8,34.4,26.1,52,75,31
2013-08-01,27.6,31.6,22.6,55,72,36
2013-08-02,27.6,31.4,23.7,63,87,43
2013-08-03,29.1,33.4,25.2,56,76,36
2013-08-04,30.3,36.9,24.1,50,83,21
2013-08-05,28.5,32.5,24.8,54,71,38
2013-08-06,29.1,34.7,24.7,51,77,28
2013-08-07,29.2,34.7,24.3,52,73,30
2013-08-08,29.6,35.1,25.5,50,71,28
2013-08-09,29.1,34.6,24.6,52,77,30
2013-08-10,28.9,33.4,24.7,52,78,30
2013-08-11,29.1,33.8,24.0,49,83,26
2013-08-12,28.4,32.3,24.7,53,75,34
2013-08-13,28.8,34.2,23.6,53,80,29
2013-08-14,29.6,35.5,23.6,51,80,26
2013-08-15,30.5,36.8,23.9,44,75,19
2013-08-16,29.8,34.8,24.0,43,72,24
2013-08-17,29.3,34.3,23.0,46,79,24
2013-08-18,28.2,32.0,23.6,50,75,33
2013-08-19,28.3,33.5,22.7,53,82,29
2013-08-20,28.3,33.2,23.5,53,76,30
2013-08-21,28.1,32.4,24.4,51,74,27
2013-08-22,28.1,32.9,23.7,46,72,23
2013-08-23,27.0,30.8,22.6,52,73,33
2013-08-24,26.9,31.7,21.3,55,89,29
2013-08-25,26.8,32.0,21.2,54,82,29
2013-08-26,27.7,32.3,23.0,55,80,35
2013-08-27,28.3,34.0,22.7,56,83,32
2013-08-28,28.1,32.9,23.4,62,89,39
2013-08-29,28.3,33.5,22.4,46,86,21
2013-08-30,27.3,31.5,22.6,35,51,22
2013-08-31,24.6,28.1,20.8,52,75,34
2013-09-01,23.4,26.8,19.1,69,95,47
2013-09-02,22.6,26.4,20.4,71,88,45
2013-09-03,25.5,31.1,18.8,47,82,23
2013-09-04,25.3,30.2,20.5,37,59,19
2013-09-05,23.1,27.7,17.8,53,79,34
2013-09-06,23.5,29.1,18.1,63,89,33
2013-09-07,24.6,30.7,18.7,60,95,24
2013-09-08,24.2,30.2,18.1,59,95,16
2013-09-09,23.3,28.1,18.0,64,92,38
2013-09-10,24.6,29.9,19.5,63,92,40
2013-09-11,25.6,30.3,20.8,62,85,40
2013-09-12,25.6,30.8,19.8,68,94,43
2013-09-13,25.5,30.0,21.3,59,87,30
2013-09-14,22.3,26.8,17.3,44,65,24
2013-09-15,22.8,28.7,15.7,44,75,20
2013-09-16,21.4,25.4,17.4,68,88,49
2013-09-17,20.6,25.4,15.9,74,95,50
2013-09-18,21.7,26.4,17.9,63,98,34
2013-09-19,22.1,27.6,16.2,55,80,32
2013-09-20,21.3,25.7,16.8,47,81,26
2013-09-21,20.8,26.0,15.5,44,66,25
2013-09-22,20.5,24.9,15.8,44,66,27
2013-09-23,19.6,24.9,13.1,54,86,27
2013-09-24,21.6,27.7,16.0,43,63,26
2013-09-25,22.0,28.9,15.7,49,74,24
2013-09-26,21.8,28.5,15.4,67,95,33
2013-09-27,22.9,30.0,15.7,60,97,26
2013-09-28,22.0,25.6,17.5,77,95,59
2013-09-29,22.1,26.6,17.4,77,99,51
2013-09-30,22.7,27.7,18.9,77,95,48
2013-10-01,21.1,25.9,17.2,71,97,42
2013-10-02,17.4,20.8,14.9,56,85,36
2013-10-03,14.6,17.9,11.6,52,86,27
2013-10-04,11.9,15.8,8.6,46,72,29
2013-10-05,12.4,16.5,7.8,62,88,32
2013-10-06,14.1,18.1,10.7,72,88,53
2013-10-07,15.0,19.5,10.4,73,95,49
2013-10-08,16.7,20.7,12.8,74,93,50
2013-10-09,16.3,19.9,12.6,77,95,56
2013-10-10,17.9,22.8,13.9,79,94,58
2013-10-11,18.6,22.3,15.4,85,96,72
2013-10-12,19.8,25.8,15.5,80,97,53
2013-10-13,19.4,24.0,15.5,85,97,64
2013-10-14,19.5,23.5,16.4,83,98,60
2013-10-15,19.5,23.7,17.1,84,98,60
2013-10-16,18.9,22.9,15.8,86,100,63
2013-10-17,15.3,18.4,11.8,59,91,39
2013-10-18,17.0,21.4,14.0,50,67,31
2013-10-19,16.6,21.9,11.7,52,74,30
2013-10-20,15.7,21.2,10.0,71,94,46
2013-10-21,15.8,22.3,9.3,75,100,45
2013-10-22,17.1,25.0,10.8,72,98,34
2013-10-23,17.8,24.7,12.3,70,90,36
2013-10-24,17.6,22.8,12.7,77,97,49
2013-10-25,16.5,22.1,12.0,83,100,54
2013-10-26,16.4,22.0,12.4,84,100,54
2013-10-27,16.0,22.1,12.1,80,100,48
2013-10-28,16.7,24.0,11.5,76,99,41
2013-10-29,17.4,24.6,11.1,73,97,40
2013-10-30,17.9,24.4,11.0,71,98,40
2013-10-31,18.1,24.2,13.2,70,89,41
2013-11-01,16.8,19.7,14.4,81,93,62
2013-11-02,15.5,19.6,11.8,85,100,61
2013-11-03,15.8,21.1,11.6,84,100,54
2013-11-04,15.7,20.1,12.0,86,100,66
2013-11-05,17.9,21.8,13.6,81,98,60
2013-11-06,18.3,20.4,15.9,80,93,64
2013-11-07,15.8,20.7,11.5,68,93,36
2013-11-08,15.3,20.4,9.8,76,99,51
2013-11-09,14.3,18.6,10.2,86,100,66
2013-11-10,14.5,18.6,11.6,89,100,68
2013-11-11,16.4,21.1,13.9,87,95,64
2013-11-12,16.7,18.3,14.8,91,97,78
2013-11-13,15.4,17.9,13.9,84,93,68
2013-11-14,13.9,15.5,12.9,78,89,62
2013-11-15,12.3,13.9,10.4,82,93,69
2013-11-16,12.8,14.3,11.7,77,90,65
2013-11-17,12.6,15.6,9.8,77,94,57
2013-11-18,10.9,15.4,6.7,79,99,53
2013-11-19,11.9,14.9,9.6,80,92,63
2013-11-20,12.9,16.2,10.9,83,95,73
2013-11-21,13.3,17.7,9.9,89,99,69
2013-11-22,13.6,17.5,9.7,83,98,61
2013-11-23,13.3,18.3,9.5,86,97,61
2013-11-24,12.0,14.4,10.1,94,99,87
2013-11-25,10.9,13.9,7.0,87,100,67
2013-11-26,8.1,10.3,6.3,71,82,67
2013-11-27,7.9,10.8,5.2,75,94,52
2013-11-28,6.1,10.4,2.8,67,81,45
2013-11-29,5.7,11.5,1.5,63,80,41
2013-11-30,5.8,9.7,1.9,81,95,66
2013-12-01,8.9,11.6,7.0,88,95,75
2013-12-02,10.3,12.9,8.4,86,96,71
2013-12-03,7.6,9.8,5.9,77,85,67
2013-12-04,4.7,8.9,0.9,76,99,47
2013-12-05,4.7,10.6,1.0,64,83,41
2013-12-06,4.5,10.3,1.1,78,98,58
2013-12-07,5.6,9.1,2.1,59,98,37
2013-12-08,4.3,8.9,0.3,52,70,37
2013-12-09,4.2,9.5,1.2,62,71,41
2013-12-10,6.4,12.2,1.8,64,75,51
2013-12-11,3.7,6.9,-1.3,63,82,43
2013-12-12,3.7,9.6,-0.5,62,84,36
2013-12-13,4.9,10.3,0.6,71,94,46
2013-12-14,4.2,9.9,0.1,76,96,51
2013-12-15,4.1,10.4,0.2,77,94,50
2013-12-16,3.8,8.3,0.7,71,87,53
2013-12-17,4.0,8.6,0.7,74,87,53
2013-12-18,3.4,8.6,-0.7,78,93,56
2013-12-19,2.9,8.5,-0.7,75,95,50
2013-12-20,2.3,8.6,-1.2,82,95,56
2013-12-21,2.9,10.4,-1.0,75,92,43
2013-12-22,2.9,10.0,-1.7,76,94,48
2013-12-23,2.2,8.9,-1.6,79,96,50
2013-12-24,1.6,5.7,-1.8,81,94,57
2013-12-25,4.6,8.1,1.5,85,91,74
2013-12-26,7.9,11.6,4.9,91,95,84
2013-12-27,11.8,13.5,9.8,93,97,86
2013-12-28,11.2,14.1,7.4,90,96,80
2013-12-29,8.2,13.6,4.7,91,100,73
2013-12-30,6.9,12.2,3.5,89,100,67
2013-12-31,7.5,8.7,5.9,89,96,82
2014-01-01,7.4,8.6,6.4,80,85,73
2014-01-02,7.3,10.0,5.1,84,95,70
2014-01-03,5.8,10.5,2.0,87,99,70
2014-01-04,5.3,10.9,1.3,88,99,68
2014-01-05,6.1,10.2,2.6,93,100,82
2014-01-06,9.3,13.2,6.5,88,95,73
2014-01-07,8.9,13.7,5.1,88,99,69
2014-01-08,7.4,13.9,3.0,85,100,62
2014-01-09,7.8,14.8,3.4,79,91,55
2014-01-10,6.7,12.2,2.7,88,100,73
2014-01-11,7.4,13.3,2.8,84,96,64
2014-01-12,7.1,12.1,2.9,87,100,71
2014-01-13,7.7,13.8,2.0,81,96,60
2014-01-14,7.0,12.4,2.0,87,100,67
2014-01-15,8.8,12.2,5.9,94,99,85
2014-01-16,11.0,14.5,8.4,86,99,67
2014-01-17,8.4,14.2,3.3,86,99,69
2014-01-18,8.4,13.5,4.8,90,100,72
2014-01-19,9.1,15.0,4.5,88,99,68
2014-01-20,11.1,15.7,8.2,91,98,73
2014-01-21,11.2,15.7,8.4,83,98,59
2014-01-22,10.8,14.5,7.5,77,93,60
2014-01-23,10.3,15.1,6.6,78,89,56
2014-01-24,9.5,13.9,5.1,84,96,68
2014-01-25,9.9,12.5,7.0,90,98,78
2014-01-26,2.3,6.0,0.8,78,85,73
2014-01-27,2.0,5.9,-0.6,67,83,53
2014-01-28,3.6,6.4,-0.1,88,92,77
2014-01-29,6.9,11.8,3.3,83,95,58
2014-01-30,5.9,10.7,1.2,81,91,69
2014-01-31,5.6,7.7,3.6,76,85,63
2014-02-01,4.2,7.2,0.7,76,95,59
2014-02-02,4.2,7.4,1.8,77,92,57
2014-02-03,4.2,8.6,-0.1,70,90,49
2014-02-04,4.4,7.8,0.6,73,91,53
2014-02-05,5.0,8.8,1.7,79,91,64
2014-02-06,7.0,9.7,5.1,86,96,77
2014-02-07,7.6,11.1,3.3,90,100,74
2014-02-08,9.5,13.6,6.8,85,94,68
2014-02-09,9.5,15.1,4.4,86,99,67
2014-02-10,11.1,16.2,6.3,73,91,45
2014-02-11,10.2,16.8,4.7,82,96,62
2014-02-12,11.6,16.1,8.6,90,99,71
2014-02-13,10.3,15.4,5.8,85,100,56
2014-02-14,9.3,14.2,3.9,78,100,49
2014-02-15,9.7,15.2,5.0,69,86,49
2014-02-16,9.6,15.5,4.3,78,94,56
2014-02-17,10.6,17.5,5.3,81,93,60
2014-02-18,12.1,19.6,7.6,79,95,52
2014-02-19,10.9,16.0,7.7,85,99,65
2014-02-20,10.6,15.8,6.1,86,100,63
2014-02-21,11.4,15.7,7.7,84,97,64
2014-02-22,12.0,15.9,8.6,85,98,62
2014-02-23,11.3,13.6,10.1,93,97,85
2014-02-24,9.6,10.3,8.9,89,94,79
2014-02-25,8.5,10.5,6.8,82,92,69
2014-02-26,9.0,12.2,6.7,83,92,65
2014-02-27,9.3,14.0,5.0,86,100,61
2014-02-28,10.1,13.2,7.6,88,97,77
2014-03-01,9.6,13.8,5.6,86,100,64
2014-03-02,9.8,10.7,6.1,92,98,83
2014-03-03,7.7,10.1,4.4,93,100,81
2014-03-04,11.0,15.7,5.9,77,93,52
2014-03-05,11.1,15.0,7.7,79,97,54
2014-03-06,10.6,15.3,6.2,79,99,53
2014-03-07,9.5,12.5,7.2,90,95,82
2014-03-08,10.4,15.8,5.9,81,100,48
2014-03-09,9.6,13.6,5.1,73,94,42
2014-03-10,8.0,10.2,6.3,80,93,63
2014-03-11,7.3,10.5,4.6,74,89,54
2014-03-12,10.2,16.5,4.3,63,85,40
2014-03-13,10.9,15.8,6.6,70,90,50
2014-03-14,10.8,16.6,5.7,79,97,56
2014-03-15,11.1,16.8,4.6,79,100,56
2014-03-16,12.3,17.3,7.7,61,88,37
2014-03-17,14.6,20.5,8.2,55,76,38
2014-03-18,15.0,22.7,8.7,62,78,39
2014-03-19,15.5,22.5,9.0,67,86,41
2014-03-20,13.8,18.4,9.1,60,86,43
2014-03-21,14.0,19.4,8.8,70,89,42
2014-03-22,14.3,19.0,10.2,65,83,41
2014-03-23,14.7,19.8,10.7,68,83,49
2014-03-24,14.7,19.9,9.1,74,96,49
2014-03-25,12.8,17.0,8.1,65,87,37
2014-03-26,12.1,15.1,7.9,73,92,57
2014-03-27,12.7,17.0,8.8,81,95,59
2014-03-28,13.1,17.2,10.1,83,99,56
2014-03-29,13.6,18.9,8.2,72,91,46
2014-03-30,11.2,12.8,9.3,76,86,67
2014-03-31,12.1,18.0,6.9,81,99,60
2014-04-01,15.5,22.3,7.7,72,100,42
2014-04-02,16.1,22.6,10.7,67,87,39
2014-04-03,14.7,17.8,10.8,79,94,62
2014-04-04,14.1,18.8,9.5,81,100,58
2014-04-05,15.7,20.8,11.8,78,94,54
2014-04-06,15.7,18.1,13.0,82,93,60
2014-04-07,15.3,19.6,10.9,78,93,57
2014-04-08,15.5,19.2,11.9,82,96,64
2014-04-09,15.3,21.1,9.7,81,100,54
2014-04-10,13.4,16.7,9.2,58,92,33
2014-04-11,11.2,14.7,7.1,60,81,41
2014-04-12,12.0,17.5,7.0,64,83,37
2014-04-13,13.8,18.1,8.0,68,94,44
2014-04-14,14.1,18.3,10.1,75,94,51
2014-04-15,15.0,20.4,9.1,71,96,43
2014-04-16,10.8,13.5,8.5,83,93,75
2014-04-17,11.1,16.4,6.5,71,92,44
2014-04-18,11.5,14.3,9.3,77,92,59
2014-04-19,12.4,14.8,10.3,79,91,71
2014-04-20,14.2,19.3,9.1,77,96,55
2014-04-21,15.0,20.3,10.0,81,97,56
2014-04-22,16.6,22.1,11.7,82,100,59
2014-04-23,17.6,21.5,13.6,82,97,66
2014-04-24,17.3,21.0,13.3,84,95,71
2014-04-25,16.7,20.5,14.0,88,98,70
2014-04-26,15.3,16.8,13.9,87,96,77
2014-04-27,15.2,18.2,12.8,83,95,70
2014-04-28,14.7,17.1,11.7,87,99,76
2014-04-29,15.7,19.8,11.4,81,98,58
2014-04-30,14.6,19.4,9.2,74,95,52
2014-05-01,16.9,21.1,13.3,72,88,52
2014-05-02,16.6,20.5,11.2,73,99,50
2014-05-03,16.8,19.7,12.7,77,92,62
2014-05-04,16.8,20.4,13.0,80,96,57
2014-05-05,15.4,18.9,11.9,64,84,48
2014-05-06,14.5,17.0,12.3,74,89,63
2014-05-07,16.0,19.3,13.3,75,89,57
2014-05-08,16.3,20.8,10.7,78,100,59
2014-05-09,18.6,23.7,12.6,71,98,39
2014-05-10,18.9,24.7,12.8,69,93,44
2014-05-11,19.2,25.3,13.1,72,98,45
2014-05-12,19.9,25.2,13.8,72,95,50
2014-05-13,20.4,24.0,15.3,74,92,56
2014-05-14,19.3,24.0,15.3,70,96,46
2014-05-15,16.7,19.9,12.8,58,80,43
2014-05-16,16.3,19.8,13.3,62,82,45
2014-05-17,16.6,20.7,11.9,66,89,44
2014-05-18,18.1,22.0,12.7,64,89,43
2014-05-19,18.9,23.4,13.2,65,92,42
2014-05-20,19.2,23.2,14.4,66,90,45
2014-05-21,21.2,26.9,15.0,61,87,36
2014-05-22,22.8,27.8,17.0,59,83,35
2014-05-23,22.9,26.8,19.0,62,80,45
2014-05-24,22.5,26.8,18.0,63,87,43
2014-05-25,23.7,28.3,18.3,66,94,44
2014-05-26,23.8,27.5,20.6,65,87,48
2014-05-27,23.3,28.2,17.1,69,100,44
2014-05-28,24.5,29.5,17.6,51,84,24
2014-05-29,23.4,27.7,18.8,52,76,33
2014-05-30,20.5,24.9,17.8,64,83,42
2014-05-31,20.5,24.2,16.6,48,60,35
2014-06-01,19.8,24.1,15.2,49,66,32
2014-06-02,19.6,23.2,15.8,53,71,38
2014-06-03,18.8,22.0,15.8,71,90,50
2014-06-04,18.9,22.7,15.6,74,93,52
2014-06-05,21.8,27.5,15.8,59,86,33
2014-06-06,23.2,28.8,16.7,52,72,33
2014-06-07,24.3,30.2,18.3,55,76,35
2014-06-08,23.8,30.5,18.0,65,83,36
2014-06-09,24.5,30.4,18.1,61,84,36
2014-06-10,25.6,31.1,18.9,58,87,31
2014-06-11,26.8,32.4,21.4,54,75,32
2014-06-12,25.0,28.5,20.1,66,89,48
2014-06-13,26.5,31.4,21.7,58,82,35
2014-06-14,26.4,31.0,22.2,60,81,38
2014-06-15,24.7,28.8,21.1,66,86,45
2014-06-16,23.9,27.6,19.1,70,90,54
2014-06-17,24.7,29.1,21.8,72,87,48
2014-06-18,25.1,29.0,20.6,70,93,52
2014-06-19,22.3,25.0,18.8,75,95,60
2014-06-20,23.0,27.4,19.0,59,80,37
2014-06-21,23.3,27.3,18.5,49,68,38
2014-06-22,23.8,28.8,17.9,49,72,30
2014-06-23,24.1,29.4,18.5,64,89,41
2014-06-24,25.7,30.4,21.6,59,81,37
2014-06-25,26.9,31.9,22.3,61,80,41
2014-06-26,28.9,35.5,22.6,54,83,25
2014-06-27,28.0,33.4,23.2,51,74,28
2014-06-28,25.1,27.8,23.1,61,74,49
2014-06-29,24.6,28.7,20.7,62,84,42
2014-06-30,24.9,29.2,21.7,62,79,45
2014-07-01,26.2,31.6,19.7,53,89,26
2014-07-02,25.2,28.1,21.3,60,80,51
2014-07-03,26.9,31.8,21.8,58,85,38
2014-07-04,25.8,31.1,20.4,37,53,23
2014-07-05,25.4,30.0,22.0,55,80,36
2014-07-06,25.8,31.1,20.5,56,83,34
2014-07-07,27.2,32.3,22.3,55,81,33
2014-07-08,27.8,32.6,23.4,56,81,35
2014-07-09,27.7,33.6,21.8,55,79,32
2014-07-10,28.2,33.6,21.8,49,89,17
2014-07-11,27.0,30.5,22.2,43,70,26
2014-07-12,26.9,31.8,21.2,40,68,25
2014-07-13,27.1,31.2,22.3,48,68,30
2014-07-14,26.5,30.7,21.5,55,80,34
2014-07-15,22.1,24.3,20.2,78,94,66
2014-07-16,23.7,29.5,19.3,72,90,43
2014-07-17,25.2,29.8,20.3,65,87,41
2014-07-18,26.3,30.7,21.1,59,81,39
2014-07-19,26.6,30.9,22.1,59,74,41
2014-07-20,27.1,31.6,22.9,64,87,41
2014-07-21,27.6,32.1,23.2,63,88,41
2014-07-22,26.3,30.0,23.2,68,86,52
2014-07-23,25.2,29.5,21.3,67,88,46
2014-07-24,26.4,31.3,20.8,61,87,36
2014-07-25,27.1,31.6,23.1,64,84,41
2014-07-26,27.4,32.0,23.5,66,91,40
2014-07-27,27.5,31.7,23.0,68,90,46
2014-07-28,27.4,31.1,23.9,68,87,48
2014-07-29,28.1,32.2,24.0,62,81,44
2014-07-30,28.1,31.5,25.0,69,85,52
2014-07-31,27.2,30.9,24.2,72,90,51
2014-08-01,24.5,29.0,21.5,75,90,52
2014-08-02,25.6,30.9,20.7,70,94,45
2014-08-03,28.3,33.1,22.8,61,87,37
2014-08-04,28.2,32.8,23.3,60,84,38
2014-08-05,28.1,32.5,23.3,60,82,39
2014-08-06,27.2,31.8,22.9,58,80,38
2014-08-07,25.4,29.7,21.6,66,84,46
2014-08-08,26.8,31.7,21.7,60,86,37
2014-08-09,26.9,32.1,21.4,61,84,36
2014-08-10,28.6,33.4,24.0,58,81,33
2014-08-11,29.1,34.0,24.4,57,79,32
2014-08-12,29.3,34.9,24.6,60,83,34
2014-08-13,29.5,34.8,25.3,63,86,37
2014-08-14,29.5,33.9,26.2,63,81,40
2014-08-15,29.6,35.0,25.3,63,84,37
2014-08-16,29.9,34.9,24.2,55,89,29
2014-08-17,27.5,30.9,24.2,46,64,28
2014-08-18,24.8,29.5,20.3,44,68,27
2014-08-19,24.8,29.4,20.0,63,91,39
2014-08-20,25.7,30.5,20.8,64,90,39
2014-08-21,27.0,32.9,21.2,66,94,40
2014-08-22,28.1,33.8,22.6,64,92,39
2014-08-23,28.1,32.6,24.1,66,87,41
2014-08-24,29.3,35.3,24.5,58,83,25
2014-08-25,26.2,29.4,23.7,64,74,51
2014-08-26,25.2,28.4,22.3,72,89,55
2014-08-27,26.8,32.1,21.5,67,91,41
2014-08-28,27.9,33.0,22.4,62,89,35
2014-08-29,24.7,26.7,22.8,72,87,57
2014-08-30,24.6,27.3,21.6,62,79,49
2014-08-31,24.6,28.3,21.5,65,81,49
2014-09-01,24.8,28.5,21.4,67,86,48
2014-09-02,24.0,27.4,20.7,73,94,54
2014-09-03,21.6,24.3,19.6,86,97,73
2014-09-04,23.0,26.1,19.6,75,93,58
2014-09-05,22.9,26.2,19.3,76,93,60
2014-09-06,22.9,26.5,20.0,77,92,58
2014-09-07,20.4,21.4,19.3,91,95,83
2014-09-08,22.2,26.9,17.8,76,94,53
2014-09-09,21.9,25.6,18.2,77,95,57
2014-09-10,22.5,26.6,18.1,71,90,51
2014-09-11,22.8,26.6,18.3,76,96,52
2014-09-12,22.8,26.2,19.1,76,89,61
2014-09-13,23.0,26.5,19.6,80,96,60
2014-09-14,22.3,25.4,18.8,84,99,66
2014-09-15,21.1,23.8,19.2,87,97,73
2014-09-16,20.6,23.7,17.8,80,94,62
2014-09-17,19.6,22.1,16.5,82,95,69
2014-09-18,19.5,22.9,16.5,79,95,62
2014-09-19,20.2,23.6,16.3,76,96,58
2014-09-20,20.7,24.9,16.4,83,99,64
2014-09-21,22.2,26.8,17.7,83,99,63
2014-09-22,23.0,27.3,19.2,86,100,65
2014-09-23,20.7,26.0,16.5,69,98,44
2014-09-24,16.5,20.4,12.7,54,68,39
2014-09-25,18.4,22.5,13.2,71,90,55
2014-09-26,17.4,19.5,15.0,81,96,60
2014-09-27,16.5,20.5,13.5,59,75,41
2014-09-28,17.3,22.3,12.9,60,75,41
2014-09-29,17.5,22.1,12.8,68,91,45
2014-09-30,17.7,23.1,12.1,72,97,48
2014-10-01,18.3,24.5,12.5,73,97,45
2014-10-02,18.1,23.4,13.0,77,99,49
2014-10-03,17.7,18.8,16.6,76,91,66
2014-10-04,16.6,17.8,15.6,75,83,68
2014-10-05,15.6,18.0,14.1,84,93,62
2014-10-06,16.3,18.8,14.0,84,95,76
2014-10-07,17.5,20.4,15.8,91,97,83
2014-10-08,18.0,22.1,14.8,87,99,68
2014-10-09,18.0,21.6,14.8,88,99,69
2014-10-10,17.8,22.5,14.3,85,99,61
2014-10-11,17.2,22.0,13.7,88,100,64
2014-10-12,17.5,21.9,14.4,88,100,65
2014-10-13,17.3,21.5,14.2,90,100,71
2014-10-14,17.9,22.4,14.7,90,100,69
2014-10-15,18.4,23.1,15.2,89,100,71
2014-10-16,19.9,24.5,15.1,84,100,65
2014-10-17,21.6,26.2,16.7,75,90,56
2014-10-18,20.2,24.1,17.1,63,88,42
2014-10-19,16.3,17.8,15.1,74,83,57
2014-10-20,15.4,19.2,11.9,84,100,64
2014-10-21,16.2,21.6,10.6,81,100,57
2014-10-22,15.9,21.0,11.5,86,100,65
2014-10-23,14.4,17.3,10.8,78,96,60
2014-10-24,10.8,12.9,8.6,83,89,74
2014-10-25,10.9,11.8,10.0,77,87,63
2014-10-26,9.8,11.6,7.6,65,81,61
2014-10-27,11.3,13.3,9.3,71,78,62
2014-10-28,11.4,13.6,9.2,79,92,64
2014-10-29,12.1,15.6,9.7,81,91,64
2014-10-30,13.0,16.7,9.2,78,92,59
2014-10-31,12.1,14.6,10.0,74,89,61
2014-11-01,10.9,14.7,6.3,74,92,55
2014-11-02,10.2,14.8,6.0,77,93,57
2014-11-03,10.6,13.7,6.9,86,100,72
2014-11-04,12.0,14.5,10.6,85,92,74
2014-11-05,12.4,15.8,9.6,88,96,74
2014-11-06,14.7,18.2,12.0,86,93,75
2014-11-07,15.2,19.1,12.7,89,98,72
2014-11-08,15.5,16.9,14.2,94,97,92
2014-11-09,15.0,16.4,12.9,92,99,83
2014-11-10,13.6,17.7,10.8,90,100,72
2014-11-11,13.1,16.2,10.1,92,100,78
2014-11-12,14.3,16.7,12.8,87,96,72
2014-11-13,14.1,15.9,12.5,95,99,91
2014-11-14,14.5,17.0,13.0,91,98,80
2014-11-15,13.9,15.9,11.8,90,99,81
2014-11-16,13.7,14.6,13.0,86,89,81
2014-11-17,13.8,15.8,12.2,87,96,80
2014-11-18,13.9,17.3,11.2,91,98,77
2014-11-19,14.2,17.7,11.0,91,97,79
2014-11-20,11.5,14.7,8.9,71,97,49
2014-11-21,10.8,14.3,8.1,64,79,47
2014-11-22,9.1,12.5,6.0,69,83,56
2014-11-23,8.3,12.0,4.6,79,94,59
2014-11-24,7.6,10.9,3.9,84,100,62
2014-11-25,8.2,10.6,5.9,81,96,62
2014-11-26,7.5,8.8,6.3,86,92,80
2014-11-27,7.2,8.1,6.2,85,89,79
2014-11-28,9.0,10.6,7.7,84,86,81
2014-11-29,10.8,14.5,8.4,88,97,77
2014-11-30,12.0,15.4,9.6,93,97,82
2014-12-01,11.6,13.1,10.5,87,94,83
2014-12-02,10.7,12.0,9.4,88,95,83
2014-12-03,12.6,14.5,11.4,94,98,86
2014-12-04,13.3,15.1,11.6,93,99,84
2014-12-05,13.0,14.9,11.3,91,99,81
2014-12-06,12.0,12.6,11.3,94,97,91
2014-12-07,11.7,14.3,9.8,91,97,77
2014-12-08,10.7,11.7,9.8,92,98,87
2014-12-09,7.7,9.8,6.3,88,90,86
2014-12-10,7.1,8.2,6.2,86,89,81
2014-12-11,8.8,10.7,6.7,87,98,79
2014-12-12,8.3,12.1,5.7,85,99,66
2014-12-13,8.0,12.2,4.0,80,94,62
2014-12-14,6.5,11.2,3.5,89,99,72
2014-12-15,5.5,10.0,2.1,84,100,62
2014-12-16,7.0,11.4,3.8,88,97,78
2014-12-17,9.3,11.5,6.3,96,100,92
2014-12-18,8.0,12.0,5.6,90,100,74
2014-12-19,7.1,12.4,2.9,87,99,69
2014-12-20,6.8,12.0,2.3,84,100,61
2014-12-21,7.8,12.7,4.6,71,87,52
2014-12-22,5.8,9.3,2.2,66,84,51
2014-12-23,7.4,14.1,3.0,66,75,52
2014-12-24,8.3,14.9,4.1,71,86,55
2014-12-25,6.3,11.9,3.3,84,93,68
2014-12-26,6.2,12.1,1.2,78,94,56
2014-12-27,4.1,6.1,1.0,68,89,48
2014-12-28,4.0,9.4,-0.8,78,93,65
2014-12-29,4.0,7.2,-0.5,71,97,50
2014-12-30,-0.9,0.0,-1.6,52,60,48
2014-12-31,-0.2,1.2,-1.5,54,60,49
2015-01-01,-1.0,1.3,-3.3,48,52,41
2015-01-02,-0.5,4.0,-2.9,51,73,37
2015-01-03,3.4,10.8,-1.5,71,81,59
2015-01-04,5.4,11.9,0.9,70,85,55
2015-01-05,2.9,5.9,0.3,57,73,39
2015-01-06,1.5,4.7,-0.6,53,66,34
2015-01-07,0.4,2.7,-1.6,51,63,39
2015-01-08,-0.6,2.8,-3.0,60,78,35
2015-01-09,0.2,5.4,-3.2,67,81,43
2015-01-10,4.8,11.0,0.0,72,80,62
2015-01-11,7.6,14.7,2.5,79,94,61
2015-01-12,5.8,8.2,3.7,66,96,41
2015-01-13,4.4,9.9,0.0,67,84,51
2015-01-14,3.7,9.9,-0.3,71,84,49
2015-01-15,4.2,11.9,-0.3,66,80,45
2015-01-16,4.3,10.4,-0.4,76,93,63
2015-01-17,4.9,10.2,1.8,90,98,77
2015-01-18,6.1,11.4,1.6,91,98,78
2015-01-19,8.4,12.5,5.2,94,98,83
2015-01-20,9.7,14.0,7.2,94,99,77
2015-01-21,11.2,14.6,9.4,91,99,72
2015-01-22,10.2,14.5,7.5,91,99,70
2015-01-23,12.4,14.5,9.6,92,98,85
2015-01-24,9.1,12.5,5.8,91,99,73
2015-01-25,9.4,12.8,7.5,85,96,69
2015-01-26,6.7,10.0,3.2,79,92,65
2015-01-27,7.0,8.6,5.8,91,94,87
2015-01-28,6.6,10.3,2.8,84,97,66
2015-01-29,7.2,9.9,5.0,85,96,69
2015-01-30,8.9,11.7,5.5,83,92,74
2015-01-31,10.8,13.1,8.5,84,94,63
2015-02-01,11.0,16.7,7.2,83,97,63
2015-02-02,9.5,12.5,6.4,79,94,56
2015-02-03,7.2,11.3,1.9,71,89,45
2015-02-04,7.2,12.5,2.7,80,90,66
2015-02-05,9.0,15.4,3.6,88,100,64
2015-02-06,11.8,14.0,9.0,90,95,79
2015-02-07,8.0,13.3,2.1,81,97,55
2015-02-08,6.8,8.4,5.2,81,92,54
2015-02-09,3.3,5.0,2.3,62,72,55
2015-02-10,2.1,5.8,-1.0,47,57,32
2015-02-11,2.8,6.9,-0.0,52,71,32
2015-02-12,2.2,7.0,-1.9,61,74,44
2015-02-13,3.9,9.3,-0.1,69,83,52
2015-02-14,4.3,9.7,-0.7,80,94,62
2015-02-15,4.9,9.8,1.3,83,97,60
2015-02-16,4.8,9.8,0.8,85,97,63
2015-02-17,3.0,4.3,1.6,82,92,73
2015-02-18,2.1,6.1,-0.2,62,83,34
2015-02-19,2.6,8.8,-2.0,59,74,38
2015-02-20,4.9,11.9,-0.0,59,75,37
2015-02-21,5.9,12.0,0.0,77,91,59
2015-02-22,7.4,10.4,4.2,90,94,82
2015-02-23,10.4,13.8,8.2,91,97,77
2015-02-24,10.5,13.6,7.3,91,98,78
2015-02-25,9.5,12.5,6.5,90,95,78
2015-02-26,8.6,14.2,2.9,83,100,56
2015-02-27,9.6,12.8,6.8,92,97,86
2015-02-28,11.0,15.8,7.7,85,94,67
2015-03-01,9.6,11.8,7.5,93,97,87
2015-03-02,9.4,13.9,5.7,88,100,64
2015-03-03,10.9,15.9,5.9,72,95,46
2015-03-04,8.8,12.6,4.0,59,78,40
2015-03-05,8.3,10.6,6.7,76,83,71
2015-03-06,8.2,9.2,5.4,90,96,82
2015-03-07,4.1,5.7,2.8,92,96,88
2015-03-08,4.1,5.2,2.5,92,96,88
2015-03-09,6.5,9.4,3.9,83,95,66
2015-03-10,7.7,9.8,6.2,81,89,69
2015-03-11,7.4,10.9,3.8,87,98,69
2015-03-12,7.6,12.0,1.6,77,96,55
2015-03-13,7.2,11.4,2.0,80,95,64
2015-03-14,8.4,14.0,2.8,73,91,49
2015-03-15,9.1,14.5,2.8,75,99,48
2015-03-16,9.7,12.3,6.6,83,93,70
2015-03-17,9.5,13.5,6.0,81,99,58
2015-03-18,6.9,8.6,5.4,64,75,57
2015-03-19,6.5,10.7,1.0,78,99,59
2015-03-20,6.5,10.6,2.1,64,93,37
2015-03-21,7.0,13.3,1.0,60,79,37
2015-03-22,8.6,13.7,2.6,73,89,52
2015-03-23,9.6,12.4,7.1,82,93,69
2015-03-24,9.8,12.4,8.3,82,92,66
2015-03-25,9.1,11.6,5.3,88,100,75
2015-03-26,10.6,13.1,8.5,90,95,79
2015-03-27,12.1,13.4,11.3,96,98,93
2015-03-28,12.4,15.9,9.9,85,99,67
2015-03-29,11.2,15.7,7.5,65,78,49
2015-03-30,11.9,16.2,6.8,70,84,58
2015-03-31,13.3,18.3,8.2,69,94,39
2015-04-01,13.9,20.2,7.8,67,88,47
2015-04-02,11.0,14.9,7.2,55,75,33
2015-04-03,9.6,12.1,6.3,60,88,40
2015-04-04,8.3,12.8,3.1,54,73,35
2015-04-05,9.9,13.9,6.6,76,92,62
2015-04-06,11.2,15.1,8.5,80,96,57
2015-04-07,8.2,10.4,6.0,70,83,62
2015-04-08,8.6,13.0,3.4,73,96,46
2015-04-09,10.6,16.1,5.3,58,85,36
2015-04-10,11.7,17.5,5.7,62,86,36
2015-04-11,13.0,18.8,7.7,68,86,44
2015-04-12,15.1,22.2,8.9,66,84,41
2015-04-13,16.3,22.4,9.7,67,87,42
2015-04-14,16.8,22.2,10.6,62,87,37
2015-04-15,14.8,18.9,10.8,52,85,38
2015-04-16,15.4,21.0,10.2,65,87,42
2015-04-17,16.9,22.7,11.9,67,82,49
2015-04-18,18.8,23.3,15.2,60,78,39
2015-04-19,14.3,16.2,11.6,63,80,49
2015-04-20,12.4,15.5,10.6,75,86,58
2015-04-21,13.7,18.2,9.6,53,89,27
2015-04-22,14.2,20.0,7.6,61,92,35
2015-04-23,12.3,15.5,9.6,73,85,57
2015-04-24,13.6,18.8,8.5,74,95,55
2015-04-25,15.0,18.6,10.9,79,96,63
2015-04-26,14.8,19.6,10.3,82,100,60
2015-04-27,16.2,21.2,10.4,78,100,57
2015-04-28,17.1,21.8,11.9,76,97,53
2015-04-29,18.0,22.5,11.6,65,96,42
2015-04-30,16.4,21.0,11.8,65,89,46
2015-05-01,17.9,22.6,13.5,74,96,48
2015-05-02,17.6,21.5,12.8,76,95,58
2015-05-03,19.5,26.1,12.0,64,90,36
2015-05-04,19.6,24.8,13.9,67,92,45
2015-05-05,21.9,27.0,18.1,62,80,41
2015-05-06,23.3,29.1,17.7,61,80,45
2015-05-07,22.9,28.9,18.5,66,87,44
2015-05-08,21.4,26.3,16.7,70,93,44
2015-05-09,19.9,23.4,17.1,69,91,45
2015-05-10,18.5,22.3,14.8,74,91,59
2015-05-11,17.6,21.0,15.1,70,87,48
2015-05-12,19.0,23.7,13.6,60,85,35
2015-05-13,20.4,25.2,15.8,56,79,36
2015-05-14,20.7,26.4,14.9,62,83,40
2015-05-15,22.1,27.1,17.7,65,83,46
2015-05-16,22.0,27.2,16.6,71,91,50
2015-05-17,21.9,27.2,17.2,75,95,53
2015-05-18,23.2,27.9,19.0,68,88,46
2015-05-19,23.4,27.3,18.8,63,82,44
2015-05-20,22.1,27.3,18.0,72,90,45
2015-05-21,22.8,27.4,19.6,73,89,54
2015-05-22,23.0,27.4,18.4,67,92,42
2015-05-23,23.1,27.4,19.0,64,83,45
2015-05-24,23.2,26.6,20.0,66,86,45
2015-05-25,22.2,26.2,17.8,61,85,34
2015-05-26,21.4,26.0,15.5,52,76,31
2015-05-27,21.6,24.8,17.0,57,83,42
2015-05-28,17.9,21.0,15.5,59,70,46
2015-05-29,18.4,22.5,14.6,53,78,35
2015-05-30,19.9,25.1,14.4,59,88,33
2015-05-31,20.4,25.7,14.4,67,98,43
2015-06-01,21.7,26.6,17.0,61,83,36
2015-06-02,22.9,27.8,18.0,60,89,34
2015-06-03,24.1,29.4,19.0,54,79,28
2015-06-04,25.2,31.1,19.8,53,73,29
2015-06-05,23.9,28.7,18.6,62,89,38
2015-06-06,24.3,29.4,19.5,62,85,37
2015-06-07,23.0,27.0,19.7,64,84,39
2015-06-08,21.4,25.8,17.6,66,85,41
2015-06-09,22.0,26.4,18.6,67,84,46
2015-06-10,24.0,28.9,18.4,62,88,39
2015-06-11,23.8,28.7,19.0,65,82,42
2015-06-12,25.2,30.5,19.8,61,88,34
2015-06-13,25.3,29.5,21.5,62,79,46
2015-06-14,26.2,31.4,21.0,60,80,40
2015-06-15,27.7,32.8,23.1,59,80,37
2015-06-16,28.3,32.8,21.4,53,88,28
2015-06-17,26.4,32.3,22.0,55,74,31
2015-06-18,21.3,24.7,18.7,78,92,59
2015-06-19,21.5,25.5,17.8,68,88,47
2015-06-20,23.3,27.1,20.0,65,81,47
2015-06-21,21.4,24.1,17.9,69,95,44
2015-06-22,20.5,24.6,17.0,59,79,42
2015-06-23,21.6,26.6,16.8,68,92,42
2015-06-24,23.2,28.3,17.1,69,98,47
2015-06-25,23.8,27.7,20.1,52,88,27
2015-06-26,22.1,26.3,17.5,43,57,29
2015-06-27,21.8,27.0,16.5,55,76,34
2015-06-28,23.9,28.6,18.8,59,84,35
2015-06-29,24.1,28.9,19.6,65,87,40
2015-06-30,22.4,26.0,19.9,78,91,58
2015-07-01,21.5,24.9,18.3,79,97,63
2015-07-02,23.7,29.8,17.1,65,89,38
2015-07-03,24.4,27.5,20.6,69,83,55
2015-07-04,24.2,29.0,18.9,68,92,41
2015-07-05,25.2,30.1,20.8,70,97,42
2015-07-06,26.8,32.4,21.5,65,90,37
2015-07-07,28.4,33.9,23.1,58,85,31
2015-07-08,28.9,33.3,24.8,55,73,37
2015-07-09,28.2,32.3,24.7,62,84,43
2015-07-10,28.0,32.4,23.9,59,86,36
2015-07-11,26.7,32.0,22.0,52,86,22
2015-07-12,25.7,30.7,21.0,61,86,36
2015-07-13,25.8,30.0,21.5,65,87,44
2015-07-14,27.9,33.4,21.7,57,88,33
2015-07-15,27.7,32.8,23.0,56,83,30
2015-07-16,28.6,34.5,23.1,56,84,28
2015-07-17,27.9,32.0,23.6,60,79,42
2015-07-18,28.3,32.7,24.4,58,78,40
2015-07-19,29.7,34.9,24.5,52,78,31
2015-07-20,28.9,33.6,24.9,55,73,37
2015-07-21,30.6,36.4,24.3,54,79,32
2015-07-22,29.8,33.5,25.4,58,81,42
2015-07-23,28.5,32.9,23.6,56,78,37
2015-07-24,27.9,31.4,23.7,60,76,47
2015-07-25,28.0,32.9,22.8,61,92,37
2015-07-26,29.9,36.0,25.0,57,84,30
2015-07-27,30.4,35.5,24.6,54,81,30
2015-07-28,30.9,36.6,25.0,55,82,31
2015-07-29,31.2,36.3,26.5,54,78,31
2015-07-30,31.5,36.4,26.2,54,79,32
2015-07-31,31.4,36.4,26.9,53,78,32
2015-08-01,28.9,33.0,25.5,63,79,43
2015-08-02,28.0,30.9,24.5,68,85,55
2015-08-03,28.2,32.0,25.4,66,82,50
2015-08-04,28.1,32.8,23.3,68,92,47
2015-08-05,29.4,34.9,24.5,57,82,33
2015-08-06,29.0,35.2,23.7,55,80,27
2015-08-07,29.2,34.4,25.3,51,68,30
2015-08-08,28.4,32.3,25.4,53,73,28
2015-08-09,28.2,32.8,24.1,51,73,29
2015-08-10,28.6,33.4,24.7,53,75,30
2015-08-11,28.8,33.8,24.2,54,77,29
2015-08-12,29.6,34.6,24.5,53,72,30
2015-08-13,29.0,34.2,24.3,58,80,32
2015-08-14,28.6,34.2,23.8,63,85,34
2015-08-15,28.6,33.6,24.2,63,85,36
2015-08-16,28.9,33.5,25.4,60,81,37
2015-08-17,28.2,32.1,24.6,58,82,33
2015-08-18,28.1,33.1,22.2,47,80,25
2015-08-19,27.3,31.3,22.5,63,85,45
2015-08-20,26.5,28.9,24.0,76,91,61
2015-08-21,24.2,27.7,21.6,75,91,58
2015-08-22,22.4,25.9,19.7,80,95,64
2015-08-23,23.4,27.1,19.7,71,89,50
2015-08-24,23.9,27.1,21.1,74,88,57
2015-08-25,24.9,28.9,20.3,69,94,48
2015-08-26,25.6,29.7,22.0,65,88,42
2015-08-27,26.0,29.6,23.1,63,81,47
2015-08-28,26.3,31.4,22.1,64,90,39
2015-08-29,26.5,32.0,21.7,63,91,35
2015-08-30,28.1,34.2,21.5,55,82,30
2015-08-31,28.7,33.2,24.1,57,76,40
2015-09-01,28.0,32.0,24.9,63,75,49
2015-09-02,27.1,32.3,22.8,66,85,41
2015-09-03,27.9,34.0,22.7,64,84,34
2015-09-04,28.9,35.0,24.0,58,82,24
2015-09-05,29.0,34.5,24.6,57,80,33
2015-09-06,29.6,35.7,24.6,57,84,29
2015-09-07,25.9,28.8,22.6,53,69,36
2015-09-08,22.3,25.0,20.0,68,88,44
2015-09-09,21.8,25.5,19.5,67,88,44
2015-09-10,21.2,24.4,18.3,81,94,65
2015-09-11,23.3,27.7,19.4,76,95,55
2015-09-12,23.7,28.5,20.0,65,81,40
2015-09-13,22.5,26.2,19.6,74,89,49
2015-09-14,21.9,25.7,18.2,80,100,57
2015-09-15,23.0,27.5,18.0,77,96,55
2015-09-16,23.2,27.6,18.6,80,100,58
2015-09-17,23.9,28.9,19.0,81,100,59
2015-09-18,26.1,31.9,20.8,78,98,52
2015-09-19,25.4,28.8,22.3,77,92,59
2015-09-20,24.1,27.9,20.7,75,97,52
2015-09-21,22.4,25.2,20.2,79,94,59
2015-09-22,21.6,25.4,18.6,76,92,53
2015-09-23,22.4,26.4,19.4,73,89,50
2015-09-24,22.4,25.0,20.2,83,93,70
2015-09-25,22.2,26.4,18.8,81,98,58
2015-09-26,20.6,23.3,19.1,91,96,76
2015-09-27,20.1,22.4,18.4,82,96,69
2015-09-28,19.4,22.4,16.9,69,78,59
2015-09-29,18.4,22.0,15.3,68,76,56
2015-09-30,17.0,18.5,16.1,77,86,72
2015-10-01,17.3,18.8,15.6,80,90,69
2015-10-02,17.6,21.5,14.2,78,96,54
2015-10-03,18.2,21.9,14.2,78,98,56
2015-10-04,18.8,23.7,13.8,79,98,57
2015-10-05,19.8,24.1,15.4,83,99,64
2015-10-06,20.2,25.3,15.5,75,99,45
2015-10-07,19.1,22.4,17.0,86,97,70
2015-10-08,18.1,19.6,16.9,86,95,76
2015-10-09,18.4,21.0,16.4,79,87,67
2015-10-10,17.6,19.1,16.4,88,94,78
2015-10-11,19.5,23.4,16.8,89,95,78
2015-10-12,19.4,23.9,15.2,80,100,55
2015-10-13,17.9,21.4,14.8,73,86,54
2015-10-14,17.8,19.2,16.5,77,84,70
2015-10-15,17.5,20.3,15.1,80,90,63
2015-10-16,16.5,17.9,15.2,82,91,71
2015-10-17,16.8,19.5,14.4,85,96,71
2015-10-18,17.5,20.4,14.7,88,99,73
2015-10-19,18.3,20.9,16.0,88,98,74
2015-10-20,18.8,21.5,16.4,87,95,75
2015-10-21,16.6,18.2,14.1,76,98,60
2015-10-22,13.9,15.7,13.0,87,93,66
2015-10-23,13.4,15.0,12.1,78,89,66
2015-10-24,13.3,16.7,11.3,69,78,56
2015-10-25,12.6,17.1,7.8,73,93,52
2015-10-26,12.8,18.3,7.3,73,98,46
2015-10-27,12.8,17.6,8.0,82,96,62
2015-10-28,13.2,15.8,11.1,85,97,68
2015-10-29,13.6,15.8,11.8,73,87,55
2015-10-30,12.5,17.2,8.8,76,93,50
2015-10-31,12.6,15.8,9.1,75,94,53
2015-11-01,11.3,14.6,6.9,73,99,49
2015-11-02,10.6,16.1,4.9,69,95,45
2015-11-03,12.5,19.2,7.5,64,81,41
2015-11-04,12.3,19.0,6.0,65,94,37
2015-11-05,12.1,18.6,5.5,64,95,38
2015-11-06,11.8,18.9,5.7,70,95,42
2015-11-07,11.5,17.8,5.9,72,96,45
2015-11-08,11.8,18.5,6.4,73,93,49
2015-11-09,14.3,21.6,8.7,71,90,47
2015-11-10,16.6,22.4,13.0,63,73,45
2015-11-11,17.1,23.6,12.5,65,77,46
2015-11-12,16.3,22.0,11.4,75,90,55
2015-11-13,15.9,22.1,11.1,77,91,52
2015-11-14,13.2,18.0,8.9,88,100,73
2015-11-15,12.8,17.4,9.1,81,93,59
2015-11-16,13.9,20.3,7.9,73,99,46
2015-11-17,13.9,18.4,10.4,79,95,61
2015-11-18,13.5,18.6,10.0,88,100,63
2015-11-19,13.9,20.5,9.2,72,86,46
2015-11-20,12.1,17.7,6.9,84,99,68
2015-11-21,12.8,16.6,8.2,90,100,80
2015-11-22,17.9,20.6,15.4,73,82,63
2015-11-23,15.9,19.7,11.3,81,98,58
2015-11-24,15.1,19.6,11.7,86,99,67
2015-11-25,14.1,17.9,11.6,89,98,66
2015-11-26,12.8,15.1,10.4,88,97,68
2015-11-27,12.4,14.3,10.9,93,95,90
2015-11-28,10.5,13.4,8.1,85,99,65
2015-11-29,8.9,11.8,6.8,65,82,47
2015-11-30,8.0,13.1,3.9,63,75,47
2015-12-01,9.4,14.5,6.3,68,81,49
2015-12-02,10.8,16.8,6.6,69,80,53
2015-12-03,11.3,15.8,7.7,75,89,58
2015-12-04,9.7,13.9,5.8,89,100,73
2015-12-05,10.0,13.1,7.5,89,99,73
2015-12-06,7.7,12.2,5.3,88,100,66
2015-12-07,7.4,14.0,2.9,80,99,52
2015-12-08,7.6,14.0,2.5,79,98,52
2015-12-09,6.8,11.5,3.1,82,99,58
2015-12-10,5.4,9.4,2.5,84,99,63
2015-12-11,6.2,9.1,4.1,76,86,61
2015-12-12,5.4,9.8,1.2,73,88,54
2015-12-13,5.1,10.6,1.2,78,96,53
2015-12-14,4.5,10.6,1.0,83,97,54
2015-12-15,5.0,10.5,1.8,87,98,70
2015-12-16,5.0,9.1,1.9,91,100,75
2015-12-17,6.1,9.8,3.4,82,96,61
2015-12-18,4.2,9.1,0.7,77,90,54
2015-12-19,4.6,10.9,-0.6,75,95,49
2015-12-20,4.9,11.8,-0.2,83,98,61
2015-12-21,4.4,10.4,0.5,85,99,61
2015-12-22,6.3,13.6,2.0,75,86,55
2015-12-23,6.8,14.1,2.4,81,91,59
2015-12-24,7.0,13.5,2.8,83,95,62
2015-12-25,6.8,14.2,1.4,81,99,56
2015-12-26,6.8,12.9,2.2,80,92,59
2015-12-27,6.5,13.5,1.7,81,96,59
2015-12-28,6.7,13.9,2.0,82,95,60
2015-12-29,7.8,14.9,3.4,75,93,51
2015-12-30,4.4,6.1,2.0,88,97,72
2015-12-31,1.5,3.0,0.2,62,79,42
2016-01-01,-0.6,2.2,-3.0,51,66,31
2016-01-02,0.9,5.9,-2.4,62,74,38
2016-01-03,2.2,3.7,0.9,89,96,74
2016-01-04,4.0,7.0,1.8,93,97,82
2016-01-05,6.7,11.7,3.1,90,97,75
2016-01-06,10.3,13.7,7.5,93,97,87
2016-01-07,9.9,13.9,7.1,79,99,51
2016-01-08,7.6,12.9,2.4,67,85,49
2016-01-09,7.4,13.7,2.7,77,93,60
2016-01-10,7.5,12.9,3.9,92,100,83
2016-01-11,8.2,13.3,4.9,92,100,73
2016-01-12,11.4,16.8,6.7,84,96,69
2016-01-13,9.7,13.9,4.1,74,90,56
2016-01-14,6.5,12.3,1.8,71,87,44
2016-01-15,8.4,13.2,3.5,77,85,64
2016-01-16,9.4,11.3,5.4,93,98,84
2016-01-17,3.6,5.9,1.9,70,88,54
2016-01-18,0.3,1.7,-0.7,62,71,50
2016-01-19,-0.2,3.5,-2.9,60,80,47
2016-01-20,0.8,4.9,-2.1,78,89,67
2016-01-21,2.7,7.9,-1.3,76,94,52
2016-01-22,1.9,5.3,-0.5,58,77,41
2016-01-23,-0.0,3.3,-2.5,60,73,41
2016-01-24,-0.1,4.1,-3.5,59,79,34
2016-01-25,1.9,6.3,-1.8,69,82,54
2016-01-26,4.4,10.7,-0.0,75,90,58
2016-01-27,6.5,12.3,2.9,87,95,70
2016-01-28,7.0,13.8,1.6,87,99,66
2016-01-29,8.3,14.4,3.3,79,94,61
2016-01-30,8.4,15.6,3.3,78,92,54
2016-01-31,7.9,13.9,3.1,89,100,67
2016-02-01,10.5,17.0,5.0,77,93,54
2016-02-02,11.7,18.9,6.9,74,87,52
2016-02-03,10.9,18.1,5.4,83,96,61
2016-02-04,10.3,15.0,7.0,89,100,73
2016-02-05,5.7,7.2,4.4,73,86,53
2016-02-06,5.7,9.9,2.0,59,76,42
2016-02-07,4.8,10.0,0.6,76,90,60
2016-02-08,6.0,9.6,3.0,85,94,71
2016-02-09,6.6,12.6,1.6,87,100,67
2016-02-10,9.1,13.6,3.6,88,98,76
2016-02-11,10.6,14.6,5.5,72,94,42
2016-02-12,10.0,16.2,4.4,78,91,56
2016-02-13,11.5,15.5,7.6,91,100,77
2016-02-14,12.1,18.1,6.3,87,99,68
2016-02-15,15.5,21.0,11.3,83,96,61
2016-02-16,13.9,19.5,8.7,85,98,61
2016-02-17,13.4,18.7,9.3,83,97,59
2016-02-18,12.6,17.2,8.8,81,95,60
2016-02-19,13.3,17.6,9.7,82,94,64
2016-02-20,11.2,12.9,9.4,91,97,83
2016-02-21,9.9,15.4,4.8,65,79,44
2016-02-22,12.5,18.4,8.2,69,85,53
2016-02-23,13.0,19.0,8.2,78,92,57
2016-02-24,12.6,15.8,9.4,88,97,76
2016-02-25,10.3,14.2,6.0,78,91,64
2016-02-26,11.8,15.1,9.5,86,93,79
2016-02-27,11.5,16.4,7.6,84,100,57
2016-02-28,11.6,15.7,7.7,84,99,63
2016-02-29,13.2,16.2,11.1,86,94,74
2016-03-01,14.4,18.5,11.1,82,97,52
2016-03-02,12.5,17.8,7.4,77,100,47
2016-03-03,11.8,15.8,7.7,76,91,57
2016-03-04,11.2,14.4,8.1,73,92,45
2016-03-05,10.3,15.8,4.9,65,85,41
2016-03-06,11.2,16.7,6.4,76,94,53
2016-03-07,12.3,16.8,7.4,82,98,59
2016-03-08,12.6,17.2,7.3,76,100,45
2016-03-09,11.4,13.6,9.4,90,97,78
2016-03-10,10.8,13.5,8.9,86,94,66
2016-03-11,10.6,15.8,5.1,80,100,51
2016-03-12,10.8,13.9,6.8,86,95,70
2016-03-13,11.5,13.4,9.5,85,90,76
2016-03-14,10.4,13.2,8.1,82,92,61
2016-03-15,7.1,8.3,5.9,80,88,69
2016-03-16,7.7,9.9,5.3,79,94,63
2016-03-17,8.2,10.7,5.8,76,89,59
2016-03-18,8.2,12.5,2.8,83,100,64
2016-03-19,11.3,17.6,4.7,69,100,37
2016-03-20,11.7,16.9,6.9,61,86,40
2016-03-21,11.5,17.9,5.3,79,100,51
2016-03-22,13.8,20.4,7.7,73,92,42
2016-03-23,14.7,17.7,11.7,80,91,68
2016-03-24,12.9,14.9,10.2,72,92,54
2016-03-25,9.8,13.1,7.2,50,64,34
2016-03-26,8.6,12.6,3.6,57,78,41
2016-03-27,9.4,12.4,6.7,71,88,56
2016-03-28,9.1,13.8,3.7,79,100,54
2016-03-29,11.3,17.1,5.8,79,96,57
2016-03-30,14.4,20.6,9.0,74,89,50
2016-03-31,14.4,20.6,7.8,80,100,58
2016-04-01,15.3,21.1,8.7,81,100,60
2016-04-02,16.2,23.1,9.5,80,98,58
2016-04-03,14.5,18.0,11.7,78,96,60
2016-04-04,15.4,20.3,11.0,73,89,53
2016-04-05,16.9,22.6,11.6,72,90,51
2016-04-06,18.9,24.8,13.7,70,89,44
2016-04-07,19.1,25.0,14.4,63,83,35
2016-04-08,17.7,21.6,13.7,68,82,47
2016-04-09,17.6,21.3,13.6,76,95,59
2016-04-10,17.0,21.5,12.1,73,98,41
2016-04-11,16.3,20.3,12.9,61,78,43
2016-04-12,17.7,24.5,11.7,61,80,35
2016-04-13,17.8,23.7,11.1,71,95,47
2016-04-14,20.1,26.1,14.1,62,86,36
2016-04-15,18.9,23.9,13.8,52,73,30
2016-04-16,18.8,24.1,12.8,61,83,37
2016-04-17,20.1,26.8,14.1,63,85,37
2016-04-18,21.5,27.5,16.1,61,83,38
2016-04-19,22.0,27.7,16.9,58,78,37
2016-04-20,18.4,22.0,15.4,54,82,30
2016-04-21,14.9,18.6,11.3,51,83,36
2016-04-22,15.2,19.8,10.4,67,92,42
2016-04-23,17.6,22.6,14.1,63,82,45
2016-04-24,16.9,21.6,12.6,72,92,46
2016-04-25,16.2,20.8,10.2,65,87,40
2016-04-26,13.4,17.7,7.8,56,91,29
2016-04-27,14.6,19.4,9.0,53,77,35
2016-04-28,16.3,21.8,11.3,66,87,39
2016-04-29,15.1,16.5,13.7,84,92,76
2016-04-30,16.1,20.7,10.9,77,99,53
2016-05-01,16.4,19.5,12.9,75,93,58
2016-05-02,15.9,19.5,13.9,75,95,49
2016-05-03,14.8,18.3,11.6,77,94,53
2016-05-04,15.7,19.9,12.2,63,79,46
2016-05-05,16.1,21.6,11.4,64,82,41
2016-05-06,16.5,21.8,9.9,66,88,44
2016-05-07,17.7,21.9,12.5,68,93,48
2016-05-08,17.7,21.8,12.9,72,97,49
2016-05-09,18.5,22.6,13.6,69,98,45
2016-05-10,19.0,23.4,14.8,66,91,45
2016-05-11,18.8,22.6,14.8,74,97,55
2016-05-12,19.1,23.1,14.3,75,98,57
2016-05-13,21.3,27.1,15.9,68,95,32
2016-05-14,21.6,26.3,17.1,49,66,33
2016-05-15,20.4,24.5,16.6,52,71,35
2016-05-16,20.4,24.8,15.7,56,85,36
2016-05-17,18.1,22.5,13.2,50,66,35
2016-05-18,17.7,22.9,12.2,54,86,26
2016-05-19,17.8,21.9,12.9,72,95,52
2016-05-20,18.0,22.5,15.1,81,92,60
2016-05-21,16.4,16.9,15.9,90,94,85
2016-05-22,17.6,21.2,14.6,76,96,51
2016-05-23,20.0,25.4,14.5,65,83,44
2016-05-24,20.3,25.4,15.5,62,87,38
2016-05-25,19.5,24.7,13.6,50,72,35
2016-05-26,20.8,25.4,15.5,56,76,38
2016-05-27,22.3,27.7,16.4,56,77,36
2016-05-28,21.6,26.8,16.3,69,89,49
2016-05-29,22.2,27.3,17.3,70,90,48
2016-05-30,23.8,29.1,18.6,69,91,48
2016-05-31,25.5,31.0,18.3,56,86,28
2016-06-01,25.3,29.9,20.5,58,81,37
2016-06-02,24.6,28.5,19.4,59,88,35
2016-06-03,24.3,28.5,18.4,53,82,30
2016-06-04,23.8,28.4,18.0,54,76,31
2016-06-05,23.5,27.2,19.6,68,85,50
2016-06-06,23.6,28.4,17.8,61,92,36
2016-06-07,21.7,24.6,19.1,70,87,58
2016-06-08,19.1,21.1,17.4,72,91,55
2016-06-09,19.7,23.0,15.7,67,87,53
2016-06-10,20.7,24.4,16.7,68,89,51
2016-06-11,22.6,26.6,18.4,66,82,51
2016-06-12,24.1,28.8,19.4,65,88,42
2016-06-13,22.9,26.3,19.4,70,88,52
2016-06-14,22.8,27.1,17.9,67,94,44
2016-06-15,24.9,30.6,19.7,59,82,34
2016-06-16,26.1,32.8,18.7,54,78,29
2016-06-17,27.5,33.2,22.2,56,79,34
2016-06-18,28.9,35.7,22.8,55,79,30
2016-06-19,29.4,35.1,23.0,54,81,31
2016-06-20,29.3,34.3,24.1,57,80,37
2016-06-21,30.9,36.5,26.0,54,79,31
2016-06-22,31.4,36.7,25.7,51,75,27
2016-06-23,31.7,36.8,24.7,47,78,25
2016-06-24,30.9,35.8,24.6,50,79,32
2016-06-25,30.0,34.7,25.5,50,74,29
2016-06-26,29.1,33.3,25.3,55,76,33
2016-06-27,29.6,34.1,25.3,52,71,32
2016-06-28,28.1,32.6,23.5,52,85,27
2016-06-29,26.8,31.5,21.7,46,62,33
2016-06-30,27.6,32.1,23.2,56,75,37
2016-07-01,28.1,33.1,24.2,58,83,35
2016-07-02,28.0,32.8,22.6,60,84,41
2016-07-03,28.0,32.4,23.4,61,83,39
2016-07-04,29.2,34.1,24.0,58,86,34
2016-07-05,27.1,30.6,23.9,63,79,47
2016-07-06,25.8,28.5,23.0,69,86,54
2016-07-07,27.8,32.5,22.3,51,85,25
2016-07-08,26.2,30.5,21.5,36,65,24
2016-07-09,26.2,31.3,21.1,57,82,36
2016-07-10,29.0,35.5,21.6,51,83,24
2016-07-11,26.7,30.1,23.3,62,83,44
2016-07-12,27.0,31.6,23.1,60,82,42
2016-07-13,27.5,32.3,22.7,62,83,44
2016-07-14,29.1,34.2,24.7,59,85,37
2016-07-15,29.5,34.0,25.6,60,80,39
2016-07-16,28.5,32.5,23.8,54,84,31
2016-07-17,27.6,32.2,23.0,40,60,25
2016-07-18,25.9,30.6,21.0,41,56,28
2016-07-19,27.1,32.5,21.4,42,60,27
2016-07-20,26.0,29.7,22.4,50,65,38
2016-07-21,27.3,33.7,20.5,52,86,21
2016-07-22,27.7,33.9,21.7,55,88,26
2016-07-23,28.9,35.7,22.2,55,89,26
2016-07-24,29.4,35.2,23.3,52,80,29
2016-07-25,28.5,32.0,24.5,54,78,38
2016-07-26,28.0,32.8,24.7,52,70,34
2016-07-27,28.3,32.1,24.7,55,82,40
2016-07-28,28.5,32.5,24.8,56,76,36
2016-07-29,28.9,33.7,23.9,56,84,34
2016-07-30,30.1,35.3,23.8,51,80,26
2016-07-31,29.8,34.0,25.3,52,76,33
2016-08-01,30.1,35.6,24.9,50,75,27
2016-08-02,30.0,34.9,24.7,49,73,29
2016-08-03,29.6,34.4,24.7,44,60,27
2016-08-04,29.0,33.7,24.3,48,67,31
2016-08-05,29.6,34.1,25.0,53,76,33
2016-08-06,29.0,33.7,24.9,57,81,34
2016-08-07,30.0,34.8,24.4,49,77,28
2016-08-08,27.0,30.3,22.8,63,81,45
2016-08-09,26.5,30.8,23.2,65,78,47
2016-08-10,27.8,33.0,22.9,60,83,39
2016-08-11,28.7,32.7,24.1,62,82,41
2016-08-12,25.6,29.3,21.1,51,68,34
2016-08-13,23.5,27.8,19.7,46,69,33
2016-08-14,24.0,28.0,20.2,60,84,37
2016-08-15,25.9,31.6,20.1,55,83,29
2016-08-16,26.6,31.6,22.6,58,79,36
2016-08-17,26.4,31.4,21.3,62,88,37
2016-08-18,27.3,32.4,21.9,59,88,34
2016-08-19,27.2,31.8,22.5,54,76,37
2016-08-20,27.1,31.9,22.6,61,81,40
2016-08-21,28.8,33.5,24.6,55,78,32
2016-08-22,29.2,34.8,24.5,50,75,25
2016-08-23,26.3,30.2,22.1,56,70,41
2016-08-24,26.7,32.6,21.1,54,72,35
2016-08-25,26.1,29.4,22.9,64,75,48
2016-08-26,25.9,29.9,23.0,62,82,37
2016-08-27,25.6,30.0,21.5,53,74,31
2016-08-28,26.7,30.4,23.3,52,74,33
2016-08-29,27.3,31.6,23.3,53,76,32
2016-08-30,27.2,32.3,22.8,63,87,36
2016-08-31,27.1,31.7,21.9,60,85,37
2016-09-01,24.9,27.1,22.6,71,86,57
2016-09-02,23.9,27.7,20.6,74,90,53
2016-09-03,25.2,30.5,20.7,64,91,32
2016-09-04,25.7,29.6,22.8,59,81,36
2016-09-05,24.6,28.8,20.0,66,87,42
2016-09-06,23.7,26.8,21.4,71,82,54
2016-09-07,22.5,25.6,21.1,80,92,64
2016-09-08,23.0,26.5,19.5,72,91,52
2016-09-09,23.3,27.2,19.7,70,86,51
2016-09-10,24.0,29.6,18.7,67,94,35
2016-09-11,23.9,28.0,18.7,65,90,46
2016-09-12,23.7,27.4,20.6,67,79,48
2016-09-13,23.6,27.5,20.9,69,84,45
2016-09-14,23.7,28.8,19.0,67,91,39
2016-09-15,24.7,30.1,19.8,58,80,31
2016-09-16,24.0,28.6,20.2,71,91,45
2016-09-17,24.3,29.3,19.5,75,99,49
2016-09-18,26.0,30.8,22.4,68,87,43
2016-09-19,24.6,27.6,21.6,74,87,53
2016-09-20,22.1,26.7,17.1,60,92,34
2016-09-21,20.0,22.6,17.2,61,78,45
2016-09-22,19.2,22.1,17.1,65,89,37
2016-09-23,18.3,23.3,13.2,51,68,29
2016-09-24,17.9,21.1,13.1,71,97,53
2016-09-25,18.4,22.5,13.6,71,97,43
2016-09-26,18.5,22.2,14.8,69,92,43
2016-09-27,17.6,22.3,13.2,74,96,44
2016-09-28,18.9,22.6,15.4,71,91,47
2016-09-29,19.5,25.8,12.4,63,95,30
2016-09-30,20.0,26.7,12.4,64,96,31
2016-10-01,20.4,27.1,13.2,63,95,30
2016-10-02,20.6,27.0,13.7,65,93,34
2016-10-03,21.9,27.5,16.4,71,97,45
2016-10-04,22.1,27.6,16.7,63,96,34
2016-10-05,19.0,22.1,15.5,50,67,35
2016-10-06,16.9,19.6,14.0,62,85,51
2016-10-07,18.1,21.4,16.1,81,94,63
2016-10-08,17.5,20.5,15.1,70,98,42
2016-10-09,16.0,20.1,11.6,70,86,53
2016-10-10,16.5,18.0,15.2,90,94,81
2016-10-11,16.3,16.9,15.7,94,98,91
2016-10-12,17.9,21.8,14.9,84,100,66
2016-10-13,16.2,20.2,12.0,58,74,40
2016-10-14,16.3,21.7,11.4,68,87,43
2016-10-15,16.4,18.8,14.1,84,93,72
2016-10-16,17.1,20.1,14.4,84,94,70
2016-10-17,16.2,17.9,14.7,84,97,66
2016-10-18,13.6,14.4,12.9,67,78,59
2016-10-19,13.9,15.8,12.5,75,85,66
2016-10-20,14.9,17.1,13.4,78,86,66
2016-10-21,15.2,17.6,12.8,80,93,67
2016-10-22,16.1,18.0,14.6,81,88,74
2016-10-23,16.9,19.5,14.4,84,92,70
2016-10-24,16.8,20.5,14.4,88,98,68
2016-10-25,16.6,18.5,14.4,85,94,72
2016-10-26,16.2,18.7,14.2,84,94,71
2016-10-27,15.0,17.0,13.9,90,95,81
2016-10-28,13.3,15.2,11.9,70,84,53
2016-10-29,12.8,15.8,9.5,69,88,48
2016-10-30,12.5,16.8,8.7,60,84,41
2016-10-31,11.3,14.6,8.5,55,71,37
2016-11-01,10.1,15.2,5.9,57,73,37
2016-11-02,11.0,16.1,6.5,73,89,56
2016-11-03,11.5,18.2,5.9,83,99,59
2016-11-04,12.7,16.6,9.3,78,91,61
2016-11-05,14.3,17.1,12.6,83,92,69
2016-11-06,15.8,19.7,12.5,84,95,66
2016-11-07,16.7,21.9,11.8,83,96,65
2016-11-08,19.7,23.0,17.4,75,89,59
2016-11-09,17.3,19.7,13.3,82,96,71
2016-11-10,12.2,16.4,7.8,82,100,55
2016-11-11,13.4,18.2,10.3,76,86,54
2016-11-12,14.0,18.0,9.8,82,94,68
2016-11-13,11.7,15.9,7.7,70,96,44
2016-11-14,9.3,12.0,6.3,53,64,42
2016-11-15,8.0,9.9,6.3,60,73,51
2016-11-16,7.0,10.2,3.4,62,82,41
2016-11-17,7.6,12.2,3.9,68,83,49
2016-11-18,8.9,14.1,4.7,77,92,61
2016-11-19,9.1,14.1,5.5,84,99,61
2016-11-20,9.5,14.8,4.9,76,99,50
2016-11-21,8.9,14.1,3.6,82,99,64
2016-11-22,9.7,13.8,6.6,83,97,64
2016-11-23,9.6,12.8,6.7,86,96,71
2016-11-24,9.5,13.7,6.8,87,98,68
2016-11-25,8.9,13.0,6.0,90,99,76
2016-11-26,9.7,13.8,6.5,85,99,66
2016-11-27,11.1,13.3,9.7,91,95,83
2016-11-28,10.6,13.5,8.0,88,97,77
2016-11-29,3.9,7.2,2.6,86,92,79
2016-11-30,3.3,5.5,2.0,67,92,48
2016-12-01,3.4,8.9,-0.9,60,76,41
2016-12-02,6.0,11.2,1.8,66,79,48
2016-12-03,7.4,11.5,4.7,60,81,34
2016-12-04,6.6,9.5,3.7,74,85,55
2016-12-05,7.7,9.8,6.2,73,89,54
2016-12-06,6.9,11.5,2.8,73,87,57
2016-12-07,6.2,11.7,2.5,70,85,46
2016-12-08,5.0,7.6,3.1,76,85,63
2016-12-09,5.2,11.4,1.4,68,86,40
2016-12-10,6.8,14.5,2.3,59,74,37
2016-12-11,7.0,13.3,3.3,66,80,45
2016-12-12,7.4,13.3,2.9,63,83,44
2016-12-13,5.7,7.7,2.9,54,76,37
2016-12-14,1.8,5.0,-0.4,68,84,50
2016-12-15,3.3,9.8,-0.4,65,85,39
2016-12-16,3.2,6.6,-0.3,72,86,50
2016-12-17,2.3,5.8,-1.8,74,96,51
2016-12-18,2.2,7.5,-0.8,67,84,38
2016-12-19,1.5,7.7,-2.4,74,95,43
2016-12-20,1.6,8.6,-2.5,73,92,40
2016-12-21,2.2,6.5,-0.5,86,95,71
2016-12-22,1.2,6.2,-2.4,78,95,48
2016-12-23,2.7,9.2,-1.3,65,86,40
2016-12-24,2.6,8.3,-0.7,64,77,41
2016-12-25,3.2,9.1,-1.8,67,85,47
2016-12-26,6.1,11.6,2.5,71,81,53
2016-12-27,7.4,13.4,2.7,75,94,50
2016-12-28,5.2,8.2,2.3,52,68,39
2016-12-29,3.7,7.2,1.9,49,60,33
2016-12-30,2.0,5.2,-0.2,50,62,34
2016-12-31,2.2,5.7,-0.0,55,73,47
2017-01-01,2.3,7.0,-0.8,66,80,41
2017-01-02,2.0,8.2,-1.8,63,79,36
2017-01-03,2.3,9.0,-1.8,72,87,46
2017-01-04,3.1,8.3,0.2,84,96,70
2017-01-05,3.6,9.5,-1.3,89,98,69
2017-01-06,-0.2,5.5,-5.0,67,94,49
2017-01-07,-6.4,-5.4,-7.3,50,57,43
2017-01-08,-7.0,-3.9,-10.0,40,47,32
2017-01-09,-4.9,-2.4,-7.0,40,50,33
2017-01-10,-4.1,-2.7,-5.4,67,79,54
2017-01-11,-4.9,-2.5,-7.9,76,85,70
2017-01-12,-3.1,3.1,-7.0,61,72,50
2017-01-13,-0.1,4.4,-4.6,65,79,52
2017-01-14,3.0,9.9,-1.1,85,97,72
2017-01-15,0.8,5.7,-2.8,82,99,61
2017-01-16,1.7,4.5,-1.1,86,94,75
2017-01-17,2.5,4.7,0.2,93,96,89
2017-01-18,3.9,6.0,2.0,92,96,87
2017-01-19,2.6,4.2,1.4,95,100,87
2017-01-20,3.5,6.8,1.1,86,97,68
2017-01-21,1.5,7.1,-2.0,79,92,54
2017-01-22,1.3,7.6,-3.3,77,91,54
2017-01-23,2.0,6.5,-1.5,78,89,61
2017-01-24,3.5,7.9,0.8,80,90,58
2017-01-25,2.2,3.2,0.7,81,94,65
2017-01-26,0.8,3.6,-2.1,66,75,53
2017-01-27,0.1,4.7,-3.4,63,78,43
2017-01-28,1.2,7.1,-2.8,59,75,33
2017-01-29,1.8,4.8,-0.6,83,96,74
2017-01-30,2.4,5.9,-1.1,87,97,70
2017-01-31,3.2,5.6,1.2,81,89,68
2017-02-01,4.7,8.6,2.3,81,90,69
2017-02-02,4.4,10.8,-0.0,86,96,68
2017-02-03,6.3,12.6,2.2,87,98,65
2017-02-04,7.7,14.7,1.5,86,99,67
2017-02-05,10.7,16.9,6.5,84,96,60
2017-02-06,10.8,17.0,5.5,82,95,56
2017-02-07,10.3,12.8,6.5,89,97,74
2017-02-08,7.7,13.1,2.2,84,99,57
2017-02-09,7.7,9.7,6.0,84,95,74
2017-02-10,6.2,7.7,4.4,75,89,63
2017-02-11,5.6,7.1,4.3,73,80,65
2017-02-12,4.8,6.5,2.9,72,82,62
2017-02-13,4.0,5.5,2.9,71,78,65
2017-02-14,4.8,8.6,2.0,66,87,42
2017-02-15,5.6,13.1,0.2,57,71,36
2017-02-16,5.5,10.1,1.6,80,89,66
2017-02-17,6.4,11.0,2.0,83,98,64
2017-02-18,7.2,13.3,1.7,84,100,59
2017-02-19,7.0,9.9,3.8,95,98,88
2017-02-20,7.5,12.1,3.0,71,98,42
2017-02-21,6.5,12.7,1.4,65,79,41
2017-02-22,10.0,17.7,4.0,65,80,40
2017-02-23,11.1,18.5,5.3,69,84,44
2017-02-24,11.0,18.0,4.5,75,96,48
2017-02-25,11.1,16.7,7.3,84,97,63
2017-02-26,10.1,11.8,8.5,86,95,75
2017-02-27,11.5,16.3,8.2,82,94,61
2017-02-28,10.8,16.8,5.2,88,100,67
2017-03-01,11.1,16.3,7.0,86,100,61
2017-03-02,11.4,16.4,6.7,59,93,34
2017-03-03,11.4,17.4,5.7,64,89,39
2017-03-04,11.1,17.0,5.7,76,91,48
2017-03-05,11.0,16.0,6.2,81,97,58
2017-03-06,11.3,16.7,6.0,81,99,59
2017-03-07,11.1,15.9,6.5,81,96,55
2017-03-08,11.4,13.4,9.2,91,95,83
2017-03-09,11.8,14.7,8.1,85,96,70
2017-03-10,10.4,11.5,8.8,90,95,85
2017-03-11,10.2,14.5,7.4,75,94,53
2017-03-12,9.7,14.6,5.7,67,84,50
2017-03-13,8.8,13.1,4.4,70,93,45
2017-03-14,10.2,14.9,5.7,65,85,47
2017-03-15,10.1,14.7,6.1,68,88,42
2017-03-16,10.3,15.3,5.0,65,84,43
2017-03-17,10.8,16.6,5.5,59,80,32
2017-03-18,11.0,16.4,7.3,74,86,56
2017-03-19,13.8,20.8,8.6,71,90,43
2017-03-20,15.0,21.1,9.7,71,86,48
2017-03-21,14.6,21.1,8.7,76,95,50
2017-03-22,15.4,20.6,10.6,72,92,48
2017-03-23,14.5,19.0,9.6,70,86,50
2017-03-24,15.3,20.2,11.7,69,85,50
2017-03-25,16.7,23.3,11.6,68,84,46
2017-03-26,15.4,21.0,10.0,73,90,53
2017-03-27,10.0,12.2,8.4,74,85,64
2017-03-28,11.5,17.1,5.9,70,98,42
2017-03-29,14.5,20.6,8.2,59,84,33
2017-03-30,16.4,23.3,9.3,55,80,29
2017-03-31,14.8,18.5,12.2,69,81,52
2017-04-01,14.2,18.4,10.3,76,97,56
2017-04-02,14.2,18.6,9.0,73,97,49
2017-04-03,13.2,16.2,10.4,73,90,52
2017-04-04,13.4,17.5,9.2,73,89,51
2017-04-05,13.9,18.3,10.2,77,94,57
2017-04-06,15.1,20.1,9.8,71,100,39
2017-04-07,13.5,16.9,10.6,43,60,27
2017-04-08,13.1,18.7,7.7,48,70,31
2017-04-09,14.9,21.1,8.9,57,80,30
2017-04-10,14.0,18.8,8.7,69,95,44
2017-04-11,15.0,20.1,10.2,67,86,45
2017-04-12,16.8,23.5,11.5,66,85,36
2017-04-13,16.2,21.9,10.5,73,97,45
2017-04-14,18.1,24.4,12.4,63,86,33
2017-04-15,18.3,23.7,14.1,65,83,41
2017-04-16,18.2,22.5,14.1,66,83,48
2017-04-17,15.2,19.4,12.7,68,92,41
2017-04-18,13.7,19.0,9.4,52,74,30
2017-04-19,15.0,20.1,11.6,71,87,53
2017-04-20,13.2,17.7,8.6,55,91,24
2017-04-21,10.7,14.9,6.6,41,59,28
2017-04-22,10.0,14.5,5.5,46,63,30
2017-04-23,13.7,20.7,6.3,49,72,29
2017-04-24,14.1,19.3,9.0,50,80,28
2017-04-25,13.6,18.1,8.5,68,92,46
2017-04-26,15.5,21.3,10.0,63,88,39
2017-04-27,17.8,23.9,11.7,62,87,38
2017-04-28,19.5,25.5,13.5,56,81,34
2017-04-29,20.1,25.3,14.1,56,79,37
2017-04-30,19.5,23.3,16.2,64,81,43
2017-05-01,19.0,25.5,13.1,67,93,39
2017-05-02,20.6,26.4,15.4,59,83,36
2017-05-03,21.1,25.7,16.6,57,79,39
2017-05-04,21.3,26.2,16.4,55,79,34
2017-05-05,21.4,26.0,17.3,56,75,34
2017-05-06,20.8,25.7,14.3,48,80,23
2017-05-07,20.7,25.5,14.7,55,84,38
2017-05-08,20.5,25.3,14.9,51,73,31
2017-05-09,18.8,22.1,14.5,62,84,45
2017-05-10,18.9,23.8,14.3,54,77,33
2017-05-11,18.3,22.4,14.3,72,91,48
2017-05-12,19.7,25.7,14.8,71,92,42
2017-05-13,23.3,31.3,16.1,62,88,35
2017-05-14,24.6,29.8,18.6,43,65,26
2017-05-15,21.6,25.9,17.5,60,81,40
2017-05-16,19.1,20.6,16.9,77,89,71
2017-05-17,18.6,22.5,15.3,72,92,48
2017-05-18,19.6,24.8,14.5,60,92,29
2017-05-19,18.6,23.3,13.4,60,82,41
2017-05-20,19.8,24.5,15.1,56,77,40
2017-05-21,20.3,26.7,16.2,66,93,38
2017-05-22,19.8,25.9,13.7,73,97,46
2017-05-23,20.9,24.8,17.8,69,86,51
2017-05-24,19.7,22.2,17.3,74,87,62
2017-05-25,19.3,23.3,15.6,78,97,57
2017-05-26,17.2,18.2,16.1,88,94,82
2017-05-27,18.3,22.0,14.6,80,97,63
2017-05-28,18.7,22.1,14.8,75,94,56
2017-05-29,20.2,25.0,14.6,66,91,43
2017-05-30,21.1,25.8,16.5,66,85,45
2017-05-31,22.9,28.5,18.3,67,85,45
2017-06-01,25.1,31.2,20.1,64,84,41
2017-06-02,25.8,30.2,22.0,65,81,47
2017-06-03,24.3,28.1,20.1,71,91,54
2017-06-04,21.8,25.4,18.8,82,97,64
2017-06-05,22.6,26.5,19.0,76,96,57
2017-06-06,23.5,27.3,20.4,70,88,52
2017-06-07,24.0,28.0,20.3,72,92,53
2017-06-08,23.9,26.4,20.1,66,88,51
2017-06-09,23.0,28.6,17.5,50,69,31
2017-06-10,22.4,27.1,17.7,70,90,49
2017-06-11,20.9,22.9,18.7,78,91,66
2017-06-12,22.6,26.9,17.8,67,89,45
2017-06-13,25.1,30.7,19.8,61,82,41
2017-06-14,28.0,33.9,22.3,58,80,33
2017-06-15,26.8,31.5,22.0,62,83,42
2017-06-16,23.8,26.2,21.6,72,86,62
2017-06-17,24.2,29.2,19.9,65,93,42
2017-06-18,21.6,24.7,18.3,47,54,36
2017-06-19,22.1,26.8,16.7,54,74,37
2017-06-20,24.5,29.4,17.4,53,78,32
2017-06-21,25.8,31.2,20.0,56,80,33
2017-06-22,27.8,33.6,22.1,53,76,28
2017-06-23,28.8,34.1,24.0,50,71,29
2017-06-24,30.3,35.9,24.0,47,69,27
2017-06-25,28.9,34.5,23.8,56,80,29
2017-06-26,28.0,32.1,24.3,61,78,47
2017-06-27,28.8,33.9,23.6,60,81,38
2017-06-28,28.8,32.7,25.7,61,81,44
2017-06-29,30.0,34.8,24.9,57,80,38
2017-06-30,31.9,39.5,23.8,52,83,23
2017-07-01,32.3,37.4,27.6,52,72,31
2017-07-02,33.0,39.3,27.1,47,71,22
2017-07-03,27.5,30.3,23.4,48,63,31
2017-07-04,25.8,31.5,21.3,47,68,28
2017-07-05,26.4,30.9,22.8,55,79,33
2017-07-06,26.7,32.2,21.7,57,81,34
2017-07-07,29.2,36.3,22.1,47,81,18
2017-07-08,27.2,31.6,22.6,60,81,44
2017-07-09,29.1,35.7,23.7,59,85,32
2017-07-10,28.8,32.6,24.5,60,83,44
2017-07-11,28.9,33.0,25.6,54,74,38
2017-07-12,30.2,36.4,24.3,53,79,31
2017-07-13,30.8,36.0,26.1,56,80,33
2017-07-14,28.8,32.1,26.5,50,67,37
2017-07-15,25.2,28.2,22.0,72,90,59
2017-07-16,21.8,24.0,18.4,83,91,72
2017-07-17,20.6,25.8,17.4,77,91,51
2017-07-18,23.7,28.0,19.1,66,92,42
2017-07-19,25.1,30.1,20.1,64,89,39
2017-07-20,25.5,29.5,21.0,64,86,44
2017-07-21,26.7,31.5,21.8,62,85,40
2017-07-22,27.8,32.4,23.8,60,81,42
2017-07-23,28.0,33.3,22.6,62,85,41
2017-07-24,28.8,33.3,23.9,54,77,37
2017-07-25,28.5,33.3,23.8,56,70,38
2017-07-26,28.6,32.2,24.9,51,71,31
2017-07-27,26.7,30.4,23.2,50,65,30
2017-07-28,26.2,31.1,21.3,41,56,25
2017-07-29,27.5,34.2,20.2,48,71,26
2017-07-30,28.2,34.1,22.8,54,77,32
2017-07-31,27.6,32.4,22.4,57,79,41
2017-08-01,28.9,34.2,24.6,53,75,32
2017-08-02,30.0,35.5,25.7,47,71,23
2017-08-03,30.9,37.6,24.4,43,68,17
2017-08-04,31.8,37.8,26.6,39,65,18
2017-08-05,31.3,37.4,25.6,44,65,24
2017-08-06,32.0,38.0,26.1,45,67,24
2017-08-07,31.9,37.4,26.4,48,72,27
2017-08-08,31.1,35.8,26.2,52,73,35
2017-08-09,30.8,35.1,26.1,58,80,42
2017-08-10,30.3,34.7,26.5,60,80,39
2017-08-11,30.1,34.5,26.6,57,78,38
2017-08-12,30.0,34.6,26.2,56,81,34
2017-08-13,26.5,30.3,23.6,52,65,39
2017-08-14,26.0,32.2,20.0,45,63,29
2017-08-15,27.8,33.1,22.3,46,62,29
2017-08-16,29.2,34.2,22.8,48,77,24
2017-08-17,29.3,34.7,22.5,42,71,20
2017-08-18,29.2,34.7,22.9,41,67,20
2017-08-19,29.9,35.4,25.4,40,58,21
2017-08-20,28.2,33.1,22.7,49,71,28
2017-08-21,25.0,27.7,23.2,60,79,45
2017-08-22,24.6,29.6,20.3,39,59,22
2017-08-23,24.1,29.2,19.1,55,87,26
2017-08-24,24.6,30.6,18.1,48,82,17
2017-08-25,24.7,30.2,18.8,57,88,31
2017-08-26,25.8,31.4,20.7,56,79,32
2017-08-27,26.7,32.0,22.4,59,76,37
2017-08-28,28.1,35.0,21.5,56,90,23
2017-08-29,25.6,29.6,21.0,61,89,42
2017-08-30,21.5,24.1,20.0,76,93,57
2017-08-31,22.7,26.3,19.2,68,86,51
2017-09-01,23.4,28.2,18.4,70,93,50
2017-09-02,24.9,29.5,20.7,72,92,54
2017-09-03,25.1,29.6,21.1,67,88,46
2017-09-04,23.3,27.9,17.5,50,79,29
2017-09-05,21.5,25.0,18.0,60,74,46
2017-09-06,21.7,27.5,15.8,54,78,27
2017-09-07,23.1,28.1,17.5,60,87,37
2017-09-08,23.7,28.9,18.6,65,88,39
2017-09-09,24.2,27.8,20.3,70,89,53
2017-09-10,23.9,29.4,19.6,71,92,43
2017-09-11,24.3,28.8,18.4,74,98,53
2017-09-12,25.5,30.4,20.8,66,95,41
2017-09-13,26.0,31.4,20.0,55,78,30
2017-09-14,24.9,30.2,20.4,58,84,38
2017-09-15,25.2,31.0,19.8,66,91,37
2017-09-16,26.3,32.1,21.0,59,85,28
2017-09-17,26.8,33.1,21.5,57,77,29
2017-09-18,27.5,34.4,22.1,57,83,26
2017-09-19,26.7,32.2,21.8,60,82,30
2017-09-20,25.6,30.1,20.9,60,91,33
2017-09-21,21.9,25.2,17.9,41,59,30
2017-09-22,19.6,24.0,15.5,41,56,26
2017-09-23,20.1,25.4,15.2,44,64,25
2017-09-24,20.2,25.4,14.4,58,83,38
2017-09-25,20.5,23.5,17.1,62,84,41
2017-09-26,19.7,23.8,15.6,65,91,44
2017-09-27,18.7,23.9,14.2,74,94,48
2017-09-28,17.9,20.6,15.8,82,95,65
2017-09-29,18.0,19.7,16.7,63,76,49
2017-09-30,17.4,20.1,15.1,63,82,43
2017-10-01,17.3,20.0,15.3,72,84,55
2017-10-02,16.8,18.3,15.6,72,84,63
2017-10-03,16.9,20.0,13.3,76,96,56
2017-10-04,17.8,23.8,12.5,76,100,46
2017-10-05,18.9,24.8,12.8,74,100,44
2017-10-06,19.4,25.7,12.9,72,98,37
2017-10-07,14.4,18.0,9.8,80,88,70
2017-10-08,13.4,18.2,9.8,57,74,36
2017-10-09,15.3,21.3,9.6,56,75,35
2017-10-10,15.7,21.3,10.1,60,86,36
2017-10-11,16.4,21.9,11.0,66,93,43
2017-10-12,16.8,23.0,10.9,69,94,39
2017-10-13,17.5,24.6,11.1,67,99,34
2017-10-14,18.6,24.0,14.1,54,70,36
2017-10-15,18.2,23.6,12.1,63,92,36
2017-10-16,19.2,25.8,13.4,59,86,35
2017-10-17,19.0,25.0,12.8,71,97,42
2017-10-18,19.1,25.9,12.0,66,97,34
2017-10-19,19.5,25.2,14.7,60,80,31
2017-10-20,18.8,25.3,11.4,64,93,34
2017-10-21,18.6,26.1,11.7,68,97,31
2017-10-22,19.3,25.8,14.4,62,83,28
2017-10-23,17.1,20.7,14.6,86,96,66
2017-10-24,12.9,14.9,10.3,73,97,55
2017-10-25,13.7,18.6,10.7,72,85,53
2017-10-26,14.6,18.7,11.3,67,85,50
2017-10-27,14.4,19.6,8.9,75,98,50
2017-10-28,12.4,14.4,10.9,74,95,56
2017-10-29,11.7,16.1,8.1,64,78,42
2017-10-30,13.0,16.6,10.2,49,80,29
2017-10-31,10.4,13.9,7.1,43,55,31
2017-11-01,9.9,13.8,5.5,51,70,39
2017-11-02,9.6,15.3,3.8,65,97,37
2017-11-03,11.1,17.4,5.2,66,94,38
2017-11-04,12.0,16.4,8.6,70,85,52
2017-11-05,11.8,15.9,7.8,77,97,55
2017-11-06,12.0,15.8,8.6,79,96,58
2017-11-07,13.8,17.1,11.5,76,84,61
2017-11-08,13.8,16.1,11.0,83,99,71
2017-11-09,12.5,16.9,8.6,81,100,56
2017-11-10,12.4,17.4,8.2,73,90,51
2017-11-11,12.5,16.3,9.5,87,97,71
2017-11-12,14.4,18.9,11.2,89,99,71
2017-11-13,14.6,17.8,11.3,92,98,81
2017-11-14,15.1,18.3,12.6,87,97,70
2017-11-15,14.7,16.3,12.4,91,97,84
2017-11-16,13.6,15.2,12.3,86,90,83
2017-11-17,12.4,13.8,11.1,89,91,85
2017-11-18,13.0,14.8,12.0,87,94,77
2017-11-19,12.2,15.5,9.0,82,96,63
2017-11-20,9.2,11.9,7.4,66,95,40
2017-11-21,8.0,11.5,4.7,57,71,40
2017-11-22,9.4,14.2,5.2,63,81,42
2017-11-23,10.1,15.8,5.9,69,89,52
2017-11-24,9.0,14.8,4.2,81,99,58
2017-11-25,8.6,13.5,5.0,89,100,68
2017-11-26,9.3,13.3,6.6,91,100,76
2017-11-27,7.9,10.4,4.9,90,96,69
2017-11-28,5.6,8.2,3.5,63,77,50
2017-11-29,5.0,10.1,1.5,73,88,50
2017-11-30,8.9,14.8,3.1,82,89,77
2017-12-01,15.8,16.9,15.0,83,89,79
2017-12-02,15.0,16.7,12.3,88,97,80
2017-12-03,13.6,17.6,11.4,86,98,65
2017-12-04,11.3,14.5,8.3,69,84,54
2017-12-05,6.5,9.2,4.2,57,69,41
2017-12-06,5.7,10.4,2.5,62,74,50
2017-12-07,7.2,13.9,2.2,68,81,46
2017-12-08,6.5,12.5,1.5,81,95,63
2017-12-09,7.6,13.3,2.0,85,100,67
2017-12-10,7.8,12.5,3.2,72,92,48
2017-12-11,5.1,10.5,1.6,75,88,56
2017-12-12,6.5,13.4,1.4,87,98,69
2017-12-13,8.1,14.3,3.4,87,100,65
2017-12-14,11.4,15.9,8.1,78,91,57
2017-12-15,10.7,15.1,5.9,76,91,60
2017-12-16,11.7,16.6,7.6,87,95,71
2017-12-17,9.5,12.4,6.8,86,99,74
2017-12-18,4.6,6.6,3.3,82,95,69
2017-12-19,3.4,6.9,0.3,64,85,42
2017-12-20,2.3,6.1,-0.2,68,79,52
2017-12-21,2.1,4.9,0.1,70,81,57
2017-12-22,2.0,5.2,-0.3,65,79,50
2017-12-23,4.1,8.9,1.2,61,72,43
2017-12-24,6.6,12.5,2.4,68,81,54
2017-12-25,7.7,13.6,3.5,77,90,57
2017-12-26,5.9,11.8,1.7,82,94,64
2017-12-27,6.9,12.8,2.9,91,99,73
2017-12-28,9.4,13.0,5.3,90,96,80
2017-12-29,8.6,13.0,4.4,91,100,72
2017-12-30,5.7,10.1,2.7,75,98,52
2017-12-31,4.8,9.8,0.5,66,84,45
2018-01-01,5.5,11.7,1.6,73,86,51
2018-01-02,6.3,12.6,2.1,83,92,64
2018-01-03,7.2,11.1,4.9,72,92,53
2018-01-04,6.0,10.6,2.9,72,87,54
2018-01-05,6.0,11.5,1.7,71,89,50
2018-01-06,6.0,12.2,1.7,80,88,58
2018-01-07,7.1,12.5,3.1,86,97,72
2018-01-08,6.6,11.4,3.3,90,100,72
2018-01-09,6.8,11.2,3.2,89,99,70
2018-01-10,8.6,10.9,6.8,89,97,73
2018-01-11,8.5,11.1,6.6,87,93,76
2018-01-12,8.0,10.0,6.6,94,96,90
2018-01-13,7.4,8.4,6.2,86,95,81
2018-01-14,5.3,6.8,3.2,76,94,56
2018-01-15,4.9,6.5,3.3,82,92,70
2018-01-16,6.2,10.4,3.5,86,96,69
2018-01-17,6.9,13.0,1.7,90,100,71
2018-01-18,6.9,9.3,4.7,53,93,33
2018-01-19,5.5,10.0,0.8,53,81,37
2018-01-20,5.9,11.6,2.3,77,85,63
2018-01-21,5.7,10.4,0.5,86,96,70
2018-01-22,5.8,7.6,3.6,65,95,45
2018-01-23,4.0,7.9,-0.0,65,81,49
2018-01-24,3.2,7.2,-0.4,73,91,48
2018-01-25,2.5,6.5,-0.4,72,89,50
2018-01-26,1.9,6.8,-1.3,81,90,59
2018-01-27,3.2,8.0,-0.1,85,94,70
2018-01-28,3.3,9.8,-0.9,86,98,62
2018-01-29,6.3,13.7,1.2,71,87,51
2018-01-30,7.8,14.7,2.7,69,82,49
2018-01-31,7.3,13.7,1.8,75,90,56
2018-02-01,7.1,13.0,2.1,89,100,70
2018-02-02,9.1,14.1,4.8,88,97,73
2018-02-03,12.1,15.5,9.3,84,93,68
2018-02-04,12.0,15.0,8.1,80,96,56
2018-02-05,7.5,12.5,2.9,81,93,57
2018-02-06,8.6,11.0,6.1,84,94,72
2018-02-07,8.7,11.5,6.0,79,88,68
2018-02-08,9.8,13.6,6.4,82,97,66
2018-02-09,10.6,15.4,5.2,69,92,43
2018-02-10,7.9,10.3,5.4,88,91,81
2018-02-11,6.3,7.9,4.9,88,92,81
2018-02-12,6.6,10.5,3.3,80,96,59
2018-02-13,7.0,10.4,2.9,89,98,77
2018-02-14,8.9,12.5,5.3,78,97,50
2018-02-15,6.6,10.7,3.2,71,83,56
2018-02-16,7.9,11.6,5.3,64,73,56
2018-02-17,7.9,13.6,3.4,76,91,52
2018-02-18,8.9,11.8,6.0,84,95,70
2018-02-19,9.1,11.7,6.9,82,96,65
2018-02-20,7.5,9.5,4.8,76,89,63
2018-02-21,7.5,9.4,5.8,83,92,74
2018-02-22,8.9,10.8,6.9,84,95,73
2018-02-23,8.7,10.2,7.3,85,90,76
2018-02-24,7.4,8.0,6.5,85,95,80
2018-02-25,5.6,7.4,4.3,88,94,84
2018-02-26,2.5,4.0,1.7,92,95,86
2018-02-27,3.4,6.5,0.9,85,94,66
2018-02-28,5.3,8.8,2.7,71,97,37
2018-03-01,2.7,6.6,-1.4,59,82,49
2018-03-02,6.5,10.6,3.9,86,97,81
2018-03-03,10.6,16.5,6.0,80,99,50
2018-03-04,13.2,19.4,8.6,73,89,45
2018-03-05,10.3,12.2,8.8,81,89,72
2018-03-06,11.9,15.5,8.8,83,94,69
2018-03-07,12.7,17.8,5.9,77,99,51
2018-03-08,12.9,17.1,8.8,66,84,46
2018-03-09,11.2,16.4,6.1,68,86,46
2018-03-10,11.5,16.6,6.4,73,90,52
2018-03-11,12.2,18.4,7.2,75,90,53
2018-03-12,12.2,17.6,7.6,84,100,64
2018-03-13,13.6,18.5,10.2,75,99,45
2018-03-14,12.3,17.6,6.6,68,86,44
2018-03-15,11.9,17.4,5.8,68,87,40
2018-03-16,11.9,16.3,8.1,76,89,58
2018-03-17,13.5,20.1,8.3,77,93,50
2018-03-18,14.3,17.9,11.4,81,91,66
2018-03-19,13.0,15.9,9.9,84,98,67
2018-03-20,12.7,17.1,7.5,76,98,44
2018-03-21,12.8,17.1,9.0,72,89,45
2018-03-22,9.3,10.9,7.4,83,92,74
2018-03-23,9.0,12.4,6.2,82,93,68
2018-03-24,8.2,12.8,3.7,74,93,52
2018-03-25,8.4,10.7,6.3,84,92,71
2018-03-26,11.2,14.7,7.8,86,97,71
2018-03-27,11.9,16.8,6.2,81,100,57
2018-03-28,11.8,16.0,7.2,66,91,39
2018-03-29,11.8,17.7,6.5,66,91,39
2018-03-30,12.1,17.6,6.1,75,97,54
2018-03-31,13.0,18.3,8.4,82,97,63
2018-04-01,14.9,19.0,11.5,66,95,37
2018-04-02,13.5,18.2,7.9,60,82,40
2018-04-03,14.2,18.9,9.6,67,85,46
2018-04-04,14.7,20.0,9.9,71,92,48
2018-04-05,15.9,21.3,11.3,72,86,53
2018-04-06,16.0,20.4,13.2,78,90,63
2018-04-07,16.0,21.5,11.3,72,87,48
2018-04-08,17.5,24.4,10.2,64,92,34
2018-04-09,16.8,20.5,13.6,64,83,47
2018-04-10,16.7,21.5,12.7,67,85,48
2018-04-11,17.2,21.8,13.6,71,87,49
2018-04-12,16.8,22.2,11.4,79,99,57
2018-04-13,17.8,22.9,12.6,74,96,50
2018-04-14,19.4,24.8,14.4,73,92,51
2018-04-15,18.5,21.0,14.5,73,89,59
2018-04-16,16.5,19.0,13.3,67,82,50
2018-04-17,17.2,23.3,11.5,71,91,48
2018-04-18,19.1,23.1,15.8,71,87,52
2018-04-19,19.1,23.0,16.0,73,91,54
2018-04-20,17.9,23.7,14.4,66,82,42
2018-04-21,16.9,22.3,12.0,67,93,39
2018-04-22,19.0,25.0,14.1,60,79,38
2018-04-23,20.7,26.8,15.8,60,82,40
2018-04-24,21.5,27.1,17.1,61,81,39
2018-04-25,22.3,28.1,17.4,59,82,36
2018-04-26,22.5,27.9,17.4,61,82,36
2018-04-27,23.6,29.3,17.6,59,85,32
2018-04-28,22.8,26.9,17.7,61,78,46
2018-04-29,22.0,26.3,19.0,63,82,40
2018-04-30,21.1,24.7,17.4,64,80,51
2018-05-01,22.6,28.0,18.0,64,85,39
2018-05-02,21.3,25.3,17.8,72,89,52
2018-05-03,21.1,25.9,16.3,68,93,48
2018-05-04,22.6,28.0,17.0,63,83,39
2018-05-05,22.8,27.7,18.6,64,81,43
2018-05-06,20.2,24.4,16.5,76,93,57
2018-05-07,20.7,25.9,16.6,78,97,54
2018-05-08,20.5,23.7,16.9,77,92,60
2018-05-09,21.4,25.0,18.5,72,87,55
2018-05-10,19.8,22.3,17.1,80,95,69
2018-05-11,19.8,24.6,15.0,76,96,52
2018-05-12,20.2,24.3,16.6,75,97,49
2018-05-13,19.0,22.1,15.9,74,90,61
2018-05-14,20.1,24.0,15.5,74,96,59
2018-05-15,21.2,25.7,16.4,73,96,50
2018-05-16,22.8,26.6,18.5,61,82,41
2018-05-17,23.1,27.2,19.8,64,84,38
2018-05-18,22.3,27.1,18.0,66,86,42
2018-05-19,21.0,24.7,16.9,73,90,57
2018-05-20,21.2,25.0,17.9,74,92,59
2018-05-21,20.3,23.4,16.8,82,97,65
2018-05-22,21.6,23.9,19.2,72,83,62
2018-05-23,21.3,24.7,18.5,76,91,59
2018-05-24,21.1,25.9,16.5,77,95,55
2018-05-25,23.1,28.9,16.8,67,93,37
2018-05-26,24.6,29.6,17.6,58,91,31
2018-05-27,24.3,28.1,19.9,62,82,41
2018-05-28,23.2,27.0,20.1,71,85,54
2018-05-29,23.6,28.1,20.3,68,91,42
2018-05-30,23.6,28.5,19.0,65,86,44
2018-05-31,23.6,27.1,20.6,65,81,51
2018-06-01,24.8,30.7,19.0,60,88,34
2018-06-02,24.7,28.8,21.4,66,84,46
2018-06-03,25.0,29.5,20.3,67,87,47
2018-06-04,26.3,31.1,19.8,61,89,37
2018-06-05,26.5,31.6,21.5,56,76,35
2018-06-06,25.8,30.3,21.5,65,85,45
2018-06-07,26.3,30.2,22.0,65,85,48
2018-06-08,25.5,29.2,22.5,72,87,54
2018-06-09,26.3,30.1,22.3,63,80,46
2018-06-10,25.1,28.8,21.9,63,75,51
2018-06-11,25.8,29.9,21.2,66,81,50
2018-06-12,26.1,29.7,22.7,62,83,43
2018-06-13,26.0,30.6,22.7,62,82,42
2018-06-14,24.7,28.9,20.2,69,92,48
2018-06-15,23.7,27.9,19.5,68,88,48
2018-06-16,22.7,26.1,18.6,72,91,55
2018-06-17,24.2,27.8,21.0,63,78,50
2018-06-18,24.3,29.1,19.8,71,91,49
2018-06-19,24.6,28.7,20.1,69,92,50
2018-06-20,26.0,30.2,19.9,57,87,34
2018-06-21,26.8,31.0,22.7,52,74,31
2018-06-22,26.0,31.0,21.5,60,83,40
2018-06-23,23.0,24.8,20.5,56,74,40
2018-06-24,20.9,22.5,18.6,64,81,54
2018-06-25,21.4,25.3,18.7,68,78,53
2018-06-26,20.1,21.3,18.5,81,93,66
2018-06-27,19.3,21.5,18.2,90,95,81
2018-06-28,19.9,22.5,17.8,83,94,68
2018-06-29,22.4,26.9,16.7,69,91,50
2018-06-30,24.0,28.8,18.0,64,85,47
2018-07-01,25.7,30.5,20.6,60,79,37
2018-07-02,25.4,29.9,20.6,72,94,52
2018-07-03,26.5,31.0,21.6,69,95,49
2018-07-04,27.5,31.6,23.7,68,86,50
2018-07-05,28.3,32.6,23.1,62,86,42
2018-07-06,27.0,30.7,22.7,71,88,56
2018-07-07,25.6,29.6,22.4,75,91,56
2018-07-08,25.2,29.5,21.4,66,88,47
2018-07-09,24.7,29.1,20.9,61,74,44
2018-07-10,24.3,29.2,19.3,61,86,36
2018-07-11,26.2,30.6,20.5,57,78,39
2018-07-12,27.9,32.9,23.6,58,79,34
2018-07-13,28.4,33.5,23.4,61,89,35
2018-07-14,28.3,32.8,23.2,50,75,32
2018-07-15,28.3,33.1,22.3,45,66,28
2018-07-16,28.8,33.3,22.7,51,76,31
2018-07-17,28.4,33.8,23.4,60,84,36
2018-07-18,27.2,31.6,23.3,52,82,32
2018-07-19,27.1,30.9,22.5,47,64,34
2018-07-20,27.6,32.4,22.8,53,70,38
2018-07-21,28.9,34.6,23.0,45,67,24
2018-07-22,28.8,34.6,22.7,53,78,30
2018-07-23,28.5,34.4,24.0,56,77,32
2018-07-24,26.1,30.8,21.9,60,79,39
2018-07-25,26.3,30.5,22.5,60,74,44
2018-07-26,24.7,27.8,22.4,73,81,62
2018-07-27,25.6,29.7,21.8,71,87,53
2018-07-28,27.4,31.4,23.6,66,86,44
2018-07-29,27.0,31.4,23.1,70,91,46
2018-07-30,27.1,32.1,23.1,71,90,48
2018-07-31,26.2,29.6,22.7,77,95,61
2018-08-01,26.7,30.1,22.4,74,93,58
2018-08-02,27.1,30.4,22.4,74,93,58
2018-08-03,25.9,29.4,22.6,77,93,57
2018-08-04,27.0,31.8,21.7,61,90,33
2018-08-05,28.0,32.5,23.8,54,78,31
2018-08-06,28.0,31.9,24.0,56,79,35
2018-08-07,27.8,32.1,23.3,62,85,38
2018-08-08,27.7,31.2,24.3,66,84,45
2018-08-09,27.4,29.8,25.2,67,83,58
2018-08-10,27.3,30.4,24.9,63,76,47
2018-08-11,26.1,29.1,23.5,62,78,47
2018-08-12,25.9,29.3,23.0,66,79,50
2018-08-13,25.5,29.2,21.8,70,88,52
2018-08-14,25.6,29.8,21.6,74,94,53
2018-08-15,25.8,30.1,22.0,73,90,51
2018-08-16,26.7,31.1,22.9,63,85,40
2018-08-17,27.6,33.0,22.3,55,79,28
2018-08-18,28.6,33.3,23.1,53,79,29
2018-08-19,28.6,34.0,22.5,51,80,24
2018-08-20,28.0,32.4,24.3,53,78,33
2018-08-21,27.3,31.2,24.4,59,80,35
2018-08-22,27.2,32.4,23.1,60,84,32
2018-08-23,27.4,31.9,23.6,54,79,29
2018-08-24,27.3,30.6,24.7,53,74,41
2018-08-25,26.2,30.3,22.8,68,83,50
2018-08-26,26.7,31.0,23.2,68,89,46
2018-08-27,24.2,26.6,22.6,77,83,67
2018-08-28,24.3,29.5,19.8,71,88,48
2018-08-29,26.0,31.3,21.1,63,80,40
2018-08-30,26.5,30.5,22.9,64,83,45
2018-08-31,26.6,31.0,22.2,67,86,46
2018-09-01,27.6,32.1,23.4,62,85,36
2018-09-02,28.2,33.2,23.4,57,76,35
2018-09-03,26.8,30.3,23.3,65,82,48
2018-09-04,27.0,31.5,24.0,61,84,34
2018-09-05,25.8,29.9,21.9,56,87,34
2018-09-06,25.0,29.1,20.6,54,70,39
2018-09-07,25.5,29.8,21.0,58,76,37
2018-09-08,25.7,30.3,20.6,56,75,34
2018-09-09,25.1,29.9,20.5,54,76,34
2018-09-10,25.0,29.6,20.4,48,64,30
2018-09-11,24.1,29.3,19.1,49,69,29
2018-09-12,23.8,28.4,18.9,52,71,31
2018-09-13,23.3,27.6,19.2,63,88,36
2018-09-14,23.6,28.3,19.6,68,89,41
2018-09-15,24.4,30.2,18.6,68,98,35
2018-09-16,25.4,30.7,20.8,52,80,27
2018-09-17,23.3,27.0,20.1,69,86,54
2018-09-18,22.6,26.3,19.5,76,93,55
2018-09-19,22.4,26.2,18.5,74,93,53
2018-09-20,22.5,27.1,18.4,73,95,48
2018-09-21,22.7,27.7,18.7,74,99,45
2018-09-22,23.1,29.1,17.8,70,97,36
2018-09-23,23.9,30.6,17.1,69,98,33
2018-09-24,24.0,29.6,19.3,65,90,40
2018-09-25,17.8,21.6,14.9,41,57,22
2018-09-26,16.5,20.8,13.9,38,60,19
2018-09-27,15.8,21.3,10.5,38,56,19
2018-09-28,15.8,20.3,10.8,55,86,29
2018-09-29,17.5,22.7,13.4,60,86,42
2018-09-30,15.4,16.9,14.5,85,92,75
2018-10-01,18.6,23.8,15.3,78,94,52
2018-10-02,19.4,24.6,14.3,78,97,53
2018-10-03,18.9,23.5,14.8,83,98,59
2018-10-04,19.3,23.3,15.6,71,94,41
2018-10-05,17.8,21.3,14.7,75,95,53
2018-10-06,17.5,21.4,13.6,75,92,54
2018-10-07,17.3,21.5,12.5,82,99,59
2018-10-08,17.9,22.9,13.9,83,100,55
2018-10-09,18.0,21.2,14.9,86,100,69
2018-10-10,18.1,23.3,13.6,77,99,45
2018-10-11,18.6,23.7,14.0,70,98,38
2018-10-12,18.9,22.8,15.6,68,90,41
2018-10-13,18.8,23.2,14.8,68,86,44
2018-10-14,18.3,21.7,15.6,76,93,54
2018-10-15,18.5,22.0,16.4,73,87,53
2018-10-16,18.4,23.9,13.8,75,96,47
2018-10-17,18.2,24.3,12.6,78,99,46
2018-10-18,18.5,22.7,15.2,80,97,56
2018-10-19,17.7,22.5,14.0,84,100,58
2018-10-20,18.1,22.7,14.0,77,100,49
2018-10-21,16.3,20.3,12.3,77,97,52
2018-10-22,15.9,18.7,13.8,83,96,65
2018-10-23,16.0,19.4,13.2,76,93,53
2018-10-24,16.5,22.1,11.2,64,89,36
2018-10-25,12.7,16.6,9.4,44,56,27
2018-10-26,13.6,20.2,8.7,54,74,29
2018-10-27,15.0,21.5,9.4,74,89,54
2018-10-28,16.5,21.6,12.2,87,99,67
2018-10-29,18.1,22.1,15.9,84,98,60
2018-10-30,17.4,21.7,14.2,87,98,66
2018-10-31,18.1,23.3,14.8,86,100,61
2018-11-01,18.3,23.9,14.8,83,95,58
2018-11-02,18.3,23.2,14.9,83,94,63
2018-11-03,16.7,20.7,12.4,84,100,63
2018-11-04,15.3,19.1,12.2,81,99,54
2018-11-05,14.7,19.3,11.0,72,88,49
2018-11-06,13.7,19.0,8.8,82,99,53
2018-11-07,14.8,18.0,10.9,82,99,62
2018-11-08,14.5,15.9,13.1,85,95,74
2018-11-09,14.2,16.7,12.1,84,97,66
2018-11-10,13.8,17.1,11.4,80,96,54
2018-11-11,13.0,17.6,8.3,74,99,49
2018-11-12,12.4,18.2,6.9,73,97,45
2018-11-13,11.9,16.7,7.1,83,99,61
2018-11-14,12.8,17.1,10.2,80,91,54
2018-11-15,12.3,16.2,8.8,63,87,36
2018-11-16,9.3,12.7,6.1,84,100,63
2018-11-17,9.1,11.2,7.1,68,83,48
2018-11-18,8.4,9.0,7.6,85,95,75
2018-11-19,9.5,14.2,7.1,79,94,55
2018-11-20,10.9,13.4,7.9,90,95,83
2018-11-21,14.1,16.6,12.6,89,98,76
2018-11-22,12.2,14.5,9.8,72,79,59
2018-11-23,11.7,13.3,10.0,82,90,74
2018-11-24,11.1,12.2,10.2,81,87,74
2018-11-25,12.1,14.0,10.6,85,91,79
2018-11-26,13.9,17.1,12.1,89,98,75
2018-11-27,13.4,16.0,10.9,94,98,89
2018-11-28,10.7,13.4,7.0,86,99,68
2018-11-29,5.6,7.4,3.6,77,90,64
2018-11-30,5.8,8.2,3.6,62,78,48
2018-12-01,6.0,8.7,4.3,77,89,66
2018-12-02,6.6,10.7,3.1,79,95,56
2018-12-03,5.1,9.8,1.6,86,99,61
2018-12-04,5.9,10.7,2.0,84,98,62
2018-12-05,8.5,12.6,5.7,73,90,56
2018-12-06,6.1,9.2,3.8,62,72,50
2018-12-07,4.2,8.2,1.6,78,96,53
2018-12-08,4.3,9.5,0.9,81,90,67
2018-12-09,6.3,11.4,2.9,82,91,64
2018-12-10,6.3,10.6,2.6,79,97,62
2018-12-11,5.9,8.9,2.9,61,76,44
2018-12-12,4.4,8.5,1.1,60,78,43
2018-12-13,3.1,6.6,0.0,74,86,56
2018-12-14,6.0,9.7,3.5,86,93,80
2018-12-15,8.7,11.7,7.0,91,98,83
2018-12-16,7.2,11.9,3.9,91,99,70
2018-12-17,3.8,6.5,1.7,67,83,59
2018-12-18,3.7,5.3,2.6,84,89,70
2018-12-19,3.7,7.4,1.8,69,80,54
2018-12-20,3.1,7.9,-0.3,81,91,64
2018-12-21,4.3,9.6,0.8,84,95,63
2018-12-22,4.0,10.0,0.0,87,98,68
2018-12-23,6.8,14.3,1.5,81,93,63
2018-12-24,7.9,14.3,2.7,83,95,69
2018-12-25,6.1,9.7,3.0,59,82,40
2018-12-26,3.3,7.4,0.3,59,68,47
2018-12-27,4.0,8.5,1.5,68,77,51
2018-12-28,2.8,8.0,-0.7,79,94,58
2018-12-29,5.9,11.6,2.0,70,84,49
2018-12-30,4.9,9.5,0.3,72,91,52
2018-12-31,3.6,8.9,-0.5,78,90,54
2019-01-01,5.1,9.4,2.7,71,84,48
2019-01-02,2.8,7.3,-1.4,73,92,51
2019-01-03,2.4,3.4,1.6,85,94,69
2019-01-04,0.2,1.4,-0.8,80,89,69
2019-01-05,-1.2,1.1,-4.2,78,85,66
2019-01-06,-1.2,4.5,-5.3,64,72,54
2019-01-07,-2.4,1.8,-6.9,67,83,50
2019-01-08,-2.9,0.3,-6.9,59,69,43
2019-01-09,-1.8,0.1,-4.6,76,94,65
2019-01-10,1.7,6.2,-0.8,94,99,82
2019-01-11,1.9,5.4,-0.5,80,97,61
2019-01-12,0.5,4.2,-3.8,70,79,58
2019-01-13,-0.7,4.2,-5.8,65,74,53
2019-01-14,1.0,3.5,-0.8,71,82,62
2019-01-15,2.0,4.0,-0.4,61,84,48
2019-01-16,1.5,7.1,-3.0,60,72,48
2019-01-17,3.9,9.8,0.3,58,71,42
2019-01-18,2.9,8.5,-0.7,72,86,58
2019-01-19,5.0,11.3,0.4,78,91,60
2019-01-20,6.6,11.3,3.5,94,100,86
2019-01-21,6.2,11.2,2.3,89,100,68
2019-01-22,7.5,9.5,4.6,90,95,81
2019-01-23,8.1,11.6,4.8,95,99,80
2019-01-24,10.3,13.1,6.1,80,96,58
2019-01-25,9.0,11.5,6.0,91,96,87
2019-01-26,3.2,7.0,1.8,82,94,72
2019-01-27,4.2,9.8,-0.0,68,83,53
2019-01-28,5.9,12.1,0.8,84,95,68
2019-01-29,7.8,10.7,5.1,95,97,92
2019-01-30,9.2,11.8,6.3,92,96,84
2019-01-31,5.5,8.0,3.1,94,100,82
2019-02-01,6.5,12.9,-1.1,78,96,58
2019-02-02,8.5,15.2,3.0,85,97,65
2019-02-03,10.5,15.7,6.8,89,98,67
2019-02-04,12.3,15.6,9.7,91,99,76
2019-02-05,11.0,16.8,7.5,87,99,61
2019-02-06,8.6,10.2,6.6,87,94,78
2019-02-07,7.0,10.2,4.0,84,96,65
2019-02-08,7.3,9.0,5.6,81,92,74
2019-02-09,7.3,10.5,4.5,81,94,61
2019-02-10,6.6,11.8,1.3,87,100,68
2019-02-11,8.7,14.0,3.9,84,99,64
2019-02-12,8.6,11.3,5.4,69,97,44
2019-02-13,5.9,9.8,3.5,51,57,35
2019-02-14,6.0,10.4,2.0,55,64,46
2019-02-15,6.3,10.2,2.6,65,81,48
2019-02-16,5.8,11.2,0.2,70,87,48
2019-02-17,6.9,12.1,1.6,72,95,51
2019-02-18,8.5,15.0,3.3,69,85,46
2019-02-19,8.6,14.8,3.2,76,89,52
2019-02-20,9.0,16.6,2.4,80,100,51
2019-02-21,9.4,15.1,4.7,61,80,37
2019-02-22,8.1,13.4,3.8,66,80,47
2019-02-23,3.8,8.1,1.5,78,91,67
2019-02-24,1.6,5.7,-1.5,59,76,43
2019-02-25,2.2,5.3,-1.3,62,80,46
2019-02-26,6.3,13.0,1.0,50,61,36
2019-02-27,8.0,12.9,3.0,55,74,37
2019-02-28,7.6,14.7,1.1,64,81,41
2019-03-01,11.8,18.9,3.8,55,74,36
2019-03-02,11.2,17.6,5.4,65,82,43
2019-03-03,9.0,14.3,4.4,72,89,39
2019-03-04,8.4,14.2,3.0,78,99,50
2019-03-05,10.4,17.4,4.4,74,92,47
2019-03-06,13.1,20.1,8.1,67,82,40
2019-03-07,12.2,18.5,6.2,80,94,59
2019-03-08,11.9,18.0,6.5,86,100,64
2019-03-09,13.7,20.4,9.0,76,93,46
2019-03-10,15.0,21.3,7.7,61,82,36
2019-03-11,14.6,20.8,8.6,64,83,38
2019-03-12,10.6,14.8,6.6,71,87,53
2019-03-13,7.9,12.5,4.3,72,90,48
2019-03-14,8.5,10.7,6.2,79,89,68
2019-03-15,9.3,15.0,3.0,69,100,32
2019-03-16,11.7,18.0,6.0,57,73,42
2019-03-17,14.6,21.3,9.6,61,77,40
2019-03-18,13.6,19.8,7.0,78,97,57
2019-03-19,13.9,19.9,9.4,84,100,57
2019-03-20,13.8,19.3,8.8,84,100,58
2019-03-21,13.5,17.0,11.1,78,93,56
2019-03-22,12.7,15.3,10.2,75,88,60
2019-03-23,13.7,19.1,9.2,73,92,46
2019-03-24,12.9,16.7,9.6,72,85,54
2019-03-25,12.6,17.5,6.8,75,100,53
2019-03-26,14.1,18.5,10.7,66,86,43
2019-03-27,12.1,16.0,9.0,66,91,42
2019-03-28,10.8,13.5,8.8,77,94,53
2019-03-29,11.3,17.5,4.8,63,99,27
2019-03-30,12.3,17.7,6.8,63,93,34
2019-03-31,13.7,18.7,9.1,66,93,41
2019-04-01,14.8,20.2,11.2,64,82,40
2019-04-02,14.4,19.1,9.9,69,90,44
2019-04-03,11.8,14.7,8.4,67,82,52
2019-04-04,12.0,15.4,8.3,69,86,53
2019-04-05,11.8,15.8,8.3,73,85,54
2019-04-06,13.6,17.2,9.7,71,92,50
2019-04-07,14.6,17.1,12.4,71,90,58
2019-04-08,13.1,16.7,10.9,84,94,64
2019-04-09,12.9,15.0,10.8,84,94,72
2019-04-10,14.9,19.4,10.6,77,93,57
2019-04-11,15.2,20.2,10.7,73,99,42
2019-04-12,14.6,17.0,12.3,77,92,65
2019-04-13,13.9,18.9,8.3,76,98,50
2019-04-14,13.6,16.1,11.0,81,93,68
2019-04-15,12.1,13.5,11.0,86,92,79
2019-04-16,12.5,15.2,10.0,80,93,69
2019-04-17,14.0,19.5,8.0,62,99,26
2019-04-18,12.5,16.2,9.4,75,89,55
2019-04-19,14.5,20.3,10.2,69,94,31
2019-04-20,12.0,14.2,9.6,79,93,72
2019-04-21,13.1,18.0,9.3,69,93,43
2019-04-22,14.0,19.1,7.9,67,97,43
2019-04-23,14.4,16.7,12.4,67,83,52
2019-04-24,15.1,19.8,10.8,71,87,54
2019-04-25,16.6,22.0,11.4,78,97,57
2019-04-26,18.6,24.3,13.6,77,95,56
2019-04-27,18.4,23.0,14.1,77,98,57
2019-04-28,18.2,23.3,11.8,61,99,29
2019-04-29,18.9,23.2,13.9,57,81,39
2019-04-30,17.9,22.2,13.4,65,94,40
2019-05-01,16.2,20.4,10.2,55,78,37
2019-05-02,17.5,22.6,12.3,55,76,32
2019-05-03,18.5,23.6,14.1,58,84,34
2019-05-04,17.9,21.7,14.3,64,84,43
2019-05-05,17.3,20.6,14.1,77,91,60
2019-05-06,17.5,21.6,13.5,70,100,40
2019-05-07,14.4,18.7,11.3,55,83,32
2019-05-08,14.9,20.4,9.8,51,76,32
2019-05-09,15.1,19.3,10.6,72,93,50
2019-05-10,18.0,23.3,12.8,65,90,38
2019-05-11,19.1,25.1,12.2,55,84,29
2019-05-12,18.8,23.6,13.4,66,93,44
2019-05-13,18.3,21.2,15.5,68,78,53
2019-05-14,17.8,21.9,13.3,73,91,50
2019-05-15,17.7,21.9,13.6,76,97,49
2019-05-16,18.0,21.2,13.3,76,93,61
2019-05-17,19.1,24.2,12.8,67,93,42
2019-05-18,20.6,25.7,16.1,62,80,41
2019-05-19,21.1,25.7,16.6,66,84,46
2019-05-20,21.0,25.5,15.8,66,92,41
2019-05-21,20.7,25.1,15.7,53,70,34
2019-05-22,21.5,26.4,15.0,55,79,33
2019-05-23,22.1,27.2,17.9,57,75,36
2019-05-24,20.1,25.5,15.6,68,94,40
2019-05-25,21.0,26.5,14.9,60,81,36
2019-05-26,22.0,26.3,17.7,66,84,44
2019-05-27,21.9,25.9,18.8,66,83,45
2019-05-28,22.5,26.5,18.7,65,82,49
2019-05-29,23.2,27.8,19.1,61,86,35
2019-05-30,23.8,28.0,18.7,57,79,33
2019-05-31,22.5,26.5,18.1,60,79,38
2019-06-01,21.3,25.9,16.7,59,76,40
2019-06-02,20.5,24.7,17.0,72,86,58
2019-06-03,20.3,23.5,17.2,70,95,51
2019-06-04,20.5,24.5,15.1,66,93,47
2019-06-05,20.9,23.7,17.7,75,86,61
2019-06-06,22.6,27.4,17.8,74,96,52
2019-06-07,24.9,31.1,18.5,72,98,43
2019-06-08,27.5,34.6,22.0,63,91,31
2019-06-09,27.3,32.4,22.0,55,76,35
2019-06-10,24.7,29.6,20.0,72,96,46
2019-06-11,25.5,29.7,21.1,65,87,42
2019-06-12,26.8,31.2,22.6,63,83,43
2019-06-13,27.5,32.6,22.9,66,89,43
2019-06-14,28.3,34.7,23.8,62,83,36
2019-06-15,28.6,33.4,24.4,58,81,34
2019-06-16,27.1,31.1,23.0,64,87,47
2019-06-17,26.9,31.5,22.2,64,86,42
2019-06-18,25.9,31.1,21.1,65,86,43
2019-06-19,25.5,30.2,21.2,67,88,42
2019-06-20,26.2,30.1,22.5,66,80,52
2019-06-21,27.5,32.4,21.7,60,84,39
2019-06-22,28.2,33.5,23.6,61,85,34
2019-06-23,27.8,32.3,23.3,64,86,41
2019-06-24,27.4,31.7,23.5,64,84,44
2019-06-25,27.7,33.1,22.8,62,83,38
2019-06-26,28.2,32.0,23.5,60,86,40
2019-06-27,29.3,33.8,23.8,54,80,31
2019-06-28,29.5,34.5,24.4,53,77,35
2019-06-29,26.1,30.2,23.0,54,74,33
2019-06-30,25.3,29.0,22.2,65,81,47
2019-07-01,27.4,32.1,23.0,59,80,41
2019-07-02,28.7,33.5,23.8,60,79,42
2019-07-03,29.7,35.6,24.2,62,89,36
2019-07-04,29.2,33.2,24.5,61,84,40
2019-07-05,28.0,31.4,24.0,62,81,45
2019-07-06,29.0,34.6,24.4,56,84,24
2019-07-07,28.6,33.1,24.0,62,88,37
2019-07-08,30.3,35.8,24.8,52,78,26
2019-07-09,28.9,32.5,24.8,62,83,46
2019-07-10,27.7,32.4,22.7,71,91,48
2019-07-11,22.6,27.2,18.4,66,92,36
2019-07-12,23.9,28.1,19.7,60,88,34
2019-07-13,24.6,27.5,20.8,63,83,46
2019-07-14,23.0,27.4,19.1,71,95,41
2019-07-15,22.9,26.6,18.7,63,79,46
2019-07-16,21.3,23.0,19.1,84,93,71
2019-07-17,22.9,27.7,18.7,70,91,45
2019-07-18,24.5,28.9,19.6,65,90,42
2019-07-19,25.0,29.2,20.9,71,90,50
2019-07-20,25.9,30.2,21.2,67,89,44
2019-07-21,26.6,30.6,22.9,67,88,46
2019-07-22,27.2,31.6,22.2,65,85,45
2019-07-23,28.1,33.2,22.0,61,88,33
2019-07-24,27.2,32.2,22.6,59,79,34
2019-07-25,25.4,28.1,22.9,71,87,57
2019-07-26,26.4,30.7,22.1,66,87,47
2019-07-27,26.9,31.8,22.4,68,87,46
2019-07-28,27.2,30.7,24.5,66,85,48
2019-07-29,27.5,31.8,23.8,61,80,41
2019-07-30,28.2,32.2,24.6,58,82,40
2019-07-31,28.9,34.0,23.8,61,87,36
2019-08-01,30.3,35.4,24.6,58,84,33
2019-08-02,29.1,32.9,26.4,65,80,46
2019-08-03,28.7,33.0,24.4,68,91,47
2019-08-04,28.4,32.5,24.1,44,77,25
2019-08-05,25.3,29.5,20.6,61,86,37
2019-08-06,25.5,29.2,22.3,67,86,47
2019-08-07,26.3,30.8,21.8,66,90,43
2019-08-08,27.6,32.9,22.5,63,85,40
2019-08-09,29.3,35.2,24.1,64,88,37
2019-08-10,29.6,34.4,25.1,66,92,42
2019-08-11,29.4,33.7,24.5,63,87,45
2019-08-12,29.8,35.2,24.6,56,78,33
2019-08-13,30.2,35.3,25.8,52,75,32
2019-08-14,27.6,31.4,23.2,63,84,46
2019-08-15,28.1,32.7,24.1,55,79,36
2019-08-16,26.6,31.0,23.0,45,65,30
2019-08-17,25.5,30.6,20.1,55,83,25
2019-08-18,25.6,30.0,22.4,64,87,38
2019-08-19,25.7,30.3,20.8,65,89,42
2019-08-20,26.4,30.8,22.7,64,85,44
2019-08-21,27.5,33.1,21.9,57,87,32
2019-08-22,29.3,35.7,22.8,53,83,27
2019-08-23,30.0,35.1,25.0,50,72,30
2019-08-24,30.3,35.6,25.9,49,72,27
2019-08-25,30.4,35.4,25.9,47,67,30
2019-08-26,30.4,36.3,25.0,47,73,23
2019-08-27,29.9,34.9,26.3,45,65,23
2019-08-28,29.1,34.2,25.3,49,72,25
2019-08-29,28.1,33.7,24.8,50,73,25
2019-08-30,27.7,32.9,23.2,51,77,26
2019-08-31,27.0,32.5,23.3,57,74,28
2019-09-01,26.3,31.8,21.9,61,90,30
2019-09-02,26.3,31.7,21.5,61,89,32
2019-09-03,26.3,32.0,21.5,59,88,30
2019-09-04,27.1,32.9,21.8,51,81,23
2019-09-05,26.4,30.7,22.6,55,75,35
2019-09-06,25.1,28.7,22.6,70,84,50
2019-09-07,24.7,27.6,21.8,65,85,47
2019-09-08,24.1,28.1,20.3,68,85,51
2019-09-09,23.8,26.9,20.9,68,88,50
2019-09-10,24.1,29.1,19.4,70,92,45
2019-09-11,24.7,28.6,21.6,68,91,45
2019-09-12,25.1,29.5,22.0,63,83,37
2019-09-13,24.5,30.5,18.6,52,86,22
2019-09-14,24.7,30.9,17.8,42,65,20
2019-09-15,24.8,30.0,18.4,49,78,29
2019-09-16,23.7,28.7,18.7,68,89,43
2019-09-17,24.3,31.1,17.7,69,99,35
2019-09-18,25.4,32.1,19.4,62,92,30
2019-09-19,23.6,27.9,20.0,63,88,42
2019-09-20,18.6,23.1,13.9,66,93,32
2019-09-21,18.2,21.7,14.3,66,89,40
2019-09-22,18.2,22.4,13.4,74,94,52
2019-09-23,20.0,24.9,14.9,78,98,57
2019-09-24,20.0,23.6,18.1,86,96,67
2019-09-25,19.8,24.8,16.0,84,100,57
2019-09-26,21.6,25.9,17.8,81,99,58
2019-09-27,21.9,26.3,18.1,62,95,37
2019-09-28,20.6,25.2,15.6,75,97,55
2019-09-29,21.6,27.1,16.3,79,99,53
2019-09-30,21.8,27.2,17.2,81,99,55
2019-10-01,23.0,29.2,17.6,75,97,43
2019-10-02,22.8,27.0,19.4,76,92,52
2019-10-03,22.0,25.5,18.7,82,100,62
2019-10-04,18.9,21.8,15.8,81,92,71
2019-10-05,17.7,22.2,13.3,64,78,45
2019-10-06,18.7,23.4,14.3,63,85,38
2019-10-07,15.7,16.5,14.9,78,92,67
2019-10-08,16.2,18.3,14.7,78,93,61
2019-10-09,17.2,20.4,14.6,78,89,65
2019-10-10,18.2,23.7,13.3,83,99,60
2019-10-11,20.8,26.5,16.7,78,97,51
2019-10-12,20.1,23.2,17.5,79,93,61
2019-10-13,19.3,24.6,14.1,81,99,57
2019-10-14,19.7,25.9,14.6,80,99,49
2019-10-15,19.3,25.5,14.0,76,99,39
2019-10-16,19.1,25.2,14.5,79,98,47
2019-10-17,19.2,24.3,15.5,84,100,57
2019-10-18,19.4,23.7,16.3,85,100,60
2019-10-19,19.4,24.0,16.2,83,100,53
2019-10-20,19.2,24.4,15.2,83,100,53
2019-10-21,19.2,25.3,14.7,82,100,50
2019-10-22,19.3,26.1,14.4,78,100,40
2019-10-23,18.8,24.6,14.7,80,100,46
2019-10-24,18.3,25.3,12.5,71,99,32
2019-10-25,18.0,24.5,12.6,70,96,34
2019-10-26,17.6,24.3,12.5,74,97,35
2019-10-27,16.8,22.7,12.0,81,99,49
2019-10-28,17.1,22.5,13.6,84,100,50
2019-10-29,16.7,21.7,13.4,86,100,60
2019-10-30,17.0,22.2,13.2,82,100,47
2019-10-31,15.8,17.0,14.5,91,93,87
2019-11-01,13.9,14.7,12.9,87,93,80
2019-11-02,14.1,15.6,12.9,76,84,68
2019-11-03,15.8,19.0,13.1,78,85,67
2019-11-04,17.8,21.7,14.6,86,96,69
2019-11-05,16.0,20.6,12.6,85,100,59
2019-11-06,16.5,21.9,12.0,83,98,60
2019-11-07,17.3,22.4,13.8,84,98,62
2019-11-08,17.0,19.6,14.4,90,98,77
2019-11-09,15.4,19.4,12.9,88,100,65
2019-11-10,16.4,19.9,13.7,88,96,75
2019-11-11,14.7,19.6,11.6,84,99,60
2019-11-12,16.8,20.8,13.2,83,96,65
2019-11-13,17.0,18.0,15.0,86,94,79
2019-11-14,15.6,17.9,13.8,87,97,71
2019-11-15,15.0,18.8,11.8,87,100,67
2019-11-16,14.7,18.4,11.7,89,99,71
2019-11-17,14.4,17.6,11.6,90,99,74
2019-11-18,15.5,17.4,13.3,94,99,88
2019-11-19,15.2,17.6,13.5,91,98,76
2019-11-20,16.5,18.9,15.0,90,97,77
2019-11-21,15.3,17.5,14.1,92,97,80
2019-11-22,14.3,16.1,12.9,89,96,74
2019-11-23,13.6,15.8,11.3,84,96,68
2019-11-24,13.4,16.3,11.4,85,95,70
2019-11-25,13.2,13.8,12.2,87,88,85
2019-11-26,13.7,15.9,12.4,83,90,72
2019-11-27,13.4,15.9,10.5,86,98,74
2019-11-28,12.9,17.3,8.9,91,100,74
2019-11-29,14.6,18.6,12.0,83,98,58
2019-11-30,13.6,17.6,9.5,72,86,54
2019-12-01,7.6,10.2,4.9,53,74,39
2019-12-02,6.7,10.0,4.0,82,89,75
2019-12-03,8.2,12.9,4.8,81,98,62
2019-12-04,5.0,6.6,2.9,87,97,75
2019-12-05,6.2,9.0,3.6,80,94,60
2019-12-06,6.4,10.3,3.9,85,95,71
2019-12-07,7.0,10.8,4.4,90,98,78
2019-12-08,8.0,14.0,4.6,85,95,65
2019-12-09,7.2,11.4,3.2,92,99,77
2019-12-10,9.3,11.6,7.3,93,97,86
2019-12-11,9.3,11.0,7.5,88,92,86
2019-12-12,8.8,10.8,7.4,90,97,81
2019-12-13,8.9,12.6,6.0,91,100,74
2019-12-14,10.1,12.9,6.2,92,96,89
2019-12-15,11.7,15.8,8.1,84,94,66
2019-12-16,9.0,13.7,5.5,93,100,80
2019-12-17,9.0,13.7,6.2,92,99,80
2019-12-18,8.4,13.4,5.0,90,100,73
2019-12-19,8.2,13.0,4.8,88,99,72
2019-12-20,9.6,14.2,6.7,92,97,79
2019-12-21,11.0,15.2,7.4,92,99,81
2019-12-22,14.5,17.1,13.3,84,91,78
2019-12-23,11.9,15.3,9.5,83,97,63
2019-12-24,9.2,11.6,7.9,66,76,56
2019-12-25,8.3,11.0,5.9,61,68,50
2019-12-26,8.2,11.7,5.3,66,79,54
2019-12-27,6.3,9.2,3.8,64,79,48
2019-12-28,4.9,8.0,2.3,61,74,46
2019-12-29,3.7,7.2,1.2,59,71,44
2019-12-30,3.6,7.7,0.9,58,67,47
2019-12-31,3.1,7.7,0.2,62,73,46
2020-01-01,4.7,8.9,0.4,57,72,47
2020-01-02,3.5,7.5,0.8,65,76,49
2020-01-03,2.8,8.7,-0.8,70,80,47
2020-01-04,4.5,11.3,0.7,58,74,38
2020-01-05,5.3,6.7,3.9,65,78,55
2020-01-06,4.2,7.4,2.0,52,61,39
2020-01-07,2.8,6.4,0.4,57,66,45
2020-01-08,1.6,6.8,-1.7,62,74,41
2020-01-09,1.7,7.3,-1.7,65,78,42
2020-01-10,2.9,9.2,-0.7,71,81,44
2020-01-11,4.4,10.6,0.6,71,82,52
2020-01-12,5.0,7.8,2.9,90,96,80
2020-01-13,5.7,9.7,1.0,91,99,77
2020-01-14,4.6,10.4,0.8,85,99,64
2020-01-15,4.1,10.7,-0.9,85,96,66
2020-01-16,3.9,10.4,-0.4,83,96,60
2020-01-17,3.8,9.4,-0.7,81,95,57
2020-01-18,4.2,7.9,1.5,88,99,71
2020-01-19,4.0,7.6,0.5,83,98,64
2020-01-20,3.6,8.2,0.5,74,92,49
2020-01-21,1.9,7.2,-1.8,69,81,48
2020-01-22,2.9,9.4,-1.5,68,88,41
2020-01-23,4.9,10.3,0.6,56,77,40
2020-01-24,3.1,7.6,0.3,87,98,77
2020-01-25,3.7,9.9,0.1,88,99,66
2020-01-26,6.7,13.2,1.5,83,97,61
2020-01-27,8.9,12.2,6.0,93,98,83
2020-01-28,7.9,13.3,4.2,83,99,59
2020-01-29,10.7,15.3,6.2,76,95,61
2020-01-30,7.4,11.8,3.5,70,100,38
2020-01-31,5.9,11.0,2.5,68,80,53
2020-02-01,8.9,16.8,3.3,68,77,48
2020-02-02,10.1,16.8,4.5,74,89,55
2020-02-03,10.4,16.7,4.7,75,88,52
2020-02-04,11.3,17.3,7.1,73,89,53
2020-02-05,6.6,9.0,4.0,77,94,53
2020-02-06,4.0,6.2,2.1,65,90,45
2020-02-07,3.3,8.2,-0.7,57,64,46
2020-02-08,3.9,6.2,1.0,75,90,66
2020-02-09,4.1,9.2,-0.5,83,97,62
2020-02-10,4.8,11.0,-0.1,85,97,62
2020-02-11,8.7,15.3,3.1,75,92,56
2020-02-12,9.1,12.2,5.6,87,94,74
2020-02-13,8.0,12.3,3.8,82,98,54
2020-02-14,8.7,13.0,5.3,88,96,73
2020-02-15,10.0,14.3,7.7,75,95,45
2020-02-16,8.6,12.5,3.8,79,95,60
2020-02-17,8.0,13.6,1.5,79,100,57
2020-02-18,8.4,14.8,2.5,79,94,58
2020-02-19,9.3,15.4,3.7,78,92,54
2020-02-20,8.0,10.2,6.0,90,99,73
2020-02-21,7.7,12.4,4.4,64,74,43
2020-02-22,7.3,12.1,4.5,61,77,38
2020-02-23,6.9,12.4,1.9,66,84,44
2020-02-24,10.8,19.3,4.3,63,81,39
2020-02-25,10.5,14.6,6.6,68,86,53
2020-02-26,10.6,17.1,4.4,81,99,56
2020-02-27,11.7,14.8,8.1,66,91,33
2020-02-28,8.4,11.9,5.7,63,86,51
2020-02-29,7.8,12.2,5.0,52,71,36
2020-03-01,8.5,13.7,3.6,68,85,48
2020-03-02,10.9,17.9,4.3,76,90,58
2020-03-03,13.6,20.0,6.4,75,97,47
2020-03-04,13.4,14.7,9.6,85,97,74
2020-03-05,10.4,14.2,7.4,68,96,44
2020-03-06,10.2,14.8,6.0,65,83,45
2020-03-07,12.4,18.5,7.1,79,94,53
2020-03-08,12.8,17.3,8.8,86,98,67
2020-03-09,10.0,11.4,8.7,88,94,79
2020-03-10,9.4,13.0,7.0,75,89,56
2020-03-11,10.4,15.7,5.2,62,78,42
2020-03-12,12.6,19.6,6.6,68,83,48
2020-03-13,14.1,21.1,7.8,73,88,50
2020-03-14,14.4,20.4,9.1,74,88,54
2020-03-15,10.4,14.2,7.4,87,93,78
2020-03-16,8.1,11.7,5.6,73,92,47
2020-03-17,9.2,13.0,5.5,67,85,55
2020-03-18,10.2,16.4,3.7,74,99,41
2020-03-19,10.8,15.8,6.2,76,100,41
2020-03-20,12.2,19.5,4.7,70,96,38
2020-03-21,13.3,19.2,8.0,68,86,44
2020-03-22,13.2,18.6,8.1,77,95,53
2020-03-23,7.1,12.1,3.7,88,95,77
2020-03-24,5.5,7.8,3.2,91,94,85
2020-03-25,7.8,10.8,5.5,78,89,62
2020-03-26,8.2,11.0,5.9,83,95,71
2020-03-27,9.0,10.5,8.1,89,97,76
2020-03-28,9.4,11.2,7.7,87,94,78
2020-03-29,11.3,16.6,7.3,80,96,53
2020-03-30,12.5,18.2,6.8,71,92,42
2020-03-31,11.6,16.4,7.2,73,90,59
2020-04-01,7.6,10.3,5.1,85,93,74
2020-04-02,6.9,11.6,3.2,78,98,54
2020-04-03,9.5,12.2,5.8,76,90,63
2020-04-04,9.2,10.5,7.8,89,94,78
2020-04-05,10.1,12.0,8.7,88,92,79
2020-04-06,10.5,13.2,8.3,77,92,51
2020-04-07,11.3,17.1,4.6,63,92,31
2020-04-08,11.4,17.8,4.6,60,84,35
2020-04-09,13.8,19.7,7.5,60,78,38
2020-04-10,15.4,22.4,8.7,59,80,33
2020-04-11,15.9,22.9,8.8,61,84,33
2020-04-12,14.3,18.6,10.8,73,88,54
2020-04-13,14.3,18.5,8.8,70,94,58
2020-04-14,14.9,20.1,9.7,71,97,42
2020-04-15,9.7,13.5,6.5,80,87,66
2020-04-16,10.9,16.1,4.8,73,99,48
2020-04-17,14.1,20.1,8.2,71,89,51
2020-04-18,16.7,23.9,10.3,71,87,47
2020-04-19,16.8,22.5,10.6,76,96,54
2020-04-20,18.0,23.7,13.2,77,93,56
2020-04-21,12.1,15.7,10.2,78,87,72
2020-04-22,10.5,12.7,9.1,75,86,59
2020-04-23,11.8,15.1,8.5,67,84,48
2020-04-24,13.7,18.8,9.1,64,84,42
2020-04-25,15.0,20.7,9.4,70,92,50
2020-04-26,16.7,22.7,10.9,67,88,43
2020-04-27,16.6,21.2,11.9,73,89,54
2020-04-28,16.9,21.3,12.2,79,98,59
2020-04-29,17.5,21.5,12.3,79,100,59
2020-04-30,18.8,23.9,13.0,70,94,42
2020-05-01,19.1,23.6,14.9,67,83,43
2020-05-02,17.4,21.1,13.0,70,90,49
2020-05-03,17.0,21.0,13.0,64,93,42
2020-05-04,16.1,20.0,12.2,49,61,33
2020-05-05,16.8,22.6,11.2,52,72,35
2020-05-06,18.1,24.9,13.3,61,81,39
2020-05-07,15.5,20.3,11.3,48,62,32
2020-05-08,17.2,23.2,11.1,51,68,33
2020-05-09,17.1,21.8,11.5,64,85,44
2020-05-10,18.8,23.8,14.1,65,81,48
2020-05-11,20.3,25.4,15.3,67,87,47
2020-05-12,21.3,28.4,14.0,67,93,39
2020-05-13,21.4,26.2,15.8,63,85,48
2020-05-14,21.5,25.8,16.7,70,86,55
2020-05-15,23.7,30.2,16.9,65,89,39
2020-05-16,26.2,34.2,19.6,54,75,25
2020-05-17,24.5,29.5,19.9,65,85,46
2020-05-18,25.1,30.2,19.8,67,89,43
2020-05-19,24.0,27.7,21.4,65,78,51
2020-05-20,23.5,27.4,19.1,68,86,53
2020-05-21,19.3,21.9,15.9,81,90,67
2020-05-22,17.6,20.5,15.0,69,88,50
2020-05-23,19.4,24.4,12.8,56,91,32
2020-05-24,18.9,22.8,14.9,67,86,48
2020-05-25,18.7,22.3,16.2,59,81,35
2020-05-26,16.4,19.7,12.2,69,91,54
2020-05-27,16.3,20.0,13.2,68,82,52
2020-05-28,16.7,21.0,12.1,66,86,48
2020-05-29,17.9,22.1,13.4,59,75,41
2020-05-30,18.0,22.0,12.8,63,83,45
2020-05-31,18.8,22.8,14.9,67,85,44
2020-06-01,18.2,22.5,13.8,69,89,48
2020-06-02,18.6,23.9,12.2,62,88,39
2020-06-03,18.6,22.9,13.8,55,78,37
2020-06-04,20.1,24.6,15.6,64,80,45
2020-06-05,20.9,25.9,15.0,66,95,32
2020-06-06,20.0,23.0,17.5,77,89,59
2020-06-07,20.7,25.4,15.8,73,93,50
2020-06-08,23.0,27.8,18.6,69,89,48
2020-06-09,23.2,27.6,18.3,72,94,52
2020-06-10,23.2,28.0,18.5,72,97,50
2020-06-11,22.5,26.9,17.3,64,90,38
2020-06-12,21.5,26.6,17.0,58,80,35
2020-06-13,23.4,28.5,17.4,57,77,37
2020-06-14,25.4,31.0,19.2,57,77,37
2020-06-15,25.2,30.1,19.2,53,78,30
2020-06-16,23.9,27.6,20.3,64,82,49
2020-06-17,23.4,27.5,19.4,64,86,41
2020-06-18,24.5,29.7,18.5,60,86,36
2020-06-19,26.0,31.7,20.2,51,79,25
2020-06-20,25.8,31.0,19.9,52,75,29
2020-06-21,23.3,26.2,20.9,61,72,51
2020-06-22,22.7,27.2,18.6,60,81,43
2020-06-23,22.9,26.2,19.2,68,86,52
2020-06-24,23.4,28.1,19.3,72,88,53
2020-06-25,25.6,29.8,21.4,66,86,47
2020-06-26,26.0,29.1,23.0,66,84,49
2020-06-27,25.7,29.3,22.0,65,89,45
2020-06-28,26.2,30.3,22.9,58,77,42
2020-06-29,27.0,31.6,21.9,57,77,39
2020-06-30,29.1,35.0,23.4,55,80,31
2020-07-01,28.8,33.9,23.3,59,85,36
2020-07-02,28.3,31.7,24.7,65,83,48
2020-07-03,28.4,32.3,24.3,64,83,48
2020-07-04,28.6,33.5,24.1,62,86,37
2020-07-05,26.9,31.1,22.8,66,84,49
2020-07-06,27.1,32.3,22.4,63,88,39
2020-07-07,27.1,30.9,23.5,60,76,43
2020-07-08,23.6,28.9,19.2,54,81,35
2020-07-09,24.2,27.7,20.3,70,91,53
2020-07-10,26.2,30.7,22.8,61,77,42
2020-07-11,25.4,29.3,21.3,66,81,52
2020-07-12,27.2,32.1,22.9,63,79,46
2020-07-13,25.4,30.4,20.7,46,75,23
2020-07-14,22.3,24.1,19.6,63,80,55
2020-07-15,23.2,26.5,19.4,63,84,48
2020-07-16,24.4,28.6,20.7,65,85,45
2020-07-17,24.9,28.5,20.8,68,90,50
2020-07-18,24.6,28.5,20.9,67,86,48
2020-07-19,24.6,28.8,20.8,67,85,48
2020-07-20,26.2,31.6,21.0,56,85,30
2020-07-21,25.9,30.3,20.5,60,80,39
2020-07-22,27.0,31.5,22.1,62,92,38
2020-07-23,28.7,33.4,25.0,52,71,31
2020-07-24,27.4,31.1,22.8,57,78,41
2020-07-25,26.7,30.4,22.3,60,79,46
2020-07-26,26.1,29.4,22.6,67,84,51
2020-07-27,27.9,33.4,22.2,55,85,30
2020-07-28,28.4,34.2,23.1,49,66,29
2020-07-29,29.0,34.2,23.9,56,82,34
2020-07-30,29.9,35.3,25.2,53,75,32
2020-07-31,31.2,36.4,26.6,51,74,31
2020-08-01,30.6,36.5,25.9,54,77,29
2020-08-02,27.7,31.5,24.7,60,77,42
2020-08-03,26.5,29.1,22.8,62,80,49
2020-08-04,26.2,29.6,23.3,67,82,50
2020-08-05,26.2,29.7,23.0,70,89,52
2020-08-06,24.8,27.9,21.5,69,94,50
2020-08-07,23.4,27.2,20.2,75,94,55
2020-08-08,24.4,29.4,20.0,75,92,52
2020-08-09,26.3,31.7,22.2,65,84,39
2020-08-10,26.6,31.9,21.7,63,88,35
2020-08-11,27.2,31.6,22.5,63,86,42
2020-08-12,27.6,32.0,22.4,64,84,44
2020-08-13,27.0,30.7,23.3,66,82,47
2020-08-14,26.9,29.7,24.7,69,80,54
2020-08-15,25.9,29.7,23.1,69,92,44
2020-08-16,24.5,28.1,21.1,70,91,51
2020-08-17,24.6,27.3,22.1,69,82,54
2020-08-18,24.8,28.5,21.1,71,86,55
2020-08-19,25.9,29.9,21.8,70,90,54
2020-08-20,26.2,31.0,21.2,52,72,32
2020-08-21,26.9,32.6,21.6,52,73,32
2020-08-22,28.1,33.0,23.7,55,78,35
2020-08-23,27.3,32.1,22.0,61,80,42
2020-08-24,27.3,31.9,23.3,65,84,44
2020-08-25,26.6,30.3,23.3,71,87,53
2020-08-26,25.6,30.5,21.6,63,83,38
2020-08-27,26.8,32.8,20.9,57,82,27
2020-08-28,27.5,33.1,22.5,55,79,30
2020-08-29,27.9,33.8,21.9,53,76,29
2020-08-30,27.9,33.9,22.5,53,78,29
2020-08-31,28.4,34.9,22.1,53,81,26
2020-09-01,27.5,32.7,22.6,64,87,40
2020-09-02,27.7,33.4,22.5,62,91,36
2020-09-03,28.0,33.6,22.4,58,84,32
2020-09-04,26.0,29.8,22.2,41,63,23
2020-09-05,24.8,30.1,19.7,41,67,25
2020-09-06,25.0,29.8,19.3,56,77,35
2020-09-07,25.6,31.4,20.1,62,87,35
2020-09-08,27.5,33.6,21.5,54,80,29
2020-09-09,27.5,32.9,22.1,57,85,32
2020-09-10,26.6,31.0,23.3,61,75,41
2020-09-11,26.1,30.6,22.4,67,88,45
2020-09-12,26.7,32.0,22.1,56,83,29
2020-09-13,27.1,32.6,22.4,52,80,25
2020-09-14,27.1,32.2,21.3,49,83,22
2020-09-15,26.2,31.2,21.3,50,77,25
2020-09-16,25.8,30.0,22.8,56,75,38
2020-09-17,24.6,28.3,22.0,66,79,48
2020-09-18,25.1,28.4,21.6,63,85,40
2020-09-19,24.3,28.6,21.3,56,72,33
2020-09-20,21.6,26.0,18.2,61,77,41
2020-09-21,21.8,26.9,17.1,61,90,35
2020-09-22,21.8,26.3,17.7,69,87,46
2020-09-23,22.5,26.8,17.7,74,99,50
2020-09-24,23.4,28.3,18.7,68,95,41
2020-09-25,23.7,28.7,18.8,61,84,37
2020-09-26,23.1,26.6,20.5,63,81,45
2020-09-27,20.8,24.9,15.6,54,81,35
2020-09-28,22.5,27.2,18.5,71,90,47
2020-09-29,21.8,25.7,17.6,61,95,30
2020-09-30,19.3,23.1,15.6,49,64,33
2020-10-01,18.7,23.5,14.3,57,78,34
2020-10-02,20.0,25.6,13.4,67,94,41
2020-10-03,21.0,26.8,15.8,76,95,50
2020-10-04,22.1,27.3,17.6,82,100,58
2020-10-05,23.2,28.7,18.6,79,97,54
2020-10-06,24.2,29.5,20.0,72,92,43
2020-10-07,22.8,26.9,17.9,69,90,48
2020-10-08,19.6,22.0,16.3,62,81,44
2020-10-09,19.1,23.4,15.7,53,68,38
2020-10-10,19.1,24.2,14.0,59,79,39
2020-10-11,19.3,23.6,14.5,77,94,59
2020-10-12,19.9,23.8,16.1,81,98,55
2020-10-13,20.2,22.5,17.4,67,93,41
2020-10-14,18.6,22.4,15.6,59,73,41
2020-10-15,18.3,22.7,14.3,69,86,46
2020-10-16,20.2,25.5,16.3,73,91,45
2020-10-17,19.0,22.9,14.8,72,94,42
2020-10-18,17.1,21.5,13.5,57,77,38
2020-10-19,15.7,19.4,12.0,55,72,35
2020-10-20,15.3,19.7,11.1,66,89,40
2020-10-21,15.4,20.9,9.1,64,97,36
2020-10-22,16.4,22.6,11.3,60,84,32
2020-10-23,16.8,24.2,10.3,62,90,32
2020-10-24,17.5,24.1,12.1,61,78,35
2020-10-25,15.9,19.5,13.0,73,90,54
2020-10-26,15.6,21.3,9.7,64,89,38
2020-10-27,15.5,21.0,9.7,75,97,50
2020-10-28,15.9,20.8,11.6,80,97,52
2020-10-29,16.7,22.1,11.9,73,95,43
2020-10-30,15.9,20.1,12.6,66,97,38
2020-10-31,15.4,20.5,11.2,59,72,42
2020-11-01,15.6,20.4,12.4,62,89,32
2020-11-02,15.0,19.4,10.4,81,100,58
2020-11-03,15.7,20.1,12.3,79,96,57
2020-11-04,15.8,19.6,12.7,84,93,69
2020-11-05,14.8,16.0,13.0,81,89,74
2020-11-06,13.4,18.2,9.1,74,98,45
2020-11-07,12.8,17.5,7.6,70,91,47
2020-11-08,12.6,17.4,8.2,75,95,52
2020-11-09,12.1,17.4,6.9,76,98,51
2020-11-10,12.2,17.2,6.7,78,100,54
2020-11-11,13.3,16.3,9.9,77,97,57
2020-11-12,13.1,16.9,9.1,74,96,48
2020-11-13,12.7,16.7,9.8,77,91,57
2020-11-14,12.1,17.5,6.7,73,95,46
2020-11-15,12.0,16.1,8.1,82,99,60
2020-11-16,11.1,16.2,7.3,84,99,62
2020-11-17,12.3,16.4,9.0,85,98,68
2020-11-18,12.1,15.7,9.7,87,98,69
2020-11-19,11.4,15.6,7.8,78,97,51
2020-11-20,10.0,13.7,5.5,75,96,55
2020-11-21,7.8,12.5,3.9,76,93,47
2020-11-22,9.3,13.0,7.0,68,82,49
2020-11-23,8.7,13.4,4.2,76,97,52
2020-11-24,8.5,14.0,4.8,78,98,52
2020-11-25,8.2,12.7,4.1,74,93,48
2020-11-26,7.0,13.6,3.1,73,98,37
2020-11-27,6.9,14.1,2.3,73,95,38
2020-11-28,6.7,13.3,1.7,72,92,43
2020-11-29,7.9,12.7,4.1,84,94,69
2020-11-30,7.2,8.9,6.1,82,92,64
2020-12-01,5.7,7.5,3.7,67,84,62
2020-12-02,7.0,8.1,6.1,83,88,75
2020-12-03,8.4,10.4,7.1,78,83,71
2020-12-04,9.8,11.5,8.5,89,98,83
2020-12-05,10.4,14.1,7.9,94,98,82
2020-12-06,11.4,13.6,9.5,90,97,81
2020-12-07,10.5,12.0,7.4,90,98,82
2020-12-08,7.9,12.9,4.4,88,100,65
2020-12-09,11.4,14.6,8.0,91,94,87
2020-12-10,12.7,14.6,8.5,88,97,78
2020-12-11,8.7,12.1,4.9,89,100,69
2020-12-12,10.1,12.5,8.0,87,97,71
2020-12-13,9.6,13.1,7.0,88,95,73
2020-12-14,8.1,9.9,7.0,85,88,80
2020-12-15,9.4,13.1,7.2,74,88,63
2020-12-16,8.2,11.6,5.1,91,99,82
2020-12-17,9.9,12.4,7.7,91,96,80
2020-12-18,7.7,11.6,5.0,89,100,70
2020-12-19,7.5,11.3,4.4,92,99,78
2020-12-20,8.2,10.7,6.2,92,100,80
2020-12-21,9.4,10.7,8.5,88,94,79
2020-12-22,9.3,10.8,8.3,88,92,77
2020-12-23,9.0,13.2,5.8,87,99,67
2020-12-24,8.4,13.4,4.0,86,99,70
2020-12-25,8.4,13.7,4.9,92,100,76
2020-12-26,9.3,13.9,5.9,95,100,83
2020-12-27,11.7,15.3,8.7,94,99,83
2020-12-28,10.8,13.5,8.3,80,94,65
2020-12-29,12.9,15.5,11.3,79,87,68
2020-12-30,12.0,15.8,8.8,83,92,65
2020-12-31,12.0,15.5,8.9,81,94,61
2021-01-01,8.9,12.7,5.3,80,96,57
2021-01-02,7.6,12.3,3.4,89,100,71
2021-01-03,11.8,15.2,9.4,89,98,73
2021-01-04,10.8,13.6,8.6,94,98,87
2021-01-05,7.6,11.7,3.7,87,100,64
2021-01-06,9.4,14.5,5.4,83,93,67
2021-01-07,11.8,15.3,8.5,86,92,73
2021-01-08,13.5,17.3,10.2,82,94,67
2021-01-09,11.9,14.0,10.4,83,94,67
2021-01-10,10.2,11.3,9.5,92,95,88
2021-01-11,11.5,14.7,9.4,94,98,86
2021-01-12,10.0,11.6,6.6,85,97,69
2021-01-13,6.7,10.5,3.8,65,76,51
2021-01-14,4.7,7.4,1.6,59,82,41
2021-01-15,3.5,6.1,0.7,65,87,46
2021-01-16,1.4,2.7,-0.2,67,85,46
2021-01-17,-0.9,3.2,-4.3,55,69,37
2021-01-18,-0.4,3.0,-3.1,62,78,44
2021-01-19,-0.0,4.8,-2.6,61,73,44
2021-01-20,2.3,7.6,-1.1,65,80,45
2021-01-21,3.6,9.7,-0.5,82,94,67
2021-01-22,6.3,13.1,0.6,87,98,72
2021-01-23,8.7,13.5,4.2,89,100,69
2021-01-24,9.9,13.3,5.0,86,99,68
2021-01-25,11.5,14.6,7.6,72,93,43
2021-01-26,7.5,11.9,3.6,84,93,71
2021-01-27,3.7,6.2,2.6,55,67,39
2021-01-28,3.2,7.0,0.4,51,61,35
2021-01-29,5.0,10.0,0.2,64,84,49
2021-01-30,7.6,13.0,4.3,79,96,53
2021-01-31,7.9,13.5,2.9,80,92,66
2021-02-01,11.7,15.3,8.6,86,98,66
2021-02-02,10.2,15.4,4.9,87,99,69
2021-02-03,9.6,15.1,5.4,91,100,71
2021-02-04,10.2,16.3,5.2,86,100,63
2021-02-05,10.7,16.7,5.4,81,94,60
2021-02-06,10.3,16.0,6.1,90,100,68
2021-02-07,10.3,16.6,4.8,87,100,68
2021-02-08,11.8,15.8,8.9,87,96,75
2021-02-09,12.4,16.1,9.4,79,91,64
2021-02-10,12.1,15.9,8.2,77,93,55
2021-02-11,10.9,15.6,6.2,79,89,65
2021-02-12,4.4,7.2,1.9,48,67,34
2021-02-13,1.5,2.5,-0.5,64,82,47
2021-02-14,-2.4,-0.6,-3.6,79,86,73
2021-02-15,-1.8,2.2,-6.5,61,75,45
2021-02-16,-0.5,3.4,-3.4,59,66,45
2021-02-17,1.7,4.5,-1.1,65,79,44
2021-02-18,5.5,11.8,0.0,67,80,48
2021-02-19,6.5,13.1,1.0,72,87,48
2021-02-20,8.6,12.2,6.3,83,93,62
2021-02-21,7.2,10.5,4.1,87,98,70
2021-02-22,7.3,13.3,2.6,84,100,61
2021-02-23,9.5,17.5,3.4,73,89,47
2021-02-24,10.7,17.9,4.3,71,93,47
2021-02-25,10.5,16.5,5.1,85,100,59
2021-02-26,10.7,17.1,5.0,83,100,58
2021-02-27,12.1,19.3,6.2,76,92,52
2021-02-28,9.4,11.9,6.4,71,90,62
2021-03-01,8.0,14.0,2.2,73,100,38
2021-03-02,8.8,13.2,5.4,68,89,39
2021-03-03,9.3,16.4,2.6,64,84,38
2021-03-04,10.6,16.2,4.8,66,82,47
2021-03-05,11.0,17.3,5.7,69,88,39
2021-03-06,10.6,15.2,6.5,63,81,48
2021-03-07,7.5,9.0,5.4,62,82,50
2021-03-08,9.0,12.5,6.1,76,89,60
2021-03-09,10.6,13.8,7.7,78,93,62
2021-03-10,10.3,13.0,8.0,84,94,75
2021-03-11,7.1,11.5,3.7,62,87,39
2021-03-12,7.8,12.5,3.6,72,86,54
2021-03-13,9.7,15.8,4.3,78,93,58
2021-03-14,10.9,16.5,4.6,84,100,60
2021-03-15,11.2,14.8,8.5,80,100,48
2021-03-16,8.8,11.8,6.8,54,67,39
2021-03-17,9.4,12.3,7.1,45,54,33
2021-03-18,8.8,13.0,4.9,49,61,32
2021-03-19,8.7,12.7,5.1,68,86,46
2021-03-20,6.8,7.5,5.7,88,94,86
2021-03-21,6.5,8.2,5.4,88,95,78
2021-03-22,6.9,8.9,5.6,83,95,67
2021-03-23,6.2,9.7,3.5,67,79,52
2021-03-24,6.1,10.1,2.2,51,69,31
2021-03-25,5.5,9.9,1.0,56,75,31
2021-03-26,7.7,13.2,2.2,57,75,37
2021-03-27,9.9,15.2,4.1,64,82,43
2021-03-28,11.9,18.5,5.3,68,88,45
2021-03-29,12.4,18.5,6.3,65,83,37
2021-03-30,12.0,17.4,6.5,68,92,37
2021-03-31,11.7,17.4,5.5,63,95,28
2021-04-01,11.5,17.2,8.4,69,87,42
2021-04-02,12.2,19.3,5.9,77,100,51
2021-04-03,15.1,20.4,10.4,70,85,49
2021-04-04,13.0,16.4,8.7,70,83,59
2021-04-05,10.0,14.6,6.4,61,82,39
2021-04-06,11.7,15.5,9.1,79,92,62
2021-04-07,13.2,17.8,8.1,77,96,60
2021-04-08,8.3,12.2,5.7,49,64,26
2021-04-09,8.5,13.7,3.0,46,70,25
2021-04-10,9.5,14.5,4.7,60,78,38
2021-04-11,11.3,16.3,5.8,67,89,47
2021-04-12,13.0,18.1,8.1,69,91,49
2021-04-13,13.3,17.5,10.2,75,90,59
2021-04-14,13.7,19.4,7.6,68,100,34
2021-04-15,12.7,17.4,7.7,47,60,29
2021-04-16,11.0,14.7,7.5,64,93,46
2021-04-17,12.4,16.2,9.2,77,96,56
2021-04-18,13.6,18.0,10.3,75,88,55
2021-04-19,12.8,16.3,9.7,88,98,70
2021-04-20,12.1,18.0,6.4,71,96,42
2021-04-21,13.8,18.7,7.7,63,88,35
2021-04-22,15.2,19.3,10.4,64,82,44
2021-04-23,13.7,15.9,11.5,83,93,68
2021-04-24,12.9,15.3,10.8,86,95,68
2021-04-25,14.2,18.2,11.5,77,94,50
2021-04-26,14.6,18.9,10.2,76,99,57
2021-04-27,15.3,19.9,11.1,71,91,49
2021-04-28,16.1,21.6,10.4,71,94,51
2021-04-29,18.0,23.1,13.1,77,92,58
2021-04-30,19.6,25.2,13.2,74,100,51
2021-05-01,20.3,26.3,12.9,74,100,51
2021-05-02,22.2,28.3,15.5,68,89,48
2021-05-03,23.4,28.4,18.2,49,75,28
2021-05-04,19.8,22.1,16.7,60,81,50
2021-05-05,19.3,23.0,15.8,60,74,46
2021-05-06,21.3,27.3,14.1,53,81,28
2021-05-07,19.7,24.4,15.2,65,83,44
2021-05-08,20.9,25.5,15.1,57,89,33
2021-05-09,17.4,19.3,14.8,64,82,55
2021-05-10,17.3,21.0,14.0,63,79,48
2021-05-11,18.0,22.1,14.5,64,81,51
2021-05-12,18.5,22.4,15.0,60,79,40
2021-05-13,20.1,25.2,15.3,56,76,32
2021-05-14,20.4,25.4,14.5,51,75,27
2021-05-15,18.1,19.9,16.3,69,79,55
2021-05-16,19.6,26.5,13.8,62,85,29
2021-05-17,21.6,26.4,16.8,57,76,38
2021-05-18,22.0,26.2,16.7,52,78,27
2021-05-19,21.6,26.8,15.9,53,78,33
2021-05-20,21.1,25.4,15.7,50,86,23
2021-05-21,18.6,23.2,13.9,47,64,29
2021-05-22,19.5,25.0,13.7,57,79,34
2021-05-23,21.3,27.1,14.9,59,87,37
2021-05-24,24.7,32.9,16.7,54,84,29
2021-05-25,23.9,27.9,20.3,60,77,46
2021-05-26,23.9,30.3,18.5,62,82,38
2021-05-27,23.6,27.6,20.5,62,80,43
2021-05-28,22.4,26.5,18.4,56,86,32
2021-05-29,21.8,27.3,16.3,47,66,29
2021-05-30,20.5,23.0,17.9,65,85,43
2021-05-31,19.3,23.9,15.0,60,88,31
2021-06-01,18.1,22.4,13.6,53,83,34
2021-06-02,19.1,24.7,13.8,53,77,29
2021-06-03,21.4,26.9,15.6,53,82,25
2021-06-04,21.3,27.6,15.4,56,86,26
2021-06-05,21.3,26.1,15.9,67,97,40
2021-06-06,22.8,28.3,17.6,64,86,41
2021-06-07,22.8,27.0,18.7,70,87,51
2021-06-08,21.4,25.4,18.1,78,97,55
2021-06-09,22.3,25.9,17.3,72,94,55
2021-06-10,22.9,27.4,17.1,65,91,46
2021-06-11,22.5,26.2,17.6,68,92,51
2021-06-12,22.1,26.1,17.6,70,94,51
2021-06-13,23.1,28.2,17.7,58,84,38
2021-06-14,20.8,24.4,17.4,48,64,35
2021-06-15,20.3,24.8,15.5,51,69,32
2021-06-16,23.5,29.6,16.9,51,69,34
2021-06-17,23.9,28.5,18.8,65,87,46
2021-06-18,25.4,30.5,20.0,59,81,36
2021-06-19,25.1,30.1,21.0,64,84,43
2021-06-20,24.4,29.2,20.2,70,88,47
2021-06-21,24.7,29.2,20.6,76,99,55
2021-06-22,26.1,31.6,21.2,72,91,49
2021-06-23,29.1,34.9,23.8,66,86,46
2021-06-24,29.2,35.3,23.4,63,80,43
2021-06-25,30.4,37.0,25.0,62,86,36
2021-06-26,30.4,36.6,25.5,53,83,25
2021-06-27,28.3,33.3,23.2,68,96,40
2021-06-28,28.5,32.6,25.1,67,87,45
2021-06-29,28.0,32.0,24.5,70,90,48
2021-06-30,28.3,33.1,23.8,65,89,43
2021-07-01,29.5,34.8,24.2,65,86,44
2021-07-02,29.0,33.1,24.4,43,83,25
2021-07-03,27.1,31.2,22.8,38,55,25
2021-07-04,26.9,32.6,20.9,40,69,23
2021-07-05,27.2,31.9,22.0,54,79,33
2021-07-06,29.0,35.0,22.0,51,84,23
2021-07-07,29.6,35.2,23.5,53,84,28
2021-07-08,29.2,32.9,26.0,61,80,44
2021-07-09,27.6,30.9,24.3,67,88,51
2021-07-10,27.5,31.8,24.6,56,78,40
2021-07-11,27.6,32.4,23.4,55,81,32
2021-07-12,28.4,32.8,24.5,53,74,35
2021-07-13,28.4,33.1,23.1,61,87,37
2021-07-14,29.4,34.7,24.2,57,84,34
2021-07-15,29.1,33.5,24.7,60,81,44
2021-07-16,29.2,34.1,24.2,57,83,37
2021-07-17,28.9,33.6,24.1,55,80,33
2021-07-18,26.3,29.8,23.0,72,93,55
2021-07-19,26.8,31.4,22.9,68,90,45
2021-07-20,28.2,32.9,23.4,62,89,36
2021-07-21,28.8,34.0,23.9,42,65,22
2021-07-22,26.4,31.9,21.5,43,65,27
2021-07-23,25.9,29.8,21.7,60,87,38
2021-07-24,25.6,29.4,22.1,63,82,45
2021-07-25,26.7,31.6,22.2,59,82,36
2021-07-26,27.0,31.7,22.1,60,82,42
2021-07-27,28.6,34.1,22.9,58,85,35
2021-07-28,29.9,35.8,24.0,57,86,33
2021-07-29,30.7,37.1,24.1,55,83,29
2021-07-30,31.6,38.8,24.7,52,83,23
2021-07-31,31.9,38.7,24.6,48,83,22
2021-08-01,31.3,36.7,25.6,53,81,31
2021-08-02,32.1,39.0,26.1,54,81,25
2021-08-03,33.7,40.6,26.3,34,66,14
2021-08-04,32.4,38.2,25.1,47,72,24
2021-08-05,32.0,37.5,26.1,54,84,27
2021-08-06,31.2,34.6,27.3,38,66,22
2021-08-07,29.8,35.0,24.3,30,54,17
2021-08-08,28.3,33.2,22.5,56,83,32
2021-08-09,29.9,36.7,23.3,59,90,32
2021-08-10,30.8,37.1,24.4,56,88,30
2021-08-11,30.0,36.4,25.7,60,80,31
2021-08-12,27.9,31.7,23.5,66,92,43
2021-08-13,28.1,31.6,24.4,64,88,45
2021-08-14,26.2,29.9,23.7,70,85,54
2021-08-15,27.0,31.2,23.6,65,83,45
2021-08-16,27.4,31.6,23.6,64,88,43
2021-08-17,27.8,32.9,23.2,65,90,39
2021-08-18,27.8,33.0,23.0,68,90,42
2021-08-19,25.7,29.4,22.7,63,88,50
2021-08-20,25.0,27.2,22.9,73,89,61
2021-08-21,25.8,28.9,22.7,65,85,48
2021-08-22,26.5,31.7,21.4,59,85,34
2021-08-23,26.6,31.3,22.6,61,81,40
2021-08-24,26.4,31.6,22.5,62,82,40
2021-08-25,26.6,31.4,22.0,63,90,39
2021-08-26,26.6,31.4,21.7,68,93,43
2021-08-27,26.9,31.3,22.5,70,92,45
2021-08-28,27.0,31.6,22.4,67,89,43
2021-08-29,27.0,31.2,23.1,67,89,39
2021-08-30,26.2,31.3,21.7,47,79,19
2021-08-31,25.0,29.4,19.5,61,86,38
2021-09-01,25.7,30.4,21.2,57,96,26
2021-09-02,24.0,28.6,19.4,39,52,26
2021-09-03,22.8,26.7,18.7,50,77,39
2021-09-04,21.9,24.9,18.2,75,93,59
2021-09-05,21.7,25.7,18.5,79,98,56
2021-09-06,22.3,27.3,17.5,67,98,30
2021-09-07,22.2,25.5,19.0,50,72,30
2021-09-08,19.6,22.4,16.3,64,89,48
2021-09-09,19.4,23.2,16.2,71,89,50
2021-09-10,21.0,25.2,17.8,65,83,45
2021-09-11,21.6,26.0,16.8,74,97,50
2021-09-12,22.4,27.1,17.9,68,98,37
2021-09-13,23.1,27.9,18.2,53,76,31
2021-09-14,23.8,30.1,17.7,54,78,28
2021-09-15,23.4,28.6,18.4,62,86,35
2021-09-16,23.9,30.1,18.8,66,89,36
2021-09-17,24.9,30.3,20.7,67,87,42
2021-09-18,25.8,31.2,20.8,62,87,33
2021-09-19,24.4,29.4,20.0,67,86,45
2021-09-20,25.1,30.8,20.3,70,91,44
2021-09-21,23.9,28.4,19.6,52,79,33
2021-09-22,19.0,22.3,15.0,69,87,53
2021-09-23,16.4,21.2,12.3,53,66,32
2021-09-24,17.5,23.7,11.7,54,74,31
2021-09-25,21.0,28.7,14.5,55,83,28
2021-09-26,21.2,27.6,15.8,70,88,40
2021-09-27,21.4,27.6,15.4,73,98,43
2021-09-28,20.9,24.0,17.4,77,93,58
2021-09-29,19.3,21.5,17.4,78,94,60
2021-09-30,18.1,19.1,16.9,71,81,60
2021-10-01,17.5,19.4,15.5,73,86,58
2021-10-02,17.5,20.7,15.1,66,86,46
2021-10-03,17.0,21.4,12.5,71,93,46
2021-10-04,17.0,22.0,12.0,78,99,51
2021-10-05,17.0,21.5,12.4,82,100,60
2021-10-06,16.8,19.2,14.3,75,90,58
2021-10-07,16.0,18.0,14.0,73,86,60
2021-10-08,14.9,16.0,14.2,84,92,75
2021-10-09,14.6,15.6,13.6,87,94,79
2021-10-10,14.7,15.9,13.9,92,96,85
2021-10-11,16.1,19.7,14.1,88,96,72
2021-10-12,14.2,15.5,13.1,82,98,66
2021-10-13,14.1,18.1,10.3,65,78,47
2021-10-14,10.8,13.9,9.3,85,91,64
2021-10-15,11.4,14.3,9.2,91,95,86
2021-10-16,13.2,16.2,11.1,80,94,65
2021-10-17,14.2,17.3,11.5,76,83,67
2021-10-18,14.8,18.0,11.9,87,97,78
2021-10-19,14.6,18.8,10.9,79,100,49
2021-10-20,13.7,17.6,9.8,86,98,67
2021-10-21,14.3,17.7,11.1,88,100,71
2021-10-22,14.6,19.8,10.5,84,99,60
2021-10-23,15.7,21.5,10.5,81,98,58
2021-10-24,14.9,17.0,13.3,71,89,52
2021-10-25,13.2,15.2,11.0,65,77,47
2021-10-26,10.7,14.7,7.4,73,88,53
2021-10-27,11.0,16.1,6.2,75,92,53
2021-10-28,11.7,16.3,5.9,78,100,56
2021-10-29,11.8,16.2,7.4,78,100,55
2021-10-30,11.8,16.8,7.1,75,96,52
2021-10-31,12.2,16.6,8.2,77,93,56
2021-11-01,12.1,16.8,7.6,80,99,53
2021-11-02,12.5,15.6,9.2,92,97,87
2021-11-03,13.4,19.8,8.2,88,99,65
2021-11-04,15.4,19.7,12.8,90,99,72
2021-11-05,15.5,20.0,12.5,91,100,72
2021-11-06,16.7,23.7,11.7,86,100,61
2021-11-07,17.1,20.3,14.8,86,93,73
2021-11-08,15.0,19.8,11.7,87,100,64
2021-11-09,15.6,19.7,12.4,86,98,70
2021-11-10,12.3,13.3,11.3,70,83,59
2021-11-11,11.4,14.1,8.6,69,83,57
2021-11-12,10.8,14.6,6.2,73,98,50
2021-11-13,9.9,14.6,4.7,81,98,59
2021-11-14,10.3,14.3,6.8,85,99,66
2021-11-15,11.5,14.8,9.1,86,96,71
2021-11-16,11.5,14.1,8.7,79,97,59
2021-11-17,10.8,12.9,8.6,82,92,69
2021-11-18,11.8,14.4,9.8,84,92,69
2021-11-19,10.0,13.1,7.6,68,92,50
2021-11-20,10.5,15.9,7.0,66,79,53
2021-11-21,10.3,15.3,5.3,81,99,59
2021-11-22,10.8,15.4,7.4,90,98,76
2021-11-23,12.4,15.4,10.2,90,97,79
2021-11-24,11.0,12.3,9.7,86,93,72
2021-11-25,10.0,11.4,9.0,75,84,64
2021-11-26,9.1,10.5,7.9,88,98,78
2021-11-27,11.2,16.1,7.5,91,100,73
2021-11-28,13.3,15.9,10.2,86,93,71
2021-11-29,14.0,17.1,10.1,80,99,63
2021-11-30,8.5,11.9,4.6,65,90,45
2021-12-01,5.8,10.5,1.6,65,80,52
2021-12-02,7.2,12.6,2.4,83,98,63
2021-12-03,11.3,16.4,7.1,86,94,70
2021-12-04,10.4,13.2,6.7,87,96,68
2021-12-05,8.8,13.4,5.6,88,97,71
2021-12-06,10.9,15.6,6.9,91,97,78
2021-12-07,8.3,11.0,4.4,88,97,67
2021-12-08,6.1,9.8,4.2,66,81,52
2021-12-09,7.3,12.4,2.8,82,91,67
2021-12-10,11.6,13.8,8.8,81,96,66
2021-12-11,10.7,13.6,6.1,90,96,82
2021-12-12,9.5,12.0,6.8,84,94,72
2021-12-13,4.0,6.3,3.0,83,92,72
2021-12-14,4.1,6.0,2.8,86,93,73
2021-12-15,5.1,8.3,2.6,72,86,57
2021-12-16,4.8,8.3,2.3,69,77,59
2021-12-17,6.0,9.9,3.2,71,82,59
2021-12-18,5.1,8.1,2.9,62,73,48
2021-12-19,3.6,7.0,0.9,67,79,53
2021-12-20,5.2,10.3,1.4,66,82,50
2021-12-21,3.8,6.8,0.8,55,68,41
2021-12-22,1.2,5.5,-1.3,66,83,43
2021-12-23,0.5,5.0,-2.6,72,91,45
2021-12-24,1.4,6.9,-1.4,85,95,66
2021-12-25,3.3,9.5,-0.3,86,98,63
2021-12-26,5.9,12.5,1.1,88,96,75
2021-12-27,8.5,13.4,5.0,95,99,87
2021-12-28,7.9,12.4,4.2,96,100,85
2021-12-29,8.9,12.2,6.2,94,99,85
2021-12-30,8.6,11.5,6.5,74,87,59
2021-12-31,8.7,13.1,5.2,72,83,58
2022-01-01,9.4,16.1,4.2,76,89,60
2022-01-02,11.4,15.6,7.8,75,87,62
2022-01-03,8.3,13.2,4.5,85,97,70
2022-01-04,8.7,14.4,4.8,75,85,56
2022-01-05,7.7,13.8,3.7,87,97,71
2022-01-06,7.7,13.6,3.8,93,100,76
2022-01-07,7.9,11.1,5.3,88,100,71
2022-01-08,8.9,10.4,8.0,92,97,86
2022-01-09,9.3,11.3,8.2,93,98,82
2022-01-10,8.6,9.5,7.5,93,98,89
2022-01-11,7.3,8.5,5.2,85,89,77
2022-01-12,3.9,6.2,2.6,72,91,52
2022-01-13,1.4,4.3,-0.9,61,69,47
2022-01-14,2.2,7.6,-1.2,60,68,49
2022-01-15,6.0,10.4,3.2,62,70,54
2022-01-16,3.9,8.7,-0.3,68,83,47
2022-01-17,3.7,9.6,0.0,79,98,57
2022-01-18,4.8,7.9,2.9,57,74,41
2022-01-19,3.1,6.3,0.2,59,72,49
2022-01-20,2.9,7.9,-1.4,70,92,49
2022-01-21,4.4,8.6,0.2,70,92,55
2022-01-22,1.7,4.3,-1.3,49,59,37
2022-01-23,1.3,4.3,-0.9,49,57,35
2022-01-24,0.1,2.8,-1.7,51,62,39
2022-01-25,-0.9,2.5,-3.2,47,54,38
2022-01-26,0.5,5.8,-2.8,52,67,42
2022-01-27,2.3,7.7,-1.4,69,82,49
2022-01-28,3.1,8.9,-0.6,67,84,48
2022-01-29,4.0,7.3,0.7,68,81,58
2022-01-30,2.3,8.3,-2.1,70,82,48
2022-01-31,4.3,10.0,-0.7,69,84,40
2022-02-01,4.8,8.9,1.7,80,93,71
2022-02-02,3.5,4.6,2.8,86,92,69
2022-02-03,5.6,10.1,2.9,58,69,39
2022-02-04,4.2,8.8,-0.6,62,82,44
2022-02-05,4.2,10.6,-0.7,73,87,53
2022-02-06,6.4,13.6,0.8,75,88,53
2022-02-07,6.9,13.3,1.6,88,98,68
2022-02-08,5.6,8.7,4.1,57,88,36
2022-02-09,5.9,11.5,1.3,63,72,52
2022-02-10,6.8,13.1,1.0,75,90,53
2022-02-11,6.9,13.2,1.2,80,92,63
2022-02-12,6.3,12.9,0.9,85,100,61
2022-02-13,8.0,11.2,5.4,77,95,56
2022-02-14,6.6,9.5,4.2,84,93,76
2022-02-15,7.4,12.1,3.3,87,98,67
2022-02-16,8.5,13.8,3.3,87,99,67
2022-02-17,10.1,14.2,7.3,88,99,68
2022-02-18,9.6,15.5,4.1,66,96,36
2022-02-19,9.0,15.2,3.7,69,83,56
2022-02-20,10.0,15.1,5.9,79,92,60
2022-02-21,10.9,16.8,5.7,80,92,60
2022-02-22,10.1,14.6,7.9,89,100,74
2022-02-23,8.9,12.2,6.9,68,80,51
2022-02-24,9.0,13.4,5.6,50,65,32
2022-02-25,7.8,12.3,4.0,61,82,37
2022-02-26,7.7,12.7,2.8,74,91,52
2022-02-27,5.1,7.2,2.8,89,99,76
2022-02-28,5.3,7.5,3.1,84,95,69
2022-03-01,4.8,6.4,3.6,83,91,65
2022-03-02,5.0,9.2,1.1,71,99,40
2022-03-03,5.6,10.6,0.6,56,73,38
2022-03-04,7.1,10.8,2.4,67,88,55
2022-03-05,7.0,8.8,5.4,86,95,74
2022-03-06,5.5,6.6,4.5,88,92,81
2022-03-07,6.7,10.6,3.7,84,98,59
2022-03-08,4.2,6.1,2.5,90,98,77
2022-03-09,4.2,8.2,1.1,68,93,39
2022-03-10,3.2,6.8,-1.0,63,83,42
2022-03-11,1.9,6.4,-2.6,53,71,33
2022-03-12,1.7,5.8,-1.8,63,79,48
2022-03-13,2.8,7.3,-2.4,65,93,38
2022-03-14,4.6,9.9,-1.2,67,93,39
2022-03-15,6.0,11.6,-1.0,71,96,50
2022-03-16,7.7,13.9,1.5,74,93,54
2022-03-17,7.6,12.1,3.5,83,94,71
2022-03-18,4.6,6.5,3.2,75,88,62
2022-03-19,3.8,7.0,0.8,71,93,51
2022-03-20,4.3,9.2,-1.4,59,90,35
2022-03-21,5.7,10.2,-0.5,55,86,32
2022-03-22,7.7,15.4,0.8,54,77,33
2022-03-23,8.7,15.2,2.0,60,88,32
2022-03-24,10.5,18.6,2.3,57,80,32
2022-03-25,12.9,20.4,5.7,45,63,25
2022-03-26,10.6,14.7,5.2,63,85,39
2022-03-27,12.1,19.4,5.8,72,91,41
2022-03-28,12.0,17.1,6.9,76,88,56
2022-03-29,12.1,16.9,7.1,82,100,59
2022-03-30,13.0,18.5,7.5,74,93,51
2022-03-31,13.4,17.5,9.3,81,93,66
2022-04-01,15.6,20.0,11.7,79,95,60
2022-04-02,14.5,18.8,10.1,67,90,47
2022-04-03,12.5,16.5,8.9,60,81,37
2022-04-04,10.2,13.5,6.7,66,82,48
2022-04-05,10.5,13.6,7.7,79,92,64
2022-04-06,11.9,17.9,5.1,77,100,51
2022-04-07,13.3,17.7,8.8,78,94,62
2022-04-08,14.9,22.1,7.4,65,87,37
2022-04-09,17.3,23.4,11.4,63,80,43
2022-04-10,14.1,20.0,8.2,72,89,45
2022-04-11,11.5,16.2,8.2,43,63,25
2022-04-12,11.5,17.1,5.8,49,80,33
2022-04-13,11.9,16.9,7.4,73,90,52
2022-04-14,12.8,18.0,7.4,76,100,51
2022-04-15,14.2,20.5,7.5,71,100,46
2022-04-16,15.8,20.8,10.2,63,82,43
2022-04-17,13.2,15.7,10.5,80,89,68
2022-04-18,8.6,9.8,7.5,84,91,75
2022-04-19,9.9,13.7,7.2,73,92,48
2022-04-20,11.7,16.3,7.0,75,94,53
2022-04-21,12.0,16.7,6.5,73,89,56
2022-04-22,13.8,18.5,9.3,82,97,61
2022-04-23,16.0,21.9,10.8,76,91,53
2022-04-24,17.8,23.8,11.5,72,89,51
2022-04-25,19.0,24.1,13.7,71,89,52
2022-04-26,19.2,25.3,13.0,58,80,34
2022-04-27,19.0,23.5,14.3,68,88,53
2022-04-28,19.3,24.1,14.0,65,88,46
2022-04-29,18.1,22.3,14.9,66,83,48
2022-04-30,16.6,19.3,14.1,81,94,66
2022-05-01,16.1,18.5,13.4,75,89,60
2022-05-02,14.8,18.1,12.6,76,89,54
2022-05-03,13.8,16.5,11.9,80,90,65
2022-05-04,15.5,19.5,12.2,73,90,53
2022-05-05,16.9,21.8,11.6,72,93,52
2022-05-06,16.8,20.1,13.1,75,90,61
2022-05-07,16.4,19.8,13.5,68,85,50
2022-05-08,16.1,20.2,11.4,69,89,50
2022-05-09,17.6,22.0,13.4,66,86,46
2022-05-10,18.3,22.6,15.1,67,82,48
2022-05-11,19.2,23.6,15.5,64,83,45
2022-05-12,20.3,25.5,15.2,59,80,39
2022-05-13,20.7,25.6,16.2,60,83,41
2022-05-14,21.3,26.5,17.2,65,86,47
2022-05-15,22.6,28.2,16.9,66,93,36
2022-05-16,22.4,27.4,17.3,65,86,40
2022-05-17,22.7,27.3,17.9,67,86,47
2022-05-18,22.7,27.9,16.9,59,85,35
2022-05-19,17.2,22.1,13.2,61,87,36
2022-05-20,20.2,25.8,15.0,53,78,28
2022-05-21,21.9,27.8,17.1,53,78,32
2022-05-22,23.8,30.7,17.9,58,79,34
2022-05-23,23.3,28.6,17.5,57,74,38
2022-05-24,23.0,26.8,17.9,67,86,54
2022-05-25,23.7,29.1,18.8,71,93,50
2022-05-26,25.8,32.3,19.7,64,86,39
2022-05-27,25.0,29.6,19.7,70,90,52
2022-05-28,25.7,29.3,22.3,67,85,50
2022-05-29,23.8,27.8,20.7,72,91,49
2022-05-30,23.4,29.0,17.3,65,92,39
2022-05-31,25.2,29.6,20.8,61,80,42
2022-06-01,25.8,30.2,22.2,62,82,42
2022-06-02,26.7,30.8,22.0,59,78,41
2022-06-03,27.8,33.5,21.2,54,80,27
2022-06-04,27.7,32.0,23.6,55,77,39
2022-06-05,28.9,34.2,24.6,55,75,32
2022-06-06,27.5,33.2,23.7,59,85,34
2022-06-07,22.6,25.1,20.7,78,91,64
2022-06-08,23.1,26.2,20.9,70,85,54
2022-06-09,22.8,26.6,19.9,77,92,54
2022-06-10,20.2,21.9,18.6,90,95,76
2022-06-11,21.3,25.6,18.3,78,95,55
2022-06-12,22.5,26.9,18.7,71,83,55
2022-06-13,24.5,29.5,20.3,66,82,42
2022-06-14,24.5,29.7,19.2,67,87,43
2022-06-15,23.8,28.0,19.2,65,87,43
2022-06-16,23.0,26.3,19.8,76,90,59
2022-06-17,23.7,27.0,20.3,73,92,58
2022-06-18,22.9,25.7,20.1,68,84,51
2022-06-19,22.9,27.4,17.4,63,92,34
2022-06-20,24.0,27.5,21.0,59,81,46
2022-06-21,26.7,33.1,20.9,60,83,39
2022-06-22,28.4,34.1,22.5,58,74,39
2022-06-23,28.6,33.5,24.3,62,80,43
2022-06-24,25.0,28.3,22.1,72,83,54
2022-06-25,26.4,31.2,22.2,70,88,50
2022-06-26,25.1,29.6,21.2,76,96,50
2022-06-27,25.6,30.1,21.8,73,89,50
2022-06-28,27.1,32.2,22.2,68,93,39
2022-06-29,27.2,31.4,22.7,59,81,41
2022-06-30,27.6,32.8,22.4,60,80,39
2022-07-01,28.0,31.4,24.4,66,88,48
2022-07-02,28.2,32.5,23.6,68,87,46
2022-07-03,28.2,32.2,23.8,62,84,40
2022-07-04,27.3,31.5,23.2,60,77,46
2022-07-05,27.7,31.7,24.5,59,78,44
2022-07-06,28.4,32.9,25.4,58,75,35
2022-07-07,28.2,33.0,23.1,43,74,24
2022-07-08,24.9,28.9,21.6,69,88,48
2022-07-09,20.5,21.4,19.1,88,93,74
2022-07-10,22.9,28.0,17.8,63,82,42
2022-07-11,23.8,28.1,19.5,49,64,34
2022-07-12,23.2,27.8,19.2,47,64,33
2022-07-13,23.5,28.4,18.7,47,62,29
2022-07-14,24.4,30.3,18.1,51,69,32
2022-07-15,26.5,31.7,21.9,55,74,35
2022-07-16,28.5,34.0,22.6,52,75,31
2022-07-17,28.0,33.6,21.8,59,78,39
2022-07-18,26.1,30.0,22.9,59,76,37
2022-07-19,25.1,29.4,20.5,61,80,42
2022-07-20,26.1,31.4,21.1,56,80,30
2022-07-21,28.2,34.2,23.0,51,76,27
2022-07-22,28.3,34.5,21.9,57,76,34
2022-07-23,28.6,33.1,24.5,63,81,44
2022-07-24,29.4,34.9,23.9,57,76,32
2022-07-25,29.4,35.6,25.2,54,78,27
2022-07-26,27.9,31.1,25.1,63,84,47
2022-07-27,28.8,34.1,23.7,60,83,37
2022-07-28,30.0,35.7,25.7,56,79,32
2022-07-29,29.0,32.8,24.9,58,77,43
2022-07-30,28.5,31.9,25.3,59,75,45
2022-07-31,28.6,33.8,23.3,59,84,36
2022-08-01,28.7,33.2,24.2,37,60,21
2022-08-02,28.4,33.6,22.8,39,62,24
2022-08-03,27.7,31.3,23.8,56,75,40
2022-08-04,28.3,33.2,23.1,52,79,26
2022-08-05,29.1,34.2,23.0,50,72,29
2022-08-06,29.6,33.9,24.9,49,71,30
2022-08-07,29.3,33.3,25.3,53,70,36
2022-08-08,29.2,34.7,23.3,49,75,20
2022-08-09,29.6,35.2,22.6,41,74,16
2022-08-10,29.2,34.4,23.1,44,69,20
2022-08-11,27.2,31.4,23.1,58,78,38
2022-08-12,24.9,28.4,22.0,72,89,54
2022-08-13,25.8,30.0,22.6,62,78,40
2022-08-14,24.6,27.2,21.5,67,78,57
2022-08-15,24.9,30.1,20.2,61,81,38
2022-08-16,27.5,32.8,22.5,61,87,35
2022-08-17,28.1,33.7,22.1,56,82,29
2022-08-18,29.2,35.8,22.2,51,74,26
2022-08-19,29.5,35.9,23.0,53,76,30
2022-08-20,28.3,32.1,24.1,62,79,43
2022-08-21,25.7,28.1,22.9,73,89,58
2022-08-22,24.4,27.4,21.3,76,89,62
2022-08-23,24.0,28.1,20.3,79,96,60
2022-08-24,23.3,28.0,20.0,82,95,61
2022-08-25,23.3,26.2,21.0,85,97,69
2022-08-26,24.9,30.5,20.3,74,95,43
2022-08-27,25.8,30.2,20.9,71,94,49
2022-08-28,27.0,31.6,22.4,65,83,45
2022-08-29,27.1,32.2,22.6,65,85,42
2022-08-30,26.1,30.8,22.0,65,81,44
2022-08-31,25.3,30.2,20.9,65,86,43
2022-09-01,25.3,28.9,22.1,69,89,51
2022-09-02,23.3,25.7,21.1,82,96,68
2022-09-03,24.1,28.5,20.4,72,91,50
2022-09-04,23.9,27.2,20.5,76,88,59
2022-09-05,21.8,24.2,20.0,80,93,62
2022-09-06,22.0,24.2,19.6,75,84,67
2022-09-07,21.7,24.5,19.4,77,92,63
2022-09-08,22.2,25.8,18.5,76,95,57
2022-09-09,23.2,27.2,18.7,72,96,51
2022-09-10,24.3,28.7,18.8,76,96,60
2022-09-11,25.0,29.9,19.5,68,93,37
2022-09-12,23.0,26.6,20.1,57,77,36
2022-09-13,21.3,25.5,17.3,53,67,34
2022-09-14,21.1,26.4,16.0,58,73,38
2022-09-15,23.7,29.1,19.0,67,86,45
2022-09-16,24.9,30.6,19.7,72,90,47
2022-09-17,24.6,29.7,20.0,81,96,59
2022-09-18,21.0,23.0,18.2,67,100,37
2022-09-19,18.3,22.4,13.8,57,81,37
2022-09-20,18.7,23.2,15.3,57,89,32
2022-09-21,16.8,18.7,15.5,59,70,48
2022-09-22,15.9,20.2,11.9,53,69,33
2022-09-23,15.7,20.6,10.8,56,74,33
2022-09-24,16.3,21.5,11.5,58,73,37
2022-09-25,17.6,22.6,11.8,73,95,53
2022-09-26,19.0,24.2,13.4,76,100,53
2022-09-27,20.9,25.4,17.0,80,96,61
2022-09-28,20.8,26.3,15.3,75,100,45
2022-09-29,22.3,26.1,18.9,67,82,48
2022-09-30,22.3,27.6,17.4,69,89,44
2022-10-01,22.2,27.5,17.2,75,91,47
2022-10-02,21.7,25.5,18.9,62,94,36
2022-10-03,19.9,25.1,15.8,55,76,38
2022-10-04,17.6,21.5,13.8,46,63,31
2022-10-05,16.6,21.0,12.3,58,75,40
2022-10-06,17.4,22.4,12.4,59,88,33
2022-10-07,18.1,23.9,12.7,60,86,33
2022-10-08,18.6,23.9,12.5,65,95,37
2022-10-09,18.8,24.8,12.3,71,98,42
2022-10-10,18.7,23.2,14.7,76,95,50
2022-10-11,17.7,19.3,15.9,81,89,68
2022-10-12,17.6,20.2,15.7,82,92,66
2022-10-13,17.5,19.3,15.4,80,94,64
2022-10-14,15.2,17.0,12.5,85,95,72
2022-10-15,16.1,20.3,13.3,69,85,46
2022-10-16,16.9,20.9,13.3,71,93,49
2022-10-17,16.5,20.8,11.6,75,100,49
2022-10-18,15.9,21.2,9.4,68,98,40
2022-10-19,15.6,21.7,9.2,67,96,37
2022-10-20,16.0,21.7,11.1,65,91,41
2022-10-21,14.5,18.0,10.8,79,91,61
2022-10-22,14.7,19.0,10.9,85,100,64
2022-10-23,17.7,26.1,11.4,67,93,35
2022-10-24,18.0,23.7,13.3,70,89,48
2022-10-25,17.7,24.2,12.3,82,98,57
2022-10-26,18.8,25.7,13.7,72,90,42
2022-10-27,17.9,22.7,13.7,77,90,54
2022-10-28,17.1,20.8,12.4,80,98,57
2022-10-29,16.5,21.5,11.1,75,100,45
2022-10-30,16.6,22.1,10.8,72,98,43
2022-10-31,17.7,24.9,12.4,67,82,39
2022-11-01,17.6,22.3,13.6,74,89,52
2022-11-02,18.4,25.5,11.9,69,97,36
2022-11-03,18.2,25.2,13.3,62,83,34
2022-11-04,16.0,20.3,12.2,83,95,64
2022-11-05,16.0,21.1,12.3,83,100,54
2022-11-06,15.8,17.7,14.6,92,97,84
2022-11-07,15.3,19.9,12.1,85,99,60
2022-11-08,15.1,18.7,11.6,88,100,67
2022-11-09,13.9,17.1,11.2,91,100,74
2022-11-10,13.5,17.3,10.7,88,100,65
2022-11-11,13.3,18.2,9.8,80,99,56
2022-11-12,12.1,14.3,9.4,79,92,60
2022-11-13,12.8,17.0,9.1,79,95,58
2022-11-14,12.3,16.8,7.9,83,99,62
2022-11-15,12.3,15.2,9.6,90,99,78
2022-11-16,13.3,16.6,11.1,88,99,69
2022-11-17,14.2,18.4,11.3,91,97,76
2022-11-18,14.4,19.8,9.9,86,100,64
2022-11-19,17.3,22.0,12.5,82,98,63
2022-11-20,17.2,20.0,14.8,83,94,73
2022-11-21,16.0,18.2,13.1,68,92,52
2022-11-22,11.6,14.6,7.3,72,87,57
2022-11-23,13.9,16.6,11.5,84,96,63
2022-11-24,11.3,15.9,7.1,76,97,52
2022-11-25,10.8,14.1,8.3,56,68,41
2022-11-26,9.1,13.1,5.2,72,88,52
2022-11-27,8.6,11.1,6.5,81,94,61
2022-11-28,8.0,10.5,6.2,81,94,60
2022-11-29,9.0,12.3,6.5,73,84,55
2022-11-30,10.4,12.5,8.7,83,89,78
2022-12-01,10.2,10.8,9.2,89,93,87
2022-12-02,11.2,13.7,9.3,86,95,70
2022-12-03,10.9,13.3,9.0,87,96,73
2022-12-04,10.5,12.3,9.1,84,91,70
2022-12-05,10.4,12.1,8.9,83,89,73
2022-12-06,11.0,12.7,9.9,86,94,78
2022-12-07,11.6,13.9,10.3,92,99,83
2022-12-08,11.8,14.8,9.8,92,100,77
2022-12-09,11.9,15.8,9.3,93,100,78
2022-12-10,13.7,17.0,11.5,90,97,72
2022-12-11,15.5,17.6,12.3,87,94,76
2022-12-12,12.2,15.2,9.9,73,92,55
2022-12-13,9.5,11.8,7.4,75,93,54
2022-12-14,9.0,10.5,8.3,71,88,64
2022-12-15,11.3,15.4,8.8,88,97,78
2022-12-16,11.8,16.3,8.1,94,100,82
2022-12-17,13.5,17.2,11.6,91,99,75
2022-12-18,12.0,14.8,10.4,86,99,72
2022-12-19,8.9,10.3,7.2,75,85,69
2022-12-20,6.5,7.7,4.8,69,79,62
2022-12-21,4.8,8.6,1.6,77,97,54
2022-12-22,4.6,9.2,0.3,80,94,60
2022-12-23,4.8,9.9,1.8,85,98,60
2022-12-24,5.7,11.2,1.8,84,98,63
2022-12-25,8.4,14.4,4.8,79,89,61
2022-12-26,8.2,13.6,3.5,85,95,68
2022-12-27,8.1,13.7,4.5,87,100,66
2022-12-28,8.2,12.9,3.8,88,98,77
2022-12-29,9.9,12.4,7.5,90,96,80
2022-12-30,9.1,12.4,6.6,93,100,78
2022-12-31,8.1,12.9,5.1,89,100,70
2023-01-01,7.8,14.0,3.2,84,98,64
2023-01-02,7.2,13.4,2.7,85,99,65
2023-01-03,7.3,13.4,3.0,82,99,58
2023-01-04,7.8,14.2,2.8,82,96,64
2023-01-05,8.0,12.3,4.8,87,100,70
2023-01-06,8.6,14.6,3.9,72,89,51
2023-01-07,7.7,12.8,3.4,75,92,57
2023-01-08,6.7,11.9,2.2,83,100,62
2023-01-09,7.9,11.8,4.6,92,98,81
2023-01-10,10.2,11.7,6.8,92,99,86
2023-01-11,7.3,11.0,3.9,73,90,56
2023-01-12,7.1,11.5,3.9,72,81,57
2023-01-13,6.2,11.3,1.3,78,92,59
2023-01-14,6.2,10.7,2.1,84,98,64
2023-01-15,6.3,10.7,3.2,86,96,67
2023-01-16,7.6,11.0,5.2,88,97,70
2023-01-17,11.6,15.2,7.9,85,93,72
2023-01-18,14.6,16.6,13.0,76,85,68
2023-01-19,14.6,16.7,12.4,80,91,71
2023-01-20,12.3,14.3,8.0,76,95,54
2023-01-21,10.4,13.9,6.8,78,84,70
2023-01-22,9.9,13.8,4.9,82,100,62
2023-01-23,10.9,12.7,7.0,90,96,83
2023-01-24,8.7,10.3,7.6,83,90,75
2023-01-25,7.2,7.9,5.9,79,86,74
2023-01-26,4.0,5.7,2.6,91,99,79
2023-01-27,6.1,8.4,4.3,86,94,76
2023-01-28,5.2,9.5,1.6,67,78,51
2023-01-29,4.6,8.4,1.3,69,82,50
2023-01-30,3.8,8.4,-0.5,71,86,49
2023-01-31,4.6,8.9,1.2,64,82,45
2023-02-01,5.7,10.8,1.6,60,74,42
2023-02-02,6.9,11.8,1.7,60,76,42
2023-02-03,6.2,10.1,3.4,64,87,40
2023-02-04,7.2,12.1,3.2,57,77,46
2023-02-05,2.4,4.9,0.7,51,58,43
2023-02-06,1.2,4.5,-1.3,47,54,36
2023-02-07,1.0,4.8,-1.4,54,65,35
2023-02-08,0.5,4.8,-2.5,59,75,35
2023-02-09,0.9,5.5,-2.7,62,78,40
2023-02-10,1.6,6.1,-1.8,69,86,47
2023-02-11,2.2,7.6,-2.7,68,94,41
2023-02-12,3.2,8.8,-1.1,63,83,40
2023-02-13,4.6,9.9,-0.4,71,90,50
2023-02-14,4.7,10.5,0.1,66,82,47
2023-02-15,5.2,10.3,0.7,71,86,53
2023-02-16,5.3,11.0,-1.0,76,97,57
2023-02-17,5.8,13.0,-0.1,81,97,57
2023-02-18,8.5,16.1,2.6,67,83,41
2023-02-19,10.5,18.0,5.0,65,78,44
2023-02-20,11.5,16.8,7.7,60,76,39
2023-02-21,10.5,17.4,5.5,63,80,42
2023-02-22,11.1,18.6,5.3,69,85,44
2023-02-23,9.7,15.3,4.4,85,99,65
2023-02-24,10.9,14.2,8.0,88,99,72
2023-02-25,11.6,17.0,6.8,81,100,51
2023-02-26,13.0,16.9,9.1,75,90,57
2023-02-27,13.6,17.5,8.7,77,96,57
2023-02-28,11.7,15.8,8.5,91,97,78
2023-03-01,11.5,13.4,8.8,87,99,73
2023-03-02,10.2,11.6,9.1,86,93,76
2023-03-03,9.8,12.0,8.0,84,94,69
2023-03-04,9.6,12.1,7.6,88,95,79
2023-03-05,9.9,14.0,6.2,84,99,67
2023-03-06,9.3,14.1,3.3,73,93,51
2023-03-07,11.7,15.0,8.8,75,85,57
2023-03-08,11.5,16.4,7.1,79,94,55
2023-03-09,13.2,18.1,8.9,69,86,47
2023-03-10,14.4,18.5,10.9,72,89,57
2023-03-11,14.3,19.0,10.3,75,97,43
2023-03-12,10.5,13.1,7.9,53,77,35
2023-03-13,8.9,13.3,4.1,60,77,36
2023-03-14,9.6,13.7,5.9,72,87,57
2023-03-15,9.4,12.7,6.0,80,91,63
2023-03-16,8.4,10.5,6.4,67,88,51
2023-03-17,8.1,14.1,3.6,72,92,42
2023-03-18,9.0,11.9,6.5,70,81,56
2023-03-19,9.4,15.8,3.3,73,100,43
2023-03-20,11.7,17.7,5.9,70,88,48
2023-03-21,11.9,16.2,8.6,81,96,60
2023-03-22,12.4,17.4,8.6,81,95,60
2023-03-23,12.7,17.5,8.9,81,99,51
2023-03-24,12.7,17.9,7.9,85,100,61
2023-03-25,13.5,19.5,8.0,83,100,59
2023-03-26,15.4,20.8,9.5,63,91,32
2023-03-27,14.5,19.3,8.9,71,93,47
2023-03-28,9.7,12.1,7.1,47,75,26
2023-03-29,8.8,14.1,4.6,37,51,22
2023-03-30,11.4,17.3,4.8,53,78,31
2023-03-31,12.7,18.9,6.3,68,90,43
2023-04-01,15.3,20.7,10.3,67,90,47
2023-04-02,14.8,19.4,9.9,61,86,42
2023-04-03,12.3,14.0,9.8,87,94,78
2023-04-04,11.3,14.7,8.4,76,98,53
2023-04-05,9.6,15.0,5.2,53,66,36
2023-04-06,9.6,14.2,5.9,56,71,41
2023-04-07,9.6,14.2,4.9,53,80,38
2023-04-08,10.5,13.4,6.8,77,90,63
2023-04-09,10.8,13.9,6.1,80,100,61
2023-04-10,10.9,14.6,7.2,77,95,58
2023-04-11,11.9,17.5,5.7,64,93,33
2023-04-12,13.9,18.5,9.2,56,75,41
2023-04-13,14.0,19.4,8.8,56,74,36
2023-04-14,14.6,20.2,10.0,75,90,48
2023-04-15,14.3,19.0,9.1,69,100,39
2023-04-16,14.7,19.0,11.1,70,90,46
2023-04-17,13.6,16.5,11.7,84,94,73
2023-04-18,13.3,16.7,10.1,82,96,64
2023-04-19,14.3,18.7,9.6,77,97,54
2023-04-20,15.2,19.8,9.2,70,97,44
2023-04-21,16.0,21.1,10.5,63,86,38
2023-04-22,13.3,15.5,10.2,82,91,67
2023-04-23,13.7,18.1,9.0,81,100,58
2023-04-24,15.3,19.0,10.1,75,99,57
2023-04-25,16.2,21.2,11.2,74,96,51
2023-04-26,13.9,16.4,11.6,73,89,55
2023-04-27,14.0,18.5,10.0,46,61,29
2023-04-28,13.7,18.8,9.0,52,73,31
2023-04-29,13.9,18.2,9.8,73,92,54
2023-04-30,16.2,21.0,12.3,71,86,54
2023-05-01,16.0,20.3,11.1,77,99,62
2023-05-02,16.7,20.9,12.2,66,88,41
2023-05-03,14.6,17.3,12.3,83,94,68
2023-05-04,15.5,18.2,13.1,86,97,71
2023-05-05,16.6,21.3,12.2,78,99,52
2023-05-06,18.3,22.8,12.6,66,95,41
2023-05-07,18.6,22.3,14.8,65,81,51
2023-05-08,18.4,22.3,14.4,68,87,51
2023-05-09,15.4,17.0,14.0,89,93,83
2023-05-10,13.9,15.6,12.8,80,94,64
2023-05-11,14.1,17.0,12.2,74,86,56
2023-05-12,14.6,16.6,12.3,75,87,67
2023-05-13,15.8,18.7,13.4,74,90,60
2023-05-14,15.4,18.3,13.1,81,93,65
2023-05-15,16.1,20.0,11.8,76,90,64
2023-05-16,17.8,21.3,13.5,80,93,66
2023-05-17,18.0,21.8,13.6,82,98,64
2023-05-18,17.0,21.8,12.5,83,100,60
2023-05-19,19.0,23.7,14.3,68,94,40
2023-05-20,20.3,24.7,15.9,62,83,41
2023-05-21,17.7,19.7,15.5,78,87,69
2023-05-22,18.3,22.3,14.0,77,92,57
2023-05-23,19.8,24.4,14.2,69,87,50
2023-05-24,20.6,24.9,16.3,70,87,51
2023-05-25,21.4,25.7,17.5,71,89,50
2023-05-26,20.3,24.6,15.5,77,96,56
2023-05-27,21.1,24.5,17.1,71,88,57
2023-05-28,20.2,23.7,15.6,74,91,56
2023-05-29,20.3,24.2,16.3,78,94,60
2023-05-30,20.4,24.0,17.5,76,91,61
2023-05-31,20.4,23.5,17.3,78,91,65
2023-06-01,20.8,25.5,16.1,75,95,53
2023-06-02,22.2,26.7,17.4,63,85,40
2023-06-03,22.1,27.0,18.2,65,79,46
2023-06-04,21.0,24.5,17.3,76,93,59
2023-06-05,21.1,23.9,18.1,74,88,63
2023-06-06,21.5,24.5,19.1,71,90,56
2023-06-07,21.5,25.0,17.9,68,81,56
2023-06-08,21.8,24.7,19.6,70,82,58
2023-06-09,22.7,26.9,19.1,71,85,52
2023-06-10,23.3,27.4,19.0,73,92,54
2023-06-11,22.1,24.5,19.7,81,93,68
2023-06-12,21.8,24.2,18.8,74,90,60
2023-06-13,20.4,22.5,17.5,80,90,70
2023-06-14,22.1,25.0,18.0,74,93,58
2023-06-15,22.2,25.2,19.5,76,90,58
2023-06-16,21.6,25.1,18.2,81,96,65
2023-06-17,20.1,22.1,18.5,83,93,72
2023-06-18,20.9,25.4,17.2,75,91,57
2023-06-19,23.6,29.1,18.0,60,77,38
2023-06-20,24.6,30.7,18.0,61,84,38
2023-06-21,24.8,28.7,20.8,70,86,57
2023-06-22,26.2,31.1,21.7,66,85,49
2023-06-23,26.1,30.0,22.7,69,86,53
2023-06-24,26.5,30.4,22.7,66,86,49
2023-06-25,26.4,30.9,22.0,69,88,46
2023-06-26,25.9,30.5,21.9,64,83,41
2023-06-27,25.3,28.9,21.7,67,85,49
2023-06-28,26.5,30.4,22.1,64,86,45
2023-06-29,23.8,27.1,21.1,63,85,46
2023-06-30,23.7,27.4,20.2,71,92,48
2023-07-01,24.8,28.5,20.8,69,89,53
2023-07-02,25.5,29.1,22.5,68,84,52
2023-07-03,26.4,30.5,22.1,62,81,44
2023-07-04,27.2,31.1,23.3,66,85,46
2023-07-05,27.1,30.9,23.3,69,86,54
2023-07-06,27.6,32.5,22.0,64,89,41
2023-07-07,28.6,33.1,23.8,56,82,33
2023-07-08,26.9,31.5,22.4,48,68,29
2023-07-09,26.8,32.2,21.0,45,63,28
2023-07-10,26.8,31.9,20.4,56,83,35
2023-07-11,28.0,33.5,21.4,53,76,31
2023-07-12,30.2,35.6,25.2,50,71,31
2023-07-13,30.5,36.6,24.9,55,77,32
2023-07-14,32.6,38.9,26.3,49,75,28
2023-07-15,30.6,33.6,28.0,61,78,49
2023-07-16,29.4,32.6,27.0,61,77,48
2023-07-17,29.3,33.6,25.1,61,82,45
2023-07-18,30.4,34.4,26.3,60,79,45
2023-07-19,30.8,35.3,26.2,57,79,36
2023-07-20,30.5,35.5,25.8,58,81,36
2023-07-21,30.4,33.7,27.2,61,79,46
2023-07-22,30.7,35.9,26.5,59,79,39
2023-07-23,32.7,38.9,26.2,51,82,23
2023-07-24,29.3,32.9,25.3,61,79,44
2023-07-25,29.6,35.0,25.1,60,84,37
2023-07-26,31.4,38.2,25.1,52,80,25
2023-07-27,27.4,30.2,23.8,37,60,25
2023-07-28,25.2,29.2,19.7,48,69,36
2023-07-29,26.8,32.4,21.1,60,90,36
2023-07-30,27.6,32.1,23.0,62,87,37
2023-07-31,28.4,33.7,22.4,56,86,29
2023-08-01,26.8,30.3,23.1,66,87,46
2023-08-02,28.1,32.5,24.0,66,88,45
2023-08-03,29.2,34.3,24.4,64,88,41
2023-08-04,30.3,35.5,25.3,59,86,36
2023-08-05,29.7,33.7,25.5,57,73,39
2023-08-06,27.7,33.1,22.0,57,84,26
2023-08-07,27.8,32.9,22.7,42,64,23
2023-08-08,26.8,30.4,23.4,45,70,24
2023-08-09,24.6,28.1,20.4,54,66,43
2023-08-10,23.5,25.8,21.6,71,85,56
2023-08-11,23.8,28.0,19.7,60,76,40
2023-08-12,25.8,29.9,20.8,54,82,32
2023-08-13,25.9,32.0,21.0,57,82,27
2023-08-14,26.1,29.2,22.0,56,82,39
2023-08-15,27.9,31.4,24.7,53,69,40
2023-08-16,28.6,34.7,22.1,58,87,30
2023-08-17,29.7,35.4,24.6,54,79,31
2023-08-18,31.0,36.5,26.6,48,66,28
2023-08-19,30.1,35.3,25.3,52,80,30
2023-08-20,30.5,35.6,25.9,46,72,25
2023-08-21,31.4,37.8,23.8,42,75,17
2023-08-22,31.3,37.4,23.9,42,73,20
2023-08-23,31.4,36.4,26.4,43,65,27
2023-08-24,30.9,36.5,26.5,46,65,27
2023-08-25,29.8,34.5,25.9,54,74,35
2023-08-26,29.5,34.2,25.9,58,75,38
2023-08-27,28.6,33.1,25.9,61,77,40
2023-08-28,27.2,31.4,24.1,67,83,49
2023-08-29,26.8,30.6,24.1,67,84,47
2023-08-30,26.9,32.2,21.6,59,88,27
2023-08-31,27.1,32.1,21.3,45,68,26
2023-09-01,26.2,30.5,21.4,45,74,32
2023-09-02,26.9,31.5,21.6,54,79,31
2023-09-03,27.5,32.2,23.1,50,72,29
2023-09-04,21.0,24.6,18.0,80,87,69
2023-09-05,21.6,26.8,18.1,71,85,49
2023-09-06,23.2,27.4,19.9,67,81,50
2023-09-07,22.6,25.7,20.4,73,87,56
2023-09-08,23.2,28.7,18.2,68,94,36
2023-09-09,24.0,28.3,20.7,64,85,42
2023-09-10,24.2,29.9,19.3,61,94,27
2023-09-11,23.6,27.6,20.5,62,81,42
2023-09-12,22.9,27.2,19.6,67,82,48
2023-09-13,23.4,28.5,19.2,68,88,40
2023-09-14,24.2,29.1,18.8,72,93,47
2023-09-15,25.0,30.0,21.3,71,93,43
2023-09-16,23.8,28.1,19.9,71,90,48
2023-09-17,23.9,27.5,21.1,69,86,53
2023-09-18,22.8,25.1,19.8,74,89,63
2023-09-19,22.9,26.2,20.3,72,87,53
2023-09-20,23.4,28.3,19.2,73,93,48
2023-09-21,23.7,27.7,20.2,71,97,45
2023-09-22,24.4,29.4,20.2,71,91,48
2023-09-23,25.7,31.8,20.8,70,90,41
2023-09-24,24.8,29.2,20.9,75,91,50
2023-09-25,23.7,27.5,19.7,75,93,55
2023-09-26,23.2,28.1,18.3,71,98,38
2023-09-27,23.1,26.2,19.0,62,88,44
2023-09-28,22.9,26.4,18.8,62,84,41
2023-09-29,23.0,28.0,18.5,66,90,38
2023-09-30,23.1,27.6,18.2,59,84,34
2023-10-01,22.5,27.5,17.5,53,76,31
2023-10-02,21.9,26.0,18.3,52,73,30
2023-10-03,19.6,22.4,17.7,69,77,55
2023-10-04,19.9,25.0,14.3,73,93,46
2023-10-05,21.0,26.9,15.9,73,96,41
2023-10-06,21.5,26.1,16.1,69,97,43
2023-10-07,20.1,25.0,15.1,65,86,40
2023-10-08,21.4,28.0,14.8,55,84,27
2023-10-09,20.8,24.3,18.2,55,83,34
2023-10-10,20.9,27.3,15.7,65,92,34
2023-10-11,18.5,21.7,15.7,73,85,55
2023-10-12,18.4,22.8,14.7,77,97,52
2023-10-13,18.9,25.4,13.1,77,100,45
2023-10-14,19.7,25.6,13.7,72,98,42
2023-10-15,19.8,25.6,14.2,74,96,45
2023-10-16,16.9,19.1,15.4,65,97,39
2023-10-17,14.9,16.1,12.8,71,88,56
2023-10-18,14.4,16.4,12.8,79,88,65
2023-10-19,16.1,19.0,13.6,81,90,70
2023-10-20,18.3,24.2,14.3,83,96,57
2023-10-21,19.3,24.8,15.2,84,99,60
2023-10-22,20.2,24.8,16.7,83,96,61
2023-10-23,19.9,25.0,15.9,85,98,61
2023-10-24,19.4,25.7,14.7,78,98,44
2023-10-25,19.6,25.1,15.4,83,98,58
2023-10-26,20.0,24.7,17.0,78,91,54
2023-10-27,19.7,24.3,15.6,80,95,59
2023-10-28,21.7,26.4,17.9,73,89,48
2023-10-29,20.4,25.9,15.4,58,84,32
2023-10-30,18.8,24.3,14.3,75,94,52
2023-10-31,17.9,22.7,13.5,80,96,56
2023-11-01,19.5,24.8,15.1,74,99,40
2023-11-02,17.7,21.2,15.0,77,95,51
2023-11-03,18.3,22.8,13.3,79,97,60
2023-11-04,18.0,20.1,15.4,85,94,72
2023-11-05,16.6,20.6,12.6,71,88,56
2023-11-06,19.4,24.1,14.8,74,94,51
2023-11-07,17.9,22.9,13.3,68,89,41
2023-11-08,16.6,20.6,13.1,79,95,66
2023-11-09,14.4,17.3,11.0,68,81,50
2023-11-10,13.6,15.2,12.0,84,97,73
2023-11-11,15.0,19.4,11.3,82,99,59
2023-11-12,14.8,18.4,11.5,70,87,55
2023-11-13,14.6,18.8,12.0,77,95,50
2023-11-14,13.8,18.1,9.8,80,93,63
2023-11-15,14.4,19.3,10.9,85,99,62
2023-11-16,13.5,16.8,10.9,61,72,44
2023-11-17,12.9,17.2,9.7,78,89,63
2023-11-18,10.3,14.0,8.0,63,92,41
2023-11-19,8.4,11.5,6.5,52,58,41
2023-11-20,10.9,17.1,6.0,56,74,40
2023-11-21,11.1,16.5,6.9,74,91,54
2023-11-22,12.3,15.3,10.0,92,97,84
2023-11-23,12.9,14.7,11.4,92,97,85
2023-11-24,13.0,16.8,9.0,90,100,72
2023-11-25,11.7,15.0,4.4,92,96,84
2023-11-26,5.0,7.2,3.9,57,85,36
2023-11-27,4.7,8.9,1.9,58,80,40
2023-11-28,7.5,11.3,3.5,86,99,73
2023-11-29,9.5,15.2,5.3,89,100,70
2023-11-30,9.0,15.0,4.3,84,95,64
2023-12-01,11.2,17.2,6.7,90,99,72
2023-12-02,13.4,17.8,9.2,87,97,75
2023-12-03,14.9,18.6,10.5,84,99,74
2023-12-04,8.8,11.0,5.9,65,78,53
2023-12-05,9.5,10.9,8.4,80,89,73
2023-12-06,9.8,10.7,9.1,90,94,83
2023-12-07,9.2,12.0,6.6,91,100,76
2023-12-08,5.7,8.7,3.6,76,91,57
2023-12-09,6.3,9.8,3.3,67,79,54
2023-12-10,6.0,10.5,2.6,83,94,66
2023-12-11,7.2,11.4,3.6,77,91,55
2023-12-12,8.4,14.2,4.2,76,96,52
2023-12-13,8.1,13.2,3.9,88,98,77
2023-12-14,9.7,16.1,5.6,93,99,76
2023-12-15,8.6,10.2,6.3,87,97,78
2023-12-16,6.0,6.9,4.8,89,93,86
2023-12-17,5.0,8.4,1.9,78,89,59
2023-12-18,4.4,10.7,0.2,72,87,49
2023-12-19,6.8,13.8,2.5,74,86,53
2023-12-20,6.4,12.1,1.9,79,97,56
2023-12-21,7.1,11.6,4.1,79,99,55
2023-12-22,6.8,10.9,4.4,80,89,72
2023-12-23,7.0,13.2,1.6,80,94,63
2023-12-24,10.6,16.6,4.3,72,85,55
2023-12-25,9.7,16.0,4.7,74,90,52
2023-12-26,9.6,15.6,5.2,73,92,55
2023-12-27,8.3,15.1,3.8,82,99,56
2023-12-28,9.1,15.2,4.6,76,89,56
2023-12-29,8.1,14.0,3.0,80,99,58
2023-12-30,7.0,12.4,2.6,83,98,63
2023-12-31,8.0,12.8,3.4,79,93,61
2024-01-01,8.3,13.4,4.1,88,99,70
2024-01-02,8.9,14.2,5.4,89,96,74
2024-01-03,7.7,11.7,4.1,87,100,71
2024-01-04,9.0,14.8,3.2,83,100,65
2024-01-05,9.7,15.2,4.1,76,94,53
2024-01-06,10.6,15.4,7.8,89,96,72
2024-01-07,12.0,13.2,10.3,88,93,81
2024-01-08,10.1,13.3,7.2,86,97,64
2024-01-09,5.6,7.6,3.6,81,92,60
2024-01-10,3.9,7.2,1.2,61,82,53
2024-01-11,3.0,7.0,-0.1,75,89,56
2024-01-12,2.8,7.1,-0.3,63,85,43
2024-01-13,2.3,5.6,-0.2,60,72,44
2024-01-14,2.1,6.6,-0.9,66,82,47
2024-01-15,3.6,9.1,-0.9,83,94,65
2024-01-16,6.6,12.9,1.6,84,97,64
2024-01-17,8.8,12.4,6.3,86,94,78
2024-01-18,11.4,16.2,7.1,91,99,75
2024-01-19,12.0,17.8,6.4,82,99,57
2024-01-20,5.5,9.8,1.7,84,96,67
2024-01-21,2.5,5.4,-0.3,81,95,61
2024-01-22,1.4,6.6,-3.1,69,86,42
2024-01-23,2.1,7.1,-2.6,71,92,48
2024-01-24,4.1,9.1,0.2,71,87,52
2024-01-25,6.5,13.3,1.5,64,77,47
2024-01-26,6.5,12.2,2.3,63,81,39
2024-01-27,6.7,12.3,1.9,58,75,43
2024-01-28,5.9,9.7,2.6,55,71,38
2024-01-29,4.8,9.2,1.1,65,83,44
2024-01-30,3.4,8.6,-0.5,67,85,42
2024-01-31,3.2,8.6,-1.3,65,84,41
2024-02-01,4.1,9.7,0.1,63,87,39
2024-02-02,5.4,11.1,0.9,60,69,49
2024-02-03,6.4,11.0,1.9,64,83,46
2024-02-04,8.8,16.7,2.8,64,78,46
2024-02-05,11.7,18.6,5.4,63,77,43
2024-02-06,11.6,18.8,6.2,61,73,40
2024-02-07,10.7,17.2,6.5,64,78,46
2024-02-08,10.6,17.4,5.8,69,84,44
2024-02-09,10.2,16.5,5.2,75,87,55
2024-02-10,10.5,16.5,4.7,81,100,56
2024-02-11,13.7,16.4,10.6,75,90,63
2024-02-12,12.4,15.3,9.1,83,97,60
2024-02-13,9.8,15.1,5.2,73,93,46
2024-02-14,10.0,13.4,7.0,60,76,45
2024-02-15,8.6,13.0,5.1,56,65,43
2024-02-16,8.6,14.2,3.1,64,82,44
2024-02-17,9.5,14.4,6.2,77,96,53
2024-02-18,10.8,15.6,6.8,77,97,48
2024-02-19,8.9,13.0,4.8,85,96,68
2024-02-20,9.6,11.4,8.2,87,95,75
2024-02-21,8.9,13.3,4.1,83,100,53
2024-02-22,9.3,13.9,3.9,84,100,62
2024-02-23,10.8,16.0,6.0,84,100,62
2024-02-24,12.5,17.2,8.0,81,94,61
2024-02-25,13.1,17.2,9.9,84,96,63
2024-02-26,12.9,15.6,11.1,84,96,64
2024-02-27,12.8,17.2,9.2,81,93,62
2024-02-28,12.5,16.4,9.2,85,95,68
2024-02-29,13.3,17.3,10.3,82,94,65
2024-03-01,12.2,13.8,10.8,89,93,84
2024-03-02,12.6,15.9,10.5,84,98,62
2024-03-03,11.7,16.1,6.6,84,98,61
2024-03-04,12.1,15.5,9.1,89,98,78
2024-03-05,10.8,12.1,9.4,91,97,85
2024-03-06,10.6,14.6,6.7,88,99,73
2024-03-07,11.1,14.6,8.6,85,96,66
2024-03-08,9.4,13.5,5.2,84,100,61
2024-03-09,10.4,11.7,9.0,85,90,80
2024-03-10,11.6,14.5,9.4,85,94,72
2024-03-11,12.8,16.5,9.6,85,95,69
2024-03-12,12.8,16.5,9.2,86,99,68
2024-03-13,11.7,16.2,5.7,74,94,50
2024-03-14,12.3,17.1,7.9,64,81,45
2024-03-15,11.5,15.6,7.6,69,84,48
2024-03-16,11.7,15.7,6.5,82,94,69
2024-03-17,12.5,15.7,10.4,88,96,72
2024-03-18,12.7,18.5,7.3,75,99,41
2024-03-19,12.1,15.9,9.2,76,90,60
2024-03-20,10.0,15.0,5.5,51,66,33
2024-03-21,11.6,16.8,5.5,63,85,38
2024-03-22,10.8,14.8,6.2,73,83,54
2024-03-23,11.8,15.7,8.5,75,92,56
2024-03-24,12.8,18.2,6.7,75,100,52
2024-03-25,11.8,15.4,9.3,63,90,35
2024-03-26,10.5,14.6,6.0,65,80,45
2024-03-27,13.4,18.7,9.9,79,92,66
2024-03-28,15.7,21.4,10.9,79,98,46
2024-03-29,17.1,23.5,10.5,64,82,40
2024-03-30,16.4,21.8,11.5,73,89,49
2024-03-31,16.5,22.3,10.5,78,97,55
2024-04-01,16.8,23.0,10.6,77,100,53
2024-04-02,17.9,24.7,11.1,65,97,36
2024-04-03,16.5,21.4,11.7,50,70,31
2024-04-04,17.5,22.9,12.2,54,81,29
2024-04-05,17.9,23.7,12.1,54,70,33
2024-04-06,18.2,24.7,12.9,64,80,38
2024-04-07,17.9,23.4,13.7,68,90,45
2024-04-08,17.6,22.2,13.3,72,98,41
2024-04-09,18.1,23.0,14.0,64,88,41
2024-04-10,18.5,23.4,13.4,61,81,37
2024-04-11,19.4,24.3,14.9,63,82,42
2024-04-12,20.3,26.7,13.5,58,85,31
2024-04-13,21.6,26.7,17.1,56,74,35
2024-04-14,20.9,26.7,16.3,61,83,34
2024-04-15,21.2,27.0,16.0,64,86,40
2024-04-16,21.1,25.6,16.9,65,82,46
2024-04-17,20.1,23.5,17.0,68,83,49
2024-04-18,15.8,19.2,12.1,61,90,35
2024-04-19,14.1,17.5,11.0,60,81,42
2024-04-20,15.0,19.6,11.7,62,85,36
2024-04-21,13.8,17.6,9.3,76,95,50
2024-04-22,13.0,18.0,8.1,68,87,45
2024-04-23,14.7,17.7,12.4,85,92,73
2024-04-24,17.2,22.3,12.5,74,96,44
2024-04-25,16.2,18.7,13.1,69,89,53
2024-04-26,15.8,20.5,10.6,61,83,36
2024-04-27,17.2,21.6,12.1,66,90,43
2024-04-28,18.7,24.3,13.9,63,88,35
2024-04-29,19.1,22.6,15.7,64,85,48
2024-04-30,18.8,23.1,13.7,67,91,46
2024-05-01,17.8,20.0,15.6,78,92,65
2024-05-02,17.6,20.9,14.8,75,90,57
2024-05-03,18.0,22.0,13.7,61,93,25
2024-05-04,16.2,20.1,12.7,66,84,51
2024-05-05,17.1,23.3,10.9,66,88,35
2024-05-06,18.2,22.7,14.1,66,85,47
2024-05-07,20.1,24.9,15.5,67,82,46
2024-05-08,20.8,25.3,15.9,70,90,48
2024-05-09,19.3,22.7,15.4,74,93,55
2024-05-10,16.9,18.9,15.2,86,95,73
2024-05-11,17.5,21.6,14.8,71,93,43
2024-05-12,19.4,23.9,13.9,59,83,42
2024-05-13,18.0,22.3,14.4,65,77,43
2024-05-14,16.0,17.8,14.4,72,83,58
2024-05-15,16.0,18.3,13.6,70,87,59
2024-05-16,15.1,16.9,12.7,75,87,68
2024-05-17,16.4,20.6,12.5,79,92,63
2024-05-18,18.9,23.9,13.4,79,100,61
2024-05-19,20.2,23.7,17.0,80,94,66
2024-05-20,20.1,22.7,18.0,80,92,68
2024-05-21,20.5,23.7,17.8,74,86,59
2024-05-22,21.0,25.6,16.5,71,87,52
2024-05-23,21.8,26.2,16.8,58,88,38
2024-05-24,21.8,26.5,16.3,58,77,40
2024-05-25,21.2,25.3,17.1,69,88,48
2024-05-26,21.1,24.2,18.6,68,87,50
2024-05-27,21.1,25.1,17.2,57,83,34
2024-05-28,19.9,23.6,15.9,67,85,53
2024-05-29,21.1,25.6,17.2,66,88,41
2024-05-30,21.6,25.7,17.9,67,84,48
2024-05-31,22.1,26.3,17.8,71,92,48
2024-06-01,23.3,28.2,18.2,71,92,51
2024-06-02,25.4,30.2,19.9,65,91,45
2024-06-03,26.4,31.0,21.3,57,84,38
2024-06-04,27.4,32.9,21.1,52,77,27
2024-06-05,27.0,32.3,20.6,52,79,28
2024-06-06,26.6,31.4,22.0,56,79,37
2024-06-07,26.4,30.5,21.2,67,92,47
2024-06-08,27.1,31.7,23.2,63,83,39
2024-06-09,26.7,30.5,23.0,64,85,47
2024-06-10,27.8,32.3,23.9,57,79,36
2024-06-11,29.1,35.0,23.7,54,78,28
2024-06-12,30.0,35.6,23.5,51,75,28
2024-06-13,30.0,34.5,25.7,55,75,36
2024-06-14,27.5,29.9,24.4,52,83,30
2024-06-15,25.2,29.9,20.1,50,75,32
2024-06-16,26.0,30.2,21.9,63,85,44
2024-06-17,27.4,31.7,22.9,60,85,38
2024-06-18,28.7,33.9,23.3,60,89,38
2024-06-19,29.4,33.9,25.6,56,79,37
2024-06-20,30.5,36.0,25.5,53,76,36
2024-06-21,31.2,36.0,26.5,53,77,33
2024-06-22,29.2,33.0,25.3,61,78,47
2024-06-23,28.5,32.4,25.1,61,84,42
2024-06-24,28.3,32.1,25.1,60,78,45
2024-06-25,28.3,32.6,23.8,60,88,38
2024-06-26,27.3,30.3,24.4,63,78,49
2024-06-27,26.6,29.8,24.0,61,82,42
2024-06-28,26.1,31.0,21.7,65,87,41
2024-06-29,28.3,33.2,22.8,54,81,29
2024-06-30,28.3,33.0,23.7,52,71,34
2024-07-01,28.3,33.9,23.3,57,86,31
2024-07-02,27.7,32.0,24.3,61,85,39
2024-07-03,25.7,29.9,22.1,55,84,32
2024-07-04,25.1,28.5,22.1,53,76,43
2024-07-05,26.3,31.6,20.7,51,84,28
2024-07-06,27.2,31.7,21.7,57,84,36
2024-07-07,28.3,33.3,23.0,57,84,37
2024-07-08,29.4,34.8,24.5,57,84,34
2024-07-09,31.2,37.3,24.7,50,84,24
2024-07-10,32.3,37.9,26.8,43,68,21
2024-07-11,32.3,37.6,27.9,43,66,23
2024-07-12,31.6,36.5,27.7,49,68,26
2024-07-13,32.1,37.5,27.3,46,70,24
2024-07-14,32.0,36.7,28.2,48,67,28
2024-07-15,31.0,36.5,27.0,52,78,30
2024-07-16,31.6,37.9,25.2,47,77,22
2024-07-17,32.9,38.8,27.2,44,74,20
2024-07-18,33.5,39.5,27.8,43,66,21
2024-07-19,32.3,37.4,27.5,47,72,25
2024-07-20,30.6,34.0,27.2,59,80,43
2024-07-21,30.4,34.8,25.8,59,80,39
2024-07-22,31.5,36.6,26.5,58,89,32
2024-07-23,29.9,33.8,24.5,62,88,42
2024-07-24,28.3,32.5,25.3,67,89,47
2024-07-25,27.3,31.8,23.4,64,87,39
2024-07-26,27.5,32.1,22.7,46,71,27
2024-07-27,27.8,33.1,21.8,52,83,25
2024-07-28,27.7,32.3,23.4,66,89,46
2024-07-29,29.6,35.6,23.6,59,86,33
2024-07-30,29.1,33.7,24.8,37,71,18
2024-07-31,27.1,31.2,23.8,58,75,40
2024-08-01,27.6,32.3,23.7,63,86,41
2024-08-02,28.4,33.3,24.0,61,86,37
2024-08-03,29.8,35.5,24.3,58,85,35
2024-08-04,29.4,33.8,25.1,50,76,29
2024-08-05,28.0,32.6,24.7,50,71,31
2024-08-06,29.0,34.4,24.7,58,88,26
2024-08-07,28.0,32.8,23.0,48,74,26
2024-08-08,27.6,32.0,23.5,65,86,45
2024-08-09,28.7,33.2,24.0,65,91,42
2024-08-10,29.5,34.9,24.4,53,86,21
2024-08-11,29.8,35.3,23.8,55,89,26
2024-08-12,30.1,35.2,25.7,54,79,33
2024-08-13,30.9,36.4,26.4,52,77,31
2024-08-14,31.1,37.2,25.8,54,84,26
2024-08-15,31.1,36.3,27.3,49,68,31
2024-08-16,29.7,34.0,26.5,61,80,43
2024-08-17,28.7,32.3,25.7,65,81,51
2024-08-18,27.6,31.4,25.2,68,83,50
2024-08-19,27.9,32.3,24.2,65,89,40
2024-08-20,26.8,29.3,23.7,74,93,60
2024-08-21,25.9,30.8,21.7,70,93,41
2024-08-22,28.1,33.3,22.9,61,86,36
2024-08-23,28.7,33.6,23.1,58,82,34
2024-08-24,29.0,33.8,23.2,62,87,38
2024-08-25,28.4,32.8,24.5,67,88,45
2024-08-26,27.8,33.7,23.7,63,90,30
2024-08-27,27.0,30.8,24.1,64,80,44
2024-08-28,28.0,32.4,24.3,61,82,35
2024-08-29,27.0,31.1,23.5,70,90,44
2024-08-30,26.0,30.4,22.4,70,94,43
2024-08-31,25.1,30.0,20.7,68,93,43
2024-09-01,26.2,30.6,21.0,58,82,34
2024-09-02,26.2,30.3,22.1,64,86,42
2024-09-03,27.1,32.0,22.4,69,92,43
2024-09-04,27.3,32.3,22.4,67,93,36
2024-09-05,26.9,30.5,23.0,73,91,52
2024-09-06,27.1,30.6,24.6,72,89,48
2024-09-07,25.1,29.3,21.6,77,93,57
2024-09-08,24.0,27.5,21.1,78,95,59
2024-09-09,24.4,27.2,21.3,69,88,51
2024-09-10,22.0,23.3,21.1,85,91,76
2024-09-11,22.4,26.3,19.1,67,79,49
2024-09-12,23.0,27.5,19.0,69,86,48
2024-09-13,24.2,27.8,19.9,73,94,52
2024-09-14,23.1,25.9,20.8,58,87,40
2024-09-15,20.5,25.1,16.0,51,69,34
2024-09-16,19.6,23.4,16.1,60,75,41
2024-09-17,19.2,22.0,16.1,74,82,63
2024-09-18,18.9,21.1,17.1,82,94,62
2024-09-19,19.8,22.5,17.4,79,92,62
2024-09-20,19.3,23.4,15.7,81,97,61
2024-09-21,19.4,23.8,16.2,79,95,55
2024-09-22,20.4,25.2,14.9,69,97,38
2024-09-23,21.0,25.6,14.9,65,93,41
2024-09-24,21.1,25.4,16.9,71,94,45
2024-09-25,21.6,26.5,16.3,75,96,51
2024-09-26,22.7,27.8,17.5,77,99,48
2024-09-27,22.5,27.4,17.7,80,98,53
2024-09-28,22.7,28.0,17.9,80,100,53
2024-09-29,21.6,26.8,17.1,72,98,49
2024-09-30,17.0,20.7,14.3,49,63,33
2024-10-01,16.6,21.5,12.0,44,58,29
2024-10-02,17.2,23.0,11.8,54,78,26
2024-10-03,19.1,24.3,13.9,74,90,56
2024-10-04,21.7,27.5,17.1,75,97,44
2024-10-05,21.7,24.4,19.8,86,95,71
2024-10-06,20.4,25.0,15.5,71,99,37
2024-10-07,19.3,24.1,14.6,60,80,37
2024-10-08,18.9,24.2,14.1,69,85,45
2024-10-09,19.4,23.9,15.2,81,98,55
2024-10-10,20.7,26.4,14.9,77,98,51
2024-10-11,21.9,27.6,17.1,79,93,54
2024-10-12,20.8,24.4,18.4,67,93,42
2024-10-13,18.1,21.7,14.2,70,91,50
2024-10-14,19.8,24.7,15.2,67,97,37
2024-10-15,19.2,24.4,13.9,69,94,43
2024-10-16,19.2,25.3,14.1,66,92,37
2024-10-17,16.8,18.1,16.1,72,78,65
2024-10-18,15.6,17.2,14.3,66,83,59
2024-10-19,14.9,16.9,13.0,71,84,56
2024-10-20,14.7,17.8,11.6,72,87,54
2024-10-21,14.8,18.2,10.7,78,96,59
2024-10-22,14.4,19.3,9.5,80,100,55
2024-10-23,15.2,21.4,9.7,74,100,41
2024-10-24,15.2,21.1,10.1,76,98,43
2024-10-25,16.0,20.1,11.0,80,99,56
2024-10-26,15.4,20.1,11.1,82,100,56
2024-10-27,15.3,21.2,10.5,72,100,36
2024-10-28,16.1,23.0,10.0,64,94,34
2024-10-29,17.4,24.3,12.0,68,83,43
2024-10-30,16.7,20.6,13.1,78,94,55
2024-10-31,15.9,21.1,11.3,74,99,43
2024-11-01,15.6,20.9,10.7,68,89,45
2024-11-02,15.3,21.2,10.2,69,96,39
2024-11-03,14.6,18.6,11.4,67,81,52
2024-11-04,14.1,16.8,12.5,73,85,61
2024-11-05,12.3,15.9,8.6,72,92,51
2024-11-06,12.2,15.4,9.4,73,83,58
2024-11-07,11.9,16.2,7.1,77,100,54
2024-11-08,11.5,17.8,6.0,71,100,36
2024-11-09,11.9,17.9,6.1,62,92,31
2024-11-10,10.6,12.8,7.9,75,86,63
2024-11-11,10.0,11.4,8.6,78,91,62
2024-11-12,10.2,13.4,7.6,71,81,57
2024-11-13,10.8,11.9,9.8,86,92,79
2024-11-14,11.9,12.8,10.9,95,97,92
2024-11-15,9.4,11.5,8.0,88,93,83
2024-11-16,7.2,9.8,5.4,77,89,64
2024-11-17,7.6,12.4,3.4,74,87,55
2024-11-18,7.6,13.9,3.3,77,99,49
2024-11-19,8.8,14.8,3.4,78,97,52
2024-11-20,11.7,16.6,8.1,87,96,70
2024-11-21,11.5,14.3,6.7,72,94,46
2024-11-22,11.9,17.4,6.0,77,84,66
2024-11-23,8.7,16.1,5.4,61,97,33
2024-11-24,6.2,10.2,2.5,52,68,37
2024-11-25,6.9,12.2,2.5,58,75,33
2024-11-26,6.9,12.0,2.7,80,95,62
2024-11-27,9.2,16.6,4.9,72,85,50
2024-11-28,10.0,14.4,5.4,88,98,76
2024-11-29,11.5,15.3,7.9,90,97,74
2024-11-30,7.7,10.2,6.2,91,94,89
2024-12-01,10.1,10.5,9.5,84,91,79
2024-12-02,9.2,10.9,7.7,87,94,80
2024-12-03,8.7,11.9,5.1,86,99,67
2024-12-04,9.5,10.6,7.9,92,94,87
2024-12-05,9.7,10.8,8.8,89,93,85
2024-12-06,10.0,11.4,8.7,85,91,77
2024-12-07,9.3,11.4,6.8,91,97,83
2024-12-08,7.1,11.3,2.6,81,93,62
2024-12-09,10.8,14.4,7.3,90,99,74
2024-12-10,10.5,13.5,7.2,85,97,65
2024-12-11,8.5,12.9,4.4,84,97,66
2024-12-12,8.1,13.2,4.0,80,93,61
2024-12-13,6.7,11.0,3.1,77,92,56
2024-12-14,7.7,9.4,5.1,88,94,83
2024-12-15,8.6,12.1,6.0,86,98,68
2024-12-16,6.6,9.7,3.9,66,75,53
2024-12-17,7.7,14.1,3.5,75,83,58
2024-12-18,9.1,15.2,4.5,75,85,56
2024-12-19,8.2,13.0,3.9,83,96,67
2024-12-20,7.6,11.7,4.2,93,100,76
2024-12-21,6.4,8.2,4.9,87,96,73
2024-12-22,5.1,8.8,1.9,71,89,55
2024-12-23,5.8,10.4,1.0,89,97,76
2024-12-24,6.7,9.5,4.4,87,99,71
2024-12-25,5.3,7.4,3.9,82,86,74
2024-12-26,5.6,6.7,4.5,84,87,79
2024-12-27,5.9,9.0,2.8,73,84,55
2024-12-28,5.6,9.0,2.1,71,81,54
2024-12-29,5.4,9.9,1.8,74,85,57
2024-12-30,5.4,11.4,1.2,76,88,58
2024-12-31,6.6,12.6,2.2,76,87,57
2025-01-01,6.2,11.7,1.1,80,96,61
2025-01-02,5.4,10.8,0.8,85,98,68
2025-01-03,6.1,11.7,1.5,91,100,72
2025-01-04,7.4,9.8,4.5,78,97,59
2025-01-05,6.8,9.0,5.3,78,93,69
2025-01-06,8.0,12.3,5.5,87,95,77
2025-01-07,7.2,11.2,4.5,95,100,86
2025-01-08,9.2,13.8,6.2,94,100,80
2025-01-09,8.7,13.0,6.1,93,100,78
2025-01-10,8.9,13.6,5.8,90,100,72
2025-01-11,8.4,11.9,5.7,85,98,68
2025-01-12,4.8,8.9,1.7,91,94,83
2025-01-13,2.0,2.7,1.6,88,96,84
2025-01-14,2.5,3.5,1.6,92,96,84
2025-01-15,3.2,5.8,1.7,85,93,71
2025-01-16,5.2,8.1,2.7,84,95,69
2025-01-17,4.8,9.9,0.6,83,96,62
2025-01-18,5.1,11.4,0.8,79,93,54
2025-01-19,5.2,12.5,-0.3,74,92,49
2025-01-20,5.6,11.5,0.9,75,90,55
2025-01-21,6.1,9.4,2.6,87,96,74
2025-01-22,7.1,11.8,3.5,87,99,69
2025-01-23,7.0,12.3,1.8,85,99,66
2025-01-24,7.5,13.3,3.0,88,99,74
2025-01-25,8.8,16.2,4.1,84,99,58
2025-01-26,9.3,12.6,6.5,89,97,76
2025-01-27,9.6,13.5,6.6,90,99,75
2025-01-28,8.5,14.0,4.3,92,100,74
2025-01-29,9.7,14.9,5.4,91,100,73
2025-01-30,11.3,14.9,9.0,91,99,73
2025-01-31,10.7,15.4,6.7,90,100,69
2025-02-01,10.5,15.7,5.5,81,95,62
2025-02-02,9.3,12.3,5.7,91,100,81
2025-02-03,10.2,12.3,8.5,88,96,75
2025-02-04,6.9,9.2,5.4,83,90,73
2025-02-05,5.7,9.3,2.0,73,97,44
2025-02-06,5.1,9.5,0.8,67,82,50
2025-02-07,5.0,6.0,3.9,77,84,69
2025-02-08,4.5,6.6,2.6,80,88,66
2025-02-09,4.5,6.7,3.1,80,88,67
2025-02-10,4.5,7.3,1.8,78,93,58
2025-02-11,3.9,7.6,1.1,81,93,61
2025-02-12,4.9,6.7,3.3,77,88,67
2025-02-13,6.2,9.2,3.7,81,91,68
2025-02-14,8.2,11.6,5.6,85,93,69
2025-02-15,9.2,12.7,6.5,84,97,64
2025-02-16,8.3,10.4,6.5,91,96,85
2025-02-17,8.5,10.1,6.6,90,96,81
2025-02-18,6.2,8.0,4.3,81,93,67
2025-02-19,5.0,7.4,2.6,56,83,35
2025-02-20,2.7,5.8,-0.2,67,80,51
2025-02-21,2.6,6.0,0.0,71,85,45
2025-02-22,2.2,3.8,0.8,75,80,70
2025-02-23,4.0,6.5,1.9,81,87,73
2025-02-24,4.7,6.3,3.1,90,95,84
2025-02-25,7.2,11.7,3.3,85,98,67
2025-02-26,9.1,12.0,6.1,87,95,76
2025-02-27,10.3,13.4,8.0,90,97,77
2025-02-28,10.6,14.8,7.3,90,98,72
2025-03-01,10.5,13.7,7.8,89,97,77
2025-03-02,9.3,12.0,6.5,90,100,80
2025-03-03,7.4,10.0,5.1,77,88,61
2025-03-04,7.4,12.3,1.8,76,100,48
2025-03-05,9.3,15.9,2.0,70,95,46
2025-03-06,11.1,17.9,4.2,68,89,45
2025-03-07,11.4,18.6,4.4,67,90,38
2025-03-08,12.1,19.1,6.3,64,79,36
2025-03-09,12.6,16.8,9.8,58,75,40
2025-03-10,12.0,18.0,6.4,65,80,41
2025-03-11,12.1,18.2,6.5,80,93,60
2025-03-12,13.1,18.1,8.9,89,99,71
2025-03-13,16.0,20.1,13.0,81,95,62
2025-03-14,15.6,21.6,8.4,72,97,47
2025-03-15,15.4,21.5,9.8,82,97,61
2025-03-16,15.8,22.4,9.4,79,98,54
2025-03-17,13.6,18.2,9.0,64,85,35
2025-03-18,8.3,10.4,5.4,59,84,44
2025-03-19,6.3,10.5,2.9,57,80,38
2025-03-20,8.0,12.8,2.3,70,99,44
2025-03-21,9.7,14.7,2.8,73,100,49
2025-03-22,10.5,15.3,4.6,78,100,56
2025-03-23,11.1,14.9,6.5,84,97,72
2025-03-24,12.4,17.4,8.4,87,99,66
2025-03-25,13.5,18.9,9.5,83,95,58
2025-03-26,13.8,16.9,11.0,87,97,73
2025-03-27,14.3,18.9,10.4,82,98,57
2025-03-28,13.6,16.8,11.7,86,95,74
2025-03-29,12.4,15.3,10.2,88,97,75
2025-03-30,13.3,16.1,11.1,89,98,80
2025-03-31,12.5,15.2,9.4,89,100,75
2025-04-01,11.8,14.0,9.6,92,98,85
2025-04-02,13.3,17.3,9.9,85,97,65
2025-04-03,13.2,16.5,11.0,89,97,75
2025-04-04,11.7,13.8,9.7,91,100,81
2025-04-05,12.6,17.4,8.0,81,99,58
2025-04-06,12.5,18.2,6.8,69,95,48
2025-04-07,6.9,12.3,2.9,65,94,31
2025-04-08,6.7,9.8,3.4,72,85,59
2025-04-09,8.4,13.7,3.1,60,85,35
2025-04-10,11.6,16.4,6.7,62,81,41
2025-04-11,11.6,17.4,7.1,55,78,35
2025-04-12,13.1,18.4,7.9,66,86,39
2025-04-13,13.0,17.2,9.3,77,92,59
2025-04-14,12.7,17.4,7.5,82,100,62
2025-04-15,12.9,15.7,9.5,81,95,66
2025-04-16,14.3,19.9,9.2,81,100,64
2025-04-17,16.8,21.8,11.7,74,96,53
2025-04-18,17.2,22.2,11.6,70,90,48
2025-04-19,17.9,23.1,12.3,62,87,38
2025-04-20,16.8,22.2,10.3,78,100,56
2025-04-21,18.1,22.1,13.1,74,98,54
2025-04-22,18.4,22.9,13.6,75,90,59
2025-04-23,18.3,22.8,13.8,76,94,55
2025-04-24,16.7,20.0,13.9,84,95,69
2025-04-25,16.8,22.1,11.5,82,100,60
2025-04-26,17.9,21.1,14.5,75,96,55
2025-04-27,16.2,19.4,12.3,83,98,66
2025-04-28,15.3,19.0,12.0,75,92,57
2025-04-29,15.8,20.7,10.0,64,97,36
2025-04-30,17.3,22.7,12.6,60,87,33
2025-05-01,18.6,24.6,11.3,62,85,37
2025-05-02,19.3,24.5,13.8,63,85,42
2025-05-03,18.0,22.1,13.5,68,83,56
2025-05-04,19.7,25.1,14.6,68,84,50
2025-05-05,20.1,24.4,16.2,73,88,55
2025-05-06,20.8,24.6,16.3,72,90,55
2025-05-07,20.4,23.9,15.9,78,93,62
2025-05-08,20.5,24.5,16.2,76,93,51
2025-05-09,19.5,23.7,16.3,64,93,36
2025-05-10,17.7,21.9,15.0,73,89,47
2025-05-11,16.5,18.9,14.8,77,86,64
2025-05-12,17.7,22.6,13.6,77,96,52
2025-05-13,15.7,18.3,14.0,85,96,71
2025-05-14,15.8,19.9,12.2,73,94,41
2025-05-15,16.1,19.6,11.9,78,100,59
2025-05-16,15.8,17.2,14.4,89,94,81
2025-05-17,15.7,20.6,10.9,66,93,45
2025-05-18,16.6,21.5,11.5,64,87,41
2025-05-19,18.8,23.0,13.2,62,84,43
2025-05-20,19.8,25.1,14.2,63,80,41
2025-05-21,19.8,23.7,15.1,69,89,51
2025-05-22,20.2,24.4,14.2,76,100,55
2025-05-23,22.1,26.0,17.8,73,93,52
2025-05-24,22.2,26.5,17.4,71,88,54
2025-05-25,15.7,18.6,13.7,75,81,67
2025-05-26,17.4,22.9,11.8,53,72,31
2025-05-27,19.8,25.6,13.5,57,76,37
2025-05-28,20.3,24.7,15.3,54,71,38
2025-05-29,19.9,24.8,14.3,57,77,41
2025-05-30,19.4,22.6,16.5,63,75,48
2025-05-31,19.6,23.9,14.6,68,88,49
2025-06-01,21.2,26.2,16.6,67,89,39
2025-06-02,22.5,27.5,17.0,66,89,44
2025-06-03,23.6,28.1,19.1,69,83,52
2025-06-04,25.2,30.8,19.2,68,85,48
2025-06-05,26.4,30.7,21.4,68,87,50
2025-06-06,26.3,30.5,21.3,71,94,49
2025-06-07,25.9,29.5,21.8,73,92,54
2025-06-08,25.8,30.4,21.5,74,94,55
2025-06-09,27.3,32.8,21.2,71,100,48
2025-06-10,26.3,30.4,22.4,59,84,46
2025-06-11,25.7,29.1,21.9,68,83,54
2025-06-12,27.4,31.8,22.7,61,84,36
2025-06-13,26.1,30.2,20.9,61,86,38
2025-06-14,25.1,29.6,21.0,57,79,28
2025-06-15,24.0,28.0,20.4,64,85,41
2025-06-16,24.1,28.3,20.2,69,90,47
2025-06-17,25.6,30.9,19.7,63,90,38
2025-06-18,27.1,31.7,22.0,58,80,36
2025-06-19,27.7,32.2,22.8,58,80,39
2025-06-20,28.3,33.3,23.6,55,87,30
2025-06-21,25.4,28.4,22.5,52,82,35
2025-06-22,23.5,26.2,20.7,63,85,49
2025-06-23,25.9,31.7,20.1,54,79,27
2025-06-24,27.4,33.2,21.6,54,78,29
2025-06-25,29.3,36.0,22.7,53,81,27
2025-06-26,29.8,35.1,23.9,55,79,33
2025-06-27,30.3,35.7,25.0,55,78,30
2025-06-28,29.4,33.9,25.1,52,81,29
2025-06-29,26.6,29.6,23.8,55,70,43
2025-06-30,27.4,33.0,21.5,58,85,34
2025-07-01,29.9,35.9,23.1,49,77,25
2025-07-02,27.0,29.6,23.8,62,86,48
2025-07-03,27.1,31.4,22.1,61,84,44
2025-07-04,27.7,32.2,22.7,56,78,38
2025-07-05,29.2,34.6,23.6,55,81,33
2025-07-06,29.4,33.4,26.0,60,82,42
2025-07-07,29.7,34.5,25.2,56,83,32
2025-07-08,30.6,35.9,25.2,50,71,29
2025-07-09,30.1,35.4,24.4,46,77,20
2025-07-10,24.9,30.3,19.5,38,52,24
2025-07-11,24.9,29.0,20.6,45,73,33
2025-07-12,26.0,30.7,20.4,55,85,32
2025-07-13,27.4,32.5,21.1,60,92,36
2025-07-14,28.7,34.0,22.3,53,82,32
2025-07-15,30.2,36.2,24.2,47,76,22
2025-07-16,29.7,34.5,23.9,47,71,28
2025-07-17,29.1,33.4,24.0,57,86,38
2025-07-18,27.3,32.1,22.8,56,75,36
2025-07-19,27.3,31.9,22.5,64,89,34
2025-07-20,27.9,33.1,23.6,68,96,38
2025-07-21,29.7,35.2,24.5,60,85,33
2025-07-22,30.4,35.9,24.5,58,83,37
2025-07-23,31.4,37.3,25.3,59,88,34
2025-07-24,31.2,36.0,25.7,56,83,33
2025-07-25,31.5,36.5,27.4,58,81,36
2025-07-26,30.8,35.1,27.1,57,79,39
2025-07-27,30.6,34.5,27.4,52,72,33
2025-07-28,30.0,35.1,25.2,52,82,30
2025-07-29,30.0,34.3,24.2,48,77,25
2025-07-30,28.3,31.6,24.5,49,67,38
2025-07-31,24.9,26.8,21.7,72,91,59
2025-08-01,24.5,29.3,20.2,72,95,47
2025-08-02,26.6,30.8,22.0,64,87,44
2025-08-03,26.6,30.0,23.2,69,88,49
2025-08-04,26.6,30.3,23.2,72,93,51
2025-08-05,24.4,29.1,20.2,70,89,49
2025-08-06,26.9,32.5,22.3,58,76,35
2025-08-07,27.8,32.6,23.4,56,76,36
2025-08-08,28.7,33.6,23.2,58,85,32
2025-08-09,28.3,33.1,24.5,60,76,41
2025-08-10,29.7,34.3,25.5,51,73,29
2025-08-11,30.3,35.6,25.0,51,73,29
2025-08-12,29.7,34.2,25.5,54,76,33
2025-08-13,28.2,31.5,25.5,60,76,46
2025-08-14,27.0,30.5,22.9,62,79,47
2025-08-15,27.8,31.9,24.6,49,74,21
2025-08-16,27.4,31.7,22.7,50,79,29
2025-08-17,26.0,30.1,21.8,63,84,43
2025-08-18,27.0,32.5,21.9,61,90,33
2025-08-19,25.7,29.2,21.8,66,83,50
2025-08-20,24.6,28.0,21.3,76,93,58
2025-08-21,25.8,30.2,22.1,76,98,53
2025-08-22,27.4,32.5,22.9,66,91,42
2025-08-23,26.7,30.3,22.9,45,62,32
2025-08-24,25.2,29.8,20.8,42,73,26
2025-08-25,24.4,28.4,20.2,62,86,38
2025-08-26,23.3,26.0,19.2,69,90,50
2025-08-27,24.4,29.9,18.3,68,100,36
2025-08-28,24.9,29.4,21.7,61,86,37
2025-08-29,24.5,28.9,20.5,67,86,47
2025-08-30,25.6,30.9,20.4,63,92,34
2025-08-31,25.9,31.2,21.2,63,94,29
2025-09-01,25.6,30.6,20.4,49,73,29
2025-09-02,26.2,32.5,20.1,51,77,28
2025-09-03,27.0,33.3,21.4,60,87,30
2025-09-04,25.8,29.9,21.0,61,84,43
2025-09-05,27.4,31.8,23.8,53,75,29
2025-09-06,26.1,30.8,22.7,63,85,37
2025-09-07,25.6,30.9,20.9,63,94,31
2025-09-08,24.9,29.3,20.8,70,98,42
2025-09-09,25.0,29.6,21.4,68,93,39
2025-09-10,25.2,29.9,20.1,67,98,39
2025-09-11,25.7,29.8,21.7,65,88,40
2025-09-12,26.4,32.0,20.8,59,87,28
2025-09-13,24.8,28.4,22.5,72,87,54
2025-09-14,24.0,27.5,21.2,70,88,48
2025-09-15,24.0,28.9,19.6,74,95,46
2025-09-16,24.1,28.8,19.6,76,100,46
2025-09-17,24.3,29.1,19.5,62,98,35
2025-09-18,21.8,26.3,17.4,40,53,25
2025-09-19,21.2,26.4,16.1,49,69,29
2025-09-20,22.6,28.7,16.8,60,91,30
2025-09-21,23.2,28.1,19.5,62,83,37
2025-09-22,22.6,27.5,19.1,70,88,47
2025-09-23,22.2,27.5,17.7,74,95,44
2025-09-24,22.7,28.7,17.0,71,100,37
2025-09-25,22.4,26.1,18.7,76,95,53
2025-09-26,20.9,23.1,19.1,69,85,52
2025-09-27,18.8,20.3,17.9,63,75,51
2025-09-28,17.4,19.2,16.4,74,84,58
2025-09-29,17.6,20.6,15.5,77,89,56
2025-09-30,18.8,23.0,14.7,68,89,37
2025-10-01,16.4,19.0,14.2,83,93,70
2025-10-02,14.8,15.3,13.0,90,94,85
2025-10-03,10.4,12.9,7.9,73,94,59
2025-10-04,12.0,16.5,8.0,61,73,46
2025-10-05,14.0,19.2,9.1,68,90,41
2025-10-06,14.8,18.4,12.8,79,94,67
2025-10-07,12.7,14.3,11.0,68,78,60
2025-10-08,13.7,16.2,11.8,66,75,56
2025-10-09,15.4,20.5,11.4,63,77,43
2025-10-10,16.5,22.3,11.5,64,78,46
2025-10-11,16.7,19.9,13.6,59,74,44
2025-10-12,15.6,20.9,11.1,67,82,47
2025-10-13,15.2,20.1,10.9,69,86,47
2025-10-14,14.6,19.6,10.6,68,82,46
2025-10-15,14.6,19.1,10.3,75,91,54
2025-10-16,15.1,18.6,12.4,83,98,58
2025-10-17,14.2,16.1,12.8,89,96,75
2025-10-18,15.6,18.4,13.6,87,93,77
2025-10-19,15.3,19.1,12.2,76,93,51
2025-10-20,14.3,16.9,11.4,83,94,71
2025-10-21,15.1,17.1,13.2,88,96,76
2025-10-22,16.1,19.3,14.1,89,97,80
2025-10-23,16.5,20.8,13.4,89,98,68
2025-10-24,18.6,23.0,15.5,83,97,61
2025-10-25,17.1,21.6,12.2,63,79,39
2025-10-26,16.5,21.1,12.1,76,88,62
2025-10-27,16.0,18.5,13.4,84,95,63
2025-10-28,14.2,19.3,9.4,74,98,48
2025-10-29,13.9,18.5,9.6,69,91,49
2025-10-30,13.2,18.3,8.3,84,98,66
2025-10-31,13.9,18.3,10.9,84,100,59
2025-11-01,14.2,19.4,9.5,80,99,58
2025-11-02,14.8,20.6,10.3,81,98,52
2025-11-03,15.0,19.5,11.0,89,99,72
2025-11-04,13.8,14.8,12.0,90,99,82
2025-11-05,12.6,14.1,11.1,84,89,76
2025-11-06,14.4,16.6,12.7,82,92,67
2025-11-07,14.3,17.1,12.3,87,95,73
2025-11-08,15.4,18.4,13.1,92,99,88
2025-11-09,15.4,19.2,12.4,90,100,71
2025-11-10,16.1,18.7,14.5,94,99,86
2025-11-11,14.2,17.8,11.7,82,100,59
2025-11-12,12.7,16.5,8.8,68,84,52
2025-11-13,11.8,16.7,6.8,75,96,51
2025-11-14,11.6,17.2,6.8,77,98,50
2025-11-15,11.2,16.5,7.1,83,99,59
2025-11-16,11.5,17.1,7.9,84,99,56
2025-11-17,12.4,17.8,8.7,91,100,74
2025-11-18,14.2,17.7,11.8,93,97,82
2025-11-19,14.7,17.0,13.0,95,98,88
2025-11-20,15.3,19.1,12.3,85,96,63
2025-11-21,15.6,19.1,12.5,90,98,77
2025-11-22,16.0,19.3,13.2,86,99,65
2025-11-23,14.0,16.5,10.7,76,92,52
2025-11-24,9.9,13.7,5.8,70,87,45
2025-11-25,10.7,15.5,6.9,81,94,65
2025-11-26,13.6,17.8,10.4,88,97,69
2025-11-27,13.8,16.1,11.8,94,99,82
2025-11-28,12.0,13.5,10.6,95,99,90
2025-11-29,10.2,12.2,8.1,84,97,72
2025-11-30,8.7,12.9,5.9,72,82,56
2025-12-01,9.0,14.0,4.8,76,88,59
2025-12-02,8.5,12.8,5.4,88,99,67
2025-12-03,10.8,13.1,8.2,93,97,87
2025-12-04,12.0,13.0,11.1,89,94,80
2025-12-05,12.3,13.7,11.0,90,96,86
2025-12-06,12.7,13.8,11.9,89,96,85
2025-12-07,11.6,15.1,8.8,84,97,65
2025-12-08,10.2,13.3,8.1,79,86,67
2025-12-09,8.8,12.7,4.7,81,93,63
2025-12-10,7.3,11.8,4.3,86,99,64
2025-12-11,8.4,13.8,4.5,85,98,64
2025-12-12,8.7,14.0,5.4,83,99,59
2025-12-13,8.7,11.8,6.3,80,95,65
2025-12-14,7.3,11.8,4.7,86,99,64
2025-12-15,7.1,12.3,2.5,74,91,54
2025-12-16,6.4,11.7,3.3,84,99,60
2025-12-17,6.9,12.1,3.5,88,99,67
2025-12-18,7.1,12.5,4.2,83,100,58
2025-12-19,7.2,13.0,3.5,85,97,64
2025-12-20,7.8,13.1,3.8,84,99,61
2025-12-21,8.5,12.4,6.2,89,97,70
2025-12-22,8.4,12.7,5.7,86,97,66
2025-12-23,8.4,11.2,6.1,91,97,81
2025-12-24,10.3,11.7,9.3,92,95,89
2025-12-25,9.6,10.5,8.6,89,93,81
2025-12-26,8.8,10.4,7.3,87,97,74
2025-12-27,6.0,8.9,3.6,69,80,56
2025-12-28,5.0,11.5,0.9,62,80,46
2025-12-29,4.7,9.7,1.5,58,65,44
2025-12-30,4.9,10.6,0.2,65,89,46
2025-12-31,2.5,4.3,0.5,46,58,36
2026-01-01,1.2,4.8,-1.1,47,67,36
2026-01-02,1.6,7.0,-1.8,75,88,58
2026-01-03,5.8,12.5,0.8,92,99,84
2026-01-04,10.6,15.9,6.1,91,100,79
2026-01-05,11.6,15.1,9.5,89,96,74
2026-01-06,11.1,15.7,7.4,92,100,77
2026-01-07,11.9,16.4,8.1,92,100,77
2026-01-08,9.3,13.6,3.0,73,95,50
2026-01-09,4.1,8.6,0.2,55,78,45
2026-01-10,6.1,11.9,1.9,84,100,79
2026-01-11,3.8,5.6,0.6,77,100,47
2026-01-12,0.4,3.2,-1.6,48,55,41
2026-01-13,1.8,6.6,-1.7,56,75,39
2026-01-14,4.8,11.7,0.4,74,84,59
2026-01-15,6.0,12.5,0.2,80,97,62
2026-01-16,6.1,12.7,0.7,82,99,60
2026-01-17,4.5,6.3,2.8,84,95,72
2026-01-18,3.5,3.9,2.9,84,92,76
2026-01-19,2.8,4.4,1.5,75,83,62
2026-01-20,1.4,5.7,-2.0,77,90,55
2026-01-21,1.9,4.0,0.5,85,99,77
2026-01-22,4.8,8.8,1.6,90,98,78
2026-01-23,5.7,11.3,0.9,89,100,71
2026-01-24,7.3,11.8,3.1,87,99,71
2026-01-25,9.6,13.9,5.6,92,97,80
2026-01-26,11.8,13.8,9.5,94,97,89
2026-01-27,8.9,10.4,7.4,83,95,70
2026-01-28,7.4,12.5,1.3,79,94,61
2026-01-29,8.7,11.2,5.8,96,98,94
2026-01-30,10.4,14.6,7.9,82,97,58
2026-01-31,8.4,12.6,4.8,87,96,75
2026-02-01,6.3,9.2,3.4,93,100,88
2026-02-02,6.7,9.3,4.3,83,96,63
2026-02-03,8.0,10.9,6.2,85,91,73
2026-02-04,9.9,13.7,7.2,88,94,72
2026-02-05,12.1,14.0,9.8,86,95,73
2026-02-06,9.4,13.4,4.5,89,100,74
2026-02-07,10.4,16.4,5.0,88,100,67
2026-02-08,11.6,14.9,8.4,76,92,60
2026-02-09,9.0,11.8,5.2,89,95,79
2026-02-10,8.2,9.8,6.6,79,90,66
2026-02-11,9.5,12.6,7.4,81,90,71
2026-02-12,10.7,13.9,8.2,85,95,67
2026-02-13,10.9,14.8,8.9,88,96,71
2026-02-14,10.6,15.6,6.0,77,90,60
2026-02-15,13.0,16.1,10.5,88,95,73
2026-02-16,11.0,15.6,7.2,82,97,59
2026-02-17,9.5,11.3,6.7,88,95,68
2026-02-18,8.1,11.9,5.7,52,66,36
2026-02-19,8.3,13.3,3.8,67,81,52
2026-02-20,9.8,13.7,6.8,87,96,79
2026-02-21,9.3,13.3,5.9,80,100,56
2026-02-22,6.6,10.4,3.4,62,71,54
2026-02-23,7.2,12.4,2.3,72,86,54
2026-02-24,10.4,16.0,5.2,73,90,56
2026-02-25,10.5,14.2,6.9,59,75,40
2026-02-26,9.4,13.9,5.8,62,82,41
2026-02-27,9.0,12.0,6.3,82,92,64
2026-02-28,8.6,9.9,7.1,85,92,78
2026-03-01,9.4,13.0,7.1,83,95,64
2026-03-02,9.4,14.6,3.7,84,100,61
2026-03-03,11.5,17.8,5.6,80,97,56
2026-03-04,10.6,14.8,7.0,85,98,64
2026-03-05,11.1,16.7,6.9,84,100,61
2026-03-06,10.7,16.6,4.7,77,98,47
2026-03-07,10.6,14.3,5.9,79,90,65
2026-03-08,10.1,13.7,6.6,88,100,69
2026-03-09,10.0,12.6,8.1,80,96,61
2026-03-10,10.0,14.8,5.5,76,96,48
2026-03-11,10.6,15.5,6.0,72,89,48
2026-03-12,10.6,16.3,3.5,75,100,46
2026-03-13,10.2,14.2,6.5,88,100,66
2026-03-14,10.0,13.9,6.8,84,100,61
2026-03-15,9.9,13.8,6.0,82,100,58
2026-03-16,10.6,13.6,6.5,82,100,64
2026-03-17,10.2,13.2,6.5,83,100,66
2026-03-18,9.7,12.0,6.8,69,83,55
2026-03-19,9.9,12.0,8.2,75,86,61
2026-03-20,9.4,12.7,6.9,69,91,43
2026-03-21,9.7,14.1,4.5,66,90,41
2026-03-22,10.7,14.3,6.7,72,90,48
2026-03-23,10.6,13.6,7.6,82,90,69
2026-03-24,10.8,13.2,7.6,81,98,66
2026-03-25,11.7,17.2,6.9,71,89,43
2026-03-26,12.0,16.4,7.1,72,87,49
2026-03-27,12.4,14.3,10.9,76,91,58
2026-03-28,10.6,14.7,5.8,76,98,53
2026-03-29,10.7,15.9,5.8,59,77,39
2026-03-30,11.9,16.9,7.0,62,77,47
2026-03-31,11.7,15.6,7.7,82,93,67
2026-04-01,10.7,12.7,7.9,91,96,88
2026-04-02,10.6,11.7,9.8,87,90,83
2026-04-03,11.7,16.1,7.2,81,98,60
2026-04-04,13.4,18.4,9.1,75,90,54
2026-04-05,13.7,19.4,7.1,75,97,50
2026-04-06,15.2,21.3,9.5,71,87,47
2026-04-07,17.2,23.8,10.5,67,85,42
2026-04-08,16.3,19.4,12.9,51,76,30
2026-04-09,13.4,17.1,10.9,55,77,33
2026-04-10,12.1,17.2,7.5,63,87,33
2026-04-11,11.3,13.1,10.1,81,89,73
2026-04-12,13.1,17.0,10.3,81,92,64
2026-04-13,13.4,15.9,11.3,79,92,60
2026-04-14,13.4,17.5,9.2,75,92,55
2026-04-15,14.4,18.0,11.5,79,93,66
2026-04-16,15.9,21.8,11.0,82,100,56
2026-04-17,17.6,22.6,13.7,76,93,52
2026-04-18,16.1,19.7,13.8,77,90,61
2026-04-19,15.3,20.1,10.9,80,100,53
2026-04-20,15.8,20.6,10.2,80,100,58
2026-04-21,16.9,20.8,12.5,76,94,59
2026-04-22,13.0,14.3,11.5,83,92,69
2026-04-23,12.6,16.3,9.8,71,92,48
2026-04-24,14.5,19.7,8.3,62,83,38
2026-04-25,16.1,22.1,10.2,67,85,42
2026-04-26,18.4,24.6,12.5,63,81,40
2026-04-27,16.4,19.3,13.1,63,85,51
2026-04-28,15.7,19.8,11.1,76,99,63
2026-04-29,16.0,20.2,11.5,79,99,62
2026-04-30,15.1,20.5,9.5,77,90,57
2026-05-01,11.0,13.7,8.8,74,90,62
2026-05-02,11.6,16.0,7.6,68,92,42
2026-05-03,12.6,16.7,6.8,63,93,37
2026-05-04,14.2,20.1,7.4,58,82,36
2026-05-05,17.9,24.9,10.8,58,79,35
2026-05-06,18.0,23.1,11.9,69,92,47
2026-05-07,18.3,21.3,14.1,75,92,62
2026-05-08,16.8,19.4,13.6,86,98,71
2026-05-09,17.3,20.9,14.1,85,99,69
2026-05-10,18.8,24.0,13.7,76,92,54
2026-05-11,19.5,23.6,14.4,80,95,64
2026-05-12,21.2,25.6,16.0,72,99,46
2026-05-13,19.9,23.6,16.4,59,80,46
2026-05-14,17.0,20.6,14.1,72,88,54
2026-05-15,17.4,20.7,14.5,80,94,63
2026-05-16,17.9,22.5,13.9,81,98,54
2026-05-17,17.6,22.7,11.9,60,91,37
2026-05-18,18.1,22.8,13.5,62,89,47
2026-05-19,18.1,21.2,14.7,76,92,63
2026-05-20,18.8,24.3,13.7,58,73,39
2026-05-21,20.7,26.2,15.5,56,73,38
2026-05-22,20.0,24.2,16.6,66,84,50
2026-05-23,20.2,25.0,15.7,76,91,56
2026-05-24,20.8,26.2,14.9,76,97,51
2026-05-25,21.0,25.8,15.3,77,99,55
2026-05-26,23.4,28.6,17.6,68,90,42
2026-05-27,23.7,27.9,19.4,69,88,52
2026-05-28,25.0,30.4,19.7,62,86,36
2026-05-29,22.3,26.0,19.0,51,85,33
2026-05-30,21.6,26.5,17.5,67,92,38
2026-05-31,23.5,28.9,17.2,61,85,36
2026-06-01,23.8,28.5,18.5,69,86,46
2026-06-02,23.9,27.6,19.4,75,92,58
2026-06-03,23.5,26.7,19.9,77,92,60
2026-06-04,21.7,23.7,19.4,82,96,71
2026-06-05,22.2,26.6,16.3,74,100,53
2026-06-06,24.2,28.9,18.2,68,99,43
2026-06-07,26.0,30.7,20.7,62,82,42
2026-06-08,25.6,29.6,23.0,67,88,45
2026-06-09,24.1,27.7,19.9,76,94,57
2026-06-10,24.7,27.7,21.4,73,89,57
2026-06-11,25.3,29.0,20.7,68,94,49
2026-06-12,24.2,27.2,21.0,61,90,40
2026-06-13,22.4,27.2,18.4,50,73,32
2026-06-14,23.4,28.8,18.4,63,88,36
2026-06-15,24.5,29.8,19.4,67,88,44
2026-06-16,25.6,30.8,20.9,68,89,42
2026-06-17,23.3,24.8,20.8,77,90,70
2026-06-18,24.6,29.8,18.5,65,97,34
2026-06-19,24.1,26.4,21.1,68,83,56
2026-06-20,25.1,29.1,21.6,64,84,41
2026-06-21,26.7,31.3,22.1,59,81,36
2026-06-22,26.9,30.7,23.0,61,77,46
2026-06-23,26.5,29.8,23.2,66,79,52
2026-06-24,25.1,27.4,22.8,72,86,64
2026-06-25,25.6,30.6,20.1,71,97,43
2026-06-26,28.1,32.2,22.8,62,84,43
2026-06-27,28.5,32.4,23.0,65,92,44
2026-06-28,27.3,30.7,23.4,66,81,51
2026-06-29,29.0,33.7,24.5,61,84,35
2026-06-30,29.1,34.6,24.4,61,82,38
2026-07-01,28.3,32.8,23.7,63,87,39
2026-07-02,27.3,31.3,23.5,68,86,46
2026-07-03,28.1,32.1,24.4,59,82,42
2026-07-04,27.9,32.3,23.6,49,64,31
2026-07-05,25.7,30.5,20.4,53,81,27
2026-07-06,26.0,30.3,20.4,55,80,33
2026-07-07,27.1,31.5,20.7,54,81,32
2026-07-08,27.7,32.0,21.3,59,90,36
2026-07-09,26.5,30.1,22.7,59,84,34
2026-07-10,25.7,30.7,20.2,49,76,25
2026-07-11,25.9,31.1,20.7,66,93,39
2026-07-12,26.7,31.8,21.4,70,96,46
2026-07-13,27.5,31.9,23.2,52,85,30
2026-07-14,27.3,33.0,21.9,47,70,27
2026-07-15,27.4,32.5,22.6,66,92,42
2026-07-16,28.1,32.6,23.8,69,89,47
2026-07-17,27.9,32.4,22.9,72,94,48
2026-07-18,28.4,32.1,25.0,71,92,52
2026-07-19,28.6,31.8,25.5,67,84,52
2026-07-20,29.3,34.7,24.2,69,93,46
2026-07-21,29.8,34.3,26.1,67,88,42
2026-07-22,28.6,33.1,24.7,63,91,39
2026-07-23,26.2,30.5,21.6,40,61,25
2026-07-24,22.5,26.6,19.1,66,86,46
2026-07-25,22.6,28.4,17.3,55,73,30
2026-07-26,25.4,29.9,20.6,57,79,37
2026-07-27,26.9,32.5,20.7,67,90,46
2026-07-28,28.6,34.0,22.9,61,85,35
2026-07-29,27.1,30.3,23.7,67,84,50
2026-07-30,27.1,30.8,23.3,65,85,47
2026-07-31,28.2,32.9,24.7,58,77,40
2026-08-01,27.3,31.9,23.9,61,79,41
2026-08-02,28.1,32.7,24.3,56,76,33
2026-08-03,28.3,32.6,24.7,58,83,38
2026-08-04,28.3,32.3,23.9,63,89,41
2026-08-05,29.4,33.9,23.6,56,84,33
2026-08-06,29.8,33.3,26.7,55,75,40
2026-08-07,28.7,32.1,24.4,62,83,47
2026-08-08,30.2,35.6,23.8,55,84,25
2026-08-09,29.7,34.1,26.0,62,81,39
2026-08-10,28.4,31.5,25.0,70,85,55
2026-08-11,28.9,32.9,24.7,62,84,41
2026-08-12,29.6,35.1,25.1,59,83,30
2026-08-13,29.7,34.3,26.5,55,75,31
2026-08-14,25.4,27.9,22.6,69,79,60
2026-08-15,24.3,28.6,20.4,66,88,39
2026-08-16,25.0,29.6,21.4,63,79,43
2026-08-17,25.2,29.3,20.8,72,93,53
2026-08-18,26.5,31.5,21.1,73,99,50
2026-08-19,27.5,32.8,22.9,67,91,39
2026-08-20,27.7,32.3,23.6,72,89,49
2026-08-21,28.3,33.1,24.2,69,92,45
2026-08-22,29.3,34.5,25.4,69,88,46
2026-08-23,30.0,35.3,24.3,70,100,42
2026-08-24,29.2,32.7,25.7,68,85,52
2026-08-25,28.9,32.4,26.2,65,81,46
2026-08-26,28.8,32.8,25.1,66,86,47
2026-08-27,28.6,32.8,24.7,69,92,47
2026-08-28,27.7,32.2,25.0,71,88,50
2026-08-29,26.0,28.5,23.6,63,77,50
2026-08-30,26.7,31.2,22.3,69,90,49
2026-08-31,27.2,30.5,24.2,72,88,55
2026-09-01,27.7,32.1,24.2,71,91,48
2026-09-02,27.6,31.6,24.2,74,92,52
2026-09-03,26.3,31.1,22.4,70,94,43
2026-09-04,27.1,31.4,21.7,52,80,28
2026-09-05,26.8,32.0,22.6,55,81,31
2026-09-06,28.3,34.3,22.2,54,86,28
2026-09-07,26.0,29.9,22.7,58,77,40
2026-09-08,24.0,26.7,20.8,71,87,54
2026-09-09,24.2,28.4,20.0,73,97,51
2026-09-10,25.3,30.1,20.8,73,93,50
2026-09-11,26.1,31.1,20.9,75,100,45
2026-09-12,26.1,31.4,22.5,75,99,49
2026-09-13,23.3,27.5,19.6,46,72,25
2026-09-14,22.4,27.3,17.7,44,68,27
2026-09-15,20.9,23.8,17.9,78,98,56
